solid OpenSCAD_Model
  facet normal 0 0 -1
    outer loop
      vertex 11 2 0
      vertex 11 11.656703680753708 0
      vertex 23.941694483160973 9.43432391434908 0
    endloop
  endfacet
  facet normal 0 0 -1
    outer loop
      vertex 11.001805797219276 11.741673894226551 0
      vertex 23.805778324604034 9.882379435002804 0
      vertex 11 11.656703680753708 0
    endloop
  endfacet
  facet normal 0 0 -1
    outer loop
      vertex 11.001805797219276 11.741673894226551 0
      vertex 11.007219932973385 11.826490662992 0
      vertex 23.805778324604034 9.882379435002804 0
    endloop
  endfacet
  facet normal 0 0 -1
    outer loop
      vertex 11.016232632100582 11.911000832915306 0
      vertex 23.805778324604034 9.882379435002804 0
      vertex 11.007219932973385 11.826490662992 0
    endloop
  endfacet
  facet normal 0 0 -1
    outer loop
      vertex 11.016232632100582 11.911000832915306 0
      vertex 11.028827615082264 11.9950517937541 0
      vertex 23.805778324604034 9.882379435002804 0
    endloop
  endfacet
  facet normal 0 0 -1
    outer loop
      vertex 11.044982142746449 12.078491762280464 0
      vertex 23.805778324604034 9.882379435002804 0
      vertex 11.028827615082264 11.9950517937541 0
    endloop
  endfacet
  facet normal 0 0 -1
    outer loop
      vertex 11.044982142746449 12.078491762280464 0
      vertex 11.064667038619518 12.161170065402985 0
      vertex 23.805778324604034 9.882379435002804 0
    endloop
  endfacet
  facet normal 0 0 -1
    outer loop
      vertex 11.087846755981445 12.242937408387661 0
      vertex 23.805778324604034 9.882379435002804 0
      vertex 11.064667038619518 12.161170065402985 0
    endloop
  endfacet
  facet normal 0 0 -1
    outer loop
      vertex 11.087846755981445 12.242937408387661 0
      vertex 11.114479444921017 12.323646128177643 0
      vertex 23.805778324604034 9.882379435002804 0
    endloop
  endfacet
  facet normal 0 0 -1
    outer loop
      vertex 11 11.656703680753708 0
      vertex 23.89134456217289 9.540779881179333 0
      vertex 23.941694483160973 9.43432391434908 0
    endloop
  endfacet
  facet normal 0 0 -1
    outer loop
      vertex 11 11.656703680753708 0
      vertex 23.85167159885168 9.65165838599205 0
      vertex 23.89134456217289 9.540779881179333 0
    endloop
  endfacet
  facet normal 0 0 -1
    outer loop
      vertex 11 11.656703680753708 0
      vertex 23.823057666420937 9.76589161157608 0
      vertex 23.85167159885168 9.65165838599205 0
    endloop
  endfacet
  facet normal 0 0 -1
    outer loop
      vertex 11 11.656703680753708 0
      vertex 23.805778324604034 9.882379435002804 0
      vertex 23.823057666420937 9.76589161157608 0
    endloop
  endfacet
  facet normal 0 0 -1
    outer loop
      vertex 11.114479444921017 12.323646128177643 0
      vertex 15.1563061773777 23.750340349972248 0
      vertex 23.805778324604034 9.882379435002804 0
    endloop
  endfacet
  facet normal 0 0 -1
    outer loop
      vertex 23.805778324604034 9.882379435002804 0
      vertex 15.1563061773777 23.750340349972248 0
      vertex 15.287948027253151 24.001751080155373 0
    endloop
  endfacet
  facet normal 0 0 -1
    outer loop
      vertex 23.805778324604034 9.882379435002804 0
      vertex 15.287948027253151 24.001751080155373 0
      vertex 15.484914861619473 24.20605720579624 0
    endloop
  endfacet
  facet normal 0 0 -1
    outer loop
      vertex 23.805778324604034 9.882379435002804 0
      vertex 15.484914861619473 24.20605720579624 0
      vertex 15.73134358227253 24.346804551780224 0
    endloop
  endfacet
  facet normal 0 0 -1
    outer loop
      vertex 23.805778324604034 9.882379435002804 0
      vertex 15.73134358227253 24.346804551780224 0
      vertex 16.007387571036816 24.412657752633095 0
    endloop
  endfacet
  facet normal 0 0 -1
    outer loop
      vertex 23.805778324604034 9.882379435002804 0
      vertex 16.007387571036816 24.412657752633095 0
      vertex 16.290815092623234 24.3983132019639 0
    endloop
  endfacet
  facet normal 0 0 -1
    outer loop
      vertex 23.805778324604034 9.882379435002804 0
      vertex 16.290815092623234 24.3983132019639 0
      vertex 16.558799773454666 24.30492615699768 0
    endloop
  endfacet
  facet normal 0 0 -1
    outer loop
      vertex 23.805778324604034 9.882379435002804 0
      vertex 16.558799773454666 24.30492615699768 0
      vertex 16.789758943021297 24.140017725527287 0
    endloop
  endfacet
  facet normal 0 0 -1
    outer loop
      vertex 23.805778324604034 9.882379435002804 0
      vertex 16.789758943021297 24.140017725527287 0
      vertex 16.965091861784458 23.91686912626028 0
    endloop
  endfacet
  facet normal 0 0 -1
    outer loop
      vertex 11 2 0
      vertex 24.33331572264433 9.00223646312952 0
      vertex 24.43432391434908 8.941694483160973 0
    endloop
  endfacet
  facet normal 0 0 -1
    outer loop
      vertex 11 2 0
      vertex 24.151471860706806 9.151471860706806 0
      vertex 24.238728061318398 9.072387456893921 0
    endloop
  endfacet
  facet normal 0 0 -1
    outer loop
      vertex 11 2 0
      vertex 24.238728061318398 9.072387456893921 0
      vertex 24.33331572264433 9.00223646312952 0
    endloop
  endfacet
  facet normal 0 0 -1
    outer loop
      vertex 11 2 0
      vertex 24.540779881179333 8.89134456217289 0
      vertex 24.65165838599205 8.85167159885168 0
    endloop
  endfacet
  facet normal 0 0 -1
    outer loop
      vertex 11 2 0
      vertex 24.43432391434908 8.941694483160973 0
      vertex 24.540779881179333 8.89134456217289 0
    endloop
  endfacet
  facet normal 0 0 -1
    outer loop
      vertex 11 2 0
      vertex 24.76589161157608 8.823057666420937 0
      vertex 24.882379435002804 8.805778324604034 0
    endloop
  endfacet
  facet normal 0 0 -1
    outer loop
      vertex 11 2 0
      vertex 24.65165838599205 8.85167159885168 0
      vertex 24.76589161157608 8.823057666420937 0
    endloop
  endfacet
  facet normal 0 0 -1
    outer loop
      vertex 11 2 0
      vertex 24.00223646312952 9.333315722644329 0
      vertex 24.07238745689392 9.238728061318398 0
    endloop
  endfacet
  facet normal 0 0 -1
    outer loop
      vertex 11 2 0
      vertex 24.07238745689392 9.238728061318398 0
      vertex 24.151471860706806 9.151471860706806 0
    endloop
  endfacet
  facet normal 0 0 -1
    outer loop
      vertex 11 2 0
      vertex 23.941694483160973 9.43432391434908 0
      vertex 24.00223646312952 9.333315722644329 0
    endloop
  endfacet
  facet normal 0 0 -1
    outer loop
      vertex 11 2 0
      vertex 25 8.799999997019768 0
      vertex 25.117620564997196 8.805778324604034 0
    endloop
  endfacet
  facet normal 0 0 -1
    outer loop
      vertex 11 2 0
      vertex 24.882379435002804 8.805778324604034 0
      vertex 25 8.799999997019768 0
    endloop
  endfacet
  facet normal 0 0 -1
    outer loop
      vertex 11 2 0
      vertex 25.23410838842392 8.823057666420937 0
      vertex 25.34834161400795 8.85167159885168 0
    endloop
  endfacet
  facet normal 0 0 -1
    outer loop
      vertex 11 2 0
      vertex 25.117620564997196 8.805778324604034 0
      vertex 25.23410838842392 8.823057666420937 0
    endloop
  endfacet
  facet normal 0 0 -1
    outer loop
      vertex 11 2 0
      vertex 25.34834161400795 8.85167159885168 0
      vertex 25.459220118820667 8.89134456217289 0
    endloop
  endfacet
  facet normal 0 0 -1
    outer loop
      vertex 11 2 0
      vertex 25.459220118820667 8.89134456217289 0
      vertex 25.56567608565092 8.941694483160973 0
    endloop
  endfacet
  facet normal 0 0 -1
    outer loop
      vertex 11.152240931987762 1.234633132815361 0
      vertex 11.03842943906784 1.6098193526268005 0
      vertex 61.47066181898117 17.050776906311512 0
    endloop
  endfacet
  facet normal 0 0 -1
    outer loop
      vertex 11.337060771882534 0.8888595327734947 0
      vertex 11.152240931987762 1.234633132815361 0
      vertex 61.47066181898117 17.050776906311512 0
    endloop
  endfacet
  facet normal 0 0 -1
    outer loop
      vertex 11.337060771882534 0.8888595327734947 0
      vertex 61.47066181898117 17.050776906311512 0
      vertex 11.585786439478397 0.5857864394783974 0
    endloop
  endfacet
  facet normal 0 0 -1
    outer loop
      vertex 11.03842943906784 1.6098193526268005 0
      vertex 11 2 0
      vertex 61.47066181898117 17.050776906311512 0
    endloop
  endfacet
  facet normal 0 0 -1
    outer loop
      vertex 11.585786439478397 0.5857864394783974 0
      vertex 61.47066181898117 17.050776906311512 0
      vertex 11.888859532773495 0.337060771882534 0
    endloop
  endfacet
  facet normal 0 0 -1
    outer loop
      vertex 12.234633132815361 0.15224093198776245 0
      vertex 61.47066181898117 17.050776906311512 0
      vertex 12.6098193526268 0.038429439067840576 0
    endloop
  endfacet
  facet normal 0 0 -1
    outer loop
      vertex 11.888859532773495 0.337060771882534 0
      vertex 61.47066181898117 17.050776906311512 0
      vertex 12.234633132815361 0.15224093198776245 0
    endloop
  endfacet
  facet normal 0 0 -1
    outer loop
      vertex 12.6098193526268 0.038429439067840576 0
      vertex 61.47066181898117 17.050776906311512 0
      vertex 13 0 0
    endloop
  endfacet
  facet normal 0 0 -1
    outer loop
      vertex 23.805778324604034 9.882379435002804 0
      vertex 16.965091861784458 23.91686912626028 0
      vertex 23.799999997019768 10 0
    endloop
  endfacet
  facet normal 0 0 -1
    outer loop
      vertex 23.799999997019768 10 0
      vertex 16.965091861784458 23.91686912626028 0
      vertex 23.805778324604034 10.117620564997196 0
    endloop
  endfacet
  facet normal 0 0 -1
    outer loop
      vertex 23.805778324604034 10.117620564997196 0
      vertex 16.965091861784458 23.91686912626028 0
      vertex 23.823057666420937 10.23410838842392 0
    endloop
  endfacet
  facet normal 0 0 -1
    outer loop
      vertex 23.823057666420937 10.23410838842392 0
      vertex 16.965091861784458 23.91686912626028 0
      vertex 23.85167159885168 10.34834161400795 0
    endloop
  endfacet
  facet normal 0 0 -1
    outer loop
      vertex 23.85167159885168 10.34834161400795 0
      vertex 16.965091861784458 23.91686912626028 0
      vertex 23.89134456217289 10.459220118820667 0
    endloop
  endfacet
  facet normal 0 0 -1
    outer loop
      vertex 23.89134456217289 10.459220118820667 0
      vertex 16.965091861784458 23.91686912626028 0
      vertex 23.941694483160973 10.56567608565092 0
    endloop
  endfacet
  facet normal 0 0 -1
    outer loop
      vertex 24.00223646312952 10.666684277355671 0
      vertex 16.965091861784458 23.91686912626028 0
      vertex 24.07238745689392 10.761271938681602 0
    endloop
  endfacet
  facet normal 0 0 -1
    outer loop
      vertex 23.941694483160973 10.56567608565092 0
      vertex 16.965091861784458 23.91686912626028 0
      vertex 24.00223646312952 10.666684277355671 0
    endloop
  endfacet
  facet normal 0 0 -1
    outer loop
      vertex 24.07238745689392 10.761271938681602 0
      vertex 16.965091861784458 23.91686912626028 0
      vertex 24.151471860706806 10.848528139293194 0
    endloop
  endfacet
  facet normal 0 0 -1
    outer loop
      vertex 24.151471860706806 10.848528139293194 0
      vertex 16.965091861784458 23.91686912626028 0
      vertex 24.238728061318398 10.927612543106079 0
    endloop
  endfacet
  facet normal 0 0 -1
    outer loop
      vertex 24.238728061318398 10.927612543106079 0
      vertex 16.965091861784458 23.91686912626028 0
      vertex 24.33331572264433 10.99776353687048 0
    endloop
  endfacet
  facet normal 0 0 -1
    outer loop
      vertex 24.33331572264433 10.99776353687048 0
      vertex 16.965091861784458 23.91686912626028 0
      vertex 24.40064249187708 11.03811764717102 0
    endloop
  endfacet
  facet normal 0 0 -1
    outer loop
      vertex 11 2 0
      vertex 25.56567608565092 8.941694483160973 0
      vertex 61.91282095015049 17.438540056347847 0
    endloop
  endfacet
  facet normal 0 0 -1
    outer loop
      vertex 25.66668427735567 9.00223646312952 0
      vertex 61.91282095015049 17.438540056347847 0
      vertex 25.56567608565092 8.941694483160973 0
    endloop
  endfacet
  facet normal 0 0 -1
    outer loop
      vertex 25.66668427735567 9.00223646312952 0
      vertex 25.761271938681602 9.072387456893921 0
      vertex 61.91282095015049 17.438540056347847 0
    endloop
  endfacet
  facet normal 0 0 -1
    outer loop
      vertex 25.761271938681602 9.072387456893921 0
      vertex 25.848528139293194 9.151471860706806 0
      vertex 61.91282095015049 17.438540056347847 0
    endloop
  endfacet
  facet normal -0.9951847267853376 -0.0980171391808235 0
    outer loop
      vertex 11.03842943906784 1.6098193526268005 0
      vertex 11 2 5
      vertex 11 2 0
    endloop
  endfacet
  facet normal -0.8819212641844242 -0.4713967371326908 0
    outer loop
      vertex 11.337060771882534 0.8888595327734947 0
      vertex 11.152240931987762 1.234633132815361 5
      vertex 11.152240931987762 1.234633132815361 0
    endloop
  endfacet
  facet normal -0.7730104435344091 -0.6343932961394977 0
    outer loop
      vertex 11.337060771882534 0.8888595327734947 0
      vertex 11.585786439478397 0.5857864394783974 0
      vertex 11.337060771882534 0.8888595327734947 5
    endloop
  endfacet
  facet normal -0.6343932961394977 -0.7730104435344091 0
    outer loop
      vertex 11.585786439478397 0.5857864394783974 0
      vertex 11.888859532773495 0.337060771882534 0
      vertex 11.585786439478397 0.5857864394783974 5
    endloop
  endfacet
  facet normal -0.4713967371326908 -0.8819212641844242 0
    outer loop
      vertex 11.888859532773495 0.337060771882534 0
      vertex 12.234633132815361 0.15224093198776245 0
      vertex 11.888859532773495 0.337060771882534 5
    endloop
  endfacet
  facet normal -0.9569403375708344 -0.29028467119332607 0
    outer loop
      vertex 11.152240931987762 1.234633132815361 0
      vertex 11.03842943906784 1.6098193526268005 5
      vertex 11.03842943906784 1.6098193526268005 0
    endloop
  endfacet
  facet normal -0.29028467119332607 -0.9569403375708344 0
    outer loop
      vertex 12.234633132815361 0.15224093198776245 0
      vertex 12.6098193526268 0.038429439067840576 0
      vertex 12.234633132815361 0.15224093198776245 5
    endloop
  endfacet
  facet normal -0.0980171391808235 -0.9951847267853376 0
    outer loop
      vertex 12.6098193526268 0.038429439067840576 0
      vertex 13 0 0
      vertex 12.6098193526268 0.038429439067840576 5
    endloop
  endfacet
  facet normal -1 0 0
    outer loop
      vertex 11 2 0
      vertex 11 11.656703680753708 5
      vertex 11 11.656703680753708 0
    endloop
  endfacet
  facet normal -0.9979688588734273 0.06370366330807928 0
    outer loop
      vertex 11.001805797219276 11.741673894226551 0
      vertex 11.007219932973385 11.826490662992 5
      vertex 11.007219932973385 11.826490662992 0
    endloop
  endfacet
  facet normal -0.999774250153722 0.021247322879902816 0
    outer loop
      vertex 11.001805797219276 11.741673894226551 0
      vertex 11 11.656703680753708 0
      vertex 11.001805797219276 11.741673894226551 5
    endloop
  endfacet
  facet normal -0.9943613335230966 0.10604498288070405 0
    outer loop
      vertex 11.016232632100582 11.911000832915306 0
      vertex 11.007219932973385 11.826490662992 0
      vertex 11.016232632100582 11.911000832915306 5
    endloop
  endfacet
  facet normal -0.9889581963981168 0.1481947562398342 0
    outer loop
      vertex 11.016232632100582 11.911000832915306 0
      vertex 11.028827615082264 11.9950517937541 5
      vertex 11.028827615082264 11.9950517937541 0
    endloop
  endfacet
  facet normal -0.9817691889319818 0.19007698351941107 0
    outer loop
      vertex 11.044982142746449 12.078491762280464 0
      vertex 11.028827615082264 11.9950517937541 0
      vertex 11.044982142746449 12.078491762280464 5
    endloop
  endfacet
  facet normal -0.962088748195624 0.2727365772964405 0
    outer loop
      vertex 11.087846755981445 12.242937408387661 0
      vertex 11.064667038619518 12.161170065402985 0
      vertex 11.087846755981445 12.242937408387661 5
    endloop
  endfacet
  facet normal -0.9728073133066135 0.23161591304823656 0
    outer loop
      vertex 11.044982142746449 12.078491762280464 0
      vertex 11.064667038619518 12.161170065402985 5
      vertex 11.064667038619518 12.161170065402985 0
    endloop
  endfacet
  facet normal -0.9496328108964728 0.31336484242630636 0
    outer loop
      vertex 11.087846755981445 12.242937408387661 0
      vertex 11.114479444921017 12.323646128177643 5
      vertex 11.114479444921017 12.323646128177643 0
    endloop
  endfacet
  facet normal -0.9427602788651921 0.33347122303734866 -2.1067778137391226e-17
    outer loop
      vertex 11.114479444921017 12.323646128177643 0
      vertex 15.1563061773777 23.750340349972248 5
      vertex 15.1563061773777 23.750340349972248 0
    endloop
  endfacet
  facet normal -0.8859031970459901 0.46387016013502497 0
    outer loop
      vertex 15.1563061773777 23.750340349972248 0
      vertex 15.287948027253151 24.001751080155373 5
      vertex 15.287948027253151 24.001751080155373 0
    endloop
  endfacet
  facet normal -0.7199193743733889 0.6940577025016209 0
    outer loop
      vertex 15.287948027253151 24.001751080155373 0
      vertex 15.484914861619473 24.20605720579624 5
      vertex 15.484914861619473 24.20605720579624 0
    endloop
  endfacet
  facet normal -0.495955464341453 0.8683479587065625 0
    outer loop
      vertex 15.484914861619473 24.20605720579624 0
      vertex 15.73134358227253 24.346804551780224 5
      vertex 15.73134358227253 24.346804551780224 0
    endloop
  endfacet
  facet normal -0.23204881753346054 0.9727041411864775 0
    outer loop
      vertex 15.73134358227253 24.346804551780224 0
      vertex 16.007387571036816 24.412657752633095 5
      vertex 16.007387571036816 24.412657752633095 0
    endloop
  endfacet
  facet normal 0.050546306211616904 0.998721718462336 0
    outer loop
      vertex 16.007387571036816 24.412657752633095 0
      vertex 16.290815092623234 24.3983132019639 5
      vertex 16.290815092623234 24.3983132019639 0
    endloop
  endfacet
  facet normal 0.3290706126739358 0.9443053170846814 0
    outer loop
      vertex 16.290815092623234 24.3983132019639 0
      vertex 16.558799773454666 24.30492615699768 5
      vertex 16.558799773454666 24.30492615699768 0
    endloop
  endfacet
  facet normal 0.5810925785722698 0.8138374623524223 0
    outer loop
      vertex 16.789758943021297 24.140017725527287 0
      vertex 16.558799773454666 24.30492615699768 0
      vertex 16.789758943021297 24.140017725527287 5
    endloop
  endfacet
  facet normal 0.786315126569372 0.6178256402320904 0
    outer loop
      vertex 16.789758943021297 24.140017725527287 0
      vertex 16.965091861784458 23.91686912626028 5
      vertex 16.965091861784458 23.91686912626028 0
    endloop
  endfacet
  facet normal 0.9415440653758274 0.336889852853362 0
    outer loop
      vertex 23.89134456217289 9.540779881179333 0
      vertex 23.85167159885168 9.65165838599205 0
      vertex 23.89134456217289 9.540779881179333 5
    endloop
  endfacet
  facet normal 0.9891765031950122 0.1467305200934287 0
    outer loop
      vertex 23.823057666420937 9.76589161157608 0
      vertex 23.805778324604034 9.882379435002804 0
      vertex 23.823057666420937 9.76589161157608 5
    endloop
  endfacet
  facet normal 0.97003125519331 0.2429801719237427 0
    outer loop
      vertex 23.85167159885168 9.65165838599205 0
      vertex 23.823057666420937 9.76589161157608 0
      vertex 23.85167159885168 9.65165838599205 5
    endloop
  endfacet
  facet normal 0.6715589241207113 0.7409511532036593 0
    outer loop
      vertex 24.238728061318398 9.072387456893921 0
      vertex 24.151471860706806 9.151471860706806 0
      vertex 24.238728061318398 9.072387456893921 5
    endloop
  endfacet
  facet normal 0.7409511532036593 0.6715589241207113 0
    outer loop
      vertex 24.07238745689392 9.238728061318398 0
      vertex 24.151471860706806 9.151471860706806 5
      vertex 24.151471860706806 9.151471860706806 0
    endloop
  endfacet
  facet normal 0.5956993213187597 0.8032075190013904 0
    outer loop
      vertex 24.238728061318398 9.072387456893921 0
      vertex 24.33331572264433 9.00223646312952 5
      vertex 24.33331572264433 9.00223646312952 0
    endloop
  endfacet
  facet normal 0.5141027426176425 0.8577286109446379 0
    outer loop
      vertex 24.33331572264433 9.00223646312952 0
      vertex 24.43432391434908 8.941694483160973 5
      vertex 24.43432391434908 8.941694483160973 0
    endloop
  endfacet
  facet normal 0.4275550829790278 0.9039892980665183 0
    outer loop
      vertex 24.540779881179333 8.89134456217289 0
      vertex 24.43432391434908 8.941694483160973 0
      vertex 24.540779881179333 8.89134456217289 5
    endloop
  endfacet
  facet normal 0.8032075190013904 0.5956993213187597 0
    outer loop
      vertex 24.07238745689392 9.238728061318398 0
      vertex 24.00223646312952 9.333315722644329 0
      vertex 24.07238745689392 9.238728061318398 5
    endloop
  endfacet
  facet normal 0.8577286109446379 0.5141027426176425 0
    outer loop
      vertex 24.00223646312952 9.333315722644329 0
      vertex 23.941694483160973 9.43432391434908 0
      vertex 24.00223646312952 9.333315722644329 5
    endloop
  endfacet
  facet normal 0.9039892980665183 0.4275550829790278 0
    outer loop
      vertex 23.941694483160973 9.43432391434908 0
      vertex 23.89134456217289 9.540779881179333 0
      vertex 23.941694483160973 9.43432391434908 5
    endloop
  endfacet
  facet normal 0.336889852853362 0.9415440653758274 0
    outer loop
      vertex 24.540779881179333 8.89134456217289 0
      vertex 24.65165838599205 8.85167159885168 5
      vertex 24.65165838599205 8.85167159885168 0
    endloop
  endfacet
  facet normal 0.2429801719237427 0.97003125519331 0
    outer loop
      vertex 24.65165838599205 8.85167159885168 0
      vertex 24.76589161157608 8.823057666420937 5
      vertex 24.76589161157608 8.823057666420937 0
    endloop
  endfacet
  facet normal 0.04906767227610611 0.9987954563059468 0
    outer loop
      vertex 24.882379435002804 8.805778324604034 0
      vertex 25 8.799999997019768 5
      vertex 25 8.799999997019768 0
    endloop
  endfacet
  facet normal 0.1467305200934287 0.9891765031950122 0
    outer loop
      vertex 24.76589161157608 8.823057666420937 0
      vertex 24.882379435002804 8.805778324604034 5
      vertex 24.882379435002804 8.805778324604034 0
    endloop
  endfacet
  facet normal -0.04906767227610611 0.9987954563059468 0
    outer loop
      vertex 25 8.799999997019768 0
      vertex 25.117620564997196 8.805778324604034 5
      vertex 25.117620564997196 8.805778324604034 0
    endloop
  endfacet
  facet normal -0.1467305200934287 0.9891765031950122 0
    outer loop
      vertex 25.23410838842392 8.823057666420937 0
      vertex 25.117620564997196 8.805778324604034 0
      vertex 25.23410838842392 8.823057666420937 5
    endloop
  endfacet
  facet normal -0.2429801719237427 0.97003125519331 0
    outer loop
      vertex 25.23410838842392 8.823057666420937 0
      vertex 25.34834161400795 8.85167159885168 5
      vertex 25.34834161400795 8.85167159885168 0
    endloop
  endfacet
  facet normal -0.336889852853362 0.9415440653758274 0
    outer loop
      vertex 25.34834161400795 8.85167159885168 0
      vertex 25.459220118820667 8.89134456217289 5
      vertex 25.459220118820667 8.89134456217289 0
    endloop
  endfacet
  facet normal -0.4275550829790278 0.9039892980665183 0
    outer loop
      vertex 25.459220118820667 8.89134456217289 0
      vertex 25.56567608565092 8.941694483160973 5
      vertex 25.56567608565092 8.941694483160973 0
    endloop
  endfacet
  facet normal -0.5141027426176425 0.8577286109446379 0
    outer loop
      vertex 25.66668427735567 9.00223646312952 0
      vertex 25.56567608565092 8.941694483160973 0
      vertex 25.66668427735567 9.00223646312952 5
    endloop
  endfacet
  facet normal -0.5956993213187597 0.8032075190013904 0
    outer loop
      vertex 25.66668427735567 9.00223646312952 0
      vertex 25.761271938681602 9.072387456893921 5
      vertex 25.761271938681602 9.072387456893921 0
    endloop
  endfacet
  facet normal -0.6715589241207113 0.7409511532036593 0
    outer loop
      vertex 25.761271938681602 9.072387456893921 0
      vertex 25.848528139293194 9.151471860706806 5
      vertex 25.848528139293194 9.151471860706806 0
    endloop
  endfacet
  facet normal -0.7409511532036593 0.6715589241207113 0
    outer loop
      vertex 25.848528139293194 9.151471860706806 0
      vertex 25.92761254310608 9.238728061318398 5
      vertex 25.92761254310608 9.238728061318398 0
    endloop
  endfacet
  facet normal -0.8032075190013904 0.5956993213187597 0
    outer loop
      vertex 25.92761254310608 9.238728061318398 0
      vertex 25.99776353687048 9.333315722644329 5
      vertex 25.99776353687048 9.333315722644329 0
    endloop
  endfacet
  facet normal -0.8577286109446379 0.5141027426176425 0
    outer loop
      vertex 25.99776353687048 9.333315722644329 0
      vertex 26.058305516839027 9.43432391434908 5
      vertex 26.058305516839027 9.43432391434908 0
    endloop
  endfacet
  facet normal -0.9039892980665183 0.4275550829790278 0
    outer loop
      vertex 26.058305516839027 9.43432391434908 0
      vertex 26.10865543782711 9.540779881179333 5
      vertex 26.10865543782711 9.540779881179333 0
    endloop
  endfacet
  facet normal -0.9415440653758274 0.336889852853362 0
    outer loop
      vertex 26.10865543782711 9.540779881179333 0
      vertex 26.14832840114832 9.65165838599205 5
      vertex 26.14832840114832 9.65165838599205 0
    endloop
  endfacet
  facet normal -0.97003125519331 0.2429801719237427 0
    outer loop
      vertex 26.14832840114832 9.65165838599205 0
      vertex 26.176942333579063 9.76589161157608 5
      vertex 26.176942333579063 9.76589161157608 0
    endloop
  endfacet
  facet normal 0.9987954563059468 0.04906767227610611 0
    outer loop
      vertex 23.805778324604034 9.882379435002804 0
      vertex 23.799999997019768 10 0
      vertex 23.805778324604034 9.882379435002804 5
    endloop
  endfacet
  facet normal 0.9987954563059468 -0.04906767227610611 0
    outer loop
      vertex 23.799999997019768 10 0
      vertex 23.805778324604034 10.117620564997196 0
      vertex 23.799999997019768 10 5
    endloop
  endfacet
  facet normal 0.9891765031950122 -0.1467305200934287 0
    outer loop
      vertex 23.805778324604034 10.117620564997196 0
      vertex 23.823057666420937 10.23410838842392 0
      vertex 23.805778324604034 10.117620564997196 5
    endloop
  endfacet
  facet normal 0.97003125519331 -0.2429801719237427 0
    outer loop
      vertex 23.823057666420937 10.23410838842392 0
      vertex 23.85167159885168 10.34834161400795 0
      vertex 23.823057666420937 10.23410838842392 5
    endloop
  endfacet
  facet normal 0.9415440653758274 -0.336889852853362 0
    outer loop
      vertex 23.85167159885168 10.34834161400795 0
      vertex 23.89134456217289 10.459220118820667 0
      vertex 23.85167159885168 10.34834161400795 5
    endloop
  endfacet
  facet normal 0.9039892980665183 -0.4275550829790278 0
    outer loop
      vertex 23.89134456217289 10.459220118820667 0
      vertex 23.941694483160973 10.56567608565092 0
      vertex 23.89134456217289 10.459220118820667 5
    endloop
  endfacet
  facet normal 0.8577286109446379 -0.5141027426176425 0
    outer loop
      vertex 23.941694483160973 10.56567608565092 0
      vertex 24.00223646312952 10.666684277355671 0
      vertex 23.941694483160973 10.56567608565092 5
    endloop
  endfacet
  facet normal 0.8032075190013904 -0.5956993213187597 0
    outer loop
      vertex 24.00223646312952 10.666684277355671 0
      vertex 24.07238745689392 10.761271938681602 0
      vertex 24.00223646312952 10.666684277355671 5
    endloop
  endfacet
  facet normal 0.7409511532036593 -0.6715589241207113 0
    outer loop
      vertex 24.07238745689392 10.761271938681602 0
      vertex 24.151471860706806 10.848528139293194 0
      vertex 24.07238745689392 10.761271938681602 5
    endloop
  endfacet
  facet normal 0.6715589241207113 -0.7409511532036593 0
    outer loop
      vertex 24.151471860706806 10.848528139293194 0
      vertex 24.238728061318398 10.927612543106079 0
      vertex 24.151471860706806 10.848528139293194 5
    endloop
  endfacet
  facet normal 0.5956993213187597 -0.8032075190013904 0
    outer loop
      vertex 24.238728061318398 10.927612543106079 0
      vertex 24.33331572264433 10.99776353687048 0
      vertex 24.238728061318398 10.927612543106079 5
    endloop
  endfacet
  facet normal 0.5141027236025143 -0.8577286223418669 0
    outer loop
      vertex 24.33331572264433 10.99776353687048 0
      vertex 24.40064249187708 11.03811764717102 0
      vertex 24.33331572264433 10.99776353687048 5
    endloop
  endfacet
  facet normal 0.8660254038772035 0.4999999998393266 0
    outer loop
      vertex 24.40064249187708 11.03811764717102 0
      vertex 16.965091861784458 23.91686912626028 0
      vertex 24.40064249187708 11.03811764717102 5
    endloop
  endfacet
  facet normal -0.9987954563059468 0.04906767227610611 0
    outer loop
      vertex 26.194221675395966 9.882379435002804 0
      vertex 26.200000002980232 10 5
      vertex 26.200000002980232 10 0
    endloop
  endfacet
  facet normal -0.9891765031950122 0.1467305200934287 0
    outer loop
      vertex 26.176942333579063 9.76589161157608 0
      vertex 26.194221675395966 9.882379435002804 5
      vertex 26.194221675395966 9.882379435002804 0
    endloop
  endfacet
  facet normal -0.9987954563059468 -0.04906767227610611 0
    outer loop
      vertex 26.194221675395966 10.117620564997196 0
      vertex 26.200000002980232 10 0
      vertex 26.194221675395966 10.117620564997196 5
    endloop
  endfacet
  facet normal -0.9891765031950122 -0.1467305200934287 0
    outer loop
      vertex 26.194221675395966 10.117620564997196 0
      vertex 26.176942333579063 10.23410838842392 5
      vertex 26.176942333579063 10.23410838842392 0
    endloop
  endfacet
  facet normal -0.97003125519331 -0.2429801719237427 0
    outer loop
      vertex 26.176942333579063 10.23410838842392 0
      vertex 26.14832840114832 10.34834161400795 5
      vertex 26.14832840114832 10.34834161400795 0
    endloop
  endfacet
  facet normal -0.8577285380148523 -0.51410286429362 0
    outer loop
      vertex 26.058305516839027 10.56567608565092 0
      vertex 26.03811764717102 10.59935750067234 5
      vertex 26.03811764717102 10.59935750067234 0
    endloop
  endfacet
  facet normal -0.9039892980665183 -0.4275550829790278 0
    outer loop
      vertex 26.058305516839027 10.56567608565092 0
      vertex 26.10865543782711 10.459220118820667 0
      vertex 26.058305516839027 10.56567608565092 5
    endloop
  endfacet
  facet normal -0.9415440653758274 -0.336889852853362 0
    outer loop
      vertex 26.10865543782711 10.459220118820667 0
      vertex 26.14832840114832 10.34834161400795 0
      vertex 26.10865543782711 10.459220118820667 5
    endloop
  endfacet
  facet normal 0 0 -1
    outer loop
      vertex 13 0 0
      vertex 60.92766256630421 13.761878907680511 0
      vertex 61.06217782944441 13.5 0
    endloop
  endfacet
  facet normal 0 0 -1
    outer loop
      vertex 13 0 0
      vertex 61.22171398252249 13.252566911280155 0
      vertex 61.40473461896181 13.02196255326271 0
    endloop
  endfacet
  facet normal 0 0 -1
    outer loop
      vertex 13 0 0
      vertex 61.40473461896181 13.02196255326271 0
      vertex 61.60947713255882 12.810407780110836 0
    endloop
  endfacet
  facet normal 0 0 -1
    outer loop
      vertex 13 0 0
      vertex 61.06217782944441 13.5 0
      vertex 61.22171398252249 13.252566911280155 0
    endloop
  endfacet
  facet normal 0 0 -1
    outer loop
      vertex 13 0 0
      vertex 60.81946364790201 14.03568160533905 0
      vertex 60.92766256630421 13.761878907680511 0
    endloop
  endfacet
  facet normal 0 0 -1
    outer loop
      vertex 13 0 0
      vertex 60.73862309753895 14.318771213293076 0
      vertex 60.81946364790201 14.03568160533905 0
    endloop
  endfacet
  facet normal 0 0 -1
    outer loop
      vertex 13 0 0
      vertex 60.68591945618391 14.608421422541142 0
      vertex 60.73862309753895 14.318771213293076 0
    endloop
  endfacet
  facet normal 0 0 -1
    outer loop
      vertex 13 0 0
      vertex 61.60947713255882 12.810407780110836 0
      vertex 61.83396974951029 12.619939975440502 0
    endloop
  endfacet
  facet normal 0 0 -1
    outer loop
      vertex 13 0 0
      vertex 61.83396974951029 12.619939975440502 0
      vertex 62.076050490140915 12.45239345729351 0
    endloop
  endfacet
  facet normal 0 0 -1
    outer loop
      vertex 13 0 0
      vertex 62.076050490140915 12.45239345729351 0
      vertex 62.33338797092438 12.309381775557995 0
    endloop
  endfacet
  facet normal 0 0 -1
    outer loop
      vertex 13 0 0
      vertex 62.33338797092438 12.309381775557995 0
      vertex 62.60350389778614 12.192282222211361 0
    endloop
  endfacet
  facet normal 0 0 -1
    outer loop
      vertex 13 0 0
      vertex 62.60350389778614 12.192282222211361 0
      vertex 62.88379690051079 12.10222252458334 0
    endloop
  endfacet
  facet normal 0 0 -1
    outer loop
      vertex 13 0 0
      vertex 62.88379690051079 12.10222252458334 0
      vertex 63.17156761884689 12.040070004761219 0
    endloop
  endfacet
  facet normal 0 0 -1
    outer loop
      vertex 13 0 0
      vertex 63.17156761884689 12.040070004761219 0
      vertex 63.46404465287924 12.006423227488995 0
    endloop
  endfacet
  facet normal 0 0 -1
    outer loop
      vertex 13 0 0
      vertex 63.46404465287924 12.006423227488995 0
      vertex 63.660254038870335 12 0
    endloop
  endfacet
  facet normal 0 0 -1
    outer loop
      vertex 13 0 0
      vertex 60.6618602797389 14.901842750608921 0
      vertex 60.68591945618391 14.608421422541142 0
    endloop
  endfacet
  facet normal 0 0 -1
    outer loop
      vertex 13 0 0
      vertex 60.66667726635933 15.196209385991096 0
      vertex 60.6618602797389 14.901842750608921 0
    endloop
  endfacet
  facet normal 0 0 -1
    outer loop
      vertex 13 0 0
      vertex 60.700324043631554 15.488686420023441 0
      vertex 60.66667726635933 15.196209385991096 0
    endloop
  endfacet
  facet normal 0 0 -1
    outer loop
      vertex 13 0 0
      vertex 60.762476563453674 15.776457138359547 0
      vertex 60.700324043631554 15.488686420023441 0
    endloop
  endfacet
  facet normal 0 0 -1
    outer loop
      vertex 13 0 0
      vertex 60.852536261081696 16.056750141084194 0
      vertex 60.762476563453674 15.776457138359547 0
    endloop
  endfacet
  facet normal 0 0 -1
    outer loop
      vertex 13 0 0
      vertex 60.96963581442833 16.326866067945957 0
      vertex 60.852536261081696 16.056750141084194 0
    endloop
  endfacet
  facet normal 0 0 -1
    outer loop
      vertex 13 0 0
      vertex 61.112647496163845 16.58420354872942 0
      vertex 60.96963581442833 16.326866067945957 0
    endloop
  endfacet
  facet normal 0 0 -1
    outer loop
      vertex 11 2 0
      vertex 61.682216592133045 17.255519419908524 0
      vertex 61.47066181898117 17.050776906311512 0
    endloop
  endfacet
  facet normal 0 0 -1
    outer loop
      vertex 13 0 0
      vertex 61.28019401431084 16.826284289360046 0
      vertex 61.112647496163845 16.58420354872942 0
    endloop
  endfacet
  facet normal 0 0 -1
    outer loop
      vertex 13 0 0
      vertex 61.47066181898117 17.050776906311512 0
      vertex 61.28019401431084 16.826284289360046 0
    endloop
  endfacet
  facet normal 0 0 -1
    outer loop
      vertex 11 2 0
      vertex 61.91282095015049 17.438540056347847 0
      vertex 61.682216592133045 17.255519419908524 0
    endloop
  endfacet
  facet normal 0 0 -1
    outer loop
      vertex 25.848528139293194 9.151471860706806 0
      vertex 62.160254038870335 17.598076209425926 0
      vertex 61.91282095015049 17.438540056347847 0
    endloop
  endfacet
  facet normal 0 0 -1
    outer loop
      vertex 13 0 0
      vertex 63.660254038870335 12 0
      vertex 155 0 0
    endloop
  endfacet
  facet normal 0 0 -1
    outer loop
      vertex 26.10865543782711 9.540779881179333 0
      vertex 26.14832840114832 9.65165838599205 0
      vertex 134.47423162311316 72.75185092538595 0
    endloop
  endfacet
  facet normal 0 0 -1
    outer loop
      vertex 26.176942333579063 9.76589161157608 0
      vertex 26.194221675395966 9.882379435002804 0
      vertex 134.27246104180813 73.08848480135202 0
    endloop
  endfacet
  facet normal 0 0 -1
    outer loop
      vertex 26.194221675395966 9.882379435002804 0
      vertex 26.200000002980232 10 0
      vertex 134.27246104180813 73.08848480135202 0
    endloop
  endfacet
  facet normal 0 0 -1
    outer loop
      vertex 26.194221675395966 10.117620564997196 0
      vertex 134.27246104180813 73.08848480135202 0
      vertex 26.200000002980232 10 0
    endloop
  endfacet
  facet normal 0 0 -1
    outer loop
      vertex 26.194221675395966 10.117620564997196 0
      vertex 26.176942333579063 10.23410838842392 0
      vertex 134.27246104180813 73.08848480135202 0
    endloop
  endfacet
  facet normal 0 0 -1
    outer loop
      vertex 26.176942333579063 10.23410838842392 0
      vertex 26.14832840114832 10.34834161400795 0
      vertex 134.27246104180813 73.08848480135202 0
    endloop
  endfacet
  facet normal 0 0 -1
    outer loop
      vertex 26.14832840114832 9.65165838599205 0
      vertex 26.176942333579063 9.76589161157608 0
      vertex 134.47423162311316 72.75185092538595 0
    endloop
  endfacet
  facet normal 0 0 -1
    outer loop
      vertex 26.10865543782711 10.459220118820667 0
      vertex 134.27246104180813 73.08848480135202 0
      vertex 26.14832840114832 10.34834161400795 0
    endloop
  endfacet
  facet normal 0 0 -1
    outer loop
      vertex 26.058305516839027 10.56567608565092 0
      vertex 26.03811764717102 10.59935750067234 0
      vertex 134.27246104180813 73.08848480135202 0
    endloop
  endfacet
  facet normal 0 0 -1
    outer loop
      vertex 26.058305516839027 10.56567608565092 0
      vertex 134.27246104180813 73.08848480135202 0
      vertex 26.10865543782711 10.459220118820667 0
    endloop
  endfacet
  facet normal 0 0 -1
    outer loop
      vertex 26.058305516839027 9.43432391434908 0
      vertex 26.10865543782711 9.540779881179333 0
      vertex 138.87494646012783 70.1141639649868 0
    endloop
  endfacet
  facet normal 0 0 -1
    outer loop
      vertex 25.99776353687048 9.333315722644329 0
      vertex 26.058305516839027 9.43432391434908 0
      vertex 139.46304930001497 70.08527232706547 0
    endloop
  endfacet
  facet normal 0 0 -1
    outer loop
      vertex 25.848528139293194 9.151471860706806 0
      vertex 25.92761254310608 9.238728061318398 0
      vertex 140.05115213990211 70.1141639649868 0
    endloop
  endfacet
  facet normal 0 0 -1
    outer loop
      vertex 25.92761254310608 9.238728061318398 0
      vertex 25.99776353687048 9.333315722644329 0
      vertex 140.05115213990211 70.1141639649868 0
    endloop
  endfacet
  facet normal 0 0 -1
    outer loop
      vertex 25.848528139293194 9.151471860706806 0
      vertex 132.74363146722317 58.34940817207098 0
      vertex 62.160254038870335 17.598076209425926 0
    endloop
  endfacet
  facet normal 0 -1 0
    outer loop
      vertex 13 0 0
      vertex 155 0 0
      vertex 13 0 5
    endloop
  endfacet
  facet normal 0.7832867451500304 0.621660578509102 0
    outer loop
      vertex 61.22171398252249 13.252566911280155 0
      vertex 61.22171398252249 13.252566911280155 5
      vertex 61.40473461896181 13.02196255326271 0
    endloop
  endfacet
  facet normal 0.8404484061776233 0.54189157269097 0
    outer loop
      vertex 61.06217782944441 13.5 0
      vertex 61.06217782944441 13.5 5
      vertex 61.22171398252249 13.252566911280155 0
    endloop
  endfacet
  facet normal 0.983846008531246 0.17901684696456807 0
    outer loop
      vertex 60.73862309753895 14.318771213293076 0
      vertex 60.68591945618391 14.608421422541142 0
      vertex 60.68591945618391 14.608421422541142 5
    endloop
  endfacet
  facet normal 0.889516073733762 0.45690387891685985 0
    outer loop
      vertex 61.06217782944441 13.5 0
      vertex 60.92766256630421 13.761878907680511 0
      vertex 60.92766256630421 13.761878907680511 5
    endloop
  endfacet
  facet normal 0.9300172201563711 0.36751594552157346 0
    outer loop
      vertex 60.92766256630421 13.761878907680511 0
      vertex 60.81946364790201 14.03568160533905 0
      vertex 60.81946364790201 14.03568160533905 5
    endloop
  endfacet
  facet normal 0.9615617970653576 0.27458862034767567 0
    outer loop
      vertex 60.81946364790201 14.03568160533905 0
      vertex 60.73862309753895 14.318771213293076 0
      vertex 60.73862309753895 14.318771213293076 5
    endloop
  endfacet
  facet normal 0.30590302278853015 0.9520626768489773 0
    outer loop
      vertex 62.88379690051079 12.10222252458334 0
      vertex 62.60350389778614 12.192282222211361 0
      vertex 62.60350389778614 12.192282222211361 5
    endloop
  endfacet
  facet normal 0.21111155800867173 0.9774619737233523 0
    outer loop
      vertex 62.88379690051079 12.10222252458334 0
      vertex 62.88379690051079 12.10222252458334 5
      vertex 63.17156761884689 12.040070004761219 0
    endloop
  endfacet
  facet normal 0.11428697714912593 0.9934477776179861 0
    outer loop
      vertex 63.17156761884689 12.040070004761219 0
      vertex 63.17156761884689 12.040070004761219 5
      vertex 63.46404465287924 12.006423227488995 0
    endloop
  endfacet
  facet normal 0.03271906888173734 0.9994645879327152 0
    outer loop
      vertex 63.46404465287924 12.006423227488995 0
      vertex 63.46404465287924 12.006423227488995 5
      vertex 63.660254038870335 12 0
    endloop
  endfacet
  facet normal 0.5691001242816837 0.8222682339374253 0
    outer loop
      vertex 61.83396974951029 12.619939975440502 0
      vertex 61.83396974951029 12.619939975440502 5
      vertex 62.076050490140915 12.45239345729351 0
    endloop
  endfacet
  facet normal 0.6469561597716101 0.7625271977664606 0
    outer loop
      vertex 61.60947713255882 12.810407780110836 0
      vertex 61.60947713255882 12.810407780110836 5
      vertex 61.83396974951029 12.619939975440502 0
    endloop
  endfacet
  facet normal 0.7185816230728382 0.6954426295403564 0
    outer loop
      vertex 61.40473461896181 13.02196255326271 0
      vertex 61.40473461896181 13.02196255326271 5
      vertex 61.60947713255882 12.810407780110836 0
    endloop
  endfacet
  facet normal 0.48576339890919085 0.8740903387409051 0
    outer loop
      vertex 62.076050490140915 12.45239345729351 0
      vertex 62.076050490140915 12.45239345729351 5
      vertex 62.33338797092438 12.309381775557995 0
    endloop
  endfacet
  facet normal 0.39774846791171276 0.9174944993153286 0
    outer loop
      vertex 62.33338797092438 12.309381775557995 0
      vertex 62.33338797092438 12.309381775557995 5
      vertex 62.60350389778614 12.192282222211361 0
    endloop
  endfacet
  facet normal 0.9966552398216048 0.0817210678842339 0
    outer loop
      vertex 60.68591945618391 14.608421422541142 0
      vertex 60.6618602797389 14.901842750608921 0
      vertex 60.6618602797389 14.901842750608921 5
    endloop
  endfacet
  facet normal 0.999866138247426 -0.01636171097958163 0
    outer loop
      vertex 60.6618602797389 14.901842750608921 0
      vertex 60.66667726635933 15.196209385991096 0
      vertex 60.66667726635933 15.196209385991096 5
    endloop
  endfacet
  facet normal 0.9934477776179861 -0.11428697714912593 0
    outer loop
      vertex 60.66667726635933 15.196209385991096 0
      vertex 60.700324043631554 15.488686420023441 0
      vertex 60.700324043631554 15.488686420023441 5
    endloop
  endfacet
  facet normal 0.9774619737233523 -0.21111155800867173 0
    outer loop
      vertex 60.700324043631554 15.488686420023441 0
      vertex 60.762476563453674 15.776457138359547 0
      vertex 60.762476563453674 15.776457138359547 5
    endloop
  endfacet
  facet normal 0.9520626768489773 -0.30590302278853015 0
    outer loop
      vertex 60.762476563453674 15.776457138359547 0
      vertex 60.852536261081696 16.056750141084194 0
      vertex 60.852536261081696 16.056750141084194 5
    endloop
  endfacet
  facet normal 0.9174944993153286 -0.39774846791171276 0
    outer loop
      vertex 60.852536261081696 16.056750141084194 0
      vertex 60.96963581442833 16.326866067945957 0
      vertex 60.96963581442833 16.326866067945957 5
    endloop
  endfacet
  facet normal 0.8740903387409051 -0.48576339890919085 0
    outer loop
      vertex 60.96963581442833 16.326866067945957 0
      vertex 61.112647496163845 16.58420354872942 0
      vertex 61.112647496163845 16.58420354872942 5
    endloop
  endfacet
  facet normal 0.8222682339374253 -0.5691001242816837 0
    outer loop
      vertex 61.112647496163845 16.58420354872942 0
      vertex 61.28019401431084 16.826284289360046 0
      vertex 61.28019401431084 16.826284289360046 5
    endloop
  endfacet
  facet normal 0.7625271977664606 -0.6469561597716101 0
    outer loop
      vertex 61.28019401431084 16.826284289360046 0
      vertex 61.47066181898117 17.050776906311512 0
      vertex 61.47066181898117 17.050776906311512 5
    endloop
  endfacet
  facet normal 0.6954426295403564 -0.7185816230728382 0
    outer loop
      vertex 61.47066181898117 17.050776906311512 0
      vertex 61.682216592133045 17.255519419908524 0
      vertex 61.682216592133045 17.255519419908524 5
    endloop
  endfacet
  facet normal 0.621660578509102 -0.7832867451500304 0
    outer loop
      vertex 61.682216592133045 17.255519419908524 0
      vertex 61.91282095015049 17.438540056347847 0
      vertex 61.91282095015049 17.438540056347847 5
    endloop
  endfacet
  facet normal 0.54189157269097 -0.8404484061776233 0
    outer loop
      vertex 61.91282095015049 17.438540056347847 0
      vertex 62.160254038870335 17.598076209425926 0
      vertex 62.160254038870335 17.598076209425926 5
    endloop
  endfacet
  facet normal -0.9951847267853376 -0.0980171391808235 0
    outer loop
      vertex 11.03842943906784 1.6098193526268005 0
      vertex 11.03842943906784 1.6098193526268005 5
      vertex 11 2 5
    endloop
  endfacet
  facet normal -0.8819212641844242 -0.4713967371326908 0
    outer loop
      vertex 11.337060771882534 0.8888595327734947 0
      vertex 11.337060771882534 0.8888595327734947 5
      vertex 11.152240931987762 1.234633132815361 5
    endloop
  endfacet
  facet normal -0.7730104435344091 -0.6343932961394977 0
    outer loop
      vertex 11.585786439478397 0.5857864394783974 0
      vertex 11.585786439478397 0.5857864394783974 5
      vertex 11.337060771882534 0.8888595327734947 5
    endloop
  endfacet
  facet normal -0.6343932961394977 -0.7730104435344091 0
    outer loop
      vertex 11.888859532773495 0.337060771882534 0
      vertex 11.888859532773495 0.337060771882534 5
      vertex 11.585786439478397 0.5857864394783974 5
    endloop
  endfacet
  facet normal -0.4713967371326908 -0.8819212641844242 0
    outer loop
      vertex 12.234633132815361 0.15224093198776245 0
      vertex 12.234633132815361 0.15224093198776245 5
      vertex 11.888859532773495 0.337060771882534 5
    endloop
  endfacet
  facet normal -0.9569403375708344 -0.29028467119332607 0
    outer loop
      vertex 11.152240931987762 1.234633132815361 0
      vertex 11.152240931987762 1.234633132815361 5
      vertex 11.03842943906784 1.6098193526268005 5
    endloop
  endfacet
  facet normal -0.29028467119332607 -0.9569403375708344 0
    outer loop
      vertex 12.6098193526268 0.038429439067840576 0
      vertex 12.6098193526268 0.038429439067840576 5
      vertex 12.234633132815361 0.15224093198776245 5
    endloop
  endfacet
  facet normal -0.0980171391808235 -0.9951847267853376 0
    outer loop
      vertex 13 0 0
      vertex 13 0 5
      vertex 12.6098193526268 0.038429439067840576 5
    endloop
  endfacet
  facet normal -1 0 0
    outer loop
      vertex 11 2 0
      vertex 11 2 5
      vertex 11 11.656703680753708 5
    endloop
  endfacet
  facet normal -0.9979688588734273 0.06370366330807928 0
    outer loop
      vertex 11.001805797219276 11.741673894226551 0
      vertex 11.001805797219276 11.741673894226551 5
      vertex 11.007219932973385 11.826490662992 5
    endloop
  endfacet
  facet normal -0.999774250153722 0.021247322879902816 0
    outer loop
      vertex 11 11.656703680753708 0
      vertex 11 11.656703680753708 5
      vertex 11.001805797219276 11.741673894226551 5
    endloop
  endfacet
  facet normal -0.9889581963981168 0.1481947562398342 0
    outer loop
      vertex 11.016232632100582 11.911000832915306 0
      vertex 11.016232632100582 11.911000832915306 5
      vertex 11.028827615082264 11.9950517937541 5
    endloop
  endfacet
  facet normal -0.9943613335230966 0.10604498288070405 0
    outer loop
      vertex 11.007219932973385 11.826490662992 0
      vertex 11.007219932973385 11.826490662992 5
      vertex 11.016232632100582 11.911000832915306 5
    endloop
  endfacet
  facet normal -0.9817691889319818 0.19007698351941107 0
    outer loop
      vertex 11.028827615082264 11.9950517937541 0
      vertex 11.028827615082264 11.9950517937541 5
      vertex 11.044982142746449 12.078491762280464 5
    endloop
  endfacet
  facet normal -0.9728073133066135 0.23161591304823656 0
    outer loop
      vertex 11.044982142746449 12.078491762280464 0
      vertex 11.044982142746449 12.078491762280464 5
      vertex 11.064667038619518 12.161170065402985 5
    endloop
  endfacet
  facet normal -0.962088748195624 0.2727365772964405 0
    outer loop
      vertex 11.064667038619518 12.161170065402985 0
      vertex 11.064667038619518 12.161170065402985 5
      vertex 11.087846755981445 12.242937408387661 5
    endloop
  endfacet
  facet normal -0.9496328108964728 0.31336484242630636 0
    outer loop
      vertex 11.087846755981445 12.242937408387661 0
      vertex 11.087846755981445 12.242937408387661 5
      vertex 11.114479444921017 12.323646128177643 5
    endloop
  endfacet
  facet normal -0.9427602788651921 0.33347122303734866 0
    outer loop
      vertex 11.114479444921017 12.323646128177643 0
      vertex 11.114479444921017 12.323646128177643 5
      vertex 15.1563061773777 23.750340349972248 5
    endloop
  endfacet
  facet normal -0.8859031970459901 0.46387016013502497 0
    outer loop
      vertex 15.1563061773777 23.750340349972248 0
      vertex 15.1563061773777 23.750340349972248 5
      vertex 15.287948027253151 24.001751080155373 5
    endloop
  endfacet
  facet normal -0.7199193743733889 0.6940577025016209 0
    outer loop
      vertex 15.287948027253151 24.001751080155373 0
      vertex 15.287948027253151 24.001751080155373 5
      vertex 15.484914861619473 24.20605720579624 5
    endloop
  endfacet
  facet normal -0.495955464341453 0.8683479587065625 0
    outer loop
      vertex 15.484914861619473 24.20605720579624 0
      vertex 15.484914861619473 24.20605720579624 5
      vertex 15.73134358227253 24.346804551780224 5
    endloop
  endfacet
  facet normal -0.23204881753346054 0.9727041411864775 0
    outer loop
      vertex 15.73134358227253 24.346804551780224 0
      vertex 15.73134358227253 24.346804551780224 5
      vertex 16.007387571036816 24.412657752633095 5
    endloop
  endfacet
  facet normal 0.050546306211616904 0.998721718462336 0
    outer loop
      vertex 16.007387571036816 24.412657752633095 0
      vertex 16.007387571036816 24.412657752633095 5
      vertex 16.290815092623234 24.3983132019639 5
    endloop
  endfacet
  facet normal 0.3290706126739358 0.9443053170846814 0
    outer loop
      vertex 16.290815092623234 24.3983132019639 0
      vertex 16.290815092623234 24.3983132019639 5
      vertex 16.558799773454666 24.30492615699768 5
    endloop
  endfacet
  facet normal 0.786315126569372 0.6178256402320904 0
    outer loop
      vertex 16.789758943021297 24.140017725527287 0
      vertex 16.789758943021297 24.140017725527287 5
      vertex 16.965091861784458 23.91686912626028 5
    endloop
  endfacet
  facet normal 0.5810925785722698 0.8138374623524223 0
    outer loop
      vertex 16.558799773454666 24.30492615699768 0
      vertex 16.558799773454666 24.30492615699768 5
      vertex 16.789758943021297 24.140017725527287 5
    endloop
  endfacet
  facet normal 0.8660254038772035 0.4999999998393266 0
    outer loop
      vertex 16.965091861784458 23.91686912626028 0
      vertex 16.965091861784458 23.91686912626028 5
      vertex 24.40064249187708 11.03811764717102 5
    endloop
  endfacet
  facet normal 0.9039892980665183 0.4275550829790278 0
    outer loop
      vertex 23.89134456217289 9.540779881179333 0
      vertex 23.89134456217289 9.540779881179333 5
      vertex 23.941694483160973 9.43432391434908 5
    endloop
  endfacet
  facet normal 0.9415440653758274 0.336889852853362 0
    outer loop
      vertex 23.85167159885168 9.65165838599205 0
      vertex 23.85167159885168 9.65165838599205 5
      vertex 23.89134456217289 9.540779881179333 5
    endloop
  endfacet
  facet normal 0.97003125519331 0.2429801719237427 0
    outer loop
      vertex 23.823057666420937 9.76589161157608 0
      vertex 23.823057666420937 9.76589161157608 5
      vertex 23.85167159885168 9.65165838599205 5
    endloop
  endfacet
  facet normal 0.6715589241207113 0.7409511532036593 0
    outer loop
      vertex 24.151471860706806 9.151471860706806 0
      vertex 24.151471860706806 9.151471860706806 5
      vertex 24.238728061318398 9.072387456893921 5
    endloop
  endfacet
  facet normal 0.5141027426176425 0.8577286109446379 0
    outer loop
      vertex 24.33331572264433 9.00223646312952 0
      vertex 24.33331572264433 9.00223646312952 5
      vertex 24.43432391434908 8.941694483160973 5
    endloop
  endfacet
  facet normal 0.5956993213187597 0.8032075190013904 0
    outer loop
      vertex 24.238728061318398 9.072387456893921 0
      vertex 24.238728061318398 9.072387456893921 5
      vertex 24.33331572264433 9.00223646312952 5
    endloop
  endfacet
  facet normal 0.4275550829790278 0.9039892980665183 0
    outer loop
      vertex 24.43432391434908 8.941694483160973 0
      vertex 24.43432391434908 8.941694483160973 5
      vertex 24.540779881179333 8.89134456217289 5
    endloop
  endfacet
  facet normal 0.8032075190013904 0.5956993213187597 0
    outer loop
      vertex 24.00223646312952 9.333315722644329 0
      vertex 24.00223646312952 9.333315722644329 5
      vertex 24.07238745689392 9.238728061318398 5
    endloop
  endfacet
  facet normal 0.8577286109446379 0.5141027426176425 0
    outer loop
      vertex 23.941694483160973 9.43432391434908 0
      vertex 23.941694483160973 9.43432391434908 5
      vertex 24.00223646312952 9.333315722644329 5
    endloop
  endfacet
  facet normal 0.7409511532036593 0.6715589241207113 0
    outer loop
      vertex 24.07238745689392 9.238728061318398 0
      vertex 24.07238745689392 9.238728061318398 5
      vertex 24.151471860706806 9.151471860706806 5
    endloop
  endfacet
  facet normal 0.336889852853362 0.9415440653758274 0
    outer loop
      vertex 24.540779881179333 8.89134456217289 0
      vertex 24.540779881179333 8.89134456217289 5
      vertex 24.65165838599205 8.85167159885168 5
    endloop
  endfacet
  facet normal 0.1467305200934287 0.9891765031950122 0
    outer loop
      vertex 24.76589161157608 8.823057666420937 0
      vertex 24.76589161157608 8.823057666420937 5
      vertex 24.882379435002804 8.805778324604034 5
    endloop
  endfacet
  facet normal 0.2429801719237427 0.97003125519331 0
    outer loop
      vertex 24.65165838599205 8.85167159885168 0
      vertex 24.65165838599205 8.85167159885168 5
      vertex 24.76589161157608 8.823057666420937 5
    endloop
  endfacet
  facet normal 0.04906767227610611 0.9987954563059468 0
    outer loop
      vertex 24.882379435002804 8.805778324604034 0
      vertex 24.882379435002804 8.805778324604034 5
      vertex 25 8.799999997019768 5
    endloop
  endfacet
  facet normal -0.04906767227610611 0.9987954563059468 0
    outer loop
      vertex 25 8.799999997019768 0
      vertex 25 8.799999997019768 5
      vertex 25.117620564997196 8.805778324604034 5
    endloop
  endfacet
  facet normal -0.1467305200934287 0.9891765031950122 0
    outer loop
      vertex 25.117620564997196 8.805778324604034 0
      vertex 25.117620564997196 8.805778324604034 5
      vertex 25.23410838842392 8.823057666420937 5
    endloop
  endfacet
  facet normal -0.2429801719237427 0.97003125519331 0
    outer loop
      vertex 25.23410838842392 8.823057666420937 0
      vertex 25.23410838842392 8.823057666420937 5
      vertex 25.34834161400795 8.85167159885168 5
    endloop
  endfacet
  facet normal -0.336889852853362 0.9415440653758274 0
    outer loop
      vertex 25.34834161400795 8.85167159885168 0
      vertex 25.34834161400795 8.85167159885168 5
      vertex 25.459220118820667 8.89134456217289 5
    endloop
  endfacet
  facet normal -0.4275550829790278 0.9039892980665183 0
    outer loop
      vertex 25.459220118820667 8.89134456217289 0
      vertex 25.459220118820667 8.89134456217289 5
      vertex 25.56567608565092 8.941694483160973 5
    endloop
  endfacet
  facet normal -0.5141027426176425 0.8577286109446379 0
    outer loop
      vertex 25.56567608565092 8.941694483160973 0
      vertex 25.56567608565092 8.941694483160973 5
      vertex 25.66668427735567 9.00223646312952 5
    endloop
  endfacet
  facet normal -0.5956993213187597 0.8032075190013904 0
    outer loop
      vertex 25.66668427735567 9.00223646312952 0
      vertex 25.66668427735567 9.00223646312952 5
      vertex 25.761271938681602 9.072387456893921 5
    endloop
  endfacet
  facet normal -0.6715589241207113 0.7409511532036593 0
    outer loop
      vertex 25.761271938681602 9.072387456893921 0
      vertex 25.761271938681602 9.072387456893921 5
      vertex 25.848528139293194 9.151471860706806 5
    endloop
  endfacet
  facet normal -0.7409511532036593 0.6715589241207113 0
    outer loop
      vertex 25.848528139293194 9.151471860706806 0
      vertex 25.848528139293194 9.151471860706806 5
      vertex 25.92761254310608 9.238728061318398 5
    endloop
  endfacet
  facet normal -0.8032075190013904 0.5956993213187597 0
    outer loop
      vertex 25.92761254310608 9.238728061318398 0
      vertex 25.92761254310608 9.238728061318398 5
      vertex 25.99776353687048 9.333315722644329 5
    endloop
  endfacet
  facet normal -0.8577286109446379 0.5141027426176425 0
    outer loop
      vertex 25.99776353687048 9.333315722644329 0
      vertex 25.99776353687048 9.333315722644329 5
      vertex 26.058305516839027 9.43432391434908 5
    endloop
  endfacet
  facet normal -0.9039892980665183 0.4275550829790278 0
    outer loop
      vertex 26.058305516839027 9.43432391434908 0
      vertex 26.058305516839027 9.43432391434908 5
      vertex 26.10865543782711 9.540779881179333 5
    endloop
  endfacet
  facet normal -0.9415440653758274 0.336889852853362 0
    outer loop
      vertex 26.10865543782711 9.540779881179333 0
      vertex 26.10865543782711 9.540779881179333 5
      vertex 26.14832840114832 9.65165838599205 5
    endloop
  endfacet
  facet normal -0.9891765031950122 0.1467305200934287 0
    outer loop
      vertex 26.176942333579063 9.76589161157608 0
      vertex 26.176942333579063 9.76589161157608 5
      vertex 26.194221675395966 9.882379435002804 5
    endloop
  endfacet
  facet normal -0.97003125519331 0.2429801719237427 0
    outer loop
      vertex 26.14832840114832 9.65165838599205 0
      vertex 26.14832840114832 9.65165838599205 5
      vertex 26.176942333579063 9.76589161157608 5
    endloop
  endfacet
  facet normal 0.9891765031950122 0.1467305200934287 0
    outer loop
      vertex 23.805778324604034 9.882379435002804 0
      vertex 23.805778324604034 9.882379435002804 5
      vertex 23.823057666420937 9.76589161157608 5
    endloop
  endfacet
  facet normal 0.9987954563059468 0.04906767227610611 0
    outer loop
      vertex 23.799999997019768 10 0
      vertex 23.799999997019768 10 5
      vertex 23.805778324604034 9.882379435002804 5
    endloop
  endfacet
  facet normal 0.9987954563059468 -0.04906767227610611 0
    outer loop
      vertex 23.805778324604034 10.117620564997196 0
      vertex 23.805778324604034 10.117620564997196 5
      vertex 23.799999997019768 10 5
    endloop
  endfacet
  facet normal 0.9891765031950122 -0.1467305200934287 0
    outer loop
      vertex 23.823057666420937 10.23410838842392 0
      vertex 23.823057666420937 10.23410838842392 5
      vertex 23.805778324604034 10.117620564997196 5
    endloop
  endfacet
  facet normal 0.97003125519331 -0.2429801719237427 0
    outer loop
      vertex 23.85167159885168 10.34834161400795 0
      vertex 23.85167159885168 10.34834161400795 5
      vertex 23.823057666420937 10.23410838842392 5
    endloop
  endfacet
  facet normal 0.9415440653758274 -0.336889852853362 0
    outer loop
      vertex 23.89134456217289 10.459220118820667 0
      vertex 23.89134456217289 10.459220118820667 5
      vertex 23.85167159885168 10.34834161400795 5
    endloop
  endfacet
  facet normal 0.9039892980665183 -0.4275550829790278 0
    outer loop
      vertex 23.941694483160973 10.56567608565092 0
      vertex 23.941694483160973 10.56567608565092 5
      vertex 23.89134456217289 10.459220118820667 5
    endloop
  endfacet
  facet normal 0.8577286109446379 -0.5141027426176425 0
    outer loop
      vertex 24.00223646312952 10.666684277355671 0
      vertex 24.00223646312952 10.666684277355671 5
      vertex 23.941694483160973 10.56567608565092 5
    endloop
  endfacet
  facet normal 0.8032075190013904 -0.5956993213187597 0
    outer loop
      vertex 24.07238745689392 10.761271938681602 0
      vertex 24.07238745689392 10.761271938681602 5
      vertex 24.00223646312952 10.666684277355671 5
    endloop
  endfacet
  facet normal 0.7409511532036593 -0.6715589241207113 0
    outer loop
      vertex 24.151471860706806 10.848528139293194 0
      vertex 24.151471860706806 10.848528139293194 5
      vertex 24.07238745689392 10.761271938681602 5
    endloop
  endfacet
  facet normal 0.6715589241207113 -0.7409511532036593 0
    outer loop
      vertex 24.238728061318398 10.927612543106079 0
      vertex 24.238728061318398 10.927612543106079 5
      vertex 24.151471860706806 10.848528139293194 5
    endloop
  endfacet
  facet normal 0.5956993213187597 -0.8032075190013904 0
    outer loop
      vertex 24.33331572264433 10.99776353687048 0
      vertex 24.33331572264433 10.99776353687048 5
      vertex 24.238728061318398 10.927612543106079 5
    endloop
  endfacet
  facet normal 0.5141027236025143 -0.8577286223418669 0
    outer loop
      vertex 24.40064249187708 11.03811764717102 0
      vertex 24.40064249187708 11.03811764717102 5
      vertex 24.33331572264433 10.99776353687048 5
    endloop
  endfacet
  facet normal -0.9987954563059468 0.04906767227610611 0
    outer loop
      vertex 26.194221675395966 9.882379435002804 0
      vertex 26.194221675395966 9.882379435002804 5
      vertex 26.200000002980232 10 5
    endloop
  endfacet
  facet normal -0.9987954563059468 -0.04906767227610611 0
    outer loop
      vertex 26.200000002980232 10 0
      vertex 26.200000002980232 10 5
      vertex 26.194221675395966 10.117620564997196 5
    endloop
  endfacet
  facet normal -0.9891765031950122 -0.1467305200934287 0
    outer loop
      vertex 26.194221675395966 10.117620564997196 0
      vertex 26.194221675395966 10.117620564997196 5
      vertex 26.176942333579063 10.23410838842392 5
    endloop
  endfacet
  facet normal -0.97003125519331 -0.2429801719237427 0
    outer loop
      vertex 26.176942333579063 10.23410838842392 0
      vertex 26.176942333579063 10.23410838842392 5
      vertex 26.14832840114832 10.34834161400795 5
    endloop
  endfacet
  facet normal -0.9415440653758274 -0.336889852853362 0
    outer loop
      vertex 26.14832840114832 10.34834161400795 0
      vertex 26.14832840114832 10.34834161400795 5
      vertex 26.10865543782711 10.459220118820667 5
    endloop
  endfacet
  facet normal -0.8577285380148523 -0.51410286429362 0
    outer loop
      vertex 26.058305516839027 10.56567608565092 0
      vertex 26.058305516839027 10.56567608565092 5
      vertex 26.03811764717102 10.59935750067234 5
    endloop
  endfacet
  facet normal -0.9039892980665183 -0.4275550829790278 0
    outer loop
      vertex 26.10865543782711 10.459220118820667 0
      vertex 26.10865543782711 10.459220118820667 5
      vertex 26.058305516839027 10.56567608565092 5
    endloop
  endfacet
  facet normal 0 0 1
    outer loop
      vertex 11 2 5
      vertex 23.941694483160973 9.43432391434908 5
      vertex 11 11.656703680753708 5
    endloop
  endfacet
  facet normal 0 0 1
    outer loop
      vertex 11.001805797219276 11.741673894226551 5
      vertex 11 11.656703680753708 5
      vertex 23.805778324604034 9.882379435002804 5
    endloop
  endfacet
  facet normal 0 0 1
    outer loop
      vertex 11.001805797219276 11.741673894226551 5
      vertex 23.805778324604034 9.882379435002804 5
      vertex 11.007219932973385 11.826490662992 5
    endloop
  endfacet
  facet normal 0 0 1
    outer loop
      vertex 11.016232632100582 11.911000832915306 5
      vertex 11.007219932973385 11.826490662992 5
      vertex 23.805778324604034 9.882379435002804 5
    endloop
  endfacet
  facet normal 0 0 1
    outer loop
      vertex 11.016232632100582 11.911000832915306 5
      vertex 23.805778324604034 9.882379435002804 5
      vertex 11.028827615082264 11.9950517937541 5
    endloop
  endfacet
  facet normal 0 0 1
    outer loop
      vertex 11.044982142746449 12.078491762280464 5
      vertex 11.028827615082264 11.9950517937541 5
      vertex 23.805778324604034 9.882379435002804 5
    endloop
  endfacet
  facet normal 0 0 1
    outer loop
      vertex 11.044982142746449 12.078491762280464 5
      vertex 23.805778324604034 9.882379435002804 5
      vertex 11.064667038619518 12.161170065402985 5
    endloop
  endfacet
  facet normal 0 0 1
    outer loop
      vertex 11.087846755981445 12.242937408387661 5
      vertex 11.064667038619518 12.161170065402985 5
      vertex 23.805778324604034 9.882379435002804 5
    endloop
  endfacet
  facet normal 0 0 1
    outer loop
      vertex 11.087846755981445 12.242937408387661 5
      vertex 23.805778324604034 9.882379435002804 5
      vertex 11.114479444921017 12.323646128177643 5
    endloop
  endfacet
  facet normal 0 0 1
    outer loop
      vertex 11 11.656703680753708 5
      vertex 23.941694483160973 9.43432391434908 5
      vertex 23.89134456217289 9.540779881179333 5
    endloop
  endfacet
  facet normal 0 0 1
    outer loop
      vertex 11 11.656703680753708 5
      vertex 23.89134456217289 9.540779881179333 5
      vertex 23.85167159885168 9.65165838599205 5
    endloop
  endfacet
  facet normal 0 0 1
    outer loop
      vertex 11 11.656703680753708 5
      vertex 23.85167159885168 9.65165838599205 5
      vertex 23.823057666420937 9.76589161157608 5
    endloop
  endfacet
  facet normal 0 0 1
    outer loop
      vertex 11 11.656703680753708 5
      vertex 23.823057666420937 9.76589161157608 5
      vertex 23.805778324604034 9.882379435002804 5
    endloop
  endfacet
  facet normal 0 0 1
    outer loop
      vertex 11.114479444921017 12.323646128177643 5
      vertex 23.805778324604034 9.882379435002804 5
      vertex 15.1563061773777 23.750340349972248 5
    endloop
  endfacet
  facet normal 0 0 1
    outer loop
      vertex 23.805778324604034 9.882379435002804 5
      vertex 15.287948027253151 24.001751080155373 5
      vertex 15.1563061773777 23.750340349972248 5
    endloop
  endfacet
  facet normal 0 0 1
    outer loop
      vertex 23.805778324604034 9.882379435002804 5
      vertex 15.484914861619473 24.20605720579624 5
      vertex 15.287948027253151 24.001751080155373 5
    endloop
  endfacet
  facet normal 0 0 1
    outer loop
      vertex 23.805778324604034 9.882379435002804 5
      vertex 15.73134358227253 24.346804551780224 5
      vertex 15.484914861619473 24.20605720579624 5
    endloop
  endfacet
  facet normal 0 0 1
    outer loop
      vertex 23.805778324604034 9.882379435002804 5
      vertex 16.007387571036816 24.412657752633095 5
      vertex 15.73134358227253 24.346804551780224 5
    endloop
  endfacet
  facet normal 0 0 1
    outer loop
      vertex 23.805778324604034 9.882379435002804 5
      vertex 16.290815092623234 24.3983132019639 5
      vertex 16.007387571036816 24.412657752633095 5
    endloop
  endfacet
  facet normal 0 0 1
    outer loop
      vertex 23.805778324604034 9.882379435002804 5
      vertex 16.558799773454666 24.30492615699768 5
      vertex 16.290815092623234 24.3983132019639 5
    endloop
  endfacet
  facet normal 0 0 1
    outer loop
      vertex 23.805778324604034 9.882379435002804 5
      vertex 16.789758943021297 24.140017725527287 5
      vertex 16.558799773454666 24.30492615699768 5
    endloop
  endfacet
  facet normal 0 0 1
    outer loop
      vertex 23.805778324604034 9.882379435002804 5
      vertex 16.965091861784458 23.91686912626028 5
      vertex 16.789758943021297 24.140017725527287 5
    endloop
  endfacet
  facet normal 0 0 1
    outer loop
      vertex 11 2 5
      vertex 24.43432391434908 8.941694483160973 5
      vertex 24.33331572264433 9.00223646312952 5
    endloop
  endfacet
  facet normal 0 0 1
    outer loop
      vertex 11 2 5
      vertex 24.238728061318398 9.072387456893921 5
      vertex 24.151471860706806 9.151471860706806 5
    endloop
  endfacet
  facet normal 0 0 1
    outer loop
      vertex 11 2 5
      vertex 24.33331572264433 9.00223646312952 5
      vertex 24.238728061318398 9.072387456893921 5
    endloop
  endfacet
  facet normal 0 0 1
    outer loop
      vertex 11 2 5
      vertex 24.65165838599205 8.85167159885168 5
      vertex 24.540779881179333 8.89134456217289 5
    endloop
  endfacet
  facet normal 0 0 1
    outer loop
      vertex 11 2 5
      vertex 24.540779881179333 8.89134456217289 5
      vertex 24.43432391434908 8.941694483160973 5
    endloop
  endfacet
  facet normal 0 0 1
    outer loop
      vertex 11 2 5
      vertex 24.882379435002804 8.805778324604034 5
      vertex 24.76589161157608 8.823057666420937 5
    endloop
  endfacet
  facet normal 0 0 1
    outer loop
      vertex 11 2 5
      vertex 24.76589161157608 8.823057666420937 5
      vertex 24.65165838599205 8.85167159885168 5
    endloop
  endfacet
  facet normal 0 0 1
    outer loop
      vertex 11 2 5
      vertex 24.07238745689392 9.238728061318398 5
      vertex 24.00223646312952 9.333315722644329 5
    endloop
  endfacet
  facet normal 0 0 1
    outer loop
      vertex 11 2 5
      vertex 24.151471860706806 9.151471860706806 5
      vertex 24.07238745689392 9.238728061318398 5
    endloop
  endfacet
  facet normal 0 0 1
    outer loop
      vertex 11 2 5
      vertex 24.00223646312952 9.333315722644329 5
      vertex 23.941694483160973 9.43432391434908 5
    endloop
  endfacet
  facet normal 0 0 1
    outer loop
      vertex 11 2 5
      vertex 25.117620564997196 8.805778324604034 5
      vertex 25 8.799999997019768 5
    endloop
  endfacet
  facet normal 0 0 1
    outer loop
      vertex 11 2 5
      vertex 25 8.799999997019768 5
      vertex 24.882379435002804 8.805778324604034 5
    endloop
  endfacet
  facet normal 0 0 1
    outer loop
      vertex 11 2 5
      vertex 25.34834161400795 8.85167159885168 5
      vertex 25.23410838842392 8.823057666420937 5
    endloop
  endfacet
  facet normal 0 0 1
    outer loop
      vertex 11 2 5
      vertex 25.23410838842392 8.823057666420937 5
      vertex 25.117620564997196 8.805778324604034 5
    endloop
  endfacet
  facet normal 0 0 1
    outer loop
      vertex 11 2 5
      vertex 25.459220118820667 8.89134456217289 5
      vertex 25.34834161400795 8.85167159885168 5
    endloop
  endfacet
  facet normal 0 0 1
    outer loop
      vertex 11 2 5
      vertex 25.56567608565092 8.941694483160973 5
      vertex 25.459220118820667 8.89134456217289 5
    endloop
  endfacet
  facet normal 0 0 1
    outer loop
      vertex 11.152240931987762 1.234633132815361 5
      vertex 61.47066181898117 17.050776906311512 5
      vertex 11.03842943906784 1.6098193526268005 5
    endloop
  endfacet
  facet normal 0 0 1
    outer loop
      vertex 11.337060771882534 0.8888595327734947 5
      vertex 61.47066181898117 17.050776906311512 5
      vertex 11.152240931987762 1.234633132815361 5
    endloop
  endfacet
  facet normal 0 0 1
    outer loop
      vertex 11.337060771882534 0.8888595327734947 5
      vertex 11.585786439478397 0.5857864394783974 5
      vertex 61.47066181898117 17.050776906311512 5
    endloop
  endfacet
  facet normal 0 0 1
    outer loop
      vertex 11.03842943906784 1.6098193526268005 5
      vertex 61.47066181898117 17.050776906311512 5
      vertex 11 2 5
    endloop
  endfacet
  facet normal 0 0 1
    outer loop
      vertex 11.585786439478397 0.5857864394783974 5
      vertex 11.888859532773495 0.337060771882534 5
      vertex 61.47066181898117 17.050776906311512 5
    endloop
  endfacet
  facet normal 0 0 1
    outer loop
      vertex 12.234633132815361 0.15224093198776245 5
      vertex 12.6098193526268 0.038429439067840576 5
      vertex 61.47066181898117 17.050776906311512 5
    endloop
  endfacet
  facet normal 0 0 1
    outer loop
      vertex 11.888859532773495 0.337060771882534 5
      vertex 12.234633132815361 0.15224093198776245 5
      vertex 61.47066181898117 17.050776906311512 5
    endloop
  endfacet
  facet normal 0 0 1
    outer loop
      vertex 12.6098193526268 0.038429439067840576 5
      vertex 13 0 5
      vertex 61.47066181898117 17.050776906311512 5
    endloop
  endfacet
  facet normal 0 0 1
    outer loop
      vertex 23.805778324604034 9.882379435002804 5
      vertex 23.799999997019768 10 5
      vertex 16.965091861784458 23.91686912626028 5
    endloop
  endfacet
  facet normal 0 0 1
    outer loop
      vertex 23.799999997019768 10 5
      vertex 23.805778324604034 10.117620564997196 5
      vertex 16.965091861784458 23.91686912626028 5
    endloop
  endfacet
  facet normal 0 0 1
    outer loop
      vertex 23.805778324604034 10.117620564997196 5
      vertex 23.823057666420937 10.23410838842392 5
      vertex 16.965091861784458 23.91686912626028 5
    endloop
  endfacet
  facet normal 0 0 1
    outer loop
      vertex 23.823057666420937 10.23410838842392 5
      vertex 23.85167159885168 10.34834161400795 5
      vertex 16.965091861784458 23.91686912626028 5
    endloop
  endfacet
  facet normal 0 0 1
    outer loop
      vertex 23.85167159885168 10.34834161400795 5
      vertex 23.89134456217289 10.459220118820667 5
      vertex 16.965091861784458 23.91686912626028 5
    endloop
  endfacet
  facet normal 0 0 1
    outer loop
      vertex 23.89134456217289 10.459220118820667 5
      vertex 23.941694483160973 10.56567608565092 5
      vertex 16.965091861784458 23.91686912626028 5
    endloop
  endfacet
  facet normal 0 0 1
    outer loop
      vertex 24.00223646312952 10.666684277355671 5
      vertex 24.07238745689392 10.761271938681602 5
      vertex 16.965091861784458 23.91686912626028 5
    endloop
  endfacet
  facet normal 0 0 1
    outer loop
      vertex 23.941694483160973 10.56567608565092 5
      vertex 24.00223646312952 10.666684277355671 5
      vertex 16.965091861784458 23.91686912626028 5
    endloop
  endfacet
  facet normal 0 0 1
    outer loop
      vertex 24.07238745689392 10.761271938681602 5
      vertex 24.151471860706806 10.848528139293194 5
      vertex 16.965091861784458 23.91686912626028 5
    endloop
  endfacet
  facet normal 0 0 1
    outer loop
      vertex 24.151471860706806 10.848528139293194 5
      vertex 24.238728061318398 10.927612543106079 5
      vertex 16.965091861784458 23.91686912626028 5
    endloop
  endfacet
  facet normal 0 0 1
    outer loop
      vertex 24.238728061318398 10.927612543106079 5
      vertex 24.33331572264433 10.99776353687048 5
      vertex 16.965091861784458 23.91686912626028 5
    endloop
  endfacet
  facet normal 0 0 1
    outer loop
      vertex 24.33331572264433 10.99776353687048 5
      vertex 24.40064249187708 11.03811764717102 5
      vertex 16.965091861784458 23.91686912626028 5
    endloop
  endfacet
  facet normal 0 0 1
    outer loop
      vertex 11 2 5
      vertex 61.91282095015049 17.438540056347847 5
      vertex 25.56567608565092 8.941694483160973 5
    endloop
  endfacet
  facet normal 0 0 1
    outer loop
      vertex 25.66668427735567 9.00223646312952 5
      vertex 25.56567608565092 8.941694483160973 5
      vertex 61.91282095015049 17.438540056347847 5
    endloop
  endfacet
  facet normal 0 0 1
    outer loop
      vertex 25.66668427735567 9.00223646312952 5
      vertex 61.91282095015049 17.438540056347847 5
      vertex 25.761271938681602 9.072387456893921 5
    endloop
  endfacet
  facet normal 0 0 1
    outer loop
      vertex 25.761271938681602 9.072387456893921 5
      vertex 61.91282095015049 17.438540056347847 5
      vertex 25.848528139293194 9.151471860706806 5
    endloop
  endfacet
  facet normal 0.8404484061776233 0.54189157269097 0
    outer loop
      vertex 61.22171398252249 13.252566911280155 0
      vertex 61.06217782944441 13.5 5
      vertex 61.22171398252249 13.252566911280155 5
    endloop
  endfacet
  facet normal 0.9966552398216048 0.0817210678842339 0
    outer loop
      vertex 60.68591945618391 14.608421422541142 0
      vertex 60.6618602797389 14.901842750608921 5
      vertex 60.68591945618391 14.608421422541142 5
    endloop
  endfacet
  facet normal 0.889516073733762 0.45690387891685985 0
    outer loop
      vertex 61.06217782944441 13.5 0
      vertex 60.92766256630421 13.761878907680511 5
      vertex 61.06217782944441 13.5 5
    endloop
  endfacet
  facet normal 0.9300172201563711 0.36751594552157346 0
    outer loop
      vertex 60.92766256630421 13.761878907680511 0
      vertex 60.81946364790201 14.03568160533905 5
      vertex 60.92766256630421 13.761878907680511 5
    endloop
  endfacet
  facet normal 0.9615617970653576 0.27458862034767567 0
    outer loop
      vertex 60.81946364790201 14.03568160533905 0
      vertex 60.73862309753895 14.318771213293076 5
      vertex 60.81946364790201 14.03568160533905 5
    endloop
  endfacet
  facet normal 0.983846008531246 0.17901684696456807 0
    outer loop
      vertex 60.73862309753895 14.318771213293076 0
      vertex 60.68591945618391 14.608421422541142 5
      vertex 60.73862309753895 14.318771213293076 5
    endloop
  endfacet
  facet normal 0.39774846791171276 0.9174944993153286 0
    outer loop
      vertex 62.60350389778614 12.192282222211361 0
      vertex 62.33338797092438 12.309381775557995 5
      vertex 62.60350389778614 12.192282222211361 5
    endloop
  endfacet
  facet normal 0.30590302278853015 0.9520626768489773 0
    outer loop
      vertex 62.88379690051079 12.10222252458334 0
      vertex 62.60350389778614 12.192282222211361 5
      vertex 62.88379690051079 12.10222252458334 5
    endloop
  endfacet
  facet normal 0.21111155800867173 0.9774619737233523 0
    outer loop
      vertex 63.17156761884689 12.040070004761219 0
      vertex 62.88379690051079 12.10222252458334 5
      vertex 63.17156761884689 12.040070004761219 5
    endloop
  endfacet
  facet normal 0.11428697714912593 0.9934477776179861 0
    outer loop
      vertex 63.46404465287924 12.006423227488995 0
      vertex 63.17156761884689 12.040070004761219 5
      vertex 63.46404465287924 12.006423227488995 5
    endloop
  endfacet
  facet normal 0.03271906888173734 0.9994645879327152 0
    outer loop
      vertex 63.660254038870335 12 0
      vertex 63.46404465287924 12.006423227488995 5
      vertex 63.660254038870335 12 5
    endloop
  endfacet
  facet normal 0.6469561597716101 0.7625271977664606 0
    outer loop
      vertex 61.83396974951029 12.619939975440502 0
      vertex 61.60947713255882 12.810407780110836 5
      vertex 61.83396974951029 12.619939975440502 5
    endloop
  endfacet
  facet normal 0.7832867451500304 0.621660578509102 0
    outer loop
      vertex 61.40473461896181 13.02196255326271 0
      vertex 61.22171398252249 13.252566911280155 5
      vertex 61.40473461896181 13.02196255326271 5
    endloop
  endfacet
  facet normal 0.7185816230728382 0.6954426295403564 0
    outer loop
      vertex 61.60947713255882 12.810407780110836 0
      vertex 61.40473461896181 13.02196255326271 5
      vertex 61.60947713255882 12.810407780110836 5
    endloop
  endfacet
  facet normal 0.5691001242816837 0.8222682339374253 0
    outer loop
      vertex 62.076050490140915 12.45239345729351 0
      vertex 61.83396974951029 12.619939975440502 5
      vertex 62.076050490140915 12.45239345729351 5
    endloop
  endfacet
  facet normal 0.48576339890919085 0.8740903387409051 0
    outer loop
      vertex 62.33338797092438 12.309381775557995 0
      vertex 62.076050490140915 12.45239345729351 5
      vertex 62.33338797092438 12.309381775557995 5
    endloop
  endfacet
  facet normal 0.999866138247426 -0.01636171097958163 0
    outer loop
      vertex 60.6618602797389 14.901842750608921 0
      vertex 60.66667726635933 15.196209385991096 5
      vertex 60.6618602797389 14.901842750608921 5
    endloop
  endfacet
  facet normal 0.9934477776179861 -0.11428697714912593 0
    outer loop
      vertex 60.66667726635933 15.196209385991096 0
      vertex 60.700324043631554 15.488686420023441 5
      vertex 60.66667726635933 15.196209385991096 5
    endloop
  endfacet
  facet normal 0.9774619737233523 -0.21111155800867173 0
    outer loop
      vertex 60.700324043631554 15.488686420023441 0
      vertex 60.762476563453674 15.776457138359547 5
      vertex 60.700324043631554 15.488686420023441 5
    endloop
  endfacet
  facet normal 0.9520626768489773 -0.30590302278853015 0
    outer loop
      vertex 60.762476563453674 15.776457138359547 0
      vertex 60.852536261081696 16.056750141084194 5
      vertex 60.762476563453674 15.776457138359547 5
    endloop
  endfacet
  facet normal 0.9174944993153286 -0.39774846791171276 0
    outer loop
      vertex 60.852536261081696 16.056750141084194 0
      vertex 60.96963581442833 16.326866067945957 5
      vertex 60.852536261081696 16.056750141084194 5
    endloop
  endfacet
  facet normal 0.8740903387409051 -0.48576339890919085 0
    outer loop
      vertex 60.96963581442833 16.326866067945957 0
      vertex 61.112647496163845 16.58420354872942 5
      vertex 60.96963581442833 16.326866067945957 5
    endloop
  endfacet
  facet normal 0.8222682339374253 -0.5691001242816837 0
    outer loop
      vertex 61.112647496163845 16.58420354872942 0
      vertex 61.28019401431084 16.826284289360046 5
      vertex 61.112647496163845 16.58420354872942 5
    endloop
  endfacet
  facet normal 0.7625271977664606 -0.6469561597716101 0
    outer loop
      vertex 61.28019401431084 16.826284289360046 0
      vertex 61.47066181898117 17.050776906311512 5
      vertex 61.28019401431084 16.826284289360046 5
    endloop
  endfacet
  facet normal 0.6954426295403564 -0.7185816230728382 0
    outer loop
      vertex 61.47066181898117 17.050776906311512 0
      vertex 61.682216592133045 17.255519419908524 5
      vertex 61.47066181898117 17.050776906311512 5
    endloop
  endfacet
  facet normal 0.621660578509102 -0.7832867451500304 0
    outer loop
      vertex 61.682216592133045 17.255519419908524 0
      vertex 61.91282095015049 17.438540056347847 5
      vertex 61.682216592133045 17.255519419908524 5
    endloop
  endfacet
  facet normal 0.54189157269097 -0.8404484061776233 0
    outer loop
      vertex 61.91282095015049 17.438540056347847 0
      vertex 62.160254038870335 17.598076209425926 5
      vertex 61.91282095015049 17.438540056347847 5
    endloop
  endfacet
  facet normal -0.5000000000373479 0.866025403762876 0
    outer loop
      vertex 26.03811764717102 10.59935750067234 0
      vertex 26.03811764717102 10.59935750067234 5
      vertex 134.27246104180813 73.08848480135202 5
    endloop
  endfacet
  facet normal 0 0 1
    outer loop
      vertex 13 0 5
      vertex 61.06217782944441 13.5 5
      vertex 60.92766256630421 13.761878907680511 5
    endloop
  endfacet
  facet normal 0 0 1
    outer loop
      vertex 13 0 5
      vertex 61.40473461896181 13.02196255326271 5
      vertex 61.22171398252249 13.252566911280155 5
    endloop
  endfacet
  facet normal 0 0 1
    outer loop
      vertex 13 0 5
      vertex 61.60947713255882 12.810407780110836 5
      vertex 61.40473461896181 13.02196255326271 5
    endloop
  endfacet
  facet normal 0 0 1
    outer loop
      vertex 13 0 5
      vertex 61.22171398252249 13.252566911280155 5
      vertex 61.06217782944441 13.5 5
    endloop
  endfacet
  facet normal 0 0 1
    outer loop
      vertex 13 0 5
      vertex 60.92766256630421 13.761878907680511 5
      vertex 60.81946364790201 14.03568160533905 5
    endloop
  endfacet
  facet normal 0 0 1
    outer loop
      vertex 13 0 5
      vertex 60.81946364790201 14.03568160533905 5
      vertex 60.73862309753895 14.318771213293076 5
    endloop
  endfacet
  facet normal 0 0 1
    outer loop
      vertex 13 0 5
      vertex 60.73862309753895 14.318771213293076 5
      vertex 60.68591945618391 14.608421422541142 5
    endloop
  endfacet
  facet normal 0 0 1
    outer loop
      vertex 13 0 5
      vertex 61.83396974951029 12.619939975440502 5
      vertex 61.60947713255882 12.810407780110836 5
    endloop
  endfacet
  facet normal 0 0 1
    outer loop
      vertex 13 0 5
      vertex 62.076050490140915 12.45239345729351 5
      vertex 61.83396974951029 12.619939975440502 5
    endloop
  endfacet
  facet normal 0 0 1
    outer loop
      vertex 13 0 5
      vertex 62.33338797092438 12.309381775557995 5
      vertex 62.076050490140915 12.45239345729351 5
    endloop
  endfacet
  facet normal 0 0 1
    outer loop
      vertex 13 0 5
      vertex 62.60350389778614 12.192282222211361 5
      vertex 62.33338797092438 12.309381775557995 5
    endloop
  endfacet
  facet normal 0 0 1
    outer loop
      vertex 13 0 5
      vertex 62.88379690051079 12.10222252458334 5
      vertex 62.60350389778614 12.192282222211361 5
    endloop
  endfacet
  facet normal 0 0 1
    outer loop
      vertex 13 0 5
      vertex 63.17156761884689 12.040070004761219 5
      vertex 62.88379690051079 12.10222252458334 5
    endloop
  endfacet
  facet normal 0 0 1
    outer loop
      vertex 13 0 5
      vertex 63.46404465287924 12.006423227488995 5
      vertex 63.17156761884689 12.040070004761219 5
    endloop
  endfacet
  facet normal 0 0 1
    outer loop
      vertex 13 0 5
      vertex 63.660254038870335 12 5
      vertex 63.46404465287924 12.006423227488995 5
    endloop
  endfacet
  facet normal 0 0 1
    outer loop
      vertex 13 0 5
      vertex 60.68591945618391 14.608421422541142 5
      vertex 60.6618602797389 14.901842750608921 5
    endloop
  endfacet
  facet normal 0 0 1
    outer loop
      vertex 13 0 5
      vertex 60.6618602797389 14.901842750608921 5
      vertex 60.66667726635933 15.196209385991096 5
    endloop
  endfacet
  facet normal 0 0 1
    outer loop
      vertex 13 0 5
      vertex 60.66667726635933 15.196209385991096 5
      vertex 60.700324043631554 15.488686420023441 5
    endloop
  endfacet
  facet normal 0 0 1
    outer loop
      vertex 13 0 5
      vertex 60.700324043631554 15.488686420023441 5
      vertex 60.762476563453674 15.776457138359547 5
    endloop
  endfacet
  facet normal 0 0 1
    outer loop
      vertex 13 0 5
      vertex 60.762476563453674 15.776457138359547 5
      vertex 60.852536261081696 16.056750141084194 5
    endloop
  endfacet
  facet normal 0 0 1
    outer loop
      vertex 13 0 5
      vertex 60.852536261081696 16.056750141084194 5
      vertex 60.96963581442833 16.326866067945957 5
    endloop
  endfacet
  facet normal 0 0 1
    outer loop
      vertex 13 0 5
      vertex 60.96963581442833 16.326866067945957 5
      vertex 61.112647496163845 16.58420354872942 5
    endloop
  endfacet
  facet normal 0 0 1
    outer loop
      vertex 11 2 5
      vertex 61.47066181898117 17.050776906311512 5
      vertex 61.682216592133045 17.255519419908524 5
    endloop
  endfacet
  facet normal 0 0 1
    outer loop
      vertex 13 0 5
      vertex 61.112647496163845 16.58420354872942 5
      vertex 61.28019401431084 16.826284289360046 5
    endloop
  endfacet
  facet normal 0 0 1
    outer loop
      vertex 13 0 5
      vertex 61.28019401431084 16.826284289360046 5
      vertex 61.47066181898117 17.050776906311512 5
    endloop
  endfacet
  facet normal 0 0 1
    outer loop
      vertex 11 2 5
      vertex 61.682216592133045 17.255519419908524 5
      vertex 61.91282095015049 17.438540056347847 5
    endloop
  endfacet
  facet normal 0 0 1
    outer loop
      vertex 25.848528139293194 9.151471860706806 5
      vertex 61.91282095015049 17.438540056347847 5
      vertex 62.160254038870335 17.598076209425926 5
    endloop
  endfacet
  facet normal 0 0 1
    outer loop
      vertex 13 0 5
      vertex 155 0 5
      vertex 63.660254038870335 12 5
    endloop
  endfacet
  facet normal 0 0 1
    outer loop
      vertex 26.10865543782711 9.540779881179333 5
      vertex 134.47423162311316 72.75185092538595 5
      vertex 26.14832840114832 9.65165838599205 5
    endloop
  endfacet
  facet normal 0 0 1
    outer loop
      vertex 26.176942333579063 9.76589161157608 5
      vertex 134.27246104180813 73.08848480135202 5
      vertex 26.194221675395966 9.882379435002804 5
    endloop
  endfacet
  facet normal 0 0 1
    outer loop
      vertex 26.194221675395966 9.882379435002804 5
      vertex 134.27246104180813 73.08848480135202 5
      vertex 26.200000002980232 10 5
    endloop
  endfacet
  facet normal 0 0 1
    outer loop
      vertex 26.194221675395966 10.117620564997196 5
      vertex 26.200000002980232 10 5
      vertex 134.27246104180813 73.08848480135202 5
    endloop
  endfacet
  facet normal 0 0 1
    outer loop
      vertex 26.194221675395966 10.117620564997196 5
      vertex 134.27246104180813 73.08848480135202 5
      vertex 26.176942333579063 10.23410838842392 5
    endloop
  endfacet
  facet normal 0 0 1
    outer loop
      vertex 26.176942333579063 10.23410838842392 5
      vertex 134.27246104180813 73.08848480135202 5
      vertex 26.14832840114832 10.34834161400795 5
    endloop
  endfacet
  facet normal 0 0 1
    outer loop
      vertex 26.14832840114832 9.65165838599205 5
      vertex 134.47423162311316 72.75185092538595 5
      vertex 26.176942333579063 9.76589161157608 5
    endloop
  endfacet
  facet normal 0 0 1
    outer loop
      vertex 26.10865543782711 10.459220118820667 5
      vertex 26.14832840114832 10.34834161400795 5
      vertex 134.27246104180813 73.08848480135202 5
    endloop
  endfacet
  facet normal 0 0 1
    outer loop
      vertex 26.058305516839027 10.56567608565092 5
      vertex 134.27246104180813 73.08848480135202 5
      vertex 26.03811764717102 10.59935750067234 5
    endloop
  endfacet
  facet normal 0 0 1
    outer loop
      vertex 26.058305516839027 10.56567608565092 5
      vertex 26.10865543782711 10.459220118820667 5
      vertex 134.27246104180813 73.08848480135202 5
    endloop
  endfacet
  facet normal 0 0 1
    outer loop
      vertex 26.058305516839027 9.43432391434908 5
      vertex 138.87494646012783 70.1141639649868 5
      vertex 26.10865543782711 9.540779881179333 5
    endloop
  endfacet
  facet normal 0 0 1
    outer loop
      vertex 25.99776353687048 9.333315722644329 5
      vertex 139.46304930001497 70.08527232706547 5
      vertex 26.058305516839027 9.43432391434908 5
    endloop
  endfacet
  facet normal 0 0 1
    outer loop
      vertex 25.848528139293194 9.151471860706806 5
      vertex 140.05115213990211 70.1141639649868 5
      vertex 25.92761254310608 9.238728061318398 5
    endloop
  endfacet
  facet normal 0 0 1
    outer loop
      vertex 25.92761254310608 9.238728061318398 5
      vertex 140.05115213990211 70.1141639649868 5
      vertex 25.99776353687048 9.333315722644329 5
    endloop
  endfacet
  facet normal 0 0 1
    outer loop
      vertex 25.848528139293194 9.151471860706806 5
      vertex 62.160254038870335 17.598076209425926 5
      vertex 132.74363146722317 58.34940817207098 5
    endloop
  endfacet
  facet normal 0 1 0
    outer loop
      vertex 63.660254038870335 12 0
      vertex 63.660254038870335 12 5
      vertex 142 12 0
    endloop
  endfacet
  facet normal 0 0 -1
    outer loop
      vertex 25.848528139293194 9.151471860706806 0
      vertex 132.96096617728472 58.463299833238125 0
      vertex 132.74363146722317 58.34940817207098 0
    endloop
  endfacet
  facet normal 0 0 -1
    outer loop
      vertex 25.848528139293194 9.151471860706806 0
      vertex 140.6335912272334 70.20056064426899 0
      vertex 132.96096617728472 58.463299833238125 0
    endloop
  endfacet
  facet normal 0 0 -1
    outer loop
      vertex 26.10865543782711 9.540779881179333 0
      vertex 134.824986577034 72.2789126187563 0
      vertex 135.22040861099958 71.84263163805008 0
    endloop
  endfacet
  facet normal 0 0 -1
    outer loop
      vertex 26.10865543782711 9.540779881179333 0
      vertex 135.6566895917058 71.44720960408449 0
      vertex 136.12962789833546 71.09645465016365 0
    endloop
  endfacet
  facet normal 0 0 -1
    outer loop
      vertex 26.10865543782711 9.540779881179333 0
      vertex 135.22040861099958 71.84263163805008 0
      vertex 135.6566895917058 71.44720960408449 0
    endloop
  endfacet
  facet normal 0 0 -1
    outer loop
      vertex 26.10865543782711 9.540779881179333 0
      vertex 137.16694870591164 70.54199513047934 0
      vertex 137.7213412374258 70.34363031387329 0
    endloop
  endfacet
  facet normal 0 0 -1
    outer loop
      vertex 26.10865543782711 9.540779881179333 0
      vertex 136.12962789833546 71.09645465016365 0
      vertex 136.63466887921095 70.79374473541975 0
    endloop
  endfacet
  facet normal 0 0 -1
    outer loop
      vertex 26.10865543782711 9.540779881179333 0
      vertex 136.63466887921095 70.79374473541975 0
      vertex 137.16694870591164 70.54199513047934 0
    endloop
  endfacet
  facet normal 0 0 -1
    outer loop
      vertex 26.176942333579063 9.76589161157608 0
      vertex 134.27246104180813 73.08848480135202 0
      vertex 134.47423162311316 72.75185092538595 0
    endloop
  endfacet
  facet normal 0 0 -1
    outer loop
      vertex 26.10865543782711 9.540779881179333 0
      vertex 134.47423162311316 72.75185092538595 0
      vertex 134.824986577034 72.2789126187563 0
    endloop
  endfacet
  facet normal 0 0 -1
    outer loop
      vertex 26.10865543782711 9.540779881179333 0
      vertex 137.7213412374258 70.34363031387329 0
      vertex 138.29250736534595 70.20056064426899 0
    endloop
  endfacet
  facet normal 0 0 -1
    outer loop
      vertex 26.10865543782711 9.540779881179333 0
      vertex 138.29250736534595 70.20056064426899 0
      vertex 138.87494646012783 70.1141639649868 0
    endloop
  endfacet
  facet normal 0 0 -1
    outer loop
      vertex 26.058305516839027 9.43432391434908 0
      vertex 138.87494646012783 70.1141639649868 0
      vertex 139.46304930001497 70.08527232706547 0
    endloop
  endfacet
  facet normal 0 0 -1
    outer loop
      vertex 25.99776353687048 9.333315722644329 0
      vertex 139.46304930001497 70.08527232706547 0
      vertex 140.05115213990211 70.1141639649868 0
    endloop
  endfacet
  facet normal 0 0 -1
    outer loop
      vertex 25.848528139293194 9.151471860706806 0
      vertex 140.05115213990211 70.1141639649868 0
      vertex 140.6335912272334 70.20056064426899 0
    endloop
  endfacet
  facet normal -0.5000000000373479 0.866025403762876 5.04040119802182e-16
    outer loop
      vertex 26.03811764717102 10.59935750067234 0
      vertex 134.27246104180813 73.08848480135202 5
      vertex 134.27246104180813 73.08848480135202 0
    endloop
  endfacet
  facet normal 0.5000000000374766 -0.8660254037628015 6.061755802829934e-17
    outer loop
      vertex 62.160254038870335 17.598076209425926 0
      vertex 132.74363146722317 58.34940817207098 0
      vertex 132.74363146722317 58.34940817207098 5
    endloop
  endfacet
  facet normal 0 0 -1
    outer loop
      vertex 63.660254038870335 12 0
      vertex 142 12 0
      vertex 155 0 0
    endloop
  endfacet
  facet normal 0 0 -1
    outer loop
      vertex 142 12 0
      vertex 142.29405142366886 12.014445818960667 0
      vertex 155 0 0
    endloop
  endfacet
  facet normal 0 0 -1
    outer loop
      vertex 142.29405142366886 12.014445818960667 0
      vertex 142.58527096360922 12.05764415860176 0
      vertex 155 0 0
    endloop
  endfacet
  facet normal 0 0 -1
    outer loop
      vertex 142.58527096360922 12.05764415860176 0
      vertex 142.87085403501987 12.129178993403912 0
      vertex 155 0 0
    endloop
  endfacet
  facet normal 0 0 -1
    outer loop
      vertex 142.87085403501987 12.129178993403912 0
      vertex 143.14805030077696 12.228361405432224 0
      vertex 155 0 0
    endloop
  endfacet
  facet normal 0 0 -1
    outer loop
      vertex 143.14805030077696 12.228361405432224 0
      vertex 155.3901806473732 0.038429439067840576 0
      vertex 155 0 0
    endloop
  endfacet
  facet normal 0 0 -1
    outer loop
      vertex 143.14805030077696 12.228361405432224 0
      vertex 155.76536686718464 0.15224093198776245 0
      vertex 155.3901806473732 0.038429439067840576 0
    endloop
  endfacet
  facet normal 0 0 -1
    outer loop
      vertex 143.14805030077696 12.228361405432224 0
      vertex 156.1111404672265 0.337060771882534 0
      vertex 155.76536686718464 0.15224093198776245 0
    endloop
  endfacet
  facet normal 0 0 -1
    outer loop
      vertex 143.14805030077696 12.228361405432224 0
      vertex 156.4142135605216 0.5857864394783974 0
      vertex 156.1111404672265 0.337060771882534 0
    endloop
  endfacet
  facet normal 0 0 -1
    outer loop
      vertex 143.14805030077696 12.228361405432224 0
      vertex 156.66293922811747 0.8888595327734947 0
      vertex 156.4142135605216 0.5857864394783974 0
    endloop
  endfacet
  facet normal 0 0 -1
    outer loop
      vertex 143.14805030077696 12.228361405432224 0
      vertex 143.414190210402 12.354236207902431 0
      vertex 157 2 0
    endloop
  endfacet
  facet normal 0 0 -1
    outer loop
      vertex 143.414190210402 12.354236207902431 0
      vertex 143.66671069711447 12.505591161549091 0
      vertex 157 2 0
    endloop
  endfacet
  facet normal 0 0 -1
    outer loop
      vertex 143.66671069711447 12.505591161549091 0
      vertex 143.9031798541546 12.680968642234802 0
      vertex 157 2 0
    endloop
  endfacet
  facet normal 0 0 -1
    outer loop
      vertex 143.9031798541546 12.680968642234802 0
      vertex 144.1213203445077 12.878679655492306 0
      vertex 157 2 0
    endloop
  endfacet
  facet normal 0 0 -1
    outer loop
      vertex 144.1213203445077 12.878679655492306 0
      vertex 144.3190313577652 13.096820145845413 0
      vertex 157 2 0
    endloop
  endfacet
  facet normal 0 0 -1
    outer loop
      vertex 144.3190313577652 13.096820145845413 0
      vertex 144.4944088384509 13.333289302885532 0
      vertex 157 2 0
    endloop
  endfacet
  facet normal 0 0 -1
    outer loop
      vertex 144.4944088384509 13.333289302885532 0
      vertex 144.64576379209757 13.585809789597988 0
      vertex 157 2 0
    endloop
  endfacet
  facet normal 0 0 -1
    outer loop
      vertex 143.14805030077696 12.228361405432224 0
      vertex 156.84775906801224 1.234633132815361 0
      vertex 156.66293922811747 0.8888595327734947 0
    endloop
  endfacet
  facet normal 0 0 -1
    outer loop
      vertex 143.14805030077696 12.228361405432224 0
      vertex 156.96157056093216 1.6098193526268005 0
      vertex 156.84775906801224 1.234633132815361 0
    endloop
  endfacet
  facet normal 0 0 -1
    outer loop
      vertex 143.14805030077696 12.228361405432224 0
      vertex 157 2 0
      vertex 156.96157056093216 1.6098193526268005 0
    endloop
  endfacet
  facet normal 0 0 -1
    outer loop
      vertex 144.64576379209757 13.585809789597988 0
      vertex 144.77163859456778 13.851949699223042 0
      vertex 157 2 0
    endloop
  endfacet
  facet normal 0 0 -1
    outer loop
      vertex 144.77163859456778 13.851949699223042 0
      vertex 144.8708210065961 14.129145964980125 0
      vertex 157 2 0
    endloop
  endfacet
  facet normal 0 0 -1
    outer loop
      vertex 144.8708210065961 14.129145964980125 0
      vertex 144.94235584139824 14.414729036390781 0
      vertex 157 2 0
    endloop
  endfacet
  facet normal 0 0 -1
    outer loop
      vertex 144.94235584139824 14.414729036390781 0
      vertex 144.98555418103933 14.705948576331139 0
      vertex 157 2 0
    endloop
  endfacet
  facet normal 0 0 -1
    outer loop
      vertex 144.98555418103933 14.705948576331139 0
      vertex 145 15 0
      vertex 157 2 0
    endloop
  endfacet
  facet normal 0 0 -1
    outer loop
      vertex 145 15 0
      vertex 145 19 0
      vertex 157 2 0
    endloop
  endfacet
  facet normal 0 0 -1
    outer loop
      vertex 145 19 0
      vertex 152.64999999850988 33.649999998509884 0
      vertex 157 2 0
    endloop
  endfacet
  facet normal 0 0 -1
    outer loop
      vertex 135.66657859832048 20.011182323098183 0
      vertex 147.35000000149012 33.649999998509884 0
      vertex 136.17161957919598 19.708472415804863 0
    endloop
  endfacet
  facet normal 0 0 -1
    outer loop
      vertex 136.17161957919598 19.708472415804863 0
      vertex 147.35000000149012 33.649999998509884 0
      vertex 136.70389940589666 19.456722803413868 0
    endloop
  endfacet
  facet normal 0 0 -1
    outer loop
      vertex 137.25829193741083 19.258357986807823 0
      vertex 136.70389940589666 19.456722803413868 0
      vertex 147.35000000149012 33.649999998509884 0
    endloop
  endfacet
  facet normal 0 0 -1
    outer loop
      vertex 137.25829193741083 19.258357986807823 0
      vertex 147.35000000149012 33.649999998509884 0
      vertex 137.82945806533098 19.11528831720352 0
    endloop
  endfacet
  facet normal 0 0 -1
    outer loop
      vertex 138.41189716011286 19.028891637921333 0
      vertex 147.35000000149012 33.649999998509884 0
      vertex 139 19 0
    endloop
  endfacet
  facet normal 0 0 -1
    outer loop
      vertex 137.82945806533098 19.11528831720352 0
      vertex 147.35000000149012 33.649999998509884 0
      vertex 138.41189716011286 19.028891637921333 0
    endloop
  endfacet
  facet normal 0 0 -1
    outer loop
      vertex 134.01118232309818 21.666578598320484 0
      vertex 147.35000000149012 33.649999998509884 0
      vertex 134.36193727701902 21.193640291690826 0
    endloop
  endfacet
  facet normal 0 0 -1
    outer loop
      vertex 133.25835798680782 23.25829193741083 0
      vertex 133.11528831720352 23.829458065330982 0
      vertex 147.35000000149012 33.649999998509884 0
    endloop
  endfacet
  facet normal 0 0 -1
    outer loop
      vertex 133.45672280341387 22.703899405896664 0
      vertex 147.35000000149012 33.649999998509884 0
      vertex 133.70847241580486 22.171619579195976 0
    endloop
  endfacet
  facet normal 0 0 -1
    outer loop
      vertex 134.01118232309818 21.666578598320484 0
      vertex 133.70847241580486 22.171619579195976 0
      vertex 147.35000000149012 33.649999998509884 0
    endloop
  endfacet
  facet normal 0 0 -1
    outer loop
      vertex 133.45672280341387 22.703899405896664 0
      vertex 133.25835798680782 23.25829193741083 0
      vertex 147.35000000149012 33.649999998509884 0
    endloop
  endfacet
  facet normal 0 0 -1
    outer loop
      vertex 135.19364029169083 20.361937277019024 0
      vertex 134.7573593109846 20.75735931098461 0
      vertex 147.35000000149012 33.649999998509884 0
    endloop
  endfacet
  facet normal 0 0 -1
    outer loop
      vertex 134.7573593109846 20.75735931098461 0
      vertex 134.36193727701902 21.193640291690826 0
      vertex 147.35000000149012 33.649999998509884 0
    endloop
  endfacet
  facet normal 0 0 -1
    outer loop
      vertex 135.19364029169083 20.361937277019024 0
      vertex 147.35000000149012 33.649999998509884 0
      vertex 135.66657859832048 20.011182323098183 0
    endloop
  endfacet
  facet normal 0 0 -1
    outer loop
      vertex 133.11528831720352 23.829458065330982 0
      vertex 133.02889163792133 24.411897160112858 0
      vertex 147.35000000149012 33.649999998509884 0
    endloop
  endfacet
  facet normal 0 0 -1
    outer loop
      vertex 133.02889163792133 24.411897160112858 0
      vertex 133 25 0
      vertex 147.35000000149012 33.649999998509884 0
    endloop
  endfacet
  facet normal 0 0 -1
    outer loop
      vertex 139 19 0
      vertex 147.35000000149012 33.649999998509884 0
      vertex 145 19 0
    endloop
  endfacet
  facet normal 0 0 -1
    outer loop
      vertex 133 25 0
      vertex 147.35000000149012 36.95000000298023 0
      vertex 147.35000000149012 33.649999998509884 0
    endloop
  endfacet
  facet normal 0 0 -1
    outer loop
      vertex 133 25 0
      vertex 147.35000000149012 37.850000001490116 0
      vertex 147.35000000149012 36.95000000298023 0
    endloop
  endfacet
  facet normal 0 0 -1
    outer loop
      vertex 145 19 0
      vertex 147.35000000149012 33.649999998509884 0
      vertex 152.64999999850988 33.649999998509884 0
    endloop
  endfacet
  facet normal 0 0 -1
    outer loop
      vertex 157 2 0
      vertex 152.64999999850988 33.649999998509884 0
      vertex 152.64999999850988 36.95000000298023 0
    endloop
  endfacet
  facet normal 0 0 -1
    outer loop
      vertex 157 2 0
      vertex 152.64999999850988 36.95000000298023 0
      vertex 152.64999999850988 37.850000001490116 0
    endloop
  endfacet
  facet normal 0 0 -1
    outer loop
      vertex 147.35000000149012 36.95000000298023 0
      vertex 147.35000000149012 37.850000001490116 0
      vertex 152.64999999850988 37.850000001490116 0
    endloop
  endfacet
  facet normal 0 0 -1
    outer loop
      vertex 147.35000000149012 36.95000000298023 0
      vertex 152.64999999850988 37.850000001490116 0
      vertex 152.64999999850988 36.95000000298023 0
    endloop
  endfacet
  facet normal 0 0 -1
    outer loop
      vertex 157 2 0
      vertex 152.64999999850988 37.850000001490116 0
      vertex 152.64999999850988 50.149999998509884 0
    endloop
  endfacet
  facet normal 0 0 -1
    outer loop
      vertex 157 2 0
      vertex 152.64999999850988 50.149999998509884 0
      vertex 152.64999999850988 51.04999999701977 0
    endloop
  endfacet
  facet normal 0 0 -1
    outer loop
      vertex 157 2 0
      vertex 152.64999999850988 51.04999999701977 0
      vertex 152.64999999850988 54.350000001490116 0
    endloop
  endfacet
  facet normal -0.427555098210165 -0.9039892908627271 0
    outer loop
      vertex 136.17161957919598 19.708472415804863 0
      vertex 136.70389940589666 19.456722803413868 0
      vertex 136.70389940589666 19.456722803413868 5
    endloop
  endfacet
  facet normal -0.33688984883968903 -0.9415440668119425 0
    outer loop
      vertex 137.25829193741083 19.258357986807823 0
      vertex 137.25829193741083 19.258357986807823 5
      vertex 136.70389940589666 19.456722803413868 0
    endloop
  endfacet
  facet normal -0.803207531110111 -0.5956993049920404 0
    outer loop
      vertex 134.01118232309818 21.666578598320484 0
      vertex 134.36193727701902 21.193640291690826 0
      vertex 134.36193727701902 21.193640291690826 5
    endloop
  endfacet
  facet normal -0.8577286153979926 -0.5141027351876691 0
    outer loop
      vertex 134.01118232309818 21.666578598320484 0
      vertex 134.01118232309818 21.666578598320484 5
      vertex 133.70847241580486 22.171619579195976 0
    endloop
  endfacet
  facet normal -0.7409511234910436 -0.6715589569035323 0
    outer loop
      vertex 134.7573593109846 20.75735931098461 0
      vertex 134.7573593109846 20.75735931098461 5
      vertex 134.36193727701902 21.193640291690826 0
    endloop
  endfacet
  facet normal -0.9039892908627271 -0.427555098210165 0
    outer loop
      vertex 133.45672280341387 22.703899405896664 0
      vertex 133.70847241580486 22.171619579195976 0
      vertex 133.70847241580486 22.171619579195976 5
    endloop
  endfacet
  facet normal -0.9415440668119425 -0.33688984883968903 0
    outer loop
      vertex 133.45672280341387 22.703899405896664 0
      vertex 133.45672280341387 22.703899405896664 5
      vertex 133.25835798680782 23.25829193741083 0
    endloop
  endfacet
  facet normal -0.9700312522108819 -0.24298018383026293 0
    outer loop
      vertex 133.25835798680782 23.25829193741083 0
      vertex 133.25835798680782 23.25829193741083 5
      vertex 133.11528831720352 23.829458065330982 0
    endloop
  endfacet
  facet normal -0.9891765097240051 -0.14673047607854156 0
    outer loop
      vertex 133.11528831720352 23.829458065330982 0
      vertex 133.11528831720352 23.829458065330982 5
      vertex 133.02889163792133 24.411897160112858 0
    endloop
  endfacet
  facet normal -0.5956993049920404 -0.803207531110111 0
    outer loop
      vertex 135.19364029169083 20.361937277019024 0
      vertex 135.66657859832048 20.011182323098183 0
      vertex 135.66657859832048 20.011182323098183 5
    endloop
  endfacet
  facet normal -0.6715589569035323 -0.7409511234910436 0
    outer loop
      vertex 135.19364029169083 20.361937277019024 0
      vertex 135.19364029169083 20.361937277019024 5
      vertex 134.7573593109846 20.75735931098461 0
    endloop
  endfacet
  facet normal -0.5141027351876691 -0.8577286153979926 0
    outer loop
      vertex 135.66657859832048 20.011182323098183 0
      vertex 136.17161957919598 19.708472415804863 0
      vertex 136.17161957919598 19.708472415804863 5
    endloop
  endfacet
  facet normal -0.9987954563668773 -0.049067671035838485 0
    outer loop
      vertex 133.02889163792133 24.411897160112858 0
      vertex 133.02889163792133 24.411897160112858 5
      vertex 133 25 0
    endloop
  endfacet
  facet normal -1 0 0
    outer loop
      vertex 133 25 0
      vertex 133 25 5
      vertex 133 58.479468166828156 0
    endloop
  endfacet
  facet normal -0.0490676704157047 0.9987954563973426 0
    outer loop
      vertex 142 12 0
      vertex 142 12 5
      vertex 142.29405142366886 12.014445818960667 0
    endloop
  endfacet
  facet normal -0.24298018383026293 -0.9700312522108819 0
    outer loop
      vertex 137.25829193741083 19.258357986807823 0
      vertex 137.82945806533098 19.11528831720352 0
      vertex 137.82945806533098 19.11528831720352 5
    endloop
  endfacet
  facet normal -0.14673047607854156 -0.9891765097240051 0
    outer loop
      vertex 137.82945806533098 19.11528831720352 0
      vertex 138.41189716011286 19.028891637921333 0
      vertex 138.41189716011286 19.028891637921333 5
    endloop
  endfacet
  facet normal -0.049067671035838485 -0.9987954563668773 0
    outer loop
      vertex 138.41189716011286 19.028891637921333 0
      vertex 139 19 0
      vertex 139 19 5
    endloop
  endfacet
  facet normal -0.14673047975168188 0.9891765091791461 0
    outer loop
      vertex 142.29405142366886 12.014445818960667 0
      vertex 142.29405142366886 12.014445818960667 5
      vertex 142.58527096360922 12.05764415860176 0
    endloop
  endfacet
  facet normal -0.24298017786540685 0.9700312537050005 0
    outer loop
      vertex 142.58527096360922 12.05764415860176 0
      vertex 142.58527096360922 12.05764415860176 5
      vertex 142.87085403501987 12.129178993403912 0
    endloop
  endfacet
  facet normal -0.3368898600571533 0.9415440627982695 0
    outer loop
      vertex 142.87085403501987 12.129178993403912 0
      vertex 142.87085403501987 12.129178993403912 5
      vertex 143.14805030077696 12.228361405432224 0
    endloop
  endfacet
  facet normal -0.42755509276037695 0.9039892934402849 0
    outer loop
      vertex 143.14805030077696 12.228361405432224 0
      vertex 143.14805030077696 12.228361405432224 5
      vertex 143.414190210402 12.354236207902431 0
    endloop
  endfacet
  facet normal -0.5141027407673996 0.8577286120536309 0
    outer loop
      vertex 143.414190210402 12.354236207902431 0
      vertex 143.414190210402 12.354236207902431 5
      vertex 143.66671069711447 12.505591161549091 0
    endloop
  endfacet
  facet normal -0.59569930710104 0.8032075295459704 0
    outer loop
      vertex 143.66671069711447 12.505591161549091 0
      vertex 143.66671069711447 12.505591161549091 5
      vertex 143.9031798541546 12.680968642234802 0
    endloop
  endfacet
  facet normal -0.6715589499566087 0.7409511297873682 0
    outer loop
      vertex 143.9031798541546 12.680968642234802 0
      vertex 143.9031798541546 12.680968642234802 5
      vertex 144.1213203445077 12.878679655492306 0
    endloop
  endfacet
  facet normal -0.7409511297873682 0.6715589499566087 0
    outer loop
      vertex 144.1213203445077 12.878679655492306 0
      vertex 144.1213203445077 12.878679655492306 5
      vertex 144.3190313577652 13.096820145845413 0
    endloop
  endfacet
  facet normal -0.8032075295459704 0.59569930710104 0
    outer loop
      vertex 144.3190313577652 13.096820145845413 0
      vertex 144.3190313577652 13.096820145845413 5
      vertex 144.4944088384509 13.333289302885532 0
    endloop
  endfacet
  facet normal -0.8577286120536309 0.5141027407673996 0
    outer loop
      vertex 144.4944088384509 13.333289302885532 0
      vertex 144.4944088384509 13.333289302885532 5
      vertex 144.64576379209757 13.585809789597988 0
    endloop
  endfacet
  facet normal -0.9039892934402849 0.42755509276037695 0
    outer loop
      vertex 144.64576379209757 13.585809789597988 0
      vertex 144.64576379209757 13.585809789597988 5
      vertex 144.77163859456778 13.851949699223042 0
    endloop
  endfacet
  facet normal -0.9415440627982695 0.3368898600571533 0
    outer loop
      vertex 144.77163859456778 13.851949699223042 0
      vertex 144.77163859456778 13.851949699223042 5
      vertex 144.8708210065961 14.129145964980125 0
    endloop
  endfacet
  facet normal -0.9700312537050005 0.24298017786540685 0
    outer loop
      vertex 144.8708210065961 14.129145964980125 0
      vertex 144.8708210065961 14.129145964980125 5
      vertex 144.94235584139824 14.414729036390781 0
    endloop
  endfacet
  facet normal -0.9891765091791461 0.14673047975168188 0
    outer loop
      vertex 144.94235584139824 14.414729036390781 0
      vertex 144.94235584139824 14.414729036390781 5
      vertex 144.98555418103933 14.705948576331139 0
    endloop
  endfacet
  facet normal 0 -1 0
    outer loop
      vertex 139 19 0
      vertex 145 19 0
      vertex 145 19 5
    endloop
  endfacet
  facet normal -0.9987954563973426 0.0490676704157047 0
    outer loop
      vertex 144.98555418103933 14.705948576331139 0
      vertex 144.98555418103933 14.705948576331139 5
      vertex 145 15 0
    endloop
  endfacet
  facet normal -1 0 0
    outer loop
      vertex 145 15 0
      vertex 145 15 5
      vertex 145 19 0
    endloop
  endfacet
  facet normal 0.0980171391808235 -0.9951847267853376 0
    outer loop
      vertex 155 0 0
      vertex 155.3901806473732 0.038429439067840576 0
      vertex 155 0 5
    endloop
  endfacet
  facet normal 0.29028467119332607 -0.9569403375708344 0
    outer loop
      vertex 155.3901806473732 0.038429439067840576 0
      vertex 155.76536686718464 0.15224093198776245 0
      vertex 155.3901806473732 0.038429439067840576 5
    endloop
  endfacet
  facet normal 0.4713967371326908 -0.8819212641844242 0
    outer loop
      vertex 155.76536686718464 0.15224093198776245 0
      vertex 156.1111404672265 0.337060771882534 0
      vertex 155.76536686718464 0.15224093198776245 5
    endloop
  endfacet
  facet normal 0.6343932961394977 -0.7730104435344091 0
    outer loop
      vertex 156.1111404672265 0.337060771882534 0
      vertex 156.4142135605216 0.5857864394783974 0
      vertex 156.1111404672265 0.337060771882534 5
    endloop
  endfacet
  facet normal 0.7730104435344091 -0.6343932961394977 0
    outer loop
      vertex 156.4142135605216 0.5857864394783974 0
      vertex 156.66293922811747 0.8888595327734947 0
      vertex 156.4142135605216 0.5857864394783974 5
    endloop
  endfacet
  facet normal 0.8819212641844242 -0.4713967371326908 0
    outer loop
      vertex 156.66293922811747 0.8888595327734947 0
      vertex 156.84775906801224 1.234633132815361 0
      vertex 156.66293922811747 0.8888595327734947 5
    endloop
  endfacet
  facet normal 0.9569403375708344 -0.29028467119332607 0
    outer loop
      vertex 156.84775906801224 1.234633132815361 0
      vertex 156.96157056093216 1.6098193526268005 0
      vertex 156.84775906801224 1.234633132815361 5
    endloop
  endfacet
  facet normal 0.9951847267853376 -0.0980171391808235 0
    outer loop
      vertex 156.96157056093216 1.6098193526268005 0
      vertex 157 2 0
      vertex 156.96157056093216 1.6098193526268005 5
    endloop
  endfacet
  facet normal 0 1 0
    outer loop
      vertex 147.35000000149012 33.649999998509884 0
      vertex 147.35000000149012 33.649999998509884 5
      vertex 152.64999999850988 33.649999998509884 0
    endloop
  endfacet
  facet normal 1 0 0
    outer loop
      vertex 147.35000000149012 33.649999998509884 0
      vertex 147.35000000149012 36.95000000298023 0
      vertex 147.35000000149012 36.95000000298023 5
    endloop
  endfacet
  facet normal 0 1 0
    outer loop
      vertex 147.35000000149012 37.850000001490116 0
      vertex 147.35000000149012 37.850000001490116 5
      vertex 152.64999999850988 37.850000001490116 0
    endloop
  endfacet
  facet normal 0 -1 0
    outer loop
      vertex 147.35000000149012 36.95000000298023 0
      vertex 152.64999999850988 36.95000000298023 0
      vertex 152.64999999850988 36.95000000298023 5
    endloop
  endfacet
  facet normal -1 0 0
    outer loop
      vertex 152.64999999850988 33.649999998509884 0
      vertex 152.64999999850988 33.649999998509884 5
      vertex 152.64999999850988 36.95000000298023 0
    endloop
  endfacet
  facet normal 0 0 -1
    outer loop
      vertex 132.96096617728472 58.463299833238125 0
      vertex 140.6335912272334 70.20056064426899 0
      vertex 133 58.479468166828156 0
    endloop
  endfacet
  facet normal 0 0 -1
    outer loop
      vertex 133 25 0
      vertex 133 58.479468166828156 0
      vertex 147.35000000149012 37.850000001490116 0
    endloop
  endfacet
  facet normal 0 0 -1
    outer loop
      vertex 147.35000000149012 37.850000001490116 0
      vertex 133 58.479468166828156 0
      vertex 147.35000000149012 50.149999998509884 0
    endloop
  endfacet
  facet normal 0 0 -1
    outer loop
      vertex 133 58.479468166828156 0
      vertex 147.35000000149012 51.04999999701977 0
      vertex 147.35000000149012 50.149999998509884 0
    endloop
  endfacet
  facet normal 0 0 -1
    outer loop
      vertex 133 58.479468166828156 0
      vertex 147.35000000149012 54.350000001490116 0
      vertex 147.35000000149012 51.04999999701977 0
    endloop
  endfacet
  facet normal 0 0 -1
    outer loop
      vertex 147.35000000149012 50.149999998509884 0
      vertex 147.35000000149012 51.04999999701977 0
      vertex 152.64999999850988 51.04999999701977 0
    endloop
  endfacet
  facet normal 0 0 -1
    outer loop
      vertex 147.35000000149012 50.149999998509884 0
      vertex 152.64999999850988 51.04999999701977 0
      vertex 152.64999999850988 50.149999998509884 0
    endloop
  endfacet
  facet normal 0 0 -1
    outer loop
      vertex 133 58.479468166828156 0
      vertex 141.20475736260414 70.34363031387329 0
      vertex 147.35000000149012 54.350000001490116 0
    endloop
  endfacet
  facet normal 0 0 -1
    outer loop
      vertex 133 58.479468166828156 0
      vertex 140.6335912272334 70.20056064426899 0
      vertex 141.20475736260414 70.34363031387329 0
    endloop
  endfacet
  facet normal 0 0 -1
    outer loop
      vertex 147.35000000149012 54.350000001490116 0
      vertex 141.20475736260414 70.34363031387329 0
      vertex 141.7591498941183 70.54199513047934 0
    endloop
  endfacet
  facet normal 0 0 -1
    outer loop
      vertex 147.35000000149012 54.350000001490116 0
      vertex 141.7591498941183 70.54199513047934 0
      vertex 142.291429720819 70.79374473541975 0
    endloop
  endfacet
  facet normal 0 0 -1
    outer loop
      vertex 147.35000000149012 54.350000001490116 0
      vertex 142.291429720819 70.79374473541975 0
      vertex 142.7964706942439 71.09645465016365 0
    endloop
  endfacet
  facet normal 0 0 -1
    outer loop
      vertex 147.35000000149012 54.350000001490116 0
      vertex 142.7964706942439 71.09645465016365 0
      vertex 143.26940900087357 71.44720960408449 0
    endloop
  endfacet
  facet normal 0 0 -1
    outer loop
      vertex 147.35000000149012 54.350000001490116 0
      vertex 143.26940900087357 71.44720960408449 0
      vertex 143.70568998903036 71.84263163805008 0
    endloop
  endfacet
  facet normal 0 0 -1
    outer loop
      vertex 147.35000000149012 54.350000001490116 0
      vertex 143.70568998903036 71.84263163805008 0
      vertex 144.10111201554537 72.2789126187563 0
    endloop
  endfacet
  facet normal 0 0 -1
    outer loop
      vertex 147.35000000149012 54.350000001490116 0
      vertex 144.10111201554537 72.2789126187563 0
      vertex 144.4518669694662 72.75185092538595 0
    endloop
  endfacet
  facet normal 0 0 -1
    outer loop
      vertex 147.35000000149012 54.350000001490116 0
      vertex 144.4518669694662 72.75185092538595 0
      vertex 144.7545768842101 73.25689190626144 0
    endloop
  endfacet
  facet normal 0 0 -1
    outer loop
      vertex 147.35000000149012 54.350000001490116 0
      vertex 144.7545768842101 73.25689190626144 0
      vertex 145.0063264966011 73.78917173296213 0
    endloop
  endfacet
  facet normal 0 0 -1
    outer loop
      vertex 147.35000000149012 54.350000001490116 0
      vertex 145.0063264966011 73.78917173296213 0
      vertex 145.20469131320715 74.3435642644763 0
    endloop
  endfacet
  facet normal 0 0 -1
    outer loop
      vertex 147.35000000149012 54.350000001490116 0
      vertex 145.20469131320715 74.3435642644763 0
      vertex 145.34776098281145 74.91473039239645 0
    endloop
  endfacet
  facet normal 0 0 -1
    outer loop
      vertex 147.35000000149012 54.350000001490116 0
      vertex 145.34776098281145 74.91473039239645 0
      vertex 145.43415766209364 75.49716947972775 0
    endloop
  endfacet
  facet normal 0 0 -1
    outer loop
      vertex 147.35000000149012 54.350000001490116 0
      vertex 145.43415766209364 75.49716947972775 0
      vertex 145.46304930001497 76.08527232706547 0
    endloop
  endfacet
  facet normal 0 0 -1
    outer loop
      vertex 147.35000000149012 54.350000001490116 0
      vertex 145.46304930001497 76.08527232706547 0
      vertex 145.43415766209364 76.67337516695261 0
    endloop
  endfacet
  facet normal 0 0 -1
    outer loop
      vertex 157 2 0
      vertex 152.64999999850988 54.350000001490116 0
      vertex 157 146.41486094146967 0
    endloop
  endfacet
  facet normal 0.46416583430384656 -0.8857483154175424 0
    outer loop
      vertex 132.74363146722317 58.34940817207098 0
      vertex 132.96096617728472 58.463299833238125 0
      vertex 132.96096617728472 58.463299833238125 5
    endloop
  endfacet
  facet normal 0.38268332792008947 -0.9238795757738155 0
    outer loop
      vertex 132.96096617728472 58.463299833238125 0
      vertex 133 58.479468166828156 0
      vertex 133 58.479468166828156 5
    endloop
  endfacet
  facet normal 0.8577286089272587 0.5141027459834363 0
    outer loop
      vertex 134.27246104180813 73.08848480135202 0
      vertex 134.47423162311316 72.75185092538595 5
      vertex 134.47423162311316 72.75185092538595 0
    endloop
  endfacet
  facet normal 0.803207531110111 0.5956993049920404 0
    outer loop
      vertex 134.824986577034 72.2789126187563 0
      vertex 134.47423162311316 72.75185092538595 0
      vertex 134.824986577034 72.2789126187563 5
    endloop
  endfacet
  facet normal 0.5141027444968869 0.8577286098182622 0
    outer loop
      vertex 136.12962789833546 71.09645465016365 0
      vertex 136.63466887921095 70.79374473541975 5
      vertex 136.63466887921095 70.79374473541975 0
    endloop
  endfacet
  facet normal 0.42755508786970237 0.9039892957534017 0
    outer loop
      vertex 136.63466887921095 70.79374473541975 0
      vertex 137.16694870591164 70.54199513047934 5
      vertex 137.16694870591164 70.54199513047934 0
    endloop
  endfacet
  facet normal 0.6715589569035323 0.7409511234910436 0
    outer loop
      vertex 135.22040861099958 71.84263163805008 0
      vertex 135.6566895917058 71.44720960408449 5
      vertex 135.6566895917058 71.44720960408449 0
    endloop
  endfacet
  facet normal 0.7409511234910436 0.6715589569035323 0
    outer loop
      vertex 135.22040861099958 71.84263163805008 0
      vertex 134.824986577034 72.2789126187563 0
      vertex 135.22040861099958 71.84263163805008 5
    endloop
  endfacet
  facet normal 0.5956993049920404 0.803207531110111 0
    outer loop
      vertex 136.12962789833546 71.09645465016365 0
      vertex 135.6566895917058 71.44720960408449 0
      vertex 136.12962789833546 71.09645465016365 5
    endloop
  endfacet
  facet normal 1 0 0
    outer loop
      vertex 147.35000000149012 37.850000001490116 0
      vertex 147.35000000149012 50.149999998509884 0
      vertex 147.35000000149012 50.149999998509884 5
    endloop
  endfacet
  facet normal -1 0 0
    outer loop
      vertex 152.64999999850988 37.850000001490116 0
      vertex 152.64999999850988 37.850000001490116 5
      vertex 152.64999999850988 50.149999998509884 0
    endloop
  endfacet
  facet normal 0 1 0
    outer loop
      vertex 147.35000000149012 51.04999999701977 0
      vertex 147.35000000149012 51.04999999701977 5
      vertex 152.64999999850988 51.04999999701977 0
    endloop
  endfacet
  facet normal 1 0 0
    outer loop
      vertex 147.35000000149012 51.04999999701977 0
      vertex 147.35000000149012 54.350000001490116 0
      vertex 147.35000000149012 54.350000001490116 5
    endloop
  endfacet
  facet normal 0 -1 0
    outer loop
      vertex 147.35000000149012 50.149999998509884 0
      vertex 152.64999999850988 50.149999998509884 0
      vertex 152.64999999850988 50.149999998509884 5
    endloop
  endfacet
  facet normal 0 -1 0
    outer loop
      vertex 147.35000000149012 54.350000001490116 0
      vertex 152.64999999850988 54.350000001490116 0
      vertex 152.64999999850988 54.350000001490116 5
    endloop
  endfacet
  facet normal -1 0 0
    outer loop
      vertex 152.64999999850988 51.04999999701977 0
      vertex 152.64999999850988 51.04999999701977 5
      vertex 152.64999999850988 54.350000001490116 0
    endloop
  endfacet
  facet normal 1 0 0
    outer loop
      vertex 157 2 0
      vertex 157 146.41486094146967 0
      vertex 157 2 5
    endloop
  endfacet
  facet normal 0.33688984883968903 0.9415440668119425 0
    outer loop
      vertex 137.16694870591164 70.54199513047934 0
      vertex 137.7213412374258 70.34363031387329 5
      vertex 137.7213412374258 70.34363031387329 0
    endloop
  endfacet
  facet normal 0.24298018383026293 0.9700312522108819 0
    outer loop
      vertex 138.29250736534595 70.20056064426899 0
      vertex 137.7213412374258 70.34363031387329 0
      vertex 138.29250736534595 70.20056064426899 5
    endloop
  endfacet
  facet normal 0.14673047607854156 0.9891765097240051 0
    outer loop
      vertex 138.29250736534595 70.20056064426899 0
      vertex 138.87494646012783 70.1141639649868 5
      vertex 138.87494646012783 70.1141639649868 0
    endloop
  endfacet
  facet normal 0.049067671035838485 0.9987954563668773 0
    outer loop
      vertex 138.87494646012783 70.1141639649868 0
      vertex 139.46304930001497 70.08527232706547 5
      vertex 139.46304930001497 70.08527232706547 0
    endloop
  endfacet
  facet normal -0.049067671035838485 0.9987954563668773 0
    outer loop
      vertex 139.46304930001497 70.08527232706547 0
      vertex 140.05115213990211 70.1141639649868 5
      vertex 140.05115213990211 70.1141639649868 0
    endloop
  endfacet
  facet normal -0.1467304779151117 0.9891765094515756 0
    outer loop
      vertex 140.05115213990211 70.1141639649868 0
      vertex 140.6335912272334 70.20056064426899 5
      vertex 140.6335912272334 70.20056064426899 0
    endloop
  endfacet
  facet normal -0.24298018084783488 0.9700312529579413 0
    outer loop
      vertex 140.6335912272334 70.20056064426899 0
      vertex 141.20475736260414 70.34363031387329 5
      vertex 141.20475736260414 70.34363031387329 0
    endloop
  endfacet
  facet normal -0.33688984883968903 0.9415440668119425 0
    outer loop
      vertex 141.20475736260414 70.34363031387329 0
      vertex 141.7591498941183 70.54199513047934 5
      vertex 141.7591498941183 70.54199513047934 0
    endloop
  endfacet
  facet normal -0.42755508786970237 0.9039892957534017 0
    outer loop
      vertex 141.7591498941183 70.54199513047934 0
      vertex 142.291429720819 70.79374473541975 5
      vertex 142.291429720819 70.79374473541975 0
    endloop
  endfacet
  facet normal -0.5141027500766173 0.8577286064739005 0
    outer loop
      vertex 142.291429720819 70.79374473541975 0
      vertex 142.7964706942439 71.09645465016365 5
      vertex 142.7964706942439 71.09645465016365 0
    endloop
  endfacet
  facet normal -0.5956993049920404 0.803207531110111 0
    outer loop
      vertex 142.7964706942439 71.09645465016365 0
      vertex 143.26940900087357 71.44720960408449 5
      vertex 143.26940900087357 71.44720960408449 0
    endloop
  endfacet
  facet normal -0.6715589506072077 0.7409511291976995 0
    outer loop
      vertex 143.26940900087357 71.44720960408449 0
      vertex 143.70568998903036 71.84263163805008 5
      vertex 143.70568998903036 71.84263163805008 0
    endloop
  endfacet
  facet normal -0.7409511297873682 0.6715589499566087 0
    outer loop
      vertex 143.70568998903036 71.84263163805008 0
      vertex 144.10111201554537 72.2789126187563 5
      vertex 144.10111201554537 72.2789126187563 0
    endloop
  endfacet
  facet normal -0.803207531110111 0.5956993049920404 0
    outer loop
      vertex 144.10111201554537 72.2789126187563 0
      vertex 144.4518669694662 72.75185092538595 5
      vertex 144.4518669694662 72.75185092538595 0
    endloop
  endfacet
  facet normal -0.8577286098182622 0.5141027444968869 0
    outer loop
      vertex 144.4518669694662 72.75185092538595 0
      vertex 144.7545768842101 73.25689190626144 5
      vertex 144.7545768842101 73.25689190626144 0
    endloop
  endfacet
  facet normal -0.9039892908627271 0.427555098210165 0
    outer loop
      vertex 144.7545768842101 73.25689190626144 0
      vertex 145.0063264966011 73.78917173296213 5
      vertex 145.0063264966011 73.78917173296213 0
    endloop
  endfacet
  facet normal -0.9415440668119425 0.33688984883968903 0
    outer loop
      vertex 145.0063264966011 73.78917173296213 0
      vertex 145.20469131320715 74.3435642644763 5
      vertex 145.20469131320715 74.3435642644763 0
    endloop
  endfacet
  facet normal -0.9700312522108819 0.24298018383026293 0
    outer loop
      vertex 145.20469131320715 74.3435642644763 0
      vertex 145.34776098281145 74.91473039239645 5
      vertex 145.34776098281145 74.91473039239645 0
    endloop
  endfacet
  facet normal -0.9891765094515756 0.1467304779151117 0
    outer loop
      vertex 145.34776098281145 74.91473039239645 0
      vertex 145.43415766209364 75.49716947972775 5
      vertex 145.43415766209364 75.49716947972775 0
    endloop
  endfacet
  facet normal -0.9987954563973426 0.0490676704157047 0
    outer loop
      vertex 145.43415766209364 75.49716947972775 0
      vertex 145.46304930001497 76.08527232706547 5
      vertex 145.46304930001497 76.08527232706547 0
    endloop
  endfacet
  facet normal -0.9987954563668773 -0.049067671035838485 0
    outer loop
      vertex 145.46304930001497 76.08527232706547 0
      vertex 145.43415766209364 76.67337516695261 5
      vertex 145.43415766209364 76.67337516695261 0
    endloop
  endfacet
  facet normal -0.9891765094515756 -0.1467304779151117 0
    outer loop
      vertex 145.43415766209364 76.67337516695261 0
      vertex 145.34776098281145 77.2558142542839 5
      vertex 145.34776098281145 77.2558142542839 0
    endloop
  endfacet
  facet normal -0.9700312529579413 -0.24298018084783488 0
    outer loop
      vertex 145.34776098281145 77.2558142542839 0
      vertex 145.20469131320715 77.82698038965464 5
      vertex 145.20469131320715 77.82698038965464 0
    endloop
  endfacet
  facet normal -0.9415440668119425 -0.33688984883968903 0
    outer loop
      vertex 145.0063264966011 78.3813729211688 0
      vertex 145.20469131320715 77.82698038965464 0
      vertex 145.0063264966011 78.3813729211688 5
    endloop
  endfacet
  facet normal 0.5000000000374766 -0.8660254037628015 0
    outer loop
      vertex 62.160254038870335 17.598076209425926 0
      vertex 132.74363146722317 58.34940817207098 5
      vertex 62.160254038870335 17.598076209425926 5
    endloop
  endfacet
  facet normal 0 -1 0
    outer loop
      vertex 13 0 5
      vertex 155 0 0
      vertex 155 0 5
    endloop
  endfacet
  facet normal 0 1 0
    outer loop
      vertex 63.660254038870335 12 5
      vertex 142 12 5
      vertex 142 12 0
    endloop
  endfacet
  facet normal 0 0 1
    outer loop
      vertex 25.848528139293194 9.151471860706806 5
      vertex 132.74363146722317 58.34940817207098 5
      vertex 132.96096617728472 58.463299833238125 5
    endloop
  endfacet
  facet normal 0 0 1
    outer loop
      vertex 25.848528139293194 9.151471860706806 5
      vertex 132.96096617728472 58.463299833238125 5
      vertex 140.6335912272334 70.20056064426899 5
    endloop
  endfacet
  facet normal 0 0 1
    outer loop
      vertex 26.10865543782711 9.540779881179333 5
      vertex 135.22040861099958 71.84263163805008 5
      vertex 134.824986577034 72.2789126187563 5
    endloop
  endfacet
  facet normal 0 0 1
    outer loop
      vertex 26.10865543782711 9.540779881179333 5
      vertex 136.12962789833546 71.09645465016365 5
      vertex 135.6566895917058 71.44720960408449 5
    endloop
  endfacet
  facet normal 0 0 1
    outer loop
      vertex 26.10865543782711 9.540779881179333 5
      vertex 135.6566895917058 71.44720960408449 5
      vertex 135.22040861099958 71.84263163805008 5
    endloop
  endfacet
  facet normal 0 0 1
    outer loop
      vertex 26.10865543782711 9.540779881179333 5
      vertex 137.7213412374258 70.34363031387329 5
      vertex 137.16694870591164 70.54199513047934 5
    endloop
  endfacet
  facet normal 0 0 1
    outer loop
      vertex 26.10865543782711 9.540779881179333 5
      vertex 136.63466887921095 70.79374473541975 5
      vertex 136.12962789833546 71.09645465016365 5
    endloop
  endfacet
  facet normal 0 0 1
    outer loop
      vertex 26.10865543782711 9.540779881179333 5
      vertex 137.16694870591164 70.54199513047934 5
      vertex 136.63466887921095 70.79374473541975 5
    endloop
  endfacet
  facet normal 0 0 1
    outer loop
      vertex 26.176942333579063 9.76589161157608 5
      vertex 134.47423162311316 72.75185092538595 5
      vertex 134.27246104180813 73.08848480135202 5
    endloop
  endfacet
  facet normal 0 0 1
    outer loop
      vertex 26.10865543782711 9.540779881179333 5
      vertex 134.824986577034 72.2789126187563 5
      vertex 134.47423162311316 72.75185092538595 5
    endloop
  endfacet
  facet normal 0 0 1
    outer loop
      vertex 26.10865543782711 9.540779881179333 5
      vertex 138.29250736534595 70.20056064426899 5
      vertex 137.7213412374258 70.34363031387329 5
    endloop
  endfacet
  facet normal 0 0 1
    outer loop
      vertex 26.10865543782711 9.540779881179333 5
      vertex 138.87494646012783 70.1141639649868 5
      vertex 138.29250736534595 70.20056064426899 5
    endloop
  endfacet
  facet normal 0 0 1
    outer loop
      vertex 26.058305516839027 9.43432391434908 5
      vertex 139.46304930001497 70.08527232706547 5
      vertex 138.87494646012783 70.1141639649868 5
    endloop
  endfacet
  facet normal 0 0 1
    outer loop
      vertex 25.99776353687048 9.333315722644329 5
      vertex 140.05115213990211 70.1141639649868 5
      vertex 139.46304930001497 70.08527232706547 5
    endloop
  endfacet
  facet normal 0 0 1
    outer loop
      vertex 25.848528139293194 9.151471860706806 5
      vertex 140.6335912272334 70.20056064426899 5
      vertex 140.05115213990211 70.1141639649868 5
    endloop
  endfacet
  facet normal -0.33688984883968903 -0.9415440668119425 0
    outer loop
      vertex 136.70389940589666 19.456722803413868 0
      vertex 137.25829193741083 19.258357986807823 5
      vertex 136.70389940589666 19.456722803413868 5
    endloop
  endfacet
  facet normal -0.6715589569035323 -0.7409511234910436 0
    outer loop
      vertex 134.7573593109846 20.75735931098461 0
      vertex 135.19364029169083 20.361937277019024 5
      vertex 134.7573593109846 20.75735931098461 5
    endloop
  endfacet
  facet normal -0.8577286153979926 -0.5141027351876691 0
    outer loop
      vertex 133.70847241580486 22.171619579195976 0
      vertex 134.01118232309818 21.666578598320484 5
      vertex 133.70847241580486 22.171619579195976 5
    endloop
  endfacet
  facet normal -0.803207531110111 -0.5956993049920404 0
    outer loop
      vertex 134.01118232309818 21.666578598320484 0
      vertex 134.36193727701902 21.193640291690826 5
      vertex 134.01118232309818 21.666578598320484 5
    endloop
  endfacet
  facet normal -0.7409511234910436 -0.6715589569035323 0
    outer loop
      vertex 134.36193727701902 21.193640291690826 0
      vertex 134.7573593109846 20.75735931098461 5
      vertex 134.36193727701902 21.193640291690826 5
    endloop
  endfacet
  facet normal -0.9039892908627271 -0.427555098210165 0
    outer loop
      vertex 133.45672280341387 22.703899405896664 0
      vertex 133.70847241580486 22.171619579195976 5
      vertex 133.45672280341387 22.703899405896664 5
    endloop
  endfacet
  facet normal -0.9415440668119425 -0.33688984883968903 0
    outer loop
      vertex 133.25835798680782 23.25829193741083 0
      vertex 133.45672280341387 22.703899405896664 5
      vertex 133.25835798680782 23.25829193741083 5
    endloop
  endfacet
  facet normal -0.9891765097240051 -0.14673047607854156 0
    outer loop
      vertex 133.02889163792133 24.411897160112858 0
      vertex 133.11528831720352 23.829458065330982 5
      vertex 133.02889163792133 24.411897160112858 5
    endloop
  endfacet
  facet normal -0.9700312522108819 -0.24298018383026293 0
    outer loop
      vertex 133.11528831720352 23.829458065330982 0
      vertex 133.25835798680782 23.25829193741083 5
      vertex 133.11528831720352 23.829458065330982 5
    endloop
  endfacet
  facet normal -0.5956993049920404 -0.803207531110111 0
    outer loop
      vertex 135.19364029169083 20.361937277019024 0
      vertex 135.66657859832048 20.011182323098183 5
      vertex 135.19364029169083 20.361937277019024 5
    endloop
  endfacet
  facet normal -0.5141027351876691 -0.8577286153979926 0
    outer loop
      vertex 135.66657859832048 20.011182323098183 0
      vertex 136.17161957919598 19.708472415804863 5
      vertex 135.66657859832048 20.011182323098183 5
    endloop
  endfacet
  facet normal -0.427555098210165 -0.9039892908627271 0
    outer loop
      vertex 136.17161957919598 19.708472415804863 0
      vertex 136.70389940589666 19.456722803413868 5
      vertex 136.17161957919598 19.708472415804863 5
    endloop
  endfacet
  facet normal -0.9987954563668773 -0.049067671035838485 0
    outer loop
      vertex 133 25 0
      vertex 133.02889163792133 24.411897160112858 5
      vertex 133 25 5
    endloop
  endfacet
  facet normal -0.0490676704157047 0.9987954563973426 0
    outer loop
      vertex 142.29405142366886 12.014445818960667 0
      vertex 142 12 5
      vertex 142.29405142366886 12.014445818960667 5
    endloop
  endfacet
  facet normal -0.24298018383026293 -0.9700312522108819 0
    outer loop
      vertex 137.25829193741083 19.258357986807823 0
      vertex 137.82945806533098 19.11528831720352 5
      vertex 137.25829193741083 19.258357986807823 5
    endloop
  endfacet
  facet normal -0.14673047607854156 -0.9891765097240051 0
    outer loop
      vertex 137.82945806533098 19.11528831720352 0
      vertex 138.41189716011286 19.028891637921333 5
      vertex 137.82945806533098 19.11528831720352 5
    endloop
  endfacet
  facet normal -0.049067671035838485 -0.9987954563668773 0
    outer loop
      vertex 138.41189716011286 19.028891637921333 0
      vertex 139 19 5
      vertex 138.41189716011286 19.028891637921333 5
    endloop
  endfacet
  facet normal 0 -1 0
    outer loop
      vertex 139 19 0
      vertex 145 19 5
      vertex 139 19 5
    endloop
  endfacet
  facet normal -0.14673047975168188 0.9891765091791461 0
    outer loop
      vertex 142.58527096360922 12.05764415860176 0
      vertex 142.29405142366886 12.014445818960667 5
      vertex 142.58527096360922 12.05764415860176 5
    endloop
  endfacet
  facet normal -0.24298017786540685 0.9700312537050005 0
    outer loop
      vertex 142.87085403501987 12.129178993403912 0
      vertex 142.58527096360922 12.05764415860176 5
      vertex 142.87085403501987 12.129178993403912 5
    endloop
  endfacet
  facet normal -0.3368898600571533 0.9415440627982695 0
    outer loop
      vertex 143.14805030077696 12.228361405432224 0
      vertex 142.87085403501987 12.129178993403912 5
      vertex 143.14805030077696 12.228361405432224 5
    endloop
  endfacet
  facet normal -0.42755509276037695 0.9039892934402849 0
    outer loop
      vertex 143.414190210402 12.354236207902431 0
      vertex 143.14805030077696 12.228361405432224 5
      vertex 143.414190210402 12.354236207902431 5
    endloop
  endfacet
  facet normal -0.5141027407673996 0.8577286120536309 0
    outer loop
      vertex 143.66671069711447 12.505591161549091 0
      vertex 143.414190210402 12.354236207902431 5
      vertex 143.66671069711447 12.505591161549091 5
    endloop
  endfacet
  facet normal -0.59569930710104 0.8032075295459704 0
    outer loop
      vertex 143.9031798541546 12.680968642234802 0
      vertex 143.66671069711447 12.505591161549091 5
      vertex 143.9031798541546 12.680968642234802 5
    endloop
  endfacet
  facet normal -0.6715589499566087 0.7409511297873682 0
    outer loop
      vertex 144.1213203445077 12.878679655492306 0
      vertex 143.9031798541546 12.680968642234802 5
      vertex 144.1213203445077 12.878679655492306 5
    endloop
  endfacet
  facet normal -0.7409511297873682 0.6715589499566087 0
    outer loop
      vertex 144.3190313577652 13.096820145845413 0
      vertex 144.1213203445077 12.878679655492306 5
      vertex 144.3190313577652 13.096820145845413 5
    endloop
  endfacet
  facet normal -0.8032075295459704 0.59569930710104 0
    outer loop
      vertex 144.4944088384509 13.333289302885532 0
      vertex 144.3190313577652 13.096820145845413 5
      vertex 144.4944088384509 13.333289302885532 5
    endloop
  endfacet
  facet normal -0.8577286120536309 0.5141027407673996 0
    outer loop
      vertex 144.64576379209757 13.585809789597988 0
      vertex 144.4944088384509 13.333289302885532 5
      vertex 144.64576379209757 13.585809789597988 5
    endloop
  endfacet
  facet normal -0.9039892934402849 0.42755509276037695 0
    outer loop
      vertex 144.77163859456778 13.851949699223042 0
      vertex 144.64576379209757 13.585809789597988 5
      vertex 144.77163859456778 13.851949699223042 5
    endloop
  endfacet
  facet normal -0.9415440627982695 0.3368898600571533 0
    outer loop
      vertex 144.8708210065961 14.129145964980125 0
      vertex 144.77163859456778 13.851949699223042 5
      vertex 144.8708210065961 14.129145964980125 5
    endloop
  endfacet
  facet normal -0.9700312537050005 0.24298017786540685 0
    outer loop
      vertex 144.94235584139824 14.414729036390781 0
      vertex 144.8708210065961 14.129145964980125 5
      vertex 144.94235584139824 14.414729036390781 5
    endloop
  endfacet
  facet normal -0.9891765091791461 0.14673047975168188 0
    outer loop
      vertex 144.98555418103933 14.705948576331139 0
      vertex 144.94235584139824 14.414729036390781 5
      vertex 144.98555418103933 14.705948576331139 5
    endloop
  endfacet
  facet normal -0.9987954563973426 0.0490676704157047 0
    outer loop
      vertex 145 15 0
      vertex 144.98555418103933 14.705948576331139 5
      vertex 145 15 5
    endloop
  endfacet
  facet normal -1 0 0
    outer loop
      vertex 145 19 0
      vertex 145 15 5
      vertex 145 19 5
    endloop
  endfacet
  facet normal 0.0980171391808235 -0.9951847267853376 0
    outer loop
      vertex 155.3901806473732 0.038429439067840576 0
      vertex 155.3901806473732 0.038429439067840576 5
      vertex 155 0 5
    endloop
  endfacet
  facet normal 0.29028467119332607 -0.9569403375708344 0
    outer loop
      vertex 155.76536686718464 0.15224093198776245 0
      vertex 155.76536686718464 0.15224093198776245 5
      vertex 155.3901806473732 0.038429439067840576 5
    endloop
  endfacet
  facet normal 0.4713967371326908 -0.8819212641844242 0
    outer loop
      vertex 156.1111404672265 0.337060771882534 0
      vertex 156.1111404672265 0.337060771882534 5
      vertex 155.76536686718464 0.15224093198776245 5
    endloop
  endfacet
  facet normal 0.6343932961394977 -0.7730104435344091 0
    outer loop
      vertex 156.4142135605216 0.5857864394783974 0
      vertex 156.4142135605216 0.5857864394783974 5
      vertex 156.1111404672265 0.337060771882534 5
    endloop
  endfacet
  facet normal 0.7730104435344091 -0.6343932961394977 0
    outer loop
      vertex 156.66293922811747 0.8888595327734947 0
      vertex 156.66293922811747 0.8888595327734947 5
      vertex 156.4142135605216 0.5857864394783974 5
    endloop
  endfacet
  facet normal 0.8819212641844242 -0.4713967371326908 0
    outer loop
      vertex 156.84775906801224 1.234633132815361 0
      vertex 156.84775906801224 1.234633132815361 5
      vertex 156.66293922811747 0.8888595327734947 5
    endloop
  endfacet
  facet normal 0.9569403375708344 -0.29028467119332607 0
    outer loop
      vertex 156.96157056093216 1.6098193526268005 0
      vertex 156.96157056093216 1.6098193526268005 5
      vertex 156.84775906801224 1.234633132815361 5
    endloop
  endfacet
  facet normal 0.9951847267853376 -0.0980171391808235 0
    outer loop
      vertex 157 2 0
      vertex 157 2 5
      vertex 156.96157056093216 1.6098193526268005 5
    endloop
  endfacet
  facet normal 0 1 0
    outer loop
      vertex 152.64999999850988 33.649999998509884 0
      vertex 147.35000000149012 33.649999998509884 5
      vertex 152.64999999850988 33.649999998509884 5
    endloop
  endfacet
  facet normal 1 0 0
    outer loop
      vertex 147.35000000149012 33.649999998509884 0
      vertex 147.35000000149012 36.95000000298023 5
      vertex 147.35000000149012 33.649999998509884 5
    endloop
  endfacet
  facet normal 0 -1 0
    outer loop
      vertex 147.35000000149012 36.95000000298023 0
      vertex 152.64999999850988 36.95000000298023 5
      vertex 147.35000000149012 36.95000000298023 5
    endloop
  endfacet
  facet normal 0 1 0
    outer loop
      vertex 152.64999999850988 37.850000001490116 0
      vertex 147.35000000149012 37.850000001490116 5
      vertex 152.64999999850988 37.850000001490116 5
    endloop
  endfacet
  facet normal -1 0 0
    outer loop
      vertex 152.64999999850988 36.95000000298023 0
      vertex 152.64999999850988 33.649999998509884 5
      vertex 152.64999999850988 36.95000000298023 5
    endloop
  endfacet
  facet normal 0 0 1
    outer loop
      vertex 63.660254038870335 12 5
      vertex 155 0 5
      vertex 142 12 5
    endloop
  endfacet
  facet normal 0 0 1
    outer loop
      vertex 142 12 5
      vertex 155 0 5
      vertex 142.29405142366886 12.014445818960667 5
    endloop
  endfacet
  facet normal 0 0 1
    outer loop
      vertex 142.29405142366886 12.014445818960667 5
      vertex 155 0 5
      vertex 142.58527096360922 12.05764415860176 5
    endloop
  endfacet
  facet normal 0 0 1
    outer loop
      vertex 142.58527096360922 12.05764415860176 5
      vertex 155 0 5
      vertex 142.87085403501987 12.129178993403912 5
    endloop
  endfacet
  facet normal 0 0 1
    outer loop
      vertex 142.87085403501987 12.129178993403912 5
      vertex 155 0 5
      vertex 143.14805030077696 12.228361405432224 5
    endloop
  endfacet
  facet normal 0 0 1
    outer loop
      vertex 143.14805030077696 12.228361405432224 5
      vertex 155 0 5
      vertex 155.3901806473732 0.038429439067840576 5
    endloop
  endfacet
  facet normal 0 0 1
    outer loop
      vertex 143.14805030077696 12.228361405432224 5
      vertex 155.3901806473732 0.038429439067840576 5
      vertex 155.76536686718464 0.15224093198776245 5
    endloop
  endfacet
  facet normal 0 0 1
    outer loop
      vertex 143.14805030077696 12.228361405432224 5
      vertex 155.76536686718464 0.15224093198776245 5
      vertex 156.1111404672265 0.337060771882534 5
    endloop
  endfacet
  facet normal 0 0 1
    outer loop
      vertex 143.14805030077696 12.228361405432224 5
      vertex 156.1111404672265 0.337060771882534 5
      vertex 156.4142135605216 0.5857864394783974 5
    endloop
  endfacet
  facet normal 0 0 1
    outer loop
      vertex 143.14805030077696 12.228361405432224 5
      vertex 156.4142135605216 0.5857864394783974 5
      vertex 156.66293922811747 0.8888595327734947 5
    endloop
  endfacet
  facet normal 0 0 1
    outer loop
      vertex 143.14805030077696 12.228361405432224 5
      vertex 157 2 5
      vertex 143.414190210402 12.354236207902431 5
    endloop
  endfacet
  facet normal 0 0 1
    outer loop
      vertex 143.414190210402 12.354236207902431 5
      vertex 157 2 5
      vertex 143.66671069711447 12.505591161549091 5
    endloop
  endfacet
  facet normal 0 0 1
    outer loop
      vertex 143.66671069711447 12.505591161549091 5
      vertex 157 2 5
      vertex 143.9031798541546 12.680968642234802 5
    endloop
  endfacet
  facet normal 0 0 1
    outer loop
      vertex 143.9031798541546 12.680968642234802 5
      vertex 157 2 5
      vertex 144.1213203445077 12.878679655492306 5
    endloop
  endfacet
  facet normal 0 0 1
    outer loop
      vertex 144.1213203445077 12.878679655492306 5
      vertex 157 2 5
      vertex 144.3190313577652 13.096820145845413 5
    endloop
  endfacet
  facet normal 0 0 1
    outer loop
      vertex 144.3190313577652 13.096820145845413 5
      vertex 157 2 5
      vertex 144.4944088384509 13.333289302885532 5
    endloop
  endfacet
  facet normal 0 0 1
    outer loop
      vertex 144.4944088384509 13.333289302885532 5
      vertex 157 2 5
      vertex 144.64576379209757 13.585809789597988 5
    endloop
  endfacet
  facet normal 0 0 1
    outer loop
      vertex 143.14805030077696 12.228361405432224 5
      vertex 156.66293922811747 0.8888595327734947 5
      vertex 156.84775906801224 1.234633132815361 5
    endloop
  endfacet
  facet normal 0 0 1
    outer loop
      vertex 143.14805030077696 12.228361405432224 5
      vertex 156.84775906801224 1.234633132815361 5
      vertex 156.96157056093216 1.6098193526268005 5
    endloop
  endfacet
  facet normal 0 0 1
    outer loop
      vertex 143.14805030077696 12.228361405432224 5
      vertex 156.96157056093216 1.6098193526268005 5
      vertex 157 2 5
    endloop
  endfacet
  facet normal 0 0 1
    outer loop
      vertex 144.64576379209757 13.585809789597988 5
      vertex 157 2 5
      vertex 144.77163859456778 13.851949699223042 5
    endloop
  endfacet
  facet normal 0 0 1
    outer loop
      vertex 144.77163859456778 13.851949699223042 5
      vertex 157 2 5
      vertex 144.8708210065961 14.129145964980125 5
    endloop
  endfacet
  facet normal 0 0 1
    outer loop
      vertex 144.8708210065961 14.129145964980125 5
      vertex 157 2 5
      vertex 144.94235584139824 14.414729036390781 5
    endloop
  endfacet
  facet normal 0 0 1
    outer loop
      vertex 144.94235584139824 14.414729036390781 5
      vertex 157 2 5
      vertex 144.98555418103933 14.705948576331139 5
    endloop
  endfacet
  facet normal 0 0 1
    outer loop
      vertex 144.98555418103933 14.705948576331139 5
      vertex 157 2 5
      vertex 145 15 5
    endloop
  endfacet
  facet normal 0 0 1
    outer loop
      vertex 145 15 5
      vertex 157 2 5
      vertex 145 19 5
    endloop
  endfacet
  facet normal 0 0 1
    outer loop
      vertex 145 19 5
      vertex 157 2 5
      vertex 152.64999999850988 33.649999998509884 5
    endloop
  endfacet
  facet normal 0 0 1
    outer loop
      vertex 135.66657859832048 20.011182323098183 5
      vertex 136.17161957919598 19.708472415804863 5
      vertex 147.35000000149012 33.649999998509884 5
    endloop
  endfacet
  facet normal 0 0 1
    outer loop
      vertex 136.17161957919598 19.708472415804863 5
      vertex 136.70389940589666 19.456722803413868 5
      vertex 147.35000000149012 33.649999998509884 5
    endloop
  endfacet
  facet normal 0 0 1
    outer loop
      vertex 137.25829193741083 19.258357986807823 5
      vertex 147.35000000149012 33.649999998509884 5
      vertex 136.70389940589666 19.456722803413868 5
    endloop
  endfacet
  facet normal 0 0 1
    outer loop
      vertex 137.25829193741083 19.258357986807823 5
      vertex 137.82945806533098 19.11528831720352 5
      vertex 147.35000000149012 33.649999998509884 5
    endloop
  endfacet
  facet normal 0 0 1
    outer loop
      vertex 138.41189716011286 19.028891637921333 5
      vertex 139 19 5
      vertex 147.35000000149012 33.649999998509884 5
    endloop
  endfacet
  facet normal 0 0 1
    outer loop
      vertex 137.82945806533098 19.11528831720352 5
      vertex 138.41189716011286 19.028891637921333 5
      vertex 147.35000000149012 33.649999998509884 5
    endloop
  endfacet
  facet normal 0 0 1
    outer loop
      vertex 134.01118232309818 21.666578598320484 5
      vertex 134.36193727701902 21.193640291690826 5
      vertex 147.35000000149012 33.649999998509884 5
    endloop
  endfacet
  facet normal 0 0 1
    outer loop
      vertex 133.25835798680782 23.25829193741083 5
      vertex 147.35000000149012 33.649999998509884 5
      vertex 133.11528831720352 23.829458065330982 5
    endloop
  endfacet
  facet normal 0 0 1
    outer loop
      vertex 133.45672280341387 22.703899405896664 5
      vertex 133.70847241580486 22.171619579195976 5
      vertex 147.35000000149012 33.649999998509884 5
    endloop
  endfacet
  facet normal 0 0 1
    outer loop
      vertex 134.01118232309818 21.666578598320484 5
      vertex 147.35000000149012 33.649999998509884 5
      vertex 133.70847241580486 22.171619579195976 5
    endloop
  endfacet
  facet normal 0 0 1
    outer loop
      vertex 133.45672280341387 22.703899405896664 5
      vertex 147.35000000149012 33.649999998509884 5
      vertex 133.25835798680782 23.25829193741083 5
    endloop
  endfacet
  facet normal 0 0 1
    outer loop
      vertex 135.19364029169083 20.361937277019024 5
      vertex 147.35000000149012 33.649999998509884 5
      vertex 134.7573593109846 20.75735931098461 5
    endloop
  endfacet
  facet normal 0 0 1
    outer loop
      vertex 134.7573593109846 20.75735931098461 5
      vertex 147.35000000149012 33.649999998509884 5
      vertex 134.36193727701902 21.193640291690826 5
    endloop
  endfacet
  facet normal 0 0 1
    outer loop
      vertex 135.19364029169083 20.361937277019024 5
      vertex 135.66657859832048 20.011182323098183 5
      vertex 147.35000000149012 33.649999998509884 5
    endloop
  endfacet
  facet normal 0 0 1
    outer loop
      vertex 133.11528831720352 23.829458065330982 5
      vertex 147.35000000149012 33.649999998509884 5
      vertex 133.02889163792133 24.411897160112858 5
    endloop
  endfacet
  facet normal 0 0 1
    outer loop
      vertex 133.02889163792133 24.411897160112858 5
      vertex 147.35000000149012 33.649999998509884 5
      vertex 133 25 5
    endloop
  endfacet
  facet normal 0 0 1
    outer loop
      vertex 139 19 5
      vertex 145 19 5
      vertex 147.35000000149012 33.649999998509884 5
    endloop
  endfacet
  facet normal 0 0 1
    outer loop
      vertex 133 25 5
      vertex 147.35000000149012 33.649999998509884 5
      vertex 147.35000000149012 36.95000000298023 5
    endloop
  endfacet
  facet normal 0 0 1
    outer loop
      vertex 133 25 5
      vertex 147.35000000149012 36.95000000298023 5
      vertex 147.35000000149012 37.850000001490116 5
    endloop
  endfacet
  facet normal 0 0 1
    outer loop
      vertex 145 19 5
      vertex 152.64999999850988 33.649999998509884 5
      vertex 147.35000000149012 33.649999998509884 5
    endloop
  endfacet
  facet normal 0 0 1
    outer loop
      vertex 157 2 5
      vertex 152.64999999850988 36.95000000298023 5
      vertex 152.64999999850988 33.649999998509884 5
    endloop
  endfacet
  facet normal 0 0 1
    outer loop
      vertex 157 2 5
      vertex 152.64999999850988 37.850000001490116 5
      vertex 152.64999999850988 36.95000000298023 5
    endloop
  endfacet
  facet normal 0 0 1
    outer loop
      vertex 147.35000000149012 36.95000000298023 5
      vertex 152.64999999850988 37.850000001490116 5
      vertex 147.35000000149012 37.850000001490116 5
    endloop
  endfacet
  facet normal 0 0 1
    outer loop
      vertex 147.35000000149012 36.95000000298023 5
      vertex 152.64999999850988 36.95000000298023 5
      vertex 152.64999999850988 37.850000001490116 5
    endloop
  endfacet
  facet normal 0 0 1
    outer loop
      vertex 157 2 5
      vertex 152.64999999850988 50.149999998509884 5
      vertex 152.64999999850988 37.850000001490116 5
    endloop
  endfacet
  facet normal 0 0 1
    outer loop
      vertex 157 2 5
      vertex 152.64999999850988 51.04999999701977 5
      vertex 152.64999999850988 50.149999998509884 5
    endloop
  endfacet
  facet normal 0 0 1
    outer loop
      vertex 157 2 5
      vertex 152.64999999850988 54.350000001490116 5
      vertex 152.64999999850988 51.04999999701977 5
    endloop
  endfacet
  facet normal -1 0 0
    outer loop
      vertex 133 58.479468166828156 0
      vertex 133 25 5
      vertex 133 58.479468166828156 5
    endloop
  endfacet
  facet normal 0.46416583430384656 -0.8857483154175424 0
    outer loop
      vertex 132.74363146722317 58.34940817207098 0
      vertex 132.96096617728472 58.463299833238125 5
      vertex 132.74363146722317 58.34940817207098 5
    endloop
  endfacet
  facet normal 0.38268332792008947 -0.9238795757738155 0
    outer loop
      vertex 132.96096617728472 58.463299833238125 0
      vertex 133 58.479468166828156 5
      vertex 132.96096617728472 58.463299833238125 5
    endloop
  endfacet
  facet normal 0.803207531110111 0.5956993049920404 0
    outer loop
      vertex 134.47423162311316 72.75185092538595 0
      vertex 134.47423162311316 72.75185092538595 5
      vertex 134.824986577034 72.2789126187563 5
    endloop
  endfacet
  facet normal 0.8577286089272587 0.5141027459834363 0
    outer loop
      vertex 134.27246104180813 73.08848480135202 0
      vertex 134.27246104180813 73.08848480135202 5
      vertex 134.47423162311316 72.75185092538595 5
    endloop
  endfacet
  facet normal 0.5141027444968869 0.8577286098182622 0
    outer loop
      vertex 136.12962789833546 71.09645465016365 0
      vertex 136.12962789833546 71.09645465016365 5
      vertex 136.63466887921095 70.79374473541975 5
    endloop
  endfacet
  facet normal 0.33688984883968903 0.9415440668119425 0
    outer loop
      vertex 137.16694870591164 70.54199513047934 0
      vertex 137.16694870591164 70.54199513047934 5
      vertex 137.7213412374258 70.34363031387329 5
    endloop
  endfacet
  facet normal 0.42755508786970237 0.9039892957534017 0
    outer loop
      vertex 136.63466887921095 70.79374473541975 0
      vertex 136.63466887921095 70.79374473541975 5
      vertex 137.16694870591164 70.54199513047934 5
    endloop
  endfacet
  facet normal 0.6715589569035323 0.7409511234910436 0
    outer loop
      vertex 135.22040861099958 71.84263163805008 0
      vertex 135.22040861099958 71.84263163805008 5
      vertex 135.6566895917058 71.44720960408449 5
    endloop
  endfacet
  facet normal 0.7409511234910436 0.6715589569035323 0
    outer loop
      vertex 134.824986577034 72.2789126187563 0
      vertex 134.824986577034 72.2789126187563 5
      vertex 135.22040861099958 71.84263163805008 5
    endloop
  endfacet
  facet normal 0.5956993049920404 0.803207531110111 0
    outer loop
      vertex 135.6566895917058 71.44720960408449 0
      vertex 135.6566895917058 71.44720960408449 5
      vertex 136.12962789833546 71.09645465016365 5
    endloop
  endfacet
  facet normal 1 0 0
    outer loop
      vertex 147.35000000149012 37.850000001490116 0
      vertex 147.35000000149012 50.149999998509884 5
      vertex 147.35000000149012 37.850000001490116 5
    endloop
  endfacet
  facet normal -1 0 0
    outer loop
      vertex 152.64999999850988 50.149999998509884 0
      vertex 152.64999999850988 37.850000001490116 5
      vertex 152.64999999850988 50.149999998509884 5
    endloop
  endfacet
  facet normal 0 -1 0
    outer loop
      vertex 147.35000000149012 50.149999998509884 0
      vertex 152.64999999850988 50.149999998509884 5
      vertex 147.35000000149012 50.149999998509884 5
    endloop
  endfacet
  facet normal 1 0 0
    outer loop
      vertex 147.35000000149012 51.04999999701977 0
      vertex 147.35000000149012 54.350000001490116 5
      vertex 147.35000000149012 51.04999999701977 5
    endloop
  endfacet
  facet normal 0 1 0
    outer loop
      vertex 152.64999999850988 51.04999999701977 0
      vertex 147.35000000149012 51.04999999701977 5
      vertex 152.64999999850988 51.04999999701977 5
    endloop
  endfacet
  facet normal 0 -1 0
    outer loop
      vertex 147.35000000149012 54.350000001490116 0
      vertex 152.64999999850988 54.350000001490116 5
      vertex 147.35000000149012 54.350000001490116 5
    endloop
  endfacet
  facet normal -1 0 0
    outer loop
      vertex 152.64999999850988 54.350000001490116 0
      vertex 152.64999999850988 51.04999999701977 5
      vertex 152.64999999850988 54.350000001490116 5
    endloop
  endfacet
  facet normal 0.24298018383026293 0.9700312522108819 0
    outer loop
      vertex 137.7213412374258 70.34363031387329 0
      vertex 137.7213412374258 70.34363031387329 5
      vertex 138.29250736534595 70.20056064426899 5
    endloop
  endfacet
  facet normal 0.14673047607854156 0.9891765097240051 0
    outer loop
      vertex 138.29250736534595 70.20056064426899 0
      vertex 138.29250736534595 70.20056064426899 5
      vertex 138.87494646012783 70.1141639649868 5
    endloop
  endfacet
  facet normal 0.049067671035838485 0.9987954563668773 0
    outer loop
      vertex 138.87494646012783 70.1141639649868 0
      vertex 138.87494646012783 70.1141639649868 5
      vertex 139.46304930001497 70.08527232706547 5
    endloop
  endfacet
  facet normal -0.049067671035838485 0.9987954563668773 0
    outer loop
      vertex 139.46304930001497 70.08527232706547 0
      vertex 139.46304930001497 70.08527232706547 5
      vertex 140.05115213990211 70.1141639649868 5
    endloop
  endfacet
  facet normal -0.1467304779151117 0.9891765094515756 0
    outer loop
      vertex 140.05115213990211 70.1141639649868 0
      vertex 140.05115213990211 70.1141639649868 5
      vertex 140.6335912272334 70.20056064426899 5
    endloop
  endfacet
  facet normal -0.24298018084783488 0.9700312529579413 0
    outer loop
      vertex 140.6335912272334 70.20056064426899 0
      vertex 140.6335912272334 70.20056064426899 5
      vertex 141.20475736260414 70.34363031387329 5
    endloop
  endfacet
  facet normal -0.33688984883968903 0.9415440668119425 0
    outer loop
      vertex 141.20475736260414 70.34363031387329 0
      vertex 141.20475736260414 70.34363031387329 5
      vertex 141.7591498941183 70.54199513047934 5
    endloop
  endfacet
  facet normal -0.42755508786970237 0.9039892957534017 0
    outer loop
      vertex 141.7591498941183 70.54199513047934 0
      vertex 141.7591498941183 70.54199513047934 5
      vertex 142.291429720819 70.79374473541975 5
    endloop
  endfacet
  facet normal -0.5141027500766173 0.8577286064739005 0
    outer loop
      vertex 142.291429720819 70.79374473541975 0
      vertex 142.291429720819 70.79374473541975 5
      vertex 142.7964706942439 71.09645465016365 5
    endloop
  endfacet
  facet normal -0.5956993049920404 0.803207531110111 0
    outer loop
      vertex 142.7964706942439 71.09645465016365 0
      vertex 142.7964706942439 71.09645465016365 5
      vertex 143.26940900087357 71.44720960408449 5
    endloop
  endfacet
  facet normal -0.6715589506072077 0.7409511291976995 0
    outer loop
      vertex 143.26940900087357 71.44720960408449 0
      vertex 143.26940900087357 71.44720960408449 5
      vertex 143.70568998903036 71.84263163805008 5
    endloop
  endfacet
  facet normal -0.7409511297873682 0.6715589499566087 0
    outer loop
      vertex 143.70568998903036 71.84263163805008 0
      vertex 143.70568998903036 71.84263163805008 5
      vertex 144.10111201554537 72.2789126187563 5
    endloop
  endfacet
  facet normal -0.803207531110111 0.5956993049920404 0
    outer loop
      vertex 144.10111201554537 72.2789126187563 0
      vertex 144.10111201554537 72.2789126187563 5
      vertex 144.4518669694662 72.75185092538595 5
    endloop
  endfacet
  facet normal -0.8577286098182622 0.5141027444968869 0
    outer loop
      vertex 144.4518669694662 72.75185092538595 0
      vertex 144.4518669694662 72.75185092538595 5
      vertex 144.7545768842101 73.25689190626144 5
    endloop
  endfacet
  facet normal -0.9039892908627271 0.427555098210165 0
    outer loop
      vertex 144.7545768842101 73.25689190626144 0
      vertex 144.7545768842101 73.25689190626144 5
      vertex 145.0063264966011 73.78917173296213 5
    endloop
  endfacet
  facet normal -0.9415440668119425 0.33688984883968903 0
    outer loop
      vertex 145.0063264966011 73.78917173296213 0
      vertex 145.0063264966011 73.78917173296213 5
      vertex 145.20469131320715 74.3435642644763 5
    endloop
  endfacet
  facet normal -0.9700312522108819 0.24298018383026293 0
    outer loop
      vertex 145.20469131320715 74.3435642644763 0
      vertex 145.20469131320715 74.3435642644763 5
      vertex 145.34776098281145 74.91473039239645 5
    endloop
  endfacet
  facet normal -0.9891765094515756 0.1467304779151117 0
    outer loop
      vertex 145.34776098281145 74.91473039239645 0
      vertex 145.34776098281145 74.91473039239645 5
      vertex 145.43415766209364 75.49716947972775 5
    endloop
  endfacet
  facet normal -0.9987954563973426 0.0490676704157047 0
    outer loop
      vertex 145.43415766209364 75.49716947972775 0
      vertex 145.43415766209364 75.49716947972775 5
      vertex 145.46304930001497 76.08527232706547 5
    endloop
  endfacet
  facet normal -0.9987954563668773 -0.049067671035838485 0
    outer loop
      vertex 145.46304930001497 76.08527232706547 0
      vertex 145.46304930001497 76.08527232706547 5
      vertex 145.43415766209364 76.67337516695261 5
    endloop
  endfacet
  facet normal -0.9891765094515756 -0.1467304779151117 0
    outer loop
      vertex 145.43415766209364 76.67337516695261 0
      vertex 145.43415766209364 76.67337516695261 5
      vertex 145.34776098281145 77.2558142542839 5
    endloop
  endfacet
  facet normal -0.9700312529579413 -0.24298018084783488 0
    outer loop
      vertex 145.34776098281145 77.2558142542839 0
      vertex 145.34776098281145 77.2558142542839 5
      vertex 145.20469131320715 77.82698038965464 5
    endloop
  endfacet
  facet normal -0.9415440668119425 -0.33688984883968903 0
    outer loop
      vertex 145.20469131320715 77.82698038965464 0
      vertex 145.20469131320715 77.82698038965464 5
      vertex 145.0063264966011 78.3813729211688 5
    endloop
  endfacet
  facet normal 0 0 1
    outer loop
      vertex 132.96096617728472 58.463299833238125 5
      vertex 133 58.479468166828156 5
      vertex 140.6335912272334 70.20056064426899 5
    endloop
  endfacet
  facet normal 0 0 1
    outer loop
      vertex 133 25 5
      vertex 147.35000000149012 37.850000001490116 5
      vertex 133 58.479468166828156 5
    endloop
  endfacet
  facet normal 0 0 1
    outer loop
      vertex 147.35000000149012 37.850000001490116 5
      vertex 147.35000000149012 50.149999998509884 5
      vertex 133 58.479468166828156 5
    endloop
  endfacet
  facet normal 0 0 1
    outer loop
      vertex 133 58.479468166828156 5
      vertex 147.35000000149012 50.149999998509884 5
      vertex 147.35000000149012 51.04999999701977 5
    endloop
  endfacet
  facet normal 0 0 1
    outer loop
      vertex 133 58.479468166828156 5
      vertex 147.35000000149012 51.04999999701977 5
      vertex 147.35000000149012 54.350000001490116 5
    endloop
  endfacet
  facet normal 0 0 1
    outer loop
      vertex 147.35000000149012 50.149999998509884 5
      vertex 152.64999999850988 51.04999999701977 5
      vertex 147.35000000149012 51.04999999701977 5
    endloop
  endfacet
  facet normal 0 0 1
    outer loop
      vertex 147.35000000149012 50.149999998509884 5
      vertex 152.64999999850988 50.149999998509884 5
      vertex 152.64999999850988 51.04999999701977 5
    endloop
  endfacet
  facet normal 0 0 1
    outer loop
      vertex 133 58.479468166828156 5
      vertex 147.35000000149012 54.350000001490116 5
      vertex 141.20475736260414 70.34363031387329 5
    endloop
  endfacet
  facet normal 0 0 1
    outer loop
      vertex 133 58.479468166828156 5
      vertex 141.20475736260414 70.34363031387329 5
      vertex 140.6335912272334 70.20056064426899 5
    endloop
  endfacet
  facet normal 0 0 1
    outer loop
      vertex 147.35000000149012 54.350000001490116 5
      vertex 141.7591498941183 70.54199513047934 5
      vertex 141.20475736260414 70.34363031387329 5
    endloop
  endfacet
  facet normal 0 0 1
    outer loop
      vertex 147.35000000149012 54.350000001490116 5
      vertex 142.291429720819 70.79374473541975 5
      vertex 141.7591498941183 70.54199513047934 5
    endloop
  endfacet
  facet normal 0 0 1
    outer loop
      vertex 147.35000000149012 54.350000001490116 5
      vertex 142.7964706942439 71.09645465016365 5
      vertex 142.291429720819 70.79374473541975 5
    endloop
  endfacet
  facet normal 0 0 1
    outer loop
      vertex 147.35000000149012 54.350000001490116 5
      vertex 143.26940900087357 71.44720960408449 5
      vertex 142.7964706942439 71.09645465016365 5
    endloop
  endfacet
  facet normal 0 0 1
    outer loop
      vertex 147.35000000149012 54.350000001490116 5
      vertex 143.70568998903036 71.84263163805008 5
      vertex 143.26940900087357 71.44720960408449 5
    endloop
  endfacet
  facet normal 0 0 1
    outer loop
      vertex 147.35000000149012 54.350000001490116 5
      vertex 144.10111201554537 72.2789126187563 5
      vertex 143.70568998903036 71.84263163805008 5
    endloop
  endfacet
  facet normal 0 0 1
    outer loop
      vertex 147.35000000149012 54.350000001490116 5
      vertex 144.4518669694662 72.75185092538595 5
      vertex 144.10111201554537 72.2789126187563 5
    endloop
  endfacet
  facet normal 0 0 1
    outer loop
      vertex 147.35000000149012 54.350000001490116 5
      vertex 144.7545768842101 73.25689190626144 5
      vertex 144.4518669694662 72.75185092538595 5
    endloop
  endfacet
  facet normal 0 0 1
    outer loop
      vertex 147.35000000149012 54.350000001490116 5
      vertex 145.0063264966011 73.78917173296213 5
      vertex 144.7545768842101 73.25689190626144 5
    endloop
  endfacet
  facet normal 0 0 1
    outer loop
      vertex 147.35000000149012 54.350000001490116 5
      vertex 145.20469131320715 74.3435642644763 5
      vertex 145.0063264966011 73.78917173296213 5
    endloop
  endfacet
  facet normal 0 0 1
    outer loop
      vertex 147.35000000149012 54.350000001490116 5
      vertex 145.34776098281145 74.91473039239645 5
      vertex 145.20469131320715 74.3435642644763 5
    endloop
  endfacet
  facet normal 0 0 1
    outer loop
      vertex 147.35000000149012 54.350000001490116 5
      vertex 145.43415766209364 75.49716947972775 5
      vertex 145.34776098281145 74.91473039239645 5
    endloop
  endfacet
  facet normal 0 0 1
    outer loop
      vertex 147.35000000149012 54.350000001490116 5
      vertex 145.46304930001497 76.08527232706547 5
      vertex 145.43415766209364 75.49716947972775 5
    endloop
  endfacet
  facet normal 0 0 1
    outer loop
      vertex 147.35000000149012 54.350000001490116 5
      vertex 145.43415766209364 76.67337516695261 5
      vertex 145.46304930001497 76.08527232706547 5
    endloop
  endfacet
  facet normal 0 0 1
    outer loop
      vertex 157 2 5
      vertex 157 146.41486094146967 5
      vertex 152.64999999850988 54.350000001490116 5
    endloop
  endfacet
  facet normal 0 0 -1
    outer loop
      vertex 147.35000000149012 54.350000001490116 0
      vertex 157 146.41486094146967 0
      vertex 152.64999999850988 54.350000001490116 0
    endloop
  endfacet
  facet normal 0 0 -1
    outer loop
      vertex 147.35000000149012 54.350000001490116 0
      vertex 145.43415766209364 76.67337516695261 0
      vertex 157 146.41486094146967 0
    endloop
  endfacet
  facet normal 0 0 -1
    outer loop
      vertex 140.29710637778044 82.01989681273699 0
      vertex 150.3068681359291 153.24305257201195 0
      vertex 140.6335912272334 81.96998400986195 0
    endloop
  endfacet
  facet normal 0 0 -1
    outer loop
      vertex 140.6335912272334 81.96998400986195 0
      vertex 150.3068681359291 153.24305257201195 0
      vertex 141.20475736260414 81.82691434025764 0
    endloop
  endfacet
  facet normal 0 0 -1
    outer loop
      vertex 141.20475736260414 81.82691434025764 0
      vertex 150.3068681359291 153.24305257201195 0
      vertex 141.7591498941183 81.6285495236516 0
    endloop
  endfacet
  facet normal 0 0 -1
    outer loop
      vertex 141.7591498941183 81.6285495236516 0
      vertex 150.3068681359291 153.24305257201195 0
      vertex 142.291429720819 81.3767999112606 0
    endloop
  endfacet
  facet normal 0 0 -1
    outer loop
      vertex 142.7964706942439 81.0740899965167 0
      vertex 142.291429720819 81.3767999112606 0
      vertex 150.3068681359291 153.24305257201195 0
    endloop
  endfacet
  facet normal 0 0 -1
    outer loop
      vertex 143.26940900087357 80.72333504259586 0
      vertex 150.3068681359291 153.24305257201195 0
      vertex 143.70568998903036 80.32791300863028 0
    endloop
  endfacet
  facet normal 0 0 -1
    outer loop
      vertex 142.7964706942439 81.0740899965167 0
      vertex 150.3068681359291 153.24305257201195 0
      vertex 143.26940900087357 80.72333504259586 0
    endloop
  endfacet
  facet normal 0 0 -1
    outer loop
      vertex 144.4518669694662 79.4186937212944 0
      vertex 150.3068681359291 153.24305257201195 0
      vertex 144.7545768842101 78.91365274786949 0
    endloop
  endfacet
  facet normal 0 0 -1
    outer loop
      vertex 144.4518669694662 79.4186937212944 0
      vertex 144.10111201554537 79.89163202792406 0
      vertex 150.3068681359291 153.24305257201195 0
    endloop
  endfacet
  facet normal 0 0 -1
    outer loop
      vertex 145.0063264966011 78.3813729211688 0
      vertex 150.3068681359291 153.24305257201195 0
      vertex 145.20469131320715 77.82698038965464 0
    endloop
  endfacet
  facet normal 0 0 -1
    outer loop
      vertex 145.0063264966011 78.3813729211688 0
      vertex 144.7545768842101 78.91365274786949 0
      vertex 150.3068681359291 153.24305257201195 0
    endloop
  endfacet
  facet normal 0 0 -1
    outer loop
      vertex 143.70568998903036 80.32791300863028 0
      vertex 150.3068681359291 153.24305257201195 0
      vertex 144.10111201554537 79.89163202792406 0
    endloop
  endfacet
  facet normal 0 0 -1
    outer loop
      vertex 145.43415766209364 76.67337516695261 0
      vertex 145.34776098281145 77.2558142542839 0
      vertex 157 146.41486094146967 0
    endloop
  endfacet
  facet normal 0 0 -1
    outer loop
      vertex 145.34776098281145 77.2558142542839 0
      vertex 145.20469131320715 77.82698038965464 0
      vertex 157 146.41486094146967 0
    endloop
  endfacet
  facet normal -0.14673044695582152 -0.989176514043952 0
    outer loop
      vertex 140.29710637778044 82.01989681273699 0
      vertex 140.6335912272334 81.96998400986195 0
      vertex 140.29710637778044 82.01989681273699 5
    endloop
  endfacet
  facet normal -0.24298018084783488 -0.9700312529579413 0
    outer loop
      vertex 140.6335912272334 81.96998400986195 0
      vertex 141.20475736260414 81.82691434025764 0
      vertex 140.6335912272334 81.96998400986195 5
    endloop
  endfacet
  facet normal -0.33688984883968903 -0.9415440668119425 0
    outer loop
      vertex 141.20475736260414 81.82691434025764 0
      vertex 141.7591498941183 81.6285495236516 0
      vertex 141.20475736260414 81.82691434025764 5
    endloop
  endfacet
  facet normal -0.427555098210165 -0.9039892908627271 0
    outer loop
      vertex 141.7591498941183 81.6285495236516 0
      vertex 142.291429720819 81.3767999112606 0
      vertex 141.7591498941183 81.6285495236516 5
    endloop
  endfacet
  facet normal -0.6715589506072077 -0.7409511291976995 0
    outer loop
      vertex 143.26940900087357 80.72333504259586 0
      vertex 143.70568998903036 80.32791300863028 0
      vertex 143.26940900087357 80.72333504259586 5
    endloop
  endfacet
  facet normal -0.8577286064739005 -0.5141027500766173 0
    outer loop
      vertex 144.4518669694662 79.4186937212944 0
      vertex 144.7545768842101 78.91365274786949 0
      vertex 144.4518669694662 79.4186937212944 5
    endloop
  endfacet
  facet normal -0.7409511297873682 -0.6715589499566087 0
    outer loop
      vertex 143.70568998903036 80.32791300863028 0
      vertex 144.10111201554537 79.89163202792406 0
      vertex 143.70568998903036 80.32791300863028 5
    endloop
  endfacet
  facet normal -0.803207531110111 -0.5956993049920404 0
    outer loop
      vertex 144.4518669694662 79.4186937212944 0
      vertex 144.10111201554537 79.89163202792406 5
      vertex 144.10111201554537 79.89163202792406 0
    endloop
  endfacet
  facet normal -0.5141027500766173 -0.8577286064739005 0
    outer loop
      vertex 142.7964706942439 81.0740899965167 0
      vertex 142.291429720819 81.3767999112606 5
      vertex 142.291429720819 81.3767999112606 0
    endloop
  endfacet
  facet normal -0.5956993049920404 -0.803207531110111 0
    outer loop
      vertex 142.7964706942439 81.0740899965167 0
      vertex 143.26940900087357 80.72333504259586 0
      vertex 142.7964706942439 81.0740899965167 5
    endloop
  endfacet
  facet normal -0.9039892908627271 -0.427555098210165 0
    outer loop
      vertex 145.0063264966011 78.3813729211688 0
      vertex 144.7545768842101 78.91365274786949 5
      vertex 144.7545768842101 78.91365274786949 0
    endloop
  endfacet
  facet normal 0 0 -1
    outer loop
      vertex 145.20469131320715 77.82698038965464 0
      vertex 150.3068681359291 153.24305257201195 0
      vertex 156.40668140351772 149.01635977625847 0
    endloop
  endfacet
  facet normal 0 0 -1
    outer loop
      vertex 145.20469131320715 77.82698038965464 0
      vertex 156.99057491123676 146.75103380531073 0
      vertex 157 146.41486094146967 0
    endloop
  endfacet
  facet normal 0 0 -1
    outer loop
      vertex 145.20469131320715 77.82698038965464 0
      vertex 156.84979010373354 147.74901077151299 0
      vertex 156.91535180062056 147.41915824264288 0
    endloop
  endfacet
  facet normal 0 0 -1
    outer loop
      vertex 145.20469131320715 77.82698038965464 0
      vertex 156.9623292684555 147.08615051954985 0
      vertex 156.99057491123676 146.75103380531073 0
    endloop
  endfacet
  facet normal 0 0 -1
    outer loop
      vertex 145.20469131320715 77.82698038965464 0
      vertex 156.91535180062056 147.41915824264288 0
      vertex 156.9623292684555 147.08615051954985 0
    endloop
  endfacet
  facet normal 0 0 -1
    outer loop
      vertex 145.20469131320715 77.82698038965464 0
      vertex 156.76585014164448 148.07467181235552 0
      vertex 156.84979010373354 147.74901077151299 0
    endloop
  endfacet
  facet normal 0 0 -1
    outer loop
      vertex 145.20469131320715 77.82698038965464 0
      vertex 156.54394721984863 148.70934328436852 0
      vertex 156.66379564255476 148.39511822909117 0
    endloop
  endfacet
  facet normal 0 0 -1
    outer loop
      vertex 145.20469131320715 77.82698038965464 0
      vertex 156.66379564255476 148.39511822909117 0
      vertex 156.76585014164448 148.07467181235552 0
    endloop
  endfacet
  facet normal 0 0 -1
    outer loop
      vertex 145.20469131320715 77.82698038965464 0
      vertex 156.40668140351772 149.01635977625847 0
      vertex 156.54394721984863 148.70934328436852 0
    endloop
  endfacet
  facet normal 0 0 -1
    outer loop
      vertex 150.49424746632576 153.85047645121813 0
      vertex 150.86276914924383 154.36842099577188 0
      vertex 151.97979121655226 154.9409083351493 0
    endloop
  endfacet
  facet normal 0 0 -1
    outer loop
      vertex 150.3068681359291 153.24305257201195 0
      vertex 150.49424746632576 153.85047645121813 0
      vertex 154.089631408453 153.83187264949083 0
    endloop
  endfacet
  facet normal 0 0 -1
    outer loop
      vertex 150.86276914924383 154.36842099577188 0
      vertex 151.3752056211233 154.7445641234517 0
      vertex 151.97979121655226 154.9409083351493 0
    endloop
  endfacet
  facet normal 0 0 -1
    outer loop
      vertex 150.49424746632576 153.85047645121813 0
      vertex 151.97979121655226 154.9409083351493 0
      vertex 152.615451477468 154.93761920183897 0
    endloop
  endfacet
  facet normal 0 0 -1
    outer loop
      vertex 150.3068681359291 153.24305257201195 0
      vertex 154.089631408453 153.83187264949083 0
      vertex 156.40668140351772 149.01635977625847 0
    endloop
  endfacet
  facet normal 0 0 -1
    outer loop
      vertex 150.49424746632576 153.85047645121813 0
      vertex 153.21797283738852 154.73502898216248 0
      vertex 153.72648937255144 154.35360307991505 0
    endloop
  endfacet
  facet normal 0 0 -1
    outer loop
      vertex 150.49424746632576 153.85047645121813 0
      vertex 153.72648937255144 154.35360307991505 0
      vertex 154.089631408453 153.83187264949083 0
    endloop
  endfacet
  facet normal 0 0 -1
    outer loop
      vertex 150.49424746632576 153.85047645121813 0
      vertex 152.615451477468 154.93761920183897 0
      vertex 153.21797283738852 154.73502898216248 0
    endloop
  endfacet
  facet normal -0.9902680687461658 0.13917310092736637 3.133558671288891e-17
    outer loop
      vertex 140.29710637778044 82.01989681273699 0
      vertex 150.3068681359291 153.24305257201195 5
      vertex 150.3068681359291 153.24305257201195 0
    endloop
  endfacet
  facet normal 0.9996072106928761 0.0280254229371903 0
    outer loop
      vertex 157 146.41486094146967 0
      vertex 156.99057491123676 146.75103380531073 0
      vertex 157 146.41486094146967 5
    endloop
  endfacet
  facet normal 0.9964667506426488 0.08398818288117221 0
    outer loop
      vertex 156.99057491123676 146.75103380531073 0
      vertex 156.9623292684555 147.08615051954985 0
      vertex 156.99057491123676 146.75103380531073 5
    endloop
  endfacet
  facet normal -0.955566656527977 0.2947751090779939 0
    outer loop
      vertex 150.3068681359291 153.24305257201195 0
      vertex 150.49424746632576 153.85047645121813 5
      vertex 150.49424746632576 153.85047645121813 0
    endloop
  endfacet
  facet normal -0.8148025685859916 0.5797385395380149 0
    outer loop
      vertex 150.49424746632576 153.85047645121813 0
      vertex 150.86276914924383 154.36842099577188 5
      vertex 150.86276914924383 154.36842099577188 0
    endloop
  endfacet
  facet normal -0.5917281815257847 0.8061375559966104 0
    outer loop
      vertex 150.86276914924383 154.36842099577188 0
      vertex 151.3752056211233 154.7445641234517 5
      vertex 151.3752056211233 154.7445641234517 0
    endloop
  endfacet
  facet normal -0.3088781758382868 0.9511016099717277 0
    outer loop
      vertex 151.3752056211233 154.7445641234517 0
      vertex 151.97979121655226 154.9409083351493 5
      vertex 151.97979121655226 154.9409083351493 0
    endloop
  endfacet
  facet normal 0.9901956934811171 0.13968710968249587 0
    outer loop
      vertex 156.9623292684555 147.08615051954985 0
      vertex 156.91535180062056 147.41915824264288 0
      vertex 156.9623292684555 147.08615051954985 5
    endloop
  endfacet
  facet normal 0.9808137463465808 0.19494715944990051 0
    outer loop
      vertex 156.91535180062056 147.41915824264288 0
      vertex 156.84979010373354 147.74901077151299 0
      vertex 156.91535180062056 147.41915824264288 5
    endloop
  endfacet
  facet normal 0.9683503751056469 0.24959477364871419 0
    outer loop
      vertex 156.84979010373354 147.74901077151299 0
      vertex 156.76585014164448 148.07467181235552 0
      vertex 156.84979010373354 147.74901077151299 5
    endloop
  endfacet
  facet normal 0.9528447507792595 0.3034582029084252 0
    outer loop
      vertex 156.76585014164448 148.07467181235552 0
      vertex 156.66379564255476 148.39511822909117 0
      vertex 156.76585014164448 148.07467181235552 5
    endloop
  endfacet
  facet normal 0.934345571891575 0.35636828181897123 0
    outer loop
      vertex 156.66379564255476 148.39511822909117 0
      vertex 156.54394721984863 148.70934328436852 0
      vertex 156.66379564255476 148.39511822909117 5
    endloop
  endfacet
  facet normal 0.9129109656180349 0.4081587544747108 0
    outer loop
      vertex 156.54394721984863 148.70934328436852 0
      vertex 156.40668140351772 149.01635977625847 0
      vertex 156.54394721984863 148.70934328436852 5
    endloop
  endfacet
  facet normal 0.901113567546849 0.4335831389514475 0
    outer loop
      vertex 156.40668140351772 149.01635977625847 0
      vertex 154.089631408453 153.83187264949083 0
      vertex 156.40668140351772 149.01635977625847 5
    endloop
  endfacet
  facet normal 0.6000387625027044 0.7999709266556023 0
    outer loop
      vertex 153.21797283738852 154.73502898216248 0
      vertex 153.72648937255144 154.35360307991505 5
      vertex 153.72648937255144 154.35360307991505 0
    endloop
  endfacet
  facet normal 0.8207583228876111 0.5712755687150607 0
    outer loop
      vertex 154.089631408453 153.83187264949083 0
      vertex 153.72648937255144 154.35360307991505 0
      vertex 154.089631408453 153.83187264949083 5
    endloop
  endfacet
  facet normal 0.005174288030653041 0.9999866132820859 0
    outer loop
      vertex 151.97979121655226 154.9409083351493 0
      vertex 152.615451477468 154.93761920183897 5
      vertex 152.615451477468 154.93761920183897 0
    endloop
  endfacet
  facet normal 0.3187040624896585 0.9478542717910744 0
    outer loop
      vertex 152.615451477468 154.93761920183897 0
      vertex 153.21797283738852 154.73502898216248 5
      vertex 153.21797283738852 154.73502898216248 0
    endloop
  endfacet
  facet normal -0.14673044695582152 -0.989176514043952 0
    outer loop
      vertex 140.6335912272334 81.96998400986195 0
      vertex 140.6335912272334 81.96998400986195 5
      vertex 140.29710637778044 82.01989681273699 5
    endloop
  endfacet
  facet normal -0.24298018084783488 -0.9700312529579413 0
    outer loop
      vertex 141.20475736260414 81.82691434025764 0
      vertex 141.20475736260414 81.82691434025764 5
      vertex 140.6335912272334 81.96998400986195 5
    endloop
  endfacet
  facet normal -0.33688984883968903 -0.9415440668119425 0
    outer loop
      vertex 141.7591498941183 81.6285495236516 0
      vertex 141.7591498941183 81.6285495236516 5
      vertex 141.20475736260414 81.82691434025764 5
    endloop
  endfacet
  facet normal -0.427555098210165 -0.9039892908627271 0
    outer loop
      vertex 142.291429720819 81.3767999112606 0
      vertex 142.291429720819 81.3767999112606 5
      vertex 141.7591498941183 81.6285495236516 5
    endloop
  endfacet
  facet normal -0.5956993049920404 -0.803207531110111 0
    outer loop
      vertex 143.26940900087357 80.72333504259586 0
      vertex 143.26940900087357 80.72333504259586 5
      vertex 142.7964706942439 81.0740899965167 5
    endloop
  endfacet
  facet normal -0.8577286064739005 -0.5141027500766173 0
    outer loop
      vertex 144.7545768842101 78.91365274786949 0
      vertex 144.7545768842101 78.91365274786949 5
      vertex 144.4518669694662 79.4186937212944 5
    endloop
  endfacet
  facet normal -0.803207531110111 -0.5956993049920404 0
    outer loop
      vertex 144.4518669694662 79.4186937212944 0
      vertex 144.4518669694662 79.4186937212944 5
      vertex 144.10111201554537 79.89163202792406 5
    endloop
  endfacet
  facet normal -0.7409511297873682 -0.6715589499566087 0
    outer loop
      vertex 144.10111201554537 79.89163202792406 0
      vertex 144.10111201554537 79.89163202792406 5
      vertex 143.70568998903036 80.32791300863028 5
    endloop
  endfacet
  facet normal -0.6715589506072077 -0.7409511291976995 0
    outer loop
      vertex 143.70568998903036 80.32791300863028 0
      vertex 143.70568998903036 80.32791300863028 5
      vertex 143.26940900087357 80.72333504259586 5
    endloop
  endfacet
  facet normal -0.5141027500766173 -0.8577286064739005 0
    outer loop
      vertex 142.7964706942439 81.0740899965167 0
      vertex 142.7964706942439 81.0740899965167 5
      vertex 142.291429720819 81.3767999112606 5
    endloop
  endfacet
  facet normal -0.9039892908627271 -0.427555098210165 0
    outer loop
      vertex 145.0063264966011 78.3813729211688 0
      vertex 145.0063264966011 78.3813729211688 5
      vertex 144.7545768842101 78.91365274786949 5
    endloop
  endfacet
  facet normal -0.9902680687461658 0.13917310092736637 0
    outer loop
      vertex 140.29710637778044 82.01989681273699 0
      vertex 140.29710637778044 82.01989681273699 5
      vertex 150.3068681359291 153.24305257201195 5
    endloop
  endfacet
  facet normal 1 0 0
    outer loop
      vertex 157 2 5
      vertex 157 146.41486094146967 0
      vertex 157 146.41486094146967 5
    endloop
  endfacet
  facet normal 0 0 1
    outer loop
      vertex 147.35000000149012 54.350000001490116 5
      vertex 152.64999999850988 54.350000001490116 5
      vertex 157 146.41486094146967 5
    endloop
  endfacet
  facet normal 0 0 1
    outer loop
      vertex 147.35000000149012 54.350000001490116 5
      vertex 157 146.41486094146967 5
      vertex 145.43415766209364 76.67337516695261 5
    endloop
  endfacet
  facet normal 0 0 1
    outer loop
      vertex 140.29710637778044 82.01989681273699 5
      vertex 140.6335912272334 81.96998400986195 5
      vertex 150.3068681359291 153.24305257201195 5
    endloop
  endfacet
  facet normal 0 0 1
    outer loop
      vertex 140.6335912272334 81.96998400986195 5
      vertex 141.20475736260414 81.82691434025764 5
      vertex 150.3068681359291 153.24305257201195 5
    endloop
  endfacet
  facet normal 0 0 1
    outer loop
      vertex 141.20475736260414 81.82691434025764 5
      vertex 141.7591498941183 81.6285495236516 5
      vertex 150.3068681359291 153.24305257201195 5
    endloop
  endfacet
  facet normal 0 0 1
    outer loop
      vertex 141.7591498941183 81.6285495236516 5
      vertex 142.291429720819 81.3767999112606 5
      vertex 150.3068681359291 153.24305257201195 5
    endloop
  endfacet
  facet normal 0 0 1
    outer loop
      vertex 142.7964706942439 81.0740899965167 5
      vertex 150.3068681359291 153.24305257201195 5
      vertex 142.291429720819 81.3767999112606 5
    endloop
  endfacet
  facet normal 0 0 1
    outer loop
      vertex 143.26940900087357 80.72333504259586 5
      vertex 143.70568998903036 80.32791300863028 5
      vertex 150.3068681359291 153.24305257201195 5
    endloop
  endfacet
  facet normal 0 0 1
    outer loop
      vertex 142.7964706942439 81.0740899965167 5
      vertex 143.26940900087357 80.72333504259586 5
      vertex 150.3068681359291 153.24305257201195 5
    endloop
  endfacet
  facet normal 0 0 1
    outer loop
      vertex 144.4518669694662 79.4186937212944 5
      vertex 144.7545768842101 78.91365274786949 5
      vertex 150.3068681359291 153.24305257201195 5
    endloop
  endfacet
  facet normal 0 0 1
    outer loop
      vertex 144.4518669694662 79.4186937212944 5
      vertex 150.3068681359291 153.24305257201195 5
      vertex 144.10111201554537 79.89163202792406 5
    endloop
  endfacet
  facet normal 0 0 1
    outer loop
      vertex 145.0063264966011 78.3813729211688 5
      vertex 145.20469131320715 77.82698038965464 5
      vertex 150.3068681359291 153.24305257201195 5
    endloop
  endfacet
  facet normal 0 0 1
    outer loop
      vertex 145.0063264966011 78.3813729211688 5
      vertex 150.3068681359291 153.24305257201195 5
      vertex 144.7545768842101 78.91365274786949 5
    endloop
  endfacet
  facet normal 0 0 1
    outer loop
      vertex 143.70568998903036 80.32791300863028 5
      vertex 144.10111201554537 79.89163202792406 5
      vertex 150.3068681359291 153.24305257201195 5
    endloop
  endfacet
  facet normal 0 0 1
    outer loop
      vertex 145.43415766209364 76.67337516695261 5
      vertex 157 146.41486094146967 5
      vertex 145.34776098281145 77.2558142542839 5
    endloop
  endfacet
  facet normal 0 0 1
    outer loop
      vertex 145.34776098281145 77.2558142542839 5
      vertex 157 146.41486094146967 5
      vertex 145.20469131320715 77.82698038965464 5
    endloop
  endfacet
  facet normal 0.9996072106928761 0.0280254229371903 0
    outer loop
      vertex 156.99057491123676 146.75103380531073 0
      vertex 156.99057491123676 146.75103380531073 5
      vertex 157 146.41486094146967 5
    endloop
  endfacet
  facet normal 0.9964667506426488 0.08398818288117221 0
    outer loop
      vertex 156.9623292684555 147.08615051954985 0
      vertex 156.9623292684555 147.08615051954985 5
      vertex 156.99057491123676 146.75103380531073 5
    endloop
  endfacet
  facet normal -0.955566656527977 0.2947751090779939 0
    outer loop
      vertex 150.3068681359291 153.24305257201195 0
      vertex 150.3068681359291 153.24305257201195 5
      vertex 150.49424746632576 153.85047645121813 5
    endloop
  endfacet
  facet normal -0.8148025685859916 0.5797385395380149 0
    outer loop
      vertex 150.49424746632576 153.85047645121813 0
      vertex 150.49424746632576 153.85047645121813 5
      vertex 150.86276914924383 154.36842099577188 5
    endloop
  endfacet
  facet normal -0.5917281815257847 0.8061375559966104 0
    outer loop
      vertex 150.86276914924383 154.36842099577188 0
      vertex 150.86276914924383 154.36842099577188 5
      vertex 151.3752056211233 154.7445641234517 5
    endloop
  endfacet
  facet normal -0.3088781758382868 0.9511016099717277 0
    outer loop
      vertex 151.3752056211233 154.7445641234517 0
      vertex 151.3752056211233 154.7445641234517 5
      vertex 151.97979121655226 154.9409083351493 5
    endloop
  endfacet
  facet normal 0.9901956934811171 0.13968710968249587 0
    outer loop
      vertex 156.91535180062056 147.41915824264288 0
      vertex 156.91535180062056 147.41915824264288 5
      vertex 156.9623292684555 147.08615051954985 5
    endloop
  endfacet
  facet normal 0.9808137463465808 0.19494715944990051 0
    outer loop
      vertex 156.84979010373354 147.74901077151299 0
      vertex 156.84979010373354 147.74901077151299 5
      vertex 156.91535180062056 147.41915824264288 5
    endloop
  endfacet
  facet normal 0.9683503751056469 0.24959477364871419 0
    outer loop
      vertex 156.76585014164448 148.07467181235552 0
      vertex 156.76585014164448 148.07467181235552 5
      vertex 156.84979010373354 147.74901077151299 5
    endloop
  endfacet
  facet normal 0.9528447507792595 0.3034582029084252 0
    outer loop
      vertex 156.66379564255476 148.39511822909117 0
      vertex 156.66379564255476 148.39511822909117 5
      vertex 156.76585014164448 148.07467181235552 5
    endloop
  endfacet
  facet normal 0.934345571891575 0.35636828181897123 0
    outer loop
      vertex 156.54394721984863 148.70934328436852 0
      vertex 156.54394721984863 148.70934328436852 5
      vertex 156.66379564255476 148.39511822909117 5
    endloop
  endfacet
  facet normal 0.9129109656180349 0.4081587544747108 0
    outer loop
      vertex 156.40668140351772 149.01635977625847 0
      vertex 156.40668140351772 149.01635977625847 5
      vertex 156.54394721984863 148.70934328436852 5
    endloop
  endfacet
  facet normal 0.8207583228876111 0.5712755687150607 0
    outer loop
      vertex 153.72648937255144 154.35360307991505 0
      vertex 153.72648937255144 154.35360307991505 5
      vertex 154.089631408453 153.83187264949083 5
    endloop
  endfacet
  facet normal 0.005174288030653041 0.9999866132820859 0
    outer loop
      vertex 151.97979121655226 154.9409083351493 0
      vertex 151.97979121655226 154.9409083351493 5
      vertex 152.615451477468 154.93761920183897 5
    endloop
  endfacet
  facet normal 0.3187040624896585 0.9478542717910744 0
    outer loop
      vertex 152.615451477468 154.93761920183897 0
      vertex 152.615451477468 154.93761920183897 5
      vertex 153.21797283738852 154.73502898216248 5
    endloop
  endfacet
  facet normal 0.6000387625027044 0.7999709266556023 0
    outer loop
      vertex 153.21797283738852 154.73502898216248 0
      vertex 153.21797283738852 154.73502898216248 5
      vertex 153.72648937255144 154.35360307991505 5
    endloop
  endfacet
  facet normal 0.901113567546849 0.4335831389514475 0
    outer loop
      vertex 154.089631408453 153.83187264949083 0
      vertex 154.089631408453 153.83187264949083 5
      vertex 156.40668140351772 149.01635977625847 5
    endloop
  endfacet
  facet normal 0 0 1
    outer loop
      vertex 145.20469131320715 77.82698038965464 5
      vertex 156.40668140351772 149.01635977625847 5
      vertex 150.3068681359291 153.24305257201195 5
    endloop
  endfacet
  facet normal 0 0 1
    outer loop
      vertex 145.20469131320715 77.82698038965464 5
      vertex 157 146.41486094146967 5
      vertex 156.99057491123676 146.75103380531073 5
    endloop
  endfacet
  facet normal 0 0 1
    outer loop
      vertex 145.20469131320715 77.82698038965464 5
      vertex 156.91535180062056 147.41915824264288 5
      vertex 156.84979010373354 147.74901077151299 5
    endloop
  endfacet
  facet normal 0 0 1
    outer loop
      vertex 145.20469131320715 77.82698038965464 5
      vertex 156.99057491123676 146.75103380531073 5
      vertex 156.9623292684555 147.08615051954985 5
    endloop
  endfacet
  facet normal 0 0 1
    outer loop
      vertex 145.20469131320715 77.82698038965464 5
      vertex 156.9623292684555 147.08615051954985 5
      vertex 156.91535180062056 147.41915824264288 5
    endloop
  endfacet
  facet normal 0 0 1
    outer loop
      vertex 145.20469131320715 77.82698038965464 5
      vertex 156.84979010373354 147.74901077151299 5
      vertex 156.76585014164448 148.07467181235552 5
    endloop
  endfacet
  facet normal 0 0 1
    outer loop
      vertex 145.20469131320715 77.82698038965464 5
      vertex 156.66379564255476 148.39511822909117 5
      vertex 156.54394721984863 148.70934328436852 5
    endloop
  endfacet
  facet normal 0 0 1
    outer loop
      vertex 145.20469131320715 77.82698038965464 5
      vertex 156.76585014164448 148.07467181235552 5
      vertex 156.66379564255476 148.39511822909117 5
    endloop
  endfacet
  facet normal 0 0 1
    outer loop
      vertex 145.20469131320715 77.82698038965464 5
      vertex 156.54394721984863 148.70934328436852 5
      vertex 156.40668140351772 149.01635977625847 5
    endloop
  endfacet
  facet normal 0 0 1
    outer loop
      vertex 150.49424746632576 153.85047645121813 5
      vertex 151.97979121655226 154.9409083351493 5
      vertex 150.86276914924383 154.36842099577188 5
    endloop
  endfacet
  facet normal 0 0 1
    outer loop
      vertex 150.3068681359291 153.24305257201195 5
      vertex 154.089631408453 153.83187264949083 5
      vertex 150.49424746632576 153.85047645121813 5
    endloop
  endfacet
  facet normal 0 0 1
    outer loop
      vertex 150.86276914924383 154.36842099577188 5
      vertex 151.97979121655226 154.9409083351493 5
      vertex 151.3752056211233 154.7445641234517 5
    endloop
  endfacet
  facet normal 0 0 1
    outer loop
      vertex 150.49424746632576 153.85047645121813 5
      vertex 152.615451477468 154.93761920183897 5
      vertex 151.97979121655226 154.9409083351493 5
    endloop
  endfacet
  facet normal 0 0 1
    outer loop
      vertex 150.3068681359291 153.24305257201195 5
      vertex 156.40668140351772 149.01635977625847 5
      vertex 154.089631408453 153.83187264949083 5
    endloop
  endfacet
  facet normal 0 0 1
    outer loop
      vertex 150.49424746632576 153.85047645121813 5
      vertex 153.72648937255144 154.35360307991505 5
      vertex 153.21797283738852 154.73502898216248 5
    endloop
  endfacet
  facet normal 0 0 1
    outer loop
      vertex 150.49424746632576 153.85047645121813 5
      vertex 154.089631408453 153.83187264949083 5
      vertex 153.72648937255144 154.35360307991505 5
    endloop
  endfacet
  facet normal 0 0 1
    outer loop
      vertex 150.49424746632576 153.85047645121813 5
      vertex 153.21797283738852 154.73502898216248 5
      vertex 152.615451477468 154.93761920183897 5
    endloop
  endfacet
  facet normal 0 0 -1
    outer loop
      vertex 3.7820271626114845 2.205971017837527 0
      vertex 6.50575253367424 3.0905235487818743 0
      vertex 4.384548522531986 2.0033807981610323 0
    endloop
  endfacet
  facet normal 0 0 -1
    outer loop
      vertex 3.273510627448559 2.587396920084956 0
      vertex 2.9103685915470123 3.109127350509169 0
      vertex 6.50575253367424 3.0905235487818743 0
    endloop
  endfacet
  facet normal 0 0 -1
    outer loop
      vertex 3.273510627448559 2.587396920084956 0
      vertex 6.50575253367424 3.0905235487818743 0
      vertex 3.7820271626114845 2.205971017837527 0
    endloop
  endfacet
  facet normal 0 0 -1
    outer loop
      vertex 2.9103685915470123 3.109127350509169 0
      vertex 0.5933185964822769 7.924640223741534 0
      vertex 6.693131864070892 3.697947427988055 0
    endloop
  endfacet
  facet normal 0 0 -1
    outer loop
      vertex 4.384548522531986 2.0033807981610323 0
      vertex 6.50575253367424 3.0905235487818743 0
      vertex 5.0202087834477425 2.0000916648507143 0
    endloop
  endfacet
  facet normal 0 0 -1
    outer loop
      vertex 5.0202087834477425 2.0000916648507143 0
      vertex 6.137230850756168 2.5725790042281176 0
      vertex 5.624794378876686 2.1964358765482928 0
    endloop
  endfacet
  facet normal 0 0 -1
    outer loop
      vertex 2.9103685915470123 3.109127350509169 0
      vertex 6.693131864070892 3.697947427988055 0
      vertex 6.50575253367424 3.0905235487818743 0
    endloop
  endfacet
  facet normal 0 0 -1
    outer loop
      vertex 5.0202087834477425 2.0000916648507143 0
      vertex 6.50575253367424 3.0905235487818743 0
      vertex 6.137230850756168 2.5725790042281176 0
    endloop
  endfacet
  facet normal 0 0 -1
    outer loop
      vertex 0.5933185964822769 7.924640223741534 0
      vertex 0.4560527801513672 8.231656715631487 0
      vertex 11.79530868679285 79.11401961034537 0
    endloop
  endfacet
  facet normal 0 0 -1
    outer loop
      vertex 0.33620435744524 8.545881770908835 0
      vertex 0.23414985835552216 8.866328187644484 0
      vertex 11.79530868679285 79.11401961034537 0
    endloop
  endfacet
  facet normal 0 0 -1
    outer loop
      vertex 0.4560527801513672 8.231656715631487 0
      vertex 0.33620435744524 8.545881770908835 0
      vertex 11.79530868679285 79.11401961034537 0
    endloop
  endfacet
  facet normal 0 0 -1
    outer loop
      vertex 0.23414985835552216 8.866328187644484 0
      vertex 0.15020989626646042 9.191989228487017 0
      vertex 11.79530868679285 79.11401961034537 0
    endloop
  endfacet
  facet normal 0 0 -1
    outer loop
      vertex 0.08464819937944412 9.521841757357123 0
      vertex 0.03767073154449463 9.854849480450156 0
      vertex 11.79530868679285 79.11401961034537 0
    endloop
  endfacet
  facet normal 0 0 -1
    outer loop
      vertex 0.03767073154449463 9.854849480450156 0
      vertex 0.009425088763237 10.189966194689276 0
      vertex 11.79530868679285 79.11401961034537 0
    endloop
  endfacet
  facet normal 0 0 -1
    outer loop
      vertex 0.15020989626646042 9.191989228487017 0
      vertex 0.08464819937944412 9.521841757357123 0
      vertex 11.79530868679285 79.11401961034537 0
    endloop
  endfacet
  facet normal 0 0 -1
    outer loop
      vertex 0.009425088763237 10.189966194689276 0
      vertex 0 10.526139058530333 0
      vertex 11.79530868679285 79.11401961034537 0
    endloop
  endfacet
  facet normal 0 0 -1
    outer loop
      vertex 0.5933185964822769 7.924640223741534 0
      vertex 11.79530868679285 79.11401961034537 0
      vertex 6.693131864070892 3.697947427988055 0
    endloop
  endfacet
  facet normal -0.3187040624896585 -0.9478542717910744 0
    outer loop
      vertex 3.7820271626114845 2.205971017837527 0
      vertex 4.384548522531986 2.0033807981610323 0
      vertex 3.7820271626114845 2.205971017837527 5
    endloop
  endfacet
  facet normal -0.005174288030653041 -0.9999866132820859 0
    outer loop
      vertex 4.384548522531986 2.0033807981610323 0
      vertex 5.0202087834477425 2.0000916648507143 0
      vertex 4.384548522531986 2.0033807981610323 5
    endloop
  endfacet
  facet normal -0.8207583228876111 -0.5712755687150607 0
    outer loop
      vertex 3.273510627448559 2.587396920084956 0
      vertex 2.9103685915470123 3.109127350509169 5
      vertex 2.9103685915470123 3.109127350509169 0
    endloop
  endfacet
  facet normal -0.6000387625027044 -0.7999709266556023 0
    outer loop
      vertex 3.273510627448559 2.587396920084956 0
      vertex 3.7820271626114845 2.205971017837527 0
      vertex 3.273510627448559 2.587396920084956 5
    endloop
  endfacet
  facet normal -0.901113567546849 -0.4335831389514475 1.2465177315425945e-17
    outer loop
      vertex 2.9103685915470123 3.109127350509169 0
      vertex 0.5933185964822769 7.924640223741534 5
      vertex 0.5933185964822769 7.924640223741534 0
    endloop
  endfacet
  facet normal -0.9129109656180349 -0.4081587544747108 0
    outer loop
      vertex 0.5933185964822769 7.924640223741534 0
      vertex 0.4560527801513672 8.231656715631487 5
      vertex 0.4560527801513672 8.231656715631487 0
    endloop
  endfacet
  facet normal -0.934345571891575 -0.35636828181897123 0
    outer loop
      vertex 0.4560527801513672 8.231656715631487 0
      vertex 0.33620435744524 8.545881770908835 5
      vertex 0.33620435744524 8.545881770908835 0
    endloop
  endfacet
  facet normal -0.9528447507792595 -0.3034582029084252 0
    outer loop
      vertex 0.33620435744524 8.545881770908835 0
      vertex 0.23414985835552216 8.866328187644484 5
      vertex 0.23414985835552216 8.866328187644484 0
    endloop
  endfacet
  facet normal -0.9683503751056469 -0.24959477364871419 0
    outer loop
      vertex 0.23414985835552216 8.866328187644484 0
      vertex 0.15020989626646042 9.191989228487017 5
      vertex 0.15020989626646042 9.191989228487017 0
    endloop
  endfacet
  facet normal -0.9808137463465808 -0.19494715944990051 0
    outer loop
      vertex 0.15020989626646042 9.191989228487017 0
      vertex 0.08464819937944412 9.521841757357123 5
      vertex 0.08464819937944412 9.521841757357123 0
    endloop
  endfacet
  facet normal -0.9901956934811171 -0.13968710968249587 0
    outer loop
      vertex 0.08464819937944412 9.521841757357123 0
      vertex 0.03767073154449463 9.854849480450156 5
      vertex 0.03767073154449463 9.854849480450156 0
    endloop
  endfacet
  facet normal 0.3088781758382868 -0.9511016099717277 0
    outer loop
      vertex 5.0202087834477425 2.0000916648507143 0
      vertex 5.624794378876686 2.1964358765482928 0
      vertex 5.0202087834477425 2.0000916648507143 5
    endloop
  endfacet
  facet normal 0.5917281815257847 -0.8061375559966104 0
    outer loop
      vertex 5.624794378876686 2.1964358765482928 0
      vertex 6.137230850756168 2.5725790042281176 0
      vertex 5.624794378876686 2.1964358765482928 5
    endloop
  endfacet
  facet normal 0.8148025685859916 -0.5797385395380149 0
    outer loop
      vertex 6.137230850756168 2.5725790042281176 0
      vertex 6.50575253367424 3.0905235487818743 0
      vertex 6.137230850756168 2.5725790042281176 5
    endloop
  endfacet
  facet normal 0.955566656527977 -0.2947751090779939 0
    outer loop
      vertex 6.50575253367424 3.0905235487818743 0
      vertex 6.693131864070892 3.697947427988055 0
      vertex 6.50575253367424 3.0905235487818743 5
    endloop
  endfacet
  facet normal -0.9964667506426488 -0.08398818288117221 0
    outer loop
      vertex 0.03767073154449463 9.854849480450156 0
      vertex 0.009425088763237 10.189966194689276 5
      vertex 0.009425088763237 10.189966194689276 0
    endloop
  endfacet
  facet normal -0.9996072106928761 -0.0280254229371903 0
    outer loop
      vertex 0.009425088763237 10.189966194689276 0
      vertex 0 10.526139058530333 5
      vertex 0 10.526139058530333 0
    endloop
  endfacet
  facet normal 0.9902680687461658 -0.13917310092736637 0
    outer loop
      vertex 6.693131864070892 3.697947427988055 0
      vertex 16.702893622219563 74.92110318726301 0
      vertex 6.693131864070892 3.697947427988055 5
    endloop
  endfacet
  facet normal 0 0 -1
    outer loop
      vertex 0 10.526139058530333 0
      vertex 11.652239017188549 79.6851857457161 0
      vertex 11.79530868679285 79.11401961034537 0
    endloop
  endfacet
  facet normal 0 0 -1
    outer loop
      vertex 0 10.526139058530333 0
      vertex 11.56584233790636 80.26762483304739 0
      vertex 11.652239017188549 79.6851857457161 0
    endloop
  endfacet
  facet normal 0 0 -1
    outer loop
      vertex 6.693131864070892 3.697947427988055 0
      vertex 12.898887984454632 77.04936797207594 0
      vertex 13.294310010969639 76.61308699136973 0
    endloop
  endfacet
  facet normal 0 0 -1
    outer loop
      vertex 6.693131864070892 3.697947427988055 0
      vertex 11.993673503398895 78.5596270788312 0
      vertex 12.24542311578989 78.02734725213051 0
    endloop
  endfacet
  facet normal 0 0 -1
    outer loop
      vertex 6.693131864070892 3.697947427988055 0
      vertex 11.79530868679285 79.11401961034537 0
      vertex 11.993673503398895 78.5596270788312 0
    endloop
  endfacet
  facet normal 0 0 -1
    outer loop
      vertex 6.693131864070892 3.697947427988055 0
      vertex 12.54813303053379 77.5223062787056 0
      vertex 12.898887984454632 77.04936797207594 0
    endloop
  endfacet
  facet normal 0 0 -1
    outer loop
      vertex 6.693131864070892 3.697947427988055 0
      vertex 12.24542311578989 78.02734725213051 0
      vertex 12.54813303053379 77.5223062787056 0
    endloop
  endfacet
  facet normal 0 0 -1
    outer loop
      vertex 6.693131864070892 3.697947427988055 0
      vertex 13.730590999126434 76.21766495740414 0
      vertex 14.203529305756092 75.8669100034833 0
    endloop
  endfacet
  facet normal 0 0 -1
    outer loop
      vertex 6.693131864070892 3.697947427988055 0
      vertex 13.294310010969639 76.61308699136973 0
      vertex 13.730590999126434 76.21766495740414 0
    endloop
  endfacet
  facet normal 0 0 -1
    outer loop
      vertex 6.693131864070892 3.697947427988055 0
      vertex 14.203529305756092 75.8669100034833 0
      vertex 14.708570279181004 75.5642000887394 0
    endloop
  endfacet
  facet normal 0 0 -1
    outer loop
      vertex 6.693131864070892 3.697947427988055 0
      vertex 14.708570279181004 75.5642000887394 0
      vertex 15.240850105881691 75.3124504763484 0
    endloop
  endfacet
  facet normal 0 0 -1
    outer loop
      vertex 6.693131864070892 3.697947427988055 0
      vertex 15.240850105881691 75.3124504763484 0
      vertex 15.795242637395859 75.11408565974236 0
    endloop
  endfacet
  facet normal 0 0 -1
    outer loop
      vertex 6.693131864070892 3.697947427988055 0
      vertex 15.795242637395859 75.11408565974236 0
      vertex 16.36640877276659 74.97101599013806 0
    endloop
  endfacet
  facet normal 0 0 -1
    outer loop
      vertex 6.693131864070892 3.697947427988055 0
      vertex 16.36640877276659 74.97101599013806 0
      vertex 16.702893622219563 74.92110318726301 0
    endloop
  endfacet
  facet normal 0 0 -1
    outer loop
      vertex 0 10.526139058530333 0
      vertex 9.649999998509884 102.59099999850989 0
      vertex 11.56584233790636 80.26762483304739 0
    endloop
  endfacet
  facet normal 0 0 -1
    outer loop
      vertex 0 10.526139058530333 0
      vertex 4.350000001490116 102.59099999850989 0
      vertex 9.649999998509884 102.59099999850989 0
    endloop
  endfacet
  facet normal 0.9039892908627271 0.427555098210165 0
    outer loop
      vertex 12.24542311578989 78.02734725213051 0
      vertex 11.993673503398895 78.5596270788312 0
      vertex 12.24542311578989 78.02734725213051 5
    endloop
  endfacet
  facet normal 0.5956993049920404 0.803207531110111 0
    outer loop
      vertex 13.730590999126434 76.21766495740414 0
      vertex 14.203529305756092 75.8669100034833 5
      vertex 14.203529305756092 75.8669100034833 0
    endloop
  endfacet
  facet normal 0.5141027500766173 0.8577286064739005 0
    outer loop
      vertex 14.708570279181004 75.5642000887394 0
      vertex 14.203529305756092 75.8669100034833 0
      vertex 14.708570279181004 75.5642000887394 5
    endloop
  endfacet
  facet normal 0.803207531110111 0.5956993049920404 0
    outer loop
      vertex 12.898887984454632 77.04936797207594 0
      vertex 12.54813303053379 77.5223062787056 0
      vertex 12.898887984454632 77.04936797207594 5
    endloop
  endfacet
  facet normal 0.7409511297873682 0.6715589499566087 0
    outer loop
      vertex 12.898887984454632 77.04936797207594 0
      vertex 13.294310010969639 76.61308699136973 5
      vertex 13.294310010969639 76.61308699136973 0
    endloop
  endfacet
  facet normal 0.8577286064739005 0.5141027500766173 0
    outer loop
      vertex 12.24542311578989 78.02734725213051 0
      vertex 12.54813303053379 77.5223062787056 5
      vertex 12.54813303053379 77.5223062787056 0
    endloop
  endfacet
  facet normal 0.6715589506072077 0.7409511291976995 0
    outer loop
      vertex 13.294310010969639 76.61308699136973 0
      vertex 13.730590999126434 76.21766495740414 5
      vertex 13.730590999126434 76.21766495740414 0
    endloop
  endfacet
  facet normal 0.427555098210165 0.9039892908627271 0
    outer loop
      vertex 14.708570279181004 75.5642000887394 0
      vertex 15.240850105881691 75.3124504763484 5
      vertex 15.240850105881691 75.3124504763484 0
    endloop
  endfacet
  facet normal 0.33688984883968903 0.9415440668119425 0
    outer loop
      vertex 15.240850105881691 75.3124504763484 0
      vertex 15.795242637395859 75.11408565974236 5
      vertex 15.795242637395859 75.11408565974236 0
    endloop
  endfacet
  facet normal 0.24298018084783488 0.9700312529579413 0
    outer loop
      vertex 15.795242637395859 75.11408565974236 0
      vertex 16.36640877276659 74.97101599013806 5
      vertex 16.36640877276659 74.97101599013806 0
    endloop
  endfacet
  facet normal 0.14673044695582152 0.989176514043952 0
    outer loop
      vertex 16.36640877276659 74.97101599013806 0
      vertex 16.702893622219563 74.92110318726301 5
      vertex 16.702893622219563 74.92110318726301 0
    endloop
  endfacet
  facet normal -0.901113567546849 -0.4335831389514475 0
    outer loop
      vertex 2.9103685915470123 3.109127350509169 0
      vertex 2.9103685915470123 3.109127350509169 5
      vertex 0.5933185964822769 7.924640223741534 5
    endloop
  endfacet
  facet normal -0.6000387625027044 -0.7999709266556023 0
    outer loop
      vertex 3.7820271626114845 2.205971017837527 0
      vertex 3.7820271626114845 2.205971017837527 5
      vertex 3.273510627448559 2.587396920084956 5
    endloop
  endfacet
  facet normal -0.3187040624896585 -0.9478542717910744 0
    outer loop
      vertex 4.384548522531986 2.0033807981610323 0
      vertex 4.384548522531986 2.0033807981610323 5
      vertex 3.7820271626114845 2.205971017837527 5
    endloop
  endfacet
  facet normal -0.005174288030653041 -0.9999866132820859 0
    outer loop
      vertex 5.0202087834477425 2.0000916648507143 0
      vertex 5.0202087834477425 2.0000916648507143 5
      vertex 4.384548522531986 2.0033807981610323 5
    endloop
  endfacet
  facet normal -0.8207583228876111 -0.5712755687150607 0
    outer loop
      vertex 3.273510627448559 2.587396920084956 0
      vertex 3.273510627448559 2.587396920084956 5
      vertex 2.9103685915470123 3.109127350509169 5
    endloop
  endfacet
  facet normal -0.9129109656180349 -0.4081587544747108 0
    outer loop
      vertex 0.5933185964822769 7.924640223741534 0
      vertex 0.5933185964822769 7.924640223741534 5
      vertex 0.4560527801513672 8.231656715631487 5
    endloop
  endfacet
  facet normal -0.934345571891575 -0.35636828181897123 0
    outer loop
      vertex 0.4560527801513672 8.231656715631487 0
      vertex 0.4560527801513672 8.231656715631487 5
      vertex 0.33620435744524 8.545881770908835 5
    endloop
  endfacet
  facet normal -0.9528447507792595 -0.3034582029084252 0
    outer loop
      vertex 0.33620435744524 8.545881770908835 0
      vertex 0.33620435744524 8.545881770908835 5
      vertex 0.23414985835552216 8.866328187644484 5
    endloop
  endfacet
  facet normal -0.9683503751056469 -0.24959477364871419 0
    outer loop
      vertex 0.23414985835552216 8.866328187644484 0
      vertex 0.23414985835552216 8.866328187644484 5
      vertex 0.15020989626646042 9.191989228487017 5
    endloop
  endfacet
  facet normal -0.9808137463465808 -0.19494715944990051 0
    outer loop
      vertex 0.15020989626646042 9.191989228487017 0
      vertex 0.15020989626646042 9.191989228487017 5
      vertex 0.08464819937944412 9.521841757357123 5
    endloop
  endfacet
  facet normal -0.9901956934811171 -0.13968710968249587 0
    outer loop
      vertex 0.08464819937944412 9.521841757357123 0
      vertex 0.08464819937944412 9.521841757357123 5
      vertex 0.03767073154449463 9.854849480450156 5
    endloop
  endfacet
  facet normal 0.3088781758382868 -0.9511016099717277 0
    outer loop
      vertex 5.624794378876686 2.1964358765482928 0
      vertex 5.624794378876686 2.1964358765482928 5
      vertex 5.0202087834477425 2.0000916648507143 5
    endloop
  endfacet
  facet normal 0.5917281815257847 -0.8061375559966104 0
    outer loop
      vertex 6.137230850756168 2.5725790042281176 0
      vertex 6.137230850756168 2.5725790042281176 5
      vertex 5.624794378876686 2.1964358765482928 5
    endloop
  endfacet
  facet normal 0.8148025685859916 -0.5797385395380149 0
    outer loop
      vertex 6.50575253367424 3.0905235487818743 0
      vertex 6.50575253367424 3.0905235487818743 5
      vertex 6.137230850756168 2.5725790042281176 5
    endloop
  endfacet
  facet normal 0.955566656527977 -0.2947751090779939 0
    outer loop
      vertex 6.693131864070892 3.697947427988055 0
      vertex 6.693131864070892 3.697947427988055 5
      vertex 6.50575253367424 3.0905235487818743 5
    endloop
  endfacet
  facet normal -0.9964667506426488 -0.08398818288117221 0
    outer loop
      vertex 0.03767073154449463 9.854849480450156 0
      vertex 0.03767073154449463 9.854849480450156 5
      vertex 0.009425088763237 10.189966194689276 5
    endloop
  endfacet
  facet normal -0.9996072106928761 -0.0280254229371903 0
    outer loop
      vertex 0.009425088763237 10.189966194689276 0
      vertex 0.009425088763237 10.189966194689276 5
      vertex 0 10.526139058530333 5
    endloop
  endfacet
  facet normal 0 0 1
    outer loop
      vertex 3.7820271626114845 2.205971017837527 5
      vertex 4.384548522531986 2.0033807981610323 5
      vertex 6.50575253367424 3.0905235487818743 5
    endloop
  endfacet
  facet normal 0 0 1
    outer loop
      vertex 3.273510627448559 2.587396920084956 5
      vertex 6.50575253367424 3.0905235487818743 5
      vertex 2.9103685915470123 3.109127350509169 5
    endloop
  endfacet
  facet normal 0 0 1
    outer loop
      vertex 3.273510627448559 2.587396920084956 5
      vertex 3.7820271626114845 2.205971017837527 5
      vertex 6.50575253367424 3.0905235487818743 5
    endloop
  endfacet
  facet normal 0 0 1
    outer loop
      vertex 2.9103685915470123 3.109127350509169 5
      vertex 6.693131864070892 3.697947427988055 5
      vertex 0.5933185964822769 7.924640223741534 5
    endloop
  endfacet
  facet normal 0 0 1
    outer loop
      vertex 4.384548522531986 2.0033807981610323 5
      vertex 5.0202087834477425 2.0000916648507143 5
      vertex 6.50575253367424 3.0905235487818743 5
    endloop
  endfacet
  facet normal 0 0 1
    outer loop
      vertex 5.0202087834477425 2.0000916648507143 5
      vertex 5.624794378876686 2.1964358765482928 5
      vertex 6.137230850756168 2.5725790042281176 5
    endloop
  endfacet
  facet normal 0 0 1
    outer loop
      vertex 2.9103685915470123 3.109127350509169 5
      vertex 6.50575253367424 3.0905235487818743 5
      vertex 6.693131864070892 3.697947427988055 5
    endloop
  endfacet
  facet normal 0 0 1
    outer loop
      vertex 5.0202087834477425 2.0000916648507143 5
      vertex 6.137230850756168 2.5725790042281176 5
      vertex 6.50575253367424 3.0905235487818743 5
    endloop
  endfacet
  facet normal 0 0 1
    outer loop
      vertex 0.5933185964822769 7.924640223741534 5
      vertex 11.79530868679285 79.11401961034537 5
      vertex 0.4560527801513672 8.231656715631487 5
    endloop
  endfacet
  facet normal 0 0 1
    outer loop
      vertex 0.33620435744524 8.545881770908835 5
      vertex 11.79530868679285 79.11401961034537 5
      vertex 0.23414985835552216 8.866328187644484 5
    endloop
  endfacet
  facet normal 0 0 1
    outer loop
      vertex 0.4560527801513672 8.231656715631487 5
      vertex 11.79530868679285 79.11401961034537 5
      vertex 0.33620435744524 8.545881770908835 5
    endloop
  endfacet
  facet normal 0 0 1
    outer loop
      vertex 0.23414985835552216 8.866328187644484 5
      vertex 11.79530868679285 79.11401961034537 5
      vertex 0.15020989626646042 9.191989228487017 5
    endloop
  endfacet
  facet normal 0 0 1
    outer loop
      vertex 0.08464819937944412 9.521841757357123 5
      vertex 11.79530868679285 79.11401961034537 5
      vertex 0.03767073154449463 9.854849480450156 5
    endloop
  endfacet
  facet normal 0 0 1
    outer loop
      vertex 0.03767073154449463 9.854849480450156 5
      vertex 11.79530868679285 79.11401961034537 5
      vertex 0.009425088763237 10.189966194689276 5
    endloop
  endfacet
  facet normal 0 0 1
    outer loop
      vertex 0.15020989626646042 9.191989228487017 5
      vertex 11.79530868679285 79.11401961034537 5
      vertex 0.08464819937944412 9.521841757357123 5
    endloop
  endfacet
  facet normal 0 0 1
    outer loop
      vertex 0.009425088763237 10.189966194689276 5
      vertex 11.79530868679285 79.11401961034537 5
      vertex 0 10.526139058530333 5
    endloop
  endfacet
  facet normal 0 0 1
    outer loop
      vertex 0.5933185964822769 7.924640223741534 5
      vertex 6.693131864070892 3.697947427988055 5
      vertex 11.79530868679285 79.11401961034537 5
    endloop
  endfacet
  facet normal -1 0 0
    outer loop
      vertex 0 10.526139058530333 0
      vertex 0 10.526139058530333 5
      vertex 0 154.941 5
    endloop
  endfacet
  facet normal 0.9902680687461658 -0.13917310092736637 0
    outer loop
      vertex 16.702893622219563 74.92110318726301 0
      vertex 16.702893622219563 74.92110318726301 5
      vertex 6.693131864070892 3.697947427988055 5
    endloop
  endfacet
  facet normal 0.9039892908627271 0.427555098210165 0
    outer loop
      vertex 11.993673503398895 78.5596270788312 0
      vertex 11.993673503398895 78.5596270788312 5
      vertex 12.24542311578989 78.02734725213051 5
    endloop
  endfacet
  facet normal 0.5141027500766173 0.8577286064739005 0
    outer loop
      vertex 14.203529305756092 75.8669100034833 0
      vertex 14.203529305756092 75.8669100034833 5
      vertex 14.708570279181004 75.5642000887394 5
    endloop
  endfacet
  facet normal 0.6715589506072077 0.7409511291976995 0
    outer loop
      vertex 13.294310010969639 76.61308699136973 0
      vertex 13.294310010969639 76.61308699136973 5
      vertex 13.730590999126434 76.21766495740414 5
    endloop
  endfacet
  facet normal 0.7409511297873682 0.6715589499566087 0
    outer loop
      vertex 12.898887984454632 77.04936797207594 0
      vertex 12.898887984454632 77.04936797207594 5
      vertex 13.294310010969639 76.61308699136973 5
    endloop
  endfacet
  facet normal 0.803207531110111 0.5956993049920404 0
    outer loop
      vertex 12.54813303053379 77.5223062787056 0
      vertex 12.54813303053379 77.5223062787056 5
      vertex 12.898887984454632 77.04936797207594 5
    endloop
  endfacet
  facet normal 0.8577286064739005 0.5141027500766173 0
    outer loop
      vertex 12.24542311578989 78.02734725213051 0
      vertex 12.24542311578989 78.02734725213051 5
      vertex 12.54813303053379 77.5223062787056 5
    endloop
  endfacet
  facet normal 0.5956993049920404 0.803207531110111 0
    outer loop
      vertex 13.730590999126434 76.21766495740414 0
      vertex 13.730590999126434 76.21766495740414 5
      vertex 14.203529305756092 75.8669100034833 5
    endloop
  endfacet
  facet normal 0.427555098210165 0.9039892908627271 0
    outer loop
      vertex 14.708570279181004 75.5642000887394 0
      vertex 14.708570279181004 75.5642000887394 5
      vertex 15.240850105881691 75.3124504763484 5
    endloop
  endfacet
  facet normal 0.33688984883968903 0.9415440668119425 0
    outer loop
      vertex 15.240850105881691 75.3124504763484 0
      vertex 15.240850105881691 75.3124504763484 5
      vertex 15.795242637395859 75.11408565974236 5
    endloop
  endfacet
  facet normal 0.24298018084783488 0.9700312529579413 0
    outer loop
      vertex 15.795242637395859 75.11408565974236 0
      vertex 15.795242637395859 75.11408565974236 5
      vertex 16.36640877276659 74.97101599013806 5
    endloop
  endfacet
  facet normal 0.14673044695582152 0.989176514043952 0
    outer loop
      vertex 16.36640877276659 74.97101599013806 0
      vertex 16.36640877276659 74.97101599013806 5
      vertex 16.702893622219563 74.92110318726301 5
    endloop
  endfacet
  facet normal 0 0 1
    outer loop
      vertex 0 10.526139058530333 5
      vertex 11.79530868679285 79.11401961034537 5
      vertex 11.652239017188549 79.6851857457161 5
    endloop
  endfacet
  facet normal 0 0 1
    outer loop
      vertex 0 10.526139058530333 5
      vertex 11.652239017188549 79.6851857457161 5
      vertex 11.56584233790636 80.26762483304739 5
    endloop
  endfacet
  facet normal 0 0 1
    outer loop
      vertex 6.693131864070892 3.697947427988055 5
      vertex 13.294310010969639 76.61308699136973 5
      vertex 12.898887984454632 77.04936797207594 5
    endloop
  endfacet
  facet normal 0 0 1
    outer loop
      vertex 6.693131864070892 3.697947427988055 5
      vertex 12.24542311578989 78.02734725213051 5
      vertex 11.993673503398895 78.5596270788312 5
    endloop
  endfacet
  facet normal 0 0 1
    outer loop
      vertex 6.693131864070892 3.697947427988055 5
      vertex 11.993673503398895 78.5596270788312 5
      vertex 11.79530868679285 79.11401961034537 5
    endloop
  endfacet
  facet normal 0 0 1
    outer loop
      vertex 6.693131864070892 3.697947427988055 5
      vertex 12.898887984454632 77.04936797207594 5
      vertex 12.54813303053379 77.5223062787056 5
    endloop
  endfacet
  facet normal 0 0 1
    outer loop
      vertex 6.693131864070892 3.697947427988055 5
      vertex 12.54813303053379 77.5223062787056 5
      vertex 12.24542311578989 78.02734725213051 5
    endloop
  endfacet
  facet normal 0 0 1
    outer loop
      vertex 6.693131864070892 3.697947427988055 5
      vertex 14.203529305756092 75.8669100034833 5
      vertex 13.730590999126434 76.21766495740414 5
    endloop
  endfacet
  facet normal 0 0 1
    outer loop
      vertex 6.693131864070892 3.697947427988055 5
      vertex 13.730590999126434 76.21766495740414 5
      vertex 13.294310010969639 76.61308699136973 5
    endloop
  endfacet
  facet normal 0 0 1
    outer loop
      vertex 6.693131864070892 3.697947427988055 5
      vertex 14.708570279181004 75.5642000887394 5
      vertex 14.203529305756092 75.8669100034833 5
    endloop
  endfacet
  facet normal 0 0 1
    outer loop
      vertex 6.693131864070892 3.697947427988055 5
      vertex 15.240850105881691 75.3124504763484 5
      vertex 14.708570279181004 75.5642000887394 5
    endloop
  endfacet
  facet normal 0 0 1
    outer loop
      vertex 6.693131864070892 3.697947427988055 5
      vertex 15.795242637395859 75.11408565974236 5
      vertex 15.240850105881691 75.3124504763484 5
    endloop
  endfacet
  facet normal 0 0 1
    outer loop
      vertex 6.693131864070892 3.697947427988055 5
      vertex 16.36640877276659 74.97101599013806 5
      vertex 15.795242637395859 75.11408565974236 5
    endloop
  endfacet
  facet normal 0 0 1
    outer loop
      vertex 6.693131864070892 3.697947427988055 5
      vertex 16.702893622219563 74.92110318726301 5
      vertex 16.36640877276659 74.97101599013806 5
    endloop
  endfacet
  facet normal 0 0 1
    outer loop
      vertex 0 10.526139058530333 5
      vertex 11.56584233790636 80.26762483304739 5
      vertex 9.649999998509884 102.59099999850989 5
    endloop
  endfacet
  facet normal 0 0 1
    outer loop
      vertex 0 10.526139058530333 5
      vertex 9.649999998509884 102.59099999850989 5
      vertex 4.350000001490116 102.59099999850989 5
    endloop
  endfacet
  facet normal 0 0 -1
    outer loop
      vertex 0 10.526139058530333 0
      vertex 0 154.941 0
      vertex 4.350000001490116 102.59099999850989 0
    endloop
  endfacet
  facet normal 0 0 -1
    outer loop
      vertex 11.56584233790636 80.26762483304739 0
      vertex 9.649999998509884 102.59099999850989 0
      vertex 11.536950699985027 80.85572767293453 0
    endloop
  endfacet
  facet normal 0 0 -1
    outer loop
      vertex 11.536950699985027 80.85572767293453 0
      vertex 9.649999998509884 102.59099999850989 0
      vertex 11.56584233790636 81.44383052027226 0
    endloop
  endfacet
  facet normal 0 0 -1
    outer loop
      vertex 11.56584233790636 81.44383052027226 0
      vertex 9.649999998509884 102.59099999850989 0
      vertex 11.652239017188549 82.02626960760355 0
    endloop
  endfacet
  facet normal 0 0 -1
    outer loop
      vertex 11.652239017188549 82.02626960760355 0
      vertex 9.649999998509884 102.59099999850989 0
      vertex 11.79530868679285 82.5974357355237 0
    endloop
  endfacet
  facet normal 0 0 -1
    outer loop
      vertex 11.79530868679285 82.5974357355237 0
      vertex 9.649999998509884 102.59099999850989 0
      vertex 11.993673503398895 83.15182826703787 0
    endloop
  endfacet
  facet normal 0 0 -1
    outer loop
      vertex 11.993673503398895 83.15182826703787 0
      vertex 9.649999998509884 102.59099999850989 0
      vertex 12.24542311578989 83.68410809373856 0
    endloop
  endfacet
  facet normal 0 0 -1
    outer loop
      vertex 12.24542311578989 83.68410809373856 0
      vertex 9.649999998509884 102.59099999850989 0
      vertex 12.54813303053379 84.18914907461405 0
    endloop
  endfacet
  facet normal 0 0 -1
    outer loop
      vertex 12.54813303053379 84.18914907461405 0
      vertex 9.649999998509884 102.59099999850989 0
      vertex 12.898887984454632 84.66208738124371 0
    endloop
  endfacet
  facet normal 0 0 -1
    outer loop
      vertex 12.898887984454632 84.66208738124371 0
      vertex 9.649999998509884 102.59099999850989 0
      vertex 13.294310010969639 85.09836836194992 0
    endloop
  endfacet
  facet normal 0 0 -1
    outer loop
      vertex 13.294310010969639 85.09836836194992 0
      vertex 9.649999998509884 102.59099999850989 0
      vertex 13.730590999126434 85.49379039591551 0
    endloop
  endfacet
  facet normal 0 0 -1
    outer loop
      vertex 13.730590999126434 85.49379039591551 0
      vertex 9.649999998509884 102.59099999850989 0
      vertex 14.203529305756092 85.84454534983635 0
    endloop
  endfacet
  facet normal 0 0 -1
    outer loop
      vertex 14.203529305756092 85.84454534983635 0
      vertex 9.649999998509884 102.59099999850989 0
      vertex 14.708570279181004 86.14725526458025 0
    endloop
  endfacet
  facet normal 0 0 -1
    outer loop
      vertex 14.708570279181004 86.14725526458025 0
      vertex 9.649999998509884 102.59099999850989 0
      vertex 15.240850105881691 86.39900486952067 0
    endloop
  endfacet
  facet normal 0 0 -1
    outer loop
      vertex 15.240850105881691 86.39900486952067 0
      vertex 9.649999998509884 102.59099999850989 0
      vertex 15.795242637395859 86.59736968612671 0
    endloop
  endfacet
  facet normal 0 0 -1
    outer loop
      vertex 15.795242637395859 86.59736968612671 0
      vertex 24 98.46153183317185 0
      vertex 16.36640877276659 86.74043935573101 0
    endloop
  endfacet
  facet normal 0 0 -1
    outer loop
      vertex 15.795242637395859 86.59736968612671 0
      vertex 9.649999998509884 102.59099999850989 0
      vertex 24 98.46153183317185 0
    endloop
  endfacet
  facet normal 0 0 -1
    outer loop
      vertex 4.350000001490116 105.89100000298023 0
      vertex 4.350000001490116 106.79100000149012 0
      vertex 9.649999998509884 106.79100000149012 0
    endloop
  endfacet
  facet normal 0 0 -1
    outer loop
      vertex 4.350000001490116 105.89100000298023 0
      vertex 9.649999998509884 106.79100000149012 0
      vertex 9.649999998509884 105.89100000298023 0
    endloop
  endfacet
  facet normal 0 0 -1
    outer loop
      vertex 9.649999998509884 102.59099999850989 0
      vertex 9.649999998509884 105.89100000298023 0
      vertex 24 98.46153183317185 0
    endloop
  endfacet
  facet normal 0 0 -1
    outer loop
      vertex 9.649999998509884 105.89100000298023 0
      vertex 9.649999998509884 106.79100000149012 0
      vertex 24 98.46153183317185 0
    endloop
  endfacet
  facet normal 0 0 -1
    outer loop
      vertex 9.649999998509884 106.79100000149012 0
      vertex 9.649999998509884 119.09099999850989 0
      vertex 24 98.46153183317185 0
    endloop
  endfacet
  facet normal 0 0 -1
    outer loop
      vertex 24 98.46153183317185 0
      vertex 9.649999998509884 119.09099999850989 0
      vertex 24 131.941 0
    endloop
  endfacet
  facet normal 0 0 -1
    outer loop
      vertex 16.36640877276659 86.74043935573101 0
      vertex 24 98.46153183317185 0
      vertex 24.039033822715282 98.47770016676188 0
    endloop
  endfacet
  facet normal 0.9415440668119425 0.33688984883968903 0
    outer loop
      vertex 11.79530868679285 79.11401961034537 0
      vertex 11.993673503398895 78.5596270788312 5
      vertex 11.993673503398895 78.5596270788312 0
    endloop
  endfacet
  facet normal 0.9700312529579413 0.24298018084783488 0
    outer loop
      vertex 11.79530868679285 79.11401961034537 0
      vertex 11.652239017188549 79.6851857457161 0
      vertex 11.79530868679285 79.11401961034537 5
    endloop
  endfacet
  facet normal 0.9891765094515756 0.1467304779151117 0
    outer loop
      vertex 11.652239017188549 79.6851857457161 0
      vertex 11.56584233790636 80.26762483304739 0
      vertex 11.652239017188549 79.6851857457161 5
    endloop
  endfacet
  facet normal 0.9987954563668773 0.049067671035838485 0
    outer loop
      vertex 11.56584233790636 80.26762483304739 0
      vertex 11.536950699985027 80.85572767293453 0
      vertex 11.56584233790636 80.26762483304739 5
    endloop
  endfacet
  facet normal 0.9987954563973426 -0.0490676704157047 0
    outer loop
      vertex 11.536950699985027 80.85572767293453 0
      vertex 11.56584233790636 81.44383052027226 0
      vertex 11.536950699985027 80.85572767293453 5
    endloop
  endfacet
  facet normal 0.9891765094515756 -0.1467304779151117 0
    outer loop
      vertex 11.56584233790636 81.44383052027226 0
      vertex 11.652239017188549 82.02626960760355 0
      vertex 11.56584233790636 81.44383052027226 5
    endloop
  endfacet
  facet normal 0.9700312522108819 -0.24298018383026293 0
    outer loop
      vertex 11.652239017188549 82.02626960760355 0
      vertex 11.79530868679285 82.5974357355237 0
      vertex 11.652239017188549 82.02626960760355 5
    endloop
  endfacet
  facet normal 0.9415440668119425 -0.33688984883968903 0
    outer loop
      vertex 11.79530868679285 82.5974357355237 0
      vertex 11.993673503398895 83.15182826703787 0
      vertex 11.79530868679285 82.5974357355237 5
    endloop
  endfacet
  facet normal 0.9039892908627271 -0.427555098210165 0
    outer loop
      vertex 11.993673503398895 83.15182826703787 0
      vertex 12.24542311578989 83.68410809373856 0
      vertex 11.993673503398895 83.15182826703787 5
    endloop
  endfacet
  facet normal 0.8577286098182622 -0.5141027444968869 0
    outer loop
      vertex 12.24542311578989 83.68410809373856 0
      vertex 12.54813303053379 84.18914907461405 0
      vertex 12.24542311578989 83.68410809373856 5
    endloop
  endfacet
  facet normal 0.803207531110111 -0.5956993049920404 0
    outer loop
      vertex 12.54813303053379 84.18914907461405 0
      vertex 12.898887984454632 84.66208738124371 0
      vertex 12.54813303053379 84.18914907461405 5
    endloop
  endfacet
  facet normal 0.7409511297873682 -0.6715589499566087 0
    outer loop
      vertex 12.898887984454632 84.66208738124371 0
      vertex 13.294310010969639 85.09836836194992 0
      vertex 12.898887984454632 84.66208738124371 5
    endloop
  endfacet
  facet normal 0.6715589506072077 -0.7409511291976995 0
    outer loop
      vertex 13.294310010969639 85.09836836194992 0
      vertex 13.730590999126434 85.49379039591551 0
      vertex 13.294310010969639 85.09836836194992 5
    endloop
  endfacet
  facet normal 0.5956993049920404 -0.803207531110111 0
    outer loop
      vertex 13.730590999126434 85.49379039591551 0
      vertex 14.203529305756092 85.84454534983635 0
      vertex 13.730590999126434 85.49379039591551 5
    endloop
  endfacet
  facet normal 0.5141027500766173 -0.8577286064739005 0
    outer loop
      vertex 14.203529305756092 85.84454534983635 0
      vertex 14.708570279181004 86.14725526458025 0
      vertex 14.203529305756092 85.84454534983635 5
    endloop
  endfacet
  facet normal 0.42755508786970237 -0.9039892957534017 0
    outer loop
      vertex 14.708570279181004 86.14725526458025 0
      vertex 15.240850105881691 86.39900486952067 0
      vertex 14.708570279181004 86.14725526458025 5
    endloop
  endfacet
  facet normal 0.33688984883968903 -0.9415440668119425 0
    outer loop
      vertex 15.240850105881691 86.39900486952067 0
      vertex 15.795242637395859 86.59736968612671 0
      vertex 15.240850105881691 86.39900486952067 5
    endloop
  endfacet
  facet normal 0.24298018084783488 -0.9700312529579413 0
    outer loop
      vertex 15.795242637395859 86.59736968612671 0
      vertex 16.36640877276659 86.74043935573101 0
      vertex 15.795242637395859 86.59736968612671 5
    endloop
  endfacet
  facet normal 0.1467304779151117 -0.9891765094515756 0
    outer loop
      vertex 16.36640877276659 86.74043935573101 0
      vertex 16.948847860097885 86.8268360350132 0
      vertex 16.36640877276659 86.74043935573101 5
    endloop
  endfacet
  facet normal 0.049067671035838485 -0.9987954563668773 0
    outer loop
      vertex 16.948847860097885 86.8268360350132 0
      vertex 17.536950699985027 86.85572767293453 0
      vertex 16.948847860097885 86.8268360350132 5
    endloop
  endfacet
  facet normal -0.049067671035838485 -0.9987954563668773 0
    outer loop
      vertex 17.536950699985027 86.85572767293453 0
      vertex 18.12505353987217 86.8268360350132 0
      vertex 17.536950699985027 86.85572767293453 5
    endloop
  endfacet
  facet normal -0.14673047607854156 -0.9891765097240051 0
    outer loop
      vertex 18.12505353987217 86.8268360350132 0
      vertex 18.707492634654045 86.74043935573101 0
      vertex 18.12505353987217 86.8268360350132 5
    endloop
  endfacet
  facet normal -0.24298018383026293 -0.9700312522108819 0
    outer loop
      vertex 19.278658762574196 86.59736968612671 0
      vertex 18.707492634654045 86.74043935573101 5
      vertex 18.707492634654045 86.74043935573101 0
    endloop
  endfacet
  facet normal -0.33688984883968903 -0.9415440668119425 0
    outer loop
      vertex 19.278658762574196 86.59736968612671 0
      vertex 19.833051294088364 86.39900486952067 0
      vertex 19.278658762574196 86.59736968612671 5
    endloop
  endfacet
  facet normal -1 0 0
    outer loop
      vertex 0 10.526139058530333 0
      vertex 0 154.941 5
      vertex 0 154.941 0
    endloop
  endfacet
  facet normal 1 0 0
    outer loop
      vertex 4.350000001490116 102.59099999850989 0
      vertex 4.350000001490116 105.89100000298023 0
      vertex 4.350000001490116 105.89100000298023 5
    endloop
  endfacet
  facet normal 0 1 0
    outer loop
      vertex 4.350000001490116 102.59099999850989 0
      vertex 4.350000001490116 102.59099999850989 5
      vertex 9.649999998509884 102.59099999850989 0
    endloop
  endfacet
  facet normal 0 1 0
    outer loop
      vertex 4.350000001490116 106.79100000149012 0
      vertex 4.350000001490116 106.79100000149012 5
      vertex 9.649999998509884 106.79100000149012 0
    endloop
  endfacet
  facet normal -1 0 0
    outer loop
      vertex 9.649999998509884 102.59099999850989 0
      vertex 9.649999998509884 102.59099999850989 5
      vertex 9.649999998509884 105.89100000298023 0
    endloop
  endfacet
  facet normal 0 -1 0
    outer loop
      vertex 4.350000001490116 105.89100000298023 0
      vertex 9.649999998509884 105.89100000298023 0
      vertex 9.649999998509884 105.89100000298023 5
    endloop
  endfacet
  facet normal 1 0 0
    outer loop
      vertex 4.350000001490116 106.79100000149012 0
      vertex 4.350000001490116 119.09099999850989 0
      vertex 4.350000001490116 119.09099999850989 5
    endloop
  endfacet
  facet normal -1 0 0
    outer loop
      vertex 9.649999998509884 106.79100000149012 0
      vertex 9.649999998509884 106.79100000149012 5
      vertex 9.649999998509884 119.09099999850989 0
    endloop
  endfacet
  facet normal -0.5956993049920404 -0.803207531110111 0
    outer loop
      vertex 21.3433104082942 85.49379039591551 0
      vertex 20.870372101664543 85.84454534983635 5
      vertex 20.870372101664543 85.84454534983635 0
    endloop
  endfacet
  facet normal -0.7409511234910436 -0.6715589569035323 0
    outer loop
      vertex 22.175013422966003 84.66208738124371 0
      vertex 21.779591389000416 85.09836836194992 5
      vertex 21.779591389000416 85.09836836194992 0
    endloop
  endfacet
  facet normal -0.6715589569035323 -0.7409511234910436 0
    outer loop
      vertex 21.3433104082942 85.49379039591551 0
      vertex 21.779591389000416 85.09836836194992 0
      vertex 21.3433104082942 85.49379039591551 5
    endloop
  endfacet
  facet normal -0.42755508786970237 -0.9039892957534017 0
    outer loop
      vertex 19.833051294088364 86.39900486952067 0
      vertex 20.36533112078905 86.14725526458025 0
      vertex 19.833051294088364 86.39900486952067 5
    endloop
  endfacet
  facet normal -0.5141027444968869 -0.8577286098182622 0
    outer loop
      vertex 20.36533112078905 86.14725526458025 0
      vertex 20.870372101664543 85.84454534983635 0
      vertex 20.36533112078905 86.14725526458025 5
    endloop
  endfacet
  facet normal -0.803207531110111 -0.5956993049920404 0
    outer loop
      vertex 22.525768376886845 84.18914907461405 0
      vertex 22.175013422966003 84.66208738124371 5
      vertex 22.175013422966003 84.66208738124371 0
    endloop
  endfacet
  facet normal -0.8577286089272587 -0.5141027459834363 0
    outer loop
      vertex 22.525768376886845 84.18914907461405 0
      vertex 22.72753895819187 83.85251519864798 0
      vertex 22.525768376886845 84.18914907461405 5
    endloop
  endfacet
  facet normal -0.38268332792008947 0.9238795757738155 0
    outer loop
      vertex 24.039033822715282 98.47770016676188 0
      vertex 24 98.46153183317185 0
      vertex 24 98.46153183317185 5
    endloop
  endfacet
  facet normal -0.46416583430384656 0.8857483154175424 0
    outer loop
      vertex 24.039033822715282 98.47770016676188 0
      vertex 24.039033822715282 98.47770016676188 5
      vertex 24.256368532776833 98.59159182792902 0
    endloop
  endfacet
  facet normal 0 0 -1
    outer loop
      vertex 4.350000001490116 102.59099999850989 0
      vertex 0 154.941 0
      vertex 4.350000001490116 105.89100000298023 0
    endloop
  endfacet
  facet normal 0 0 -1
    outer loop
      vertex 4.350000001490116 105.89100000298023 0
      vertex 0 154.941 0
      vertex 4.350000001490116 106.79100000149012 0
    endloop
  endfacet
  facet normal 0 0 -1
    outer loop
      vertex 4.350000001490116 106.79100000149012 0
      vertex 0 154.941 0
      vertex 4.350000001490116 119.09099999850989 0
    endloop
  endfacet
  facet normal 0 0 -1
    outer loop
      vertex 4.350000001490116 119.09099999850989 0
      vertex 4.350000001490116 119.99099999701977 0
      vertex 9.649999998509884 119.99099999701977 0
    endloop
  endfacet
  facet normal 0 0 -1
    outer loop
      vertex 4.350000001490116 119.09099999850989 0
      vertex 9.649999998509884 119.99099999701977 0
      vertex 9.649999998509884 119.09099999850989 0
    endloop
  endfacet
  facet normal 0 0 -1
    outer loop
      vertex 4.350000001490116 119.09099999850989 0
      vertex 0 154.941 0
      vertex 4.350000001490116 119.99099999701977 0
    endloop
  endfacet
  facet normal 0 0 -1
    outer loop
      vertex 4.350000001490116 119.99099999701977 0
      vertex 0 154.941 0
      vertex 4.350000001490116 123.29100000149012 0
    endloop
  endfacet
  facet normal 0 0 -1
    outer loop
      vertex 4.350000001490116 123.29100000149012 0
      vertex 12 137.941 0
      vertex 9.649999998509884 123.29100000149012 0
    endloop
  endfacet
  facet normal 0 0 -1
    outer loop
      vertex 9.649999998509884 119.09099999850989 0
      vertex 9.649999998509884 119.99099999701977 0
      vertex 24 131.941 0
    endloop
  endfacet
  facet normal 0 0 -1
    outer loop
      vertex 9.649999998509884 119.99099999701977 0
      vertex 9.649999998509884 123.29100000149012 0
      vertex 24 131.941 0
    endloop
  endfacet
  facet normal 0 0 -1
    outer loop
      vertex 9.649999998509884 123.29100000149012 0
      vertex 12 137.941 0
      vertex 18 137.941 0
    endloop
  endfacet
  facet normal 0 0 -1
    outer loop
      vertex 9.649999998509884 123.29100000149012 0
      vertex 23.971108362078667 132.52910283988714 0
      vertex 24 131.941 0
    endloop
  endfacet
  facet normal 0 0 -1
    outer loop
      vertex 9.649999998509884 123.29100000149012 0
      vertex 23.88471168279648 133.11154193466902 0
      vertex 23.971108362078667 132.52910283988714 0
    endloop
  endfacet
  facet normal 0 0 -1
    outer loop
      vertex 9.649999998509884 123.29100000149012 0
      vertex 21.333421401679516 136.92981767690182 0
      vertex 21.806359708309174 136.57906272298098 0
    endloop
  endfacet
  facet normal 0 0 -1
    outer loop
      vertex 9.649999998509884 123.29100000149012 0
      vertex 22.24264068901539 136.1836406890154 0
      vertex 22.638062722980976 135.74735970830918 0
    endloop
  endfacet
  facet normal 0 0 -1
    outer loop
      vertex 9.649999998509884 123.29100000149012 0
      vertex 21.806359708309174 136.57906272298098 0
      vertex 22.24264068901539 136.1836406890154 0
    endloop
  endfacet
  facet normal 0 0 -1
    outer loop
      vertex 9.649999998509884 123.29100000149012 0
      vertex 23.543277196586132 134.23710059410334 0
      vertex 23.741642013192177 133.68270806258917 0
    endloop
  endfacet
  facet normal 0 0 -1
    outer loop
      vertex 9.649999998509884 123.29100000149012 0
      vertex 22.988817676901817 135.27442140167952 0
      vertex 23.291527584195137 134.76938042080403 0
    endloop
  endfacet
  facet normal 0 0 -1
    outer loop
      vertex 9.649999998509884 123.29100000149012 0
      vertex 23.291527584195137 134.76938042080403 0
      vertex 23.543277196586132 134.23710059410334 0
    endloop
  endfacet
  facet normal 0 0 -1
    outer loop
      vertex 9.649999998509884 123.29100000149012 0
      vertex 23.741642013192177 133.68270806258917 0
      vertex 23.88471168279648 133.11154193466902 0
    endloop
  endfacet
  facet normal 0 0 -1
    outer loop
      vertex 9.649999998509884 123.29100000149012 0
      vertex 22.638062722980976 135.74735970830918 0
      vertex 22.988817676901817 135.27442140167952 0
    endloop
  endfacet
  facet normal 0 0 -1
    outer loop
      vertex 9.649999998509884 123.29100000149012 0
      vertex 18.588102839887142 137.91210836207867 0
      vertex 19.170541934669018 137.82571168279648 0
    endloop
  endfacet
  facet normal 0 0 -1
    outer loop
      vertex 9.649999998509884 123.29100000149012 0
      vertex 18 137.941 0
      vertex 18.588102839887142 137.91210836207867 0
    endloop
  endfacet
  facet normal 0 0 -1
    outer loop
      vertex 9.649999998509884 123.29100000149012 0
      vertex 19.170541934669018 137.82571168279648 0
      vertex 19.74170806258917 137.68264201319218 0
    endloop
  endfacet
  facet normal 0 0 -1
    outer loop
      vertex 9.649999998509884 123.29100000149012 0
      vertex 19.74170806258917 137.68264201319218 0
      vertex 20.296100594103336 137.48427719658613 0
    endloop
  endfacet
  facet normal 0 0 -1
    outer loop
      vertex 9.649999998509884 123.29100000149012 0
      vertex 20.296100594103336 137.48427719658613 0
      vertex 20.828380420804024 137.23252758419514 0
    endloop
  endfacet
  facet normal 0 0 -1
    outer loop
      vertex 9.649999998509884 123.29100000149012 0
      vertex 20.828380420804024 137.23252758419514 0
      vertex 21.333421401679516 136.92981767690182 0
    endloop
  endfacet
  facet normal 0 0 -1
    outer loop
      vertex 4.350000001490116 123.29100000149012 0
      vertex 0 154.941 0
      vertex 12 137.941 0
    endloop
  endfacet
  facet normal 0 0 -1
    outer loop
      vertex 0 154.941 0
      vertex 12 141.941 0
      vertex 12 137.941 0
    endloop
  endfacet
  facet normal 0 0 -1
    outer loop
      vertex 0 154.941 0
      vertex 12.014445818960667 142.23505142366886 0
      vertex 12 141.941 0
    endloop
  endfacet
  facet normal 0 0 -1
    outer loop
      vertex 0 154.941 0
      vertex 12.05764415860176 142.52627096360922 0
      vertex 12.014445818960667 142.23505142366886 0
    endloop
  endfacet
  facet normal 0 0 -1
    outer loop
      vertex 0 154.941 0
      vertex 12.129178993403912 142.81185403501988 0
      vertex 12.05764415860176 142.52627096360922 0
    endloop
  endfacet
  facet normal 0 0 -1
    outer loop
      vertex 0 154.941 0
      vertex 12.228361405432224 143.08905030077696 0
      vertex 12.129178993403912 142.81185403501988 0
    endloop
  endfacet
  facet normal 0 0 -1
    outer loop
      vertex 0 154.941 0
      vertex 12.354236207902431 143.35519021040201 0
      vertex 12.228361405432224 143.08905030077696 0
    endloop
  endfacet
  facet normal 0 0 -1
    outer loop
      vertex 0 154.941 0
      vertex 0.038429439067840576 155.3311806473732 0
      vertex 13.851949699223042 144.71263859456778 0
    endloop
  endfacet
  facet normal 0 0 -1
    outer loop
      vertex 0.038429439067840576 155.3311806473732 0
      vertex 0.15224093198776245 155.70636686718464 0
      vertex 13.851949699223042 144.71263859456778 0
    endloop
  endfacet
  facet normal 0 0 -1
    outer loop
      vertex 0.15224093198776245 155.70636686718464 0
      vertex 0.337060771882534 156.0521404672265 0
      vertex 13.851949699223042 144.71263859456778 0
    endloop
  endfacet
  facet normal 0 0 -1
    outer loop
      vertex 0 154.941 0
      vertex 12.505591161549091 143.60771069711447 0
      vertex 12.354236207902431 143.35519021040201 0
    endloop
  endfacet
  facet normal 0 0 -1
    outer loop
      vertex 0 154.941 0
      vertex 12.680968642234802 143.8441798541546 0
      vertex 12.505591161549091 143.60771069711447 0
    endloop
  endfacet
  facet normal 0 0 -1
    outer loop
      vertex 0 154.941 0
      vertex 12.878679655492306 144.0623203445077 0
      vertex 12.680968642234802 143.8441798541546 0
    endloop
  endfacet
  facet normal 0 0 -1
    outer loop
      vertex 0 154.941 0
      vertex 13.096820145845413 144.2600313577652 0
      vertex 12.878679655492306 144.0623203445077 0
    endloop
  endfacet
  facet normal 0 0 -1
    outer loop
      vertex 0 154.941 0
      vertex 13.333289302885532 144.4354088384509 0
      vertex 13.096820145845413 144.2600313577652 0
    endloop
  endfacet
  facet normal 0 0 -1
    outer loop
      vertex 0 154.941 0
      vertex 13.585809789597988 144.58676379209757 0
      vertex 13.333289302885532 144.4354088384509 0
    endloop
  endfacet
  facet normal 0 0 -1
    outer loop
      vertex 0 154.941 0
      vertex 13.851949699223042 144.71263859456778 0
      vertex 13.585809789597988 144.58676379209757 0
    endloop
  endfacet
  facet normal 0 0 -1
    outer loop
      vertex 0.337060771882534 156.0521404672265 0
      vertex 0.5857864394783974 156.3552135605216 0
      vertex 13.851949699223042 144.71263859456778 0
    endloop
  endfacet
  facet normal 0 0 -1
    outer loop
      vertex 0.5857864394783974 156.3552135605216 0
      vertex 0.8888595327734947 156.60393922811747 0
      vertex 13.851949699223042 144.71263859456778 0
    endloop
  endfacet
  facet normal 0 0 -1
    outer loop
      vertex 0.8888595327734947 156.60393922811747 0
      vertex 1.234633132815361 156.78875906801224 0
      vertex 13.851949699223042 144.71263859456778 0
    endloop
  endfacet
  facet normal 0 0 -1
    outer loop
      vertex 1.234633132815361 156.78875906801224 0
      vertex 1.6098193526268005 156.90257056093216 0
      vertex 13.851949699223042 144.71263859456778 0
    endloop
  endfacet
  facet normal 0 0 -1
    outer loop
      vertex 1.6098193526268005 156.90257056093216 0
      vertex 2 156.941 0
      vertex 13.851949699223042 144.71263859456778 0
    endloop
  endfacet
  facet normal 0 0 -1
    outer loop
      vertex 2 156.941 0
      vertex 14.129145964980125 144.8118210065961 0
      vertex 13.851949699223042 144.71263859456778 0
    endloop
  endfacet
  facet normal 0 0 -1
    outer loop
      vertex 2 156.941 0
      vertex 14.414729036390781 144.88335584139824 0
      vertex 14.129145964980125 144.8118210065961 0
    endloop
  endfacet
  facet normal 0 0 -1
    outer loop
      vertex 2 156.941 0
      vertex 14.705948576331139 144.92655418103934 0
      vertex 14.414729036390781 144.88335584139824 0
    endloop
  endfacet
  facet normal 0 0 -1
    outer loop
      vertex 2 156.941 0
      vertex 15 144.941 0
      vertex 14.705948576331139 144.92655418103934 0
    endloop
  endfacet
  facet normal 0 0 -1
    outer loop
      vertex 2 156.941 0
      vertex 93.33974596112967 144.941 0
      vertex 15 144.941 0
    endloop
  endfacet
  facet normal 1 0 0
    outer loop
      vertex 4.350000001490116 119.99099999701977 0
      vertex 4.350000001490116 123.29100000149012 0
      vertex 4.350000001490116 123.29100000149012 5
    endloop
  endfacet
  facet normal 0 1 0
    outer loop
      vertex 4.350000001490116 119.99099999701977 0
      vertex 4.350000001490116 119.99099999701977 5
      vertex 9.649999998509884 119.99099999701977 0
    endloop
  endfacet
  facet normal 0 -1 0
    outer loop
      vertex 4.350000001490116 119.09099999850989 0
      vertex 9.649999998509884 119.09099999850989 0
      vertex 9.649999998509884 119.09099999850989 5
    endloop
  endfacet
  facet normal -1 0 0
    outer loop
      vertex 9.649999998509884 119.99099999701977 0
      vertex 9.649999998509884 119.99099999701977 5
      vertex 9.649999998509884 123.29100000149012 0
    endloop
  endfacet
  facet normal 0 -1 0
    outer loop
      vertex 4.350000001490116 123.29100000149012 0
      vertex 9.649999998509884 123.29100000149012 0
      vertex 9.649999998509884 123.29100000149012 5
    endloop
  endfacet
  facet normal -0.9951847267853376 0.0980171391808235 0
    outer loop
      vertex 0 154.941 0
      vertex 0.038429439067840576 155.3311806473732 5
      vertex 0.038429439067840576 155.3311806473732 0
    endloop
  endfacet
  facet normal -0.9569403375708344 0.29028467119332607 0
    outer loop
      vertex 0.038429439067840576 155.3311806473732 0
      vertex 0.15224093198776245 155.70636686718464 5
      vertex 0.15224093198776245 155.70636686718464 0
    endloop
  endfacet
  facet normal -0.8819212641844242 0.4713967371326908 0
    outer loop
      vertex 0.15224093198776245 155.70636686718464 0
      vertex 0.337060771882534 156.0521404672265 5
      vertex 0.337060771882534 156.0521404672265 0
    endloop
  endfacet
  facet normal -0.7730104435344091 0.6343932961394977 0
    outer loop
      vertex 0.337060771882534 156.0521404672265 0
      vertex 0.5857864394783974 156.3552135605216 5
      vertex 0.5857864394783974 156.3552135605216 0
    endloop
  endfacet
  facet normal -0.6343932961394977 0.7730104435344091 0
    outer loop
      vertex 0.5857864394783974 156.3552135605216 0
      vertex 0.8888595327734947 156.60393922811747 5
      vertex 0.8888595327734947 156.60393922811747 0
    endloop
  endfacet
  facet normal -0.4713967371326908 0.8819212641844242 0
    outer loop
      vertex 0.8888595327734947 156.60393922811747 0
      vertex 1.234633132815361 156.78875906801224 5
      vertex 1.234633132815361 156.78875906801224 0
    endloop
  endfacet
  facet normal -0.29028467119332607 0.9569403375708344 0
    outer loop
      vertex 1.234633132815361 156.78875906801224 0
      vertex 1.6098193526268005 156.90257056093216 5
      vertex 1.6098193526268005 156.90257056093216 0
    endloop
  endfacet
  facet normal -0.0980171391808235 0.9951847267853376 0
    outer loop
      vertex 1.6098193526268005 156.90257056093216 0
      vertex 2 156.941 5
      vertex 2 156.941 0
    endloop
  endfacet
  facet normal 1 0 0
    outer loop
      vertex 12 137.941 0
      vertex 12 141.941 0
      vertex 12 141.941 5
    endloop
  endfacet
  facet normal 0.9987954563973426 -0.0490676704157047 0
    outer loop
      vertex 12 141.941 0
      vertex 12.014445818960667 142.23505142366886 0
      vertex 12.014445818960667 142.23505142366886 5
    endloop
  endfacet
  facet normal 0 1 0
    outer loop
      vertex 12 137.941 0
      vertex 12 137.941 5
      vertex 18 137.941 0
    endloop
  endfacet
  facet normal 0.9891765091791461 -0.14673047975168188 0
    outer loop
      vertex 12.014445818960667 142.23505142366886 0
      vertex 12.05764415860176 142.52627096360922 0
      vertex 12.05764415860176 142.52627096360922 5
    endloop
  endfacet
  facet normal 0.9700312537050005 -0.24298017786540685 0
    outer loop
      vertex 12.05764415860176 142.52627096360922 0
      vertex 12.129178993403912 142.81185403501988 0
      vertex 12.129178993403912 142.81185403501988 5
    endloop
  endfacet
  facet normal 0.9415440627982695 -0.3368898600571533 0
    outer loop
      vertex 12.129178993403912 142.81185403501988 0
      vertex 12.228361405432224 143.08905030077696 0
      vertex 12.228361405432224 143.08905030077696 5
    endloop
  endfacet
  facet normal 0.9039892934402849 -0.42755509276037695 0
    outer loop
      vertex 12.228361405432224 143.08905030077696 0
      vertex 12.354236207902431 143.35519021040201 0
      vertex 12.354236207902431 143.35519021040201 5
    endloop
  endfacet
  facet normal 0.8577286120536309 -0.5141027407673996 0
    outer loop
      vertex 12.354236207902431 143.35519021040201 0
      vertex 12.505591161549091 143.60771069711447 0
      vertex 12.505591161549091 143.60771069711447 5
    endloop
  endfacet
  facet normal 0.8032075295459704 -0.59569930710104 0
    outer loop
      vertex 12.505591161549091 143.60771069711447 0
      vertex 12.680968642234802 143.8441798541546 0
      vertex 12.680968642234802 143.8441798541546 5
    endloop
  endfacet
  facet normal 0.7409511297873682 -0.6715589499566087 0
    outer loop
      vertex 12.680968642234802 143.8441798541546 0
      vertex 12.878679655492306 144.0623203445077 0
      vertex 12.878679655492306 144.0623203445077 5
    endloop
  endfacet
  facet normal 0.6715589499566087 -0.7409511297873682 0
    outer loop
      vertex 12.878679655492306 144.0623203445077 0
      vertex 13.096820145845413 144.2600313577652 0
      vertex 13.096820145845413 144.2600313577652 5
    endloop
  endfacet
  facet normal 0.59569930710104 -0.8032075295459704 0
    outer loop
      vertex 13.096820145845413 144.2600313577652 0
      vertex 13.333289302885532 144.4354088384509 0
      vertex 13.333289302885532 144.4354088384509 5
    endloop
  endfacet
  facet normal 0.5141027407673996 -0.8577286120536309 0
    outer loop
      vertex 13.333289302885532 144.4354088384509 0
      vertex 13.585809789597988 144.58676379209757 0
      vertex 13.585809789597988 144.58676379209757 5
    endloop
  endfacet
  facet normal 0.42755509276037695 -0.9039892934402849 0
    outer loop
      vertex 13.585809789597988 144.58676379209757 0
      vertex 13.851949699223042 144.71263859456778 0
      vertex 13.851949699223042 144.71263859456778 5
    endloop
  endfacet
  facet normal 0.3368898600571533 -0.9415440627982695 0
    outer loop
      vertex 13.851949699223042 144.71263859456778 0
      vertex 14.129145964980125 144.8118210065961 0
      vertex 14.129145964980125 144.8118210065961 5
    endloop
  endfacet
  facet normal 0.24298017786540685 -0.9700312537050005 0
    outer loop
      vertex 14.129145964980125 144.8118210065961 0
      vertex 14.414729036390781 144.88335584139824 0
      vertex 14.414729036390781 144.88335584139824 5
    endloop
  endfacet
  facet normal 0.14673047975168188 -0.9891765091791461 0
    outer loop
      vertex 14.414729036390781 144.88335584139824 0
      vertex 14.705948576331139 144.92655418103934 0
      vertex 14.705948576331139 144.92655418103934 5
    endloop
  endfacet
  facet normal 0.049067671035838485 0.9987954563668773 0
    outer loop
      vertex 18 137.941 0
      vertex 18 137.941 5
      vertex 18.588102839887142 137.91210836207867 0
    endloop
  endfacet
  facet normal 0.14673047607854156 0.9891765097240051 0
    outer loop
      vertex 18.588102839887142 137.91210836207867 0
      vertex 18.588102839887142 137.91210836207867 5
      vertex 19.170541934669018 137.82571168279648 0
    endloop
  endfacet
  facet normal 0.24298018383026293 0.9700312522108819 0
    outer loop
      vertex 19.170541934669018 137.82571168279648 0
      vertex 19.170541934669018 137.82571168279648 5
      vertex 19.74170806258917 137.68264201319218 0
    endloop
  endfacet
  facet normal 0.0490676704157047 -0.9987954563973426 0
    outer loop
      vertex 14.705948576331139 144.92655418103934 0
      vertex 15 144.941 0
      vertex 15 144.941 5
    endloop
  endfacet
  facet normal 1 0 0
    outer loop
      vertex 24 98.46153183317185 0
      vertex 24 131.941 0
      vertex 24 131.941 5
    endloop
  endfacet
  facet normal 0.9987954563668773 0.049067671035838485 0
    outer loop
      vertex 24 131.941 0
      vertex 23.971108362078667 132.52910283988714 0
      vertex 23.971108362078667 132.52910283988714 5
    endloop
  endfacet
  facet normal 0.5141027351876691 0.8577286153979926 0
    outer loop
      vertex 20.828380420804024 137.23252758419514 0
      vertex 20.828380420804024 137.23252758419514 5
      vertex 21.333421401679516 136.92981767690182 0
    endloop
  endfacet
  facet normal 0.6715589569035323 0.7409511234910436 0
    outer loop
      vertex 22.24264068901539 136.1836406890154 0
      vertex 21.806359708309174 136.57906272298098 0
      vertex 21.806359708309174 136.57906272298098 5
    endloop
  endfacet
  facet normal 0.5956993049920404 0.803207531110111 0
    outer loop
      vertex 21.333421401679516 136.92981767690182 0
      vertex 21.333421401679516 136.92981767690182 5
      vertex 21.806359708309174 136.57906272298098 0
    endloop
  endfacet
  facet normal 0.9891765097240051 0.14673047607854156 0
    outer loop
      vertex 23.971108362078667 132.52910283988714 0
      vertex 23.88471168279648 133.11154193466902 0
      vertex 23.88471168279648 133.11154193466902 5
    endloop
  endfacet
  facet normal 0.9700312522108819 0.24298018383026293 0
    outer loop
      vertex 23.88471168279648 133.11154193466902 0
      vertex 23.741642013192177 133.68270806258917 0
      vertex 23.741642013192177 133.68270806258917 5
    endloop
  endfacet
  facet normal 0.9415440668119425 0.33688984883968903 0
    outer loop
      vertex 23.741642013192177 133.68270806258917 0
      vertex 23.543277196586132 134.23710059410334 0
      vertex 23.543277196586132 134.23710059410334 5
    endloop
  endfacet
  facet normal 0.9039892908627271 0.427555098210165 0
    outer loop
      vertex 23.291527584195137 134.76938042080403 0
      vertex 23.291527584195137 134.76938042080403 5
      vertex 23.543277196586132 134.23710059410334 0
    endloop
  endfacet
  facet normal 0.7409511234910436 0.6715589569035323 0
    outer loop
      vertex 22.638062722980976 135.74735970830918 0
      vertex 22.24264068901539 136.1836406890154 0
      vertex 22.24264068901539 136.1836406890154 5
    endloop
  endfacet
  facet normal 0.8577286153979926 0.5141027351876691 0
    outer loop
      vertex 23.291527584195137 134.76938042080403 0
      vertex 22.988817676901817 135.27442140167952 0
      vertex 22.988817676901817 135.27442140167952 5
    endloop
  endfacet
  facet normal 0.803207531110111 0.5956993049920404 0
    outer loop
      vertex 22.638062722980976 135.74735970830918 0
      vertex 22.638062722980976 135.74735970830918 5
      vertex 22.988817676901817 135.27442140167952 0
    endloop
  endfacet
  facet normal 0.33688984883968903 0.9415440668119425 0
    outer loop
      vertex 20.296100594103336 137.48427719658613 0
      vertex 19.74170806258917 137.68264201319218 0
      vertex 19.74170806258917 137.68264201319218 5
    endloop
  endfacet
  facet normal 0.427555098210165 0.9039892908627271 0
    outer loop
      vertex 20.296100594103336 137.48427719658613 0
      vertex 20.296100594103336 137.48427719658613 5
      vertex 20.828380420804024 137.23252758419514 0
    endloop
  endfacet
  facet normal 0 0 -1
    outer loop
      vertex 16.36640877276659 86.74043935573101 0
      vertex 131.1514718607068 147.7895281392932 0
      vertex 16.948847860097885 86.8268360350132 0
    endloop
  endfacet
  facet normal 0 0 -1
    outer loop
      vertex 16.948847860097885 86.8268360350132 0
      vertex 131.00223646312952 147.60768427735567 0
      vertex 17.536950699985027 86.85572767293453 0
    endloop
  endfacet
  facet normal 0 0 -1
    outer loop
      vertex 17.536950699985027 86.85572767293453 0
      vertex 130.94169448316097 147.50667608565092 0
      vertex 18.12505353987217 86.8268360350132 0
    endloop
  endfacet
  facet normal 0 0 -1
    outer loop
      vertex 18.12505353987217 86.8268360350132 0
      vertex 130.8913445621729 147.40022011882067 0
      vertex 18.707492634654045 86.74043935573101 0
    endloop
  endfacet
  facet normal 0 0 -1
    outer loop
      vertex 19.278658762574196 86.59736968612671 0
      vertex 18.707492634654045 86.74043935573101 0
      vertex 130.8913445621729 147.40022011882067 0
    endloop
  endfacet
  facet normal 0 0 -1
    outer loop
      vertex 22.525768376886845 84.18914907461405 0
      vertex 22.175013422966003 84.66208738124371 0
      vertex 130.8913445621729 147.40022011882067 0
    endloop
  endfacet
  facet normal 0 0 -1
    outer loop
      vertex 22.525768376886845 84.18914907461405 0
      vertex 130.82305766642094 147.17510838842392 0
      vertex 22.72753895819187 83.85251519864798 0
    endloop
  endfacet
  facet normal 0 0 -1
    outer loop
      vertex 19.833051294088364 86.39900486952067 0
      vertex 130.8913445621729 147.40022011882067 0
      vertex 20.36533112078905 86.14725526458025 0
    endloop
  endfacet
  facet normal 0 0 -1
    outer loop
      vertex 20.36533112078905 86.14725526458025 0
      vertex 130.8913445621729 147.40022011882067 0
      vertex 20.870372101664543 85.84454534983635 0
    endloop
  endfacet
  facet normal 0 0 -1
    outer loop
      vertex 19.278658762574196 86.59736968612671 0
      vertex 130.8913445621729 147.40022011882067 0
      vertex 19.833051294088364 86.39900486952067 0
    endloop
  endfacet
  facet normal 0 0 -1
    outer loop
      vertex 21.3433104082942 85.49379039591551 0
      vertex 130.8913445621729 147.40022011882067 0
      vertex 21.779591389000416 85.09836836194992 0
    endloop
  endfacet
  facet normal 0 0 -1
    outer loop
      vertex 21.3433104082942 85.49379039591551 0
      vertex 20.870372101664543 85.84454534983635 0
      vertex 130.8913445621729 147.40022011882067 0
    endloop
  endfacet
  facet normal 0 0 -1
    outer loop
      vertex 22.175013422966003 84.66208738124371 0
      vertex 21.779591389000416 85.09836836194992 0
      vertex 130.8913445621729 147.40022011882067 0
    endloop
  endfacet
  facet normal 0 0 -1
    outer loop
      vertex 16.36640877276659 86.74043935573101 0
      vertex 24.039033822715282 98.47770016676188 0
      vertex 131.1514718607068 147.7895281392932 0
    endloop
  endfacet
  facet normal 0 0 -1
    outer loop
      vertex 24.039033822715282 98.47770016676188 0
      vertex 24.256368532776833 98.59159182792902 0
      vertex 131.1514718607068 147.7895281392932 0
    endloop
  endfacet
  facet normal -0.5000000000374766 0.8660254037628015 0
    outer loop
      vertex 24.256368532776833 98.59159182792902 0
      vertex 24.256368532776833 98.59159182792902 5
      vertex 94.83974596112967 139.34292379057408 0
    endloop
  endfacet
  facet normal 0.5000000000373479 -0.866025403762876 0
    outer loop
      vertex 22.72753895819187 83.85251519864798 0
      vertex 130.96188235282898 146.34164249932766 0
      vertex 22.72753895819187 83.85251519864798 5
    endloop
  endfacet
  facet normal 0 -1 0
    outer loop
      vertex 15 144.941 0
      vertex 93.33974596112967 144.941 0
      vertex 93.33974596112967 144.941 5
    endloop
  endfacet
  facet normal 0.9415440668119425 0.33688984883968903 0
    outer loop
      vertex 11.79530868679285 79.11401961034537 0
      vertex 11.79530868679285 79.11401961034537 5
      vertex 11.993673503398895 78.5596270788312 5
    endloop
  endfacet
  facet normal 0.9700312529579413 0.24298018084783488 0
    outer loop
      vertex 11.79530868679285 79.11401961034537 5
      vertex 11.652239017188549 79.6851857457161 0
      vertex 11.652239017188549 79.6851857457161 5
    endloop
  endfacet
  facet normal 0.9891765094515756 0.1467304779151117 0
    outer loop
      vertex 11.56584233790636 80.26762483304739 0
      vertex 11.56584233790636 80.26762483304739 5
      vertex 11.652239017188549 79.6851857457161 5
    endloop
  endfacet
  facet normal 0.9987954563668773 0.049067671035838485 0
    outer loop
      vertex 11.536950699985027 80.85572767293453 0
      vertex 11.536950699985027 80.85572767293453 5
      vertex 11.56584233790636 80.26762483304739 5
    endloop
  endfacet
  facet normal 0.9987954563973426 -0.0490676704157047 0
    outer loop
      vertex 11.56584233790636 81.44383052027226 0
      vertex 11.56584233790636 81.44383052027226 5
      vertex 11.536950699985027 80.85572767293453 5
    endloop
  endfacet
  facet normal 0.9891765094515756 -0.1467304779151117 0
    outer loop
      vertex 11.652239017188549 82.02626960760355 0
      vertex 11.652239017188549 82.02626960760355 5
      vertex 11.56584233790636 81.44383052027226 5
    endloop
  endfacet
  facet normal 0.9700312522108819 -0.24298018383026293 0
    outer loop
      vertex 11.79530868679285 82.5974357355237 0
      vertex 11.79530868679285 82.5974357355237 5
      vertex 11.652239017188549 82.02626960760355 5
    endloop
  endfacet
  facet normal 0.9415440668119425 -0.33688984883968903 0
    outer loop
      vertex 11.993673503398895 83.15182826703787 0
      vertex 11.993673503398895 83.15182826703787 5
      vertex 11.79530868679285 82.5974357355237 5
    endloop
  endfacet
  facet normal 0.9039892908627271 -0.427555098210165 0
    outer loop
      vertex 12.24542311578989 83.68410809373856 0
      vertex 12.24542311578989 83.68410809373856 5
      vertex 11.993673503398895 83.15182826703787 5
    endloop
  endfacet
  facet normal 0.8577286098182622 -0.5141027444968869 0
    outer loop
      vertex 12.54813303053379 84.18914907461405 0
      vertex 12.54813303053379 84.18914907461405 5
      vertex 12.24542311578989 83.68410809373856 5
    endloop
  endfacet
  facet normal 0.803207531110111 -0.5956993049920404 0
    outer loop
      vertex 12.898887984454632 84.66208738124371 0
      vertex 12.898887984454632 84.66208738124371 5
      vertex 12.54813303053379 84.18914907461405 5
    endloop
  endfacet
  facet normal 0.7409511297873682 -0.6715589499566087 0
    outer loop
      vertex 13.294310010969639 85.09836836194992 0
      vertex 13.294310010969639 85.09836836194992 5
      vertex 12.898887984454632 84.66208738124371 5
    endloop
  endfacet
  facet normal 0.6715589506072077 -0.7409511291976995 0
    outer loop
      vertex 13.730590999126434 85.49379039591551 0
      vertex 13.730590999126434 85.49379039591551 5
      vertex 13.294310010969639 85.09836836194992 5
    endloop
  endfacet
  facet normal 0.5956993049920404 -0.803207531110111 0
    outer loop
      vertex 14.203529305756092 85.84454534983635 0
      vertex 14.203529305756092 85.84454534983635 5
      vertex 13.730590999126434 85.49379039591551 5
    endloop
  endfacet
  facet normal 0.5141027500766173 -0.8577286064739005 0
    outer loop
      vertex 14.708570279181004 86.14725526458025 0
      vertex 14.708570279181004 86.14725526458025 5
      vertex 14.203529305756092 85.84454534983635 5
    endloop
  endfacet
  facet normal 0.42755508786970237 -0.9039892957534017 0
    outer loop
      vertex 15.240850105881691 86.39900486952067 0
      vertex 15.240850105881691 86.39900486952067 5
      vertex 14.708570279181004 86.14725526458025 5
    endloop
  endfacet
  facet normal 0.33688984883968903 -0.9415440668119425 0
    outer loop
      vertex 15.795242637395859 86.59736968612671 0
      vertex 15.795242637395859 86.59736968612671 5
      vertex 15.240850105881691 86.39900486952067 5
    endloop
  endfacet
  facet normal 0.24298018084783488 -0.9700312529579413 0
    outer loop
      vertex 16.36640877276659 86.74043935573101 0
      vertex 16.36640877276659 86.74043935573101 5
      vertex 15.795242637395859 86.59736968612671 5
    endloop
  endfacet
  facet normal 0.1467304779151117 -0.9891765094515756 0
    outer loop
      vertex 16.948847860097885 86.8268360350132 0
      vertex 16.948847860097885 86.8268360350132 5
      vertex 16.36640877276659 86.74043935573101 5
    endloop
  endfacet
  facet normal 0.049067671035838485 -0.9987954563668773 0
    outer loop
      vertex 17.536950699985027 86.85572767293453 0
      vertex 17.536950699985027 86.85572767293453 5
      vertex 16.948847860097885 86.8268360350132 5
    endloop
  endfacet
  facet normal -0.049067671035838485 -0.9987954563668773 0
    outer loop
      vertex 18.12505353987217 86.8268360350132 0
      vertex 18.12505353987217 86.8268360350132 5
      vertex 17.536950699985027 86.85572767293453 5
    endloop
  endfacet
  facet normal -0.14673047607854156 -0.9891765097240051 0
    outer loop
      vertex 18.707492634654045 86.74043935573101 0
      vertex 18.707492634654045 86.74043935573101 5
      vertex 18.12505353987217 86.8268360350132 5
    endloop
  endfacet
  facet normal -0.24298018383026293 -0.9700312522108819 0
    outer loop
      vertex 19.278658762574196 86.59736968612671 0
      vertex 19.278658762574196 86.59736968612671 5
      vertex 18.707492634654045 86.74043935573101 5
    endloop
  endfacet
  facet normal 1 0 0
    outer loop
      vertex 4.350000001490116 102.59099999850989 0
      vertex 4.350000001490116 105.89100000298023 5
      vertex 4.350000001490116 102.59099999850989 5
    endloop
  endfacet
  facet normal 0 1 0
    outer loop
      vertex 9.649999998509884 102.59099999850989 0
      vertex 4.350000001490116 102.59099999850989 5
      vertex 9.649999998509884 102.59099999850989 5
    endloop
  endfacet
  facet normal 0 -1 0
    outer loop
      vertex 4.350000001490116 105.89100000298023 0
      vertex 9.649999998509884 105.89100000298023 5
      vertex 4.350000001490116 105.89100000298023 5
    endloop
  endfacet
  facet normal -1 0 0
    outer loop
      vertex 9.649999998509884 105.89100000298023 0
      vertex 9.649999998509884 102.59099999850989 5
      vertex 9.649999998509884 105.89100000298023 5
    endloop
  endfacet
  facet normal 0 1 0
    outer loop
      vertex 9.649999998509884 106.79100000149012 0
      vertex 4.350000001490116 106.79100000149012 5
      vertex 9.649999998509884 106.79100000149012 5
    endloop
  endfacet
  facet normal 1 0 0
    outer loop
      vertex 4.350000001490116 106.79100000149012 0
      vertex 4.350000001490116 119.09099999850989 5
      vertex 4.350000001490116 106.79100000149012 5
    endloop
  endfacet
  facet normal -1 0 0
    outer loop
      vertex 9.649999998509884 119.09099999850989 0
      vertex 9.649999998509884 106.79100000149012 5
      vertex 9.649999998509884 119.09099999850989 5
    endloop
  endfacet
  facet normal -0.5956993049920404 -0.803207531110111 0
    outer loop
      vertex 21.3433104082942 85.49379039591551 0
      vertex 21.3433104082942 85.49379039591551 5
      vertex 20.870372101664543 85.84454534983635 5
    endloop
  endfacet
  facet normal -0.7409511234910436 -0.6715589569035323 0
    outer loop
      vertex 22.175013422966003 84.66208738124371 0
      vertex 22.175013422966003 84.66208738124371 5
      vertex 21.779591389000416 85.09836836194992 5
    endloop
  endfacet
  facet normal -0.6715589569035323 -0.7409511234910436 0
    outer loop
      vertex 21.779591389000416 85.09836836194992 0
      vertex 21.779591389000416 85.09836836194992 5
      vertex 21.3433104082942 85.49379039591551 5
    endloop
  endfacet
  facet normal -0.42755508786970237 -0.9039892957534017 0
    outer loop
      vertex 20.36533112078905 86.14725526458025 0
      vertex 20.36533112078905 86.14725526458025 5
      vertex 19.833051294088364 86.39900486952067 5
    endloop
  endfacet
  facet normal -0.33688984883968903 -0.9415440668119425 0
    outer loop
      vertex 19.833051294088364 86.39900486952067 0
      vertex 19.833051294088364 86.39900486952067 5
      vertex 19.278658762574196 86.59736968612671 5
    endloop
  endfacet
  facet normal -0.5141027444968869 -0.8577286098182622 0
    outer loop
      vertex 20.870372101664543 85.84454534983635 0
      vertex 20.870372101664543 85.84454534983635 5
      vertex 20.36533112078905 86.14725526458025 5
    endloop
  endfacet
  facet normal -0.8577286089272587 -0.5141027459834363 0
    outer loop
      vertex 22.72753895819187 83.85251519864798 0
      vertex 22.72753895819187 83.85251519864798 5
      vertex 22.525768376886845 84.18914907461405 5
    endloop
  endfacet
  facet normal -0.803207531110111 -0.5956993049920404 0
    outer loop
      vertex 22.525768376886845 84.18914907461405 0
      vertex 22.525768376886845 84.18914907461405 5
      vertex 22.175013422966003 84.66208738124371 5
    endloop
  endfacet
  facet normal -0.38268332792008947 0.9238795757738155 0
    outer loop
      vertex 24.039033822715282 98.47770016676188 0
      vertex 24 98.46153183317185 5
      vertex 24.039033822715282 98.47770016676188 5
    endloop
  endfacet
  facet normal -0.46416583430384656 0.8857483154175424 0
    outer loop
      vertex 24.256368532776833 98.59159182792902 0
      vertex 24.039033822715282 98.47770016676188 5
      vertex 24.256368532776833 98.59159182792902 5
    endloop
  endfacet
  facet normal 1 0 0
    outer loop
      vertex 24 98.46153183317185 0
      vertex 24 131.941 5
      vertex 24 98.46153183317185 5
    endloop
  endfacet
  facet normal 0 0 1
    outer loop
      vertex 0 10.526139058530333 5
      vertex 4.350000001490116 102.59099999850989 5
      vertex 0 154.941 5
    endloop
  endfacet
  facet normal 0 0 1
    outer loop
      vertex 11.56584233790636 80.26762483304739 5
      vertex 11.536950699985027 80.85572767293453 5
      vertex 9.649999998509884 102.59099999850989 5
    endloop
  endfacet
  facet normal 0 0 1
    outer loop
      vertex 11.536950699985027 80.85572767293453 5
      vertex 11.56584233790636 81.44383052027226 5
      vertex 9.649999998509884 102.59099999850989 5
    endloop
  endfacet
  facet normal 0 0 1
    outer loop
      vertex 11.56584233790636 81.44383052027226 5
      vertex 11.652239017188549 82.02626960760355 5
      vertex 9.649999998509884 102.59099999850989 5
    endloop
  endfacet
  facet normal 0 0 1
    outer loop
      vertex 11.652239017188549 82.02626960760355 5
      vertex 11.79530868679285 82.5974357355237 5
      vertex 9.649999998509884 102.59099999850989 5
    endloop
  endfacet
  facet normal 0 0 1
    outer loop
      vertex 11.79530868679285 82.5974357355237 5
      vertex 11.993673503398895 83.15182826703787 5
      vertex 9.649999998509884 102.59099999850989 5
    endloop
  endfacet
  facet normal 0 0 1
    outer loop
      vertex 11.993673503398895 83.15182826703787 5
      vertex 12.24542311578989 83.68410809373856 5
      vertex 9.649999998509884 102.59099999850989 5
    endloop
  endfacet
  facet normal 0 0 1
    outer loop
      vertex 12.24542311578989 83.68410809373856 5
      vertex 12.54813303053379 84.18914907461405 5
      vertex 9.649999998509884 102.59099999850989 5
    endloop
  endfacet
  facet normal 0 0 1
    outer loop
      vertex 12.54813303053379 84.18914907461405 5
      vertex 12.898887984454632 84.66208738124371 5
      vertex 9.649999998509884 102.59099999850989 5
    endloop
  endfacet
  facet normal 0 0 1
    outer loop
      vertex 12.898887984454632 84.66208738124371 5
      vertex 13.294310010969639 85.09836836194992 5
      vertex 9.649999998509884 102.59099999850989 5
    endloop
  endfacet
  facet normal 0 0 1
    outer loop
      vertex 13.294310010969639 85.09836836194992 5
      vertex 13.730590999126434 85.49379039591551 5
      vertex 9.649999998509884 102.59099999850989 5
    endloop
  endfacet
  facet normal 0 0 1
    outer loop
      vertex 13.730590999126434 85.49379039591551 5
      vertex 14.203529305756092 85.84454534983635 5
      vertex 9.649999998509884 102.59099999850989 5
    endloop
  endfacet
  facet normal 0 0 1
    outer loop
      vertex 14.203529305756092 85.84454534983635 5
      vertex 14.708570279181004 86.14725526458025 5
      vertex 9.649999998509884 102.59099999850989 5
    endloop
  endfacet
  facet normal 0 0 1
    outer loop
      vertex 14.708570279181004 86.14725526458025 5
      vertex 15.240850105881691 86.39900486952067 5
      vertex 9.649999998509884 102.59099999850989 5
    endloop
  endfacet
  facet normal 0 0 1
    outer loop
      vertex 15.240850105881691 86.39900486952067 5
      vertex 15.795242637395859 86.59736968612671 5
      vertex 9.649999998509884 102.59099999850989 5
    endloop
  endfacet
  facet normal 0 0 1
    outer loop
      vertex 15.795242637395859 86.59736968612671 5
      vertex 16.36640877276659 86.74043935573101 5
      vertex 24 98.46153183317185 5
    endloop
  endfacet
  facet normal 0 0 1
    outer loop
      vertex 15.795242637395859 86.59736968612671 5
      vertex 24 98.46153183317185 5
      vertex 9.649999998509884 102.59099999850989 5
    endloop
  endfacet
  facet normal 0 0 1
    outer loop
      vertex 4.350000001490116 105.89100000298023 5
      vertex 9.649999998509884 106.79100000149012 5
      vertex 4.350000001490116 106.79100000149012 5
    endloop
  endfacet
  facet normal 0 0 1
    outer loop
      vertex 4.350000001490116 105.89100000298023 5
      vertex 9.649999998509884 105.89100000298023 5
      vertex 9.649999998509884 106.79100000149012 5
    endloop
  endfacet
  facet normal 0 0 1
    outer loop
      vertex 9.649999998509884 102.59099999850989 5
      vertex 24 98.46153183317185 5
      vertex 9.649999998509884 105.89100000298023 5
    endloop
  endfacet
  facet normal 0 0 1
    outer loop
      vertex 9.649999998509884 105.89100000298023 5
      vertex 24 98.46153183317185 5
      vertex 9.649999998509884 106.79100000149012 5
    endloop
  endfacet
  facet normal 0 0 1
    outer loop
      vertex 9.649999998509884 106.79100000149012 5
      vertex 24 98.46153183317185 5
      vertex 9.649999998509884 119.09099999850989 5
    endloop
  endfacet
  facet normal 0 0 1
    outer loop
      vertex 24 98.46153183317185 5
      vertex 24 131.941 5
      vertex 9.649999998509884 119.09099999850989 5
    endloop
  endfacet
  facet normal 0 0 1
    outer loop
      vertex 16.36640877276659 86.74043935573101 5
      vertex 24.039033822715282 98.47770016676188 5
      vertex 24 98.46153183317185 5
    endloop
  endfacet
  facet normal 1 0 0
    outer loop
      vertex 4.350000001490116 119.99099999701977 0
      vertex 4.350000001490116 123.29100000149012 5
      vertex 4.350000001490116 119.99099999701977 5
    endloop
  endfacet
  facet normal 0 -1 0
    outer loop
      vertex 4.350000001490116 119.09099999850989 0
      vertex 9.649999998509884 119.09099999850989 5
      vertex 4.350000001490116 119.09099999850989 5
    endloop
  endfacet
  facet normal 0 1 0
    outer loop
      vertex 9.649999998509884 119.99099999701977 0
      vertex 4.350000001490116 119.99099999701977 5
      vertex 9.649999998509884 119.99099999701977 5
    endloop
  endfacet
  facet normal -1 0 0
    outer loop
      vertex 9.649999998509884 123.29100000149012 0
      vertex 9.649999998509884 119.99099999701977 5
      vertex 9.649999998509884 123.29100000149012 5
    endloop
  endfacet
  facet normal 0 -1 0
    outer loop
      vertex 4.350000001490116 123.29100000149012 0
      vertex 9.649999998509884 123.29100000149012 5
      vertex 4.350000001490116 123.29100000149012 5
    endloop
  endfacet
  facet normal -0.9951847267853376 0.0980171391808235 0
    outer loop
      vertex 0 154.941 0
      vertex 0 154.941 5
      vertex 0.038429439067840576 155.3311806473732 5
    endloop
  endfacet
  facet normal -0.9569403375708344 0.29028467119332607 0
    outer loop
      vertex 0.038429439067840576 155.3311806473732 0
      vertex 0.038429439067840576 155.3311806473732 5
      vertex 0.15224093198776245 155.70636686718464 5
    endloop
  endfacet
  facet normal -0.8819212641844242 0.4713967371326908 0
    outer loop
      vertex 0.15224093198776245 155.70636686718464 0
      vertex 0.15224093198776245 155.70636686718464 5
      vertex 0.337060771882534 156.0521404672265 5
    endloop
  endfacet
  facet normal -0.7730104435344091 0.6343932961394977 0
    outer loop
      vertex 0.337060771882534 156.0521404672265 0
      vertex 0.337060771882534 156.0521404672265 5
      vertex 0.5857864394783974 156.3552135605216 5
    endloop
  endfacet
  facet normal -0.6343932961394977 0.7730104435344091 0
    outer loop
      vertex 0.5857864394783974 156.3552135605216 0
      vertex 0.5857864394783974 156.3552135605216 5
      vertex 0.8888595327734947 156.60393922811747 5
    endloop
  endfacet
  facet normal -0.4713967371326908 0.8819212641844242 0
    outer loop
      vertex 0.8888595327734947 156.60393922811747 0
      vertex 0.8888595327734947 156.60393922811747 5
      vertex 1.234633132815361 156.78875906801224 5
    endloop
  endfacet
  facet normal -0.29028467119332607 0.9569403375708344 0
    outer loop
      vertex 1.234633132815361 156.78875906801224 0
      vertex 1.234633132815361 156.78875906801224 5
      vertex 1.6098193526268005 156.90257056093216 5
    endloop
  endfacet
  facet normal -0.0980171391808235 0.9951847267853376 0
    outer loop
      vertex 1.6098193526268005 156.90257056093216 0
      vertex 1.6098193526268005 156.90257056093216 5
      vertex 2 156.941 5
    endloop
  endfacet
  facet normal 1 0 0
    outer loop
      vertex 12 137.941 0
      vertex 12 141.941 5
      vertex 12 137.941 5
    endloop
  endfacet
  facet normal 0.9987954563973426 -0.0490676704157047 0
    outer loop
      vertex 12 141.941 0
      vertex 12.014445818960667 142.23505142366886 5
      vertex 12 141.941 5
    endloop
  endfacet
  facet normal 0.9891765091791461 -0.14673047975168188 0
    outer loop
      vertex 12.014445818960667 142.23505142366886 0
      vertex 12.05764415860176 142.52627096360922 5
      vertex 12.014445818960667 142.23505142366886 5
    endloop
  endfacet
  facet normal 0.9700312537050005 -0.24298017786540685 0
    outer loop
      vertex 12.05764415860176 142.52627096360922 0
      vertex 12.129178993403912 142.81185403501988 5
      vertex 12.05764415860176 142.52627096360922 5
    endloop
  endfacet
  facet normal 0.9415440627982695 -0.3368898600571533 0
    outer loop
      vertex 12.129178993403912 142.81185403501988 0
      vertex 12.228361405432224 143.08905030077696 5
      vertex 12.129178993403912 142.81185403501988 5
    endloop
  endfacet
  facet normal 0.9039892934402849 -0.42755509276037695 0
    outer loop
      vertex 12.228361405432224 143.08905030077696 0
      vertex 12.354236207902431 143.35519021040201 5
      vertex 12.228361405432224 143.08905030077696 5
    endloop
  endfacet
  facet normal 0.8577286120536309 -0.5141027407673996 0
    outer loop
      vertex 12.354236207902431 143.35519021040201 0
      vertex 12.505591161549091 143.60771069711447 5
      vertex 12.354236207902431 143.35519021040201 5
    endloop
  endfacet
  facet normal 0.8032075295459704 -0.59569930710104 0
    outer loop
      vertex 12.505591161549091 143.60771069711447 0
      vertex 12.680968642234802 143.8441798541546 5
      vertex 12.505591161549091 143.60771069711447 5
    endloop
  endfacet
  facet normal 0.7409511297873682 -0.6715589499566087 0
    outer loop
      vertex 12.680968642234802 143.8441798541546 0
      vertex 12.878679655492306 144.0623203445077 5
      vertex 12.680968642234802 143.8441798541546 5
    endloop
  endfacet
  facet normal 0.6715589499566087 -0.7409511297873682 0
    outer loop
      vertex 12.878679655492306 144.0623203445077 0
      vertex 13.096820145845413 144.2600313577652 5
      vertex 12.878679655492306 144.0623203445077 5
    endloop
  endfacet
  facet normal 0.59569930710104 -0.8032075295459704 0
    outer loop
      vertex 13.096820145845413 144.2600313577652 0
      vertex 13.333289302885532 144.4354088384509 5
      vertex 13.096820145845413 144.2600313577652 5
    endloop
  endfacet
  facet normal 0.5141027407673996 -0.8577286120536309 0
    outer loop
      vertex 13.333289302885532 144.4354088384509 0
      vertex 13.585809789597988 144.58676379209757 5
      vertex 13.333289302885532 144.4354088384509 5
    endloop
  endfacet
  facet normal 0.42755509276037695 -0.9039892934402849 0
    outer loop
      vertex 13.585809789597988 144.58676379209757 0
      vertex 13.851949699223042 144.71263859456778 5
      vertex 13.585809789597988 144.58676379209757 5
    endloop
  endfacet
  facet normal 0.3368898600571533 -0.9415440627982695 0
    outer loop
      vertex 13.851949699223042 144.71263859456778 0
      vertex 14.129145964980125 144.8118210065961 5
      vertex 13.851949699223042 144.71263859456778 5
    endloop
  endfacet
  facet normal 0.24298017786540685 -0.9700312537050005 0
    outer loop
      vertex 14.129145964980125 144.8118210065961 0
      vertex 14.414729036390781 144.88335584139824 5
      vertex 14.129145964980125 144.8118210065961 5
    endloop
  endfacet
  facet normal 0.14673047975168188 -0.9891765091791461 0
    outer loop
      vertex 14.414729036390781 144.88335584139824 0
      vertex 14.705948576331139 144.92655418103934 5
      vertex 14.414729036390781 144.88335584139824 5
    endloop
  endfacet
  facet normal 0 1 0
    outer loop
      vertex 18 137.941 0
      vertex 12 137.941 5
      vertex 18 137.941 5
    endloop
  endfacet
  facet normal 0.049067671035838485 0.9987954563668773 0
    outer loop
      vertex 18.588102839887142 137.91210836207867 0
      vertex 18 137.941 5
      vertex 18.588102839887142 137.91210836207867 5
    endloop
  endfacet
  facet normal 0.14673047607854156 0.9891765097240051 0
    outer loop
      vertex 19.170541934669018 137.82571168279648 0
      vertex 18.588102839887142 137.91210836207867 5
      vertex 19.170541934669018 137.82571168279648 5
    endloop
  endfacet
  facet normal 0.24298018383026293 0.9700312522108819 0
    outer loop
      vertex 19.74170806258917 137.68264201319218 0
      vertex 19.170541934669018 137.82571168279648 5
      vertex 19.74170806258917 137.68264201319218 5
    endloop
  endfacet
  facet normal 0.0490676704157047 -0.9987954563973426 0
    outer loop
      vertex 14.705948576331139 144.92655418103934 0
      vertex 15 144.941 5
      vertex 14.705948576331139 144.92655418103934 5
    endloop
  endfacet
  facet normal 0.9987954563668773 0.049067671035838485 0
    outer loop
      vertex 24 131.941 0
      vertex 23.971108362078667 132.52910283988714 5
      vertex 24 131.941 5
    endloop
  endfacet
  facet normal 0.427555098210165 0.9039892908627271 0
    outer loop
      vertex 20.828380420804024 137.23252758419514 0
      vertex 20.296100594103336 137.48427719658613 5
      vertex 20.828380420804024 137.23252758419514 5
    endloop
  endfacet
  facet normal 0.5141027351876691 0.8577286153979926 0
    outer loop
      vertex 21.333421401679516 136.92981767690182 0
      vertex 20.828380420804024 137.23252758419514 5
      vertex 21.333421401679516 136.92981767690182 5
    endloop
  endfacet
  facet normal 0.5956993049920404 0.803207531110111 0
    outer loop
      vertex 21.806359708309174 136.57906272298098 0
      vertex 21.333421401679516 136.92981767690182 5
      vertex 21.806359708309174 136.57906272298098 5
    endloop
  endfacet
  facet normal 0.9700312522108819 0.24298018383026293 0
    outer loop
      vertex 23.88471168279648 133.11154193466902 0
      vertex 23.741642013192177 133.68270806258917 5
      vertex 23.88471168279648 133.11154193466902 5
    endloop
  endfacet
  facet normal 0.9891765097240051 0.14673047607854156 0
    outer loop
      vertex 23.971108362078667 132.52910283988714 0
      vertex 23.88471168279648 133.11154193466902 5
      vertex 23.971108362078667 132.52910283988714 5
    endloop
  endfacet
  facet normal 0.9415440668119425 0.33688984883968903 0
    outer loop
      vertex 23.741642013192177 133.68270806258917 0
      vertex 23.543277196586132 134.23710059410334 5
      vertex 23.741642013192177 133.68270806258917 5
    endloop
  endfacet
  facet normal 0.9039892908627271 0.427555098210165 0
    outer loop
      vertex 23.543277196586132 134.23710059410334 0
      vertex 23.291527584195137 134.76938042080403 5
      vertex 23.543277196586132 134.23710059410334 5
    endloop
  endfacet
  facet normal 0.7409511234910436 0.6715589569035323 0
    outer loop
      vertex 22.638062722980976 135.74735970830918 0
      vertex 22.24264068901539 136.1836406890154 5
      vertex 22.638062722980976 135.74735970830918 5
    endloop
  endfacet
  facet normal 0.803207531110111 0.5956993049920404 0
    outer loop
      vertex 22.988817676901817 135.27442140167952 0
      vertex 22.638062722980976 135.74735970830918 5
      vertex 22.988817676901817 135.27442140167952 5
    endloop
  endfacet
  facet normal 0.8577286153979926 0.5141027351876691 0
    outer loop
      vertex 23.291527584195137 134.76938042080403 0
      vertex 22.988817676901817 135.27442140167952 5
      vertex 23.291527584195137 134.76938042080403 5
    endloop
  endfacet
  facet normal 0.6715589569035323 0.7409511234910436 0
    outer loop
      vertex 22.24264068901539 136.1836406890154 0
      vertex 21.806359708309174 136.57906272298098 5
      vertex 22.24264068901539 136.1836406890154 5
    endloop
  endfacet
  facet normal 0.33688984883968903 0.9415440668119425 0
    outer loop
      vertex 20.296100594103336 137.48427719658613 0
      vertex 19.74170806258917 137.68264201319218 5
      vertex 20.296100594103336 137.48427719658613 5
    endloop
  endfacet
  facet normal 0 0 1
    outer loop
      vertex 4.350000001490116 102.59099999850989 5
      vertex 4.350000001490116 105.89100000298023 5
      vertex 0 154.941 5
    endloop
  endfacet
  facet normal 0 0 1
    outer loop
      vertex 4.350000001490116 105.89100000298023 5
      vertex 4.350000001490116 106.79100000149012 5
      vertex 0 154.941 5
    endloop
  endfacet
  facet normal 0 0 1
    outer loop
      vertex 4.350000001490116 106.79100000149012 5
      vertex 4.350000001490116 119.09099999850989 5
      vertex 0 154.941 5
    endloop
  endfacet
  facet normal 0 0 1
    outer loop
      vertex 4.350000001490116 119.09099999850989 5
      vertex 9.649999998509884 119.99099999701977 5
      vertex 4.350000001490116 119.99099999701977 5
    endloop
  endfacet
  facet normal 0 0 1
    outer loop
      vertex 4.350000001490116 119.09099999850989 5
      vertex 9.649999998509884 119.09099999850989 5
      vertex 9.649999998509884 119.99099999701977 5
    endloop
  endfacet
  facet normal 0 0 1
    outer loop
      vertex 4.350000001490116 119.09099999850989 5
      vertex 4.350000001490116 119.99099999701977 5
      vertex 0 154.941 5
    endloop
  endfacet
  facet normal 0 0 1
    outer loop
      vertex 4.350000001490116 119.99099999701977 5
      vertex 4.350000001490116 123.29100000149012 5
      vertex 0 154.941 5
    endloop
  endfacet
  facet normal 0 0 1
    outer loop
      vertex 4.350000001490116 123.29100000149012 5
      vertex 9.649999998509884 123.29100000149012 5
      vertex 12 137.941 5
    endloop
  endfacet
  facet normal 0 0 1
    outer loop
      vertex 9.649999998509884 119.09099999850989 5
      vertex 24 131.941 5
      vertex 9.649999998509884 119.99099999701977 5
    endloop
  endfacet
  facet normal 0 0 1
    outer loop
      vertex 9.649999998509884 119.99099999701977 5
      vertex 24 131.941 5
      vertex 9.649999998509884 123.29100000149012 5
    endloop
  endfacet
  facet normal 0 0 1
    outer loop
      vertex 9.649999998509884 123.29100000149012 5
      vertex 18 137.941 5
      vertex 12 137.941 5
    endloop
  endfacet
  facet normal 0 0 1
    outer loop
      vertex 9.649999998509884 123.29100000149012 5
      vertex 24 131.941 5
      vertex 23.971108362078667 132.52910283988714 5
    endloop
  endfacet
  facet normal 0 0 1
    outer loop
      vertex 9.649999998509884 123.29100000149012 5
      vertex 23.971108362078667 132.52910283988714 5
      vertex 23.88471168279648 133.11154193466902 5
    endloop
  endfacet
  facet normal 0 0 1
    outer loop
      vertex 9.649999998509884 123.29100000149012 5
      vertex 21.806359708309174 136.57906272298098 5
      vertex 21.333421401679516 136.92981767690182 5
    endloop
  endfacet
  facet normal 0 0 1
    outer loop
      vertex 9.649999998509884 123.29100000149012 5
      vertex 22.638062722980976 135.74735970830918 5
      vertex 22.24264068901539 136.1836406890154 5
    endloop
  endfacet
  facet normal 0 0 1
    outer loop
      vertex 9.649999998509884 123.29100000149012 5
      vertex 22.24264068901539 136.1836406890154 5
      vertex 21.806359708309174 136.57906272298098 5
    endloop
  endfacet
  facet normal 0 0 1
    outer loop
      vertex 9.649999998509884 123.29100000149012 5
      vertex 23.741642013192177 133.68270806258917 5
      vertex 23.543277196586132 134.23710059410334 5
    endloop
  endfacet
  facet normal 0 0 1
    outer loop
      vertex 9.649999998509884 123.29100000149012 5
      vertex 23.291527584195137 134.76938042080403 5
      vertex 22.988817676901817 135.27442140167952 5
    endloop
  endfacet
  facet normal 0 0 1
    outer loop
      vertex 9.649999998509884 123.29100000149012 5
      vertex 23.543277196586132 134.23710059410334 5
      vertex 23.291527584195137 134.76938042080403 5
    endloop
  endfacet
  facet normal 0 0 1
    outer loop
      vertex 9.649999998509884 123.29100000149012 5
      vertex 23.88471168279648 133.11154193466902 5
      vertex 23.741642013192177 133.68270806258917 5
    endloop
  endfacet
  facet normal 0 0 1
    outer loop
      vertex 9.649999998509884 123.29100000149012 5
      vertex 22.988817676901817 135.27442140167952 5
      vertex 22.638062722980976 135.74735970830918 5
    endloop
  endfacet
  facet normal 0 0 1
    outer loop
      vertex 9.649999998509884 123.29100000149012 5
      vertex 19.170541934669018 137.82571168279648 5
      vertex 18.588102839887142 137.91210836207867 5
    endloop
  endfacet
  facet normal 0 0 1
    outer loop
      vertex 9.649999998509884 123.29100000149012 5
      vertex 18.588102839887142 137.91210836207867 5
      vertex 18 137.941 5
    endloop
  endfacet
  facet normal 0 0 1
    outer loop
      vertex 9.649999998509884 123.29100000149012 5
      vertex 19.74170806258917 137.68264201319218 5
      vertex 19.170541934669018 137.82571168279648 5
    endloop
  endfacet
  facet normal 0 0 1
    outer loop
      vertex 9.649999998509884 123.29100000149012 5
      vertex 20.296100594103336 137.48427719658613 5
      vertex 19.74170806258917 137.68264201319218 5
    endloop
  endfacet
  facet normal 0 0 1
    outer loop
      vertex 9.649999998509884 123.29100000149012 5
      vertex 20.828380420804024 137.23252758419514 5
      vertex 20.296100594103336 137.48427719658613 5
    endloop
  endfacet
  facet normal 0 0 1
    outer loop
      vertex 9.649999998509884 123.29100000149012 5
      vertex 21.333421401679516 136.92981767690182 5
      vertex 20.828380420804024 137.23252758419514 5
    endloop
  endfacet
  facet normal 0 0 1
    outer loop
      vertex 4.350000001490116 123.29100000149012 5
      vertex 12 137.941 5
      vertex 0 154.941 5
    endloop
  endfacet
  facet normal 0 0 1
    outer loop
      vertex 0 154.941 5
      vertex 12 137.941 5
      vertex 12 141.941 5
    endloop
  endfacet
  facet normal 0 0 1
    outer loop
      vertex 0 154.941 5
      vertex 12 141.941 5
      vertex 12.014445818960667 142.23505142366886 5
    endloop
  endfacet
  facet normal 0 0 1
    outer loop
      vertex 0 154.941 5
      vertex 12.014445818960667 142.23505142366886 5
      vertex 12.05764415860176 142.52627096360922 5
    endloop
  endfacet
  facet normal 0 0 1
    outer loop
      vertex 0 154.941 5
      vertex 12.05764415860176 142.52627096360922 5
      vertex 12.129178993403912 142.81185403501988 5
    endloop
  endfacet
  facet normal 0 0 1
    outer loop
      vertex 0 154.941 5
      vertex 12.129178993403912 142.81185403501988 5
      vertex 12.228361405432224 143.08905030077696 5
    endloop
  endfacet
  facet normal 0 0 1
    outer loop
      vertex 0 154.941 5
      vertex 12.228361405432224 143.08905030077696 5
      vertex 12.354236207902431 143.35519021040201 5
    endloop
  endfacet
  facet normal 0 0 1
    outer loop
      vertex 0 154.941 5
      vertex 13.851949699223042 144.71263859456778 5
      vertex 0.038429439067840576 155.3311806473732 5
    endloop
  endfacet
  facet normal 0 0 1
    outer loop
      vertex 0.038429439067840576 155.3311806473732 5
      vertex 13.851949699223042 144.71263859456778 5
      vertex 0.15224093198776245 155.70636686718464 5
    endloop
  endfacet
  facet normal 0 0 1
    outer loop
      vertex 0.15224093198776245 155.70636686718464 5
      vertex 13.851949699223042 144.71263859456778 5
      vertex 0.337060771882534 156.0521404672265 5
    endloop
  endfacet
  facet normal 0 0 1
    outer loop
      vertex 0 154.941 5
      vertex 12.354236207902431 143.35519021040201 5
      vertex 12.505591161549091 143.60771069711447 5
    endloop
  endfacet
  facet normal 0 0 1
    outer loop
      vertex 0 154.941 5
      vertex 12.505591161549091 143.60771069711447 5
      vertex 12.680968642234802 143.8441798541546 5
    endloop
  endfacet
  facet normal 0 0 1
    outer loop
      vertex 0 154.941 5
      vertex 12.680968642234802 143.8441798541546 5
      vertex 12.878679655492306 144.0623203445077 5
    endloop
  endfacet
  facet normal 0 0 1
    outer loop
      vertex 0 154.941 5
      vertex 12.878679655492306 144.0623203445077 5
      vertex 13.096820145845413 144.2600313577652 5
    endloop
  endfacet
  facet normal 0 0 1
    outer loop
      vertex 0 154.941 5
      vertex 13.096820145845413 144.2600313577652 5
      vertex 13.333289302885532 144.4354088384509 5
    endloop
  endfacet
  facet normal 0 0 1
    outer loop
      vertex 0 154.941 5
      vertex 13.333289302885532 144.4354088384509 5
      vertex 13.585809789597988 144.58676379209757 5
    endloop
  endfacet
  facet normal 0 0 1
    outer loop
      vertex 0 154.941 5
      vertex 13.585809789597988 144.58676379209757 5
      vertex 13.851949699223042 144.71263859456778 5
    endloop
  endfacet
  facet normal 0 0 1
    outer loop
      vertex 0.337060771882534 156.0521404672265 5
      vertex 13.851949699223042 144.71263859456778 5
      vertex 0.5857864394783974 156.3552135605216 5
    endloop
  endfacet
  facet normal 0 0 1
    outer loop
      vertex 0.5857864394783974 156.3552135605216 5
      vertex 13.851949699223042 144.71263859456778 5
      vertex 0.8888595327734947 156.60393922811747 5
    endloop
  endfacet
  facet normal 0 0 1
    outer loop
      vertex 0.8888595327734947 156.60393922811747 5
      vertex 13.851949699223042 144.71263859456778 5
      vertex 1.234633132815361 156.78875906801224 5
    endloop
  endfacet
  facet normal 0 0 1
    outer loop
      vertex 1.234633132815361 156.78875906801224 5
      vertex 13.851949699223042 144.71263859456778 5
      vertex 1.6098193526268005 156.90257056093216 5
    endloop
  endfacet
  facet normal 0 0 1
    outer loop
      vertex 1.6098193526268005 156.90257056093216 5
      vertex 13.851949699223042 144.71263859456778 5
      vertex 2 156.941 5
    endloop
  endfacet
  facet normal 0 0 1
    outer loop
      vertex 2 156.941 5
      vertex 13.851949699223042 144.71263859456778 5
      vertex 14.129145964980125 144.8118210065961 5
    endloop
  endfacet
  facet normal 0 0 1
    outer loop
      vertex 2 156.941 5
      vertex 14.129145964980125 144.8118210065961 5
      vertex 14.414729036390781 144.88335584139824 5
    endloop
  endfacet
  facet normal 0 0 1
    outer loop
      vertex 2 156.941 5
      vertex 14.414729036390781 144.88335584139824 5
      vertex 14.705948576331139 144.92655418103934 5
    endloop
  endfacet
  facet normal 0 0 1
    outer loop
      vertex 2 156.941 5
      vertex 14.705948576331139 144.92655418103934 5
      vertex 15 144.941 5
    endloop
  endfacet
  facet normal 0 0 1
    outer loop
      vertex 2 156.941 5
      vertex 15 144.941 5
      vertex 93.33974596112967 144.941 5
    endloop
  endfacet
  facet normal 0 0 1
    outer loop
      vertex 16.36640877276659 86.74043935573101 5
      vertex 16.948847860097885 86.8268360350132 5
      vertex 131.1514718607068 147.7895281392932 5
    endloop
  endfacet
  facet normal 0 0 1
    outer loop
      vertex 16.948847860097885 86.8268360350132 5
      vertex 17.536950699985027 86.85572767293453 5
      vertex 131.00223646312952 147.60768427735567 5
    endloop
  endfacet
  facet normal 0 0 1
    outer loop
      vertex 17.536950699985027 86.85572767293453 5
      vertex 18.12505353987217 86.8268360350132 5
      vertex 130.94169448316097 147.50667608565092 5
    endloop
  endfacet
  facet normal 0 0 1
    outer loop
      vertex 18.12505353987217 86.8268360350132 5
      vertex 18.707492634654045 86.74043935573101 5
      vertex 130.8913445621729 147.40022011882067 5
    endloop
  endfacet
  facet normal 0 0 1
    outer loop
      vertex 19.278658762574196 86.59736968612671 5
      vertex 130.8913445621729 147.40022011882067 5
      vertex 18.707492634654045 86.74043935573101 5
    endloop
  endfacet
  facet normal 0 0 1
    outer loop
      vertex 22.525768376886845 84.18914907461405 5
      vertex 130.8913445621729 147.40022011882067 5
      vertex 22.175013422966003 84.66208738124371 5
    endloop
  endfacet
  facet normal 0 0 1
    outer loop
      vertex 22.525768376886845 84.18914907461405 5
      vertex 22.72753895819187 83.85251519864798 5
      vertex 130.82305766642094 147.17510838842392 5
    endloop
  endfacet
  facet normal 0 0 1
    outer loop
      vertex 19.833051294088364 86.39900486952067 5
      vertex 20.36533112078905 86.14725526458025 5
      vertex 130.8913445621729 147.40022011882067 5
    endloop
  endfacet
  facet normal 0 0 1
    outer loop
      vertex 20.36533112078905 86.14725526458025 5
      vertex 20.870372101664543 85.84454534983635 5
      vertex 130.8913445621729 147.40022011882067 5
    endloop
  endfacet
  facet normal 0 0 1
    outer loop
      vertex 19.278658762574196 86.59736968612671 5
      vertex 19.833051294088364 86.39900486952067 5
      vertex 130.8913445621729 147.40022011882067 5
    endloop
  endfacet
  facet normal 0 0 1
    outer loop
      vertex 21.3433104082942 85.49379039591551 5
      vertex 21.779591389000416 85.09836836194992 5
      vertex 130.8913445621729 147.40022011882067 5
    endloop
  endfacet
  facet normal 0 0 1
    outer loop
      vertex 21.3433104082942 85.49379039591551 5
      vertex 130.8913445621729 147.40022011882067 5
      vertex 20.870372101664543 85.84454534983635 5
    endloop
  endfacet
  facet normal 0 0 1
    outer loop
      vertex 22.175013422966003 84.66208738124371 5
      vertex 130.8913445621729 147.40022011882067 5
      vertex 21.779591389000416 85.09836836194992 5
    endloop
  endfacet
  facet normal 0 0 1
    outer loop
      vertex 16.36640877276659 86.74043935573101 5
      vertex 131.1514718607068 147.7895281392932 5
      vertex 24.039033822715282 98.47770016676188 5
    endloop
  endfacet
  facet normal 0 0 1
    outer loop
      vertex 24.039033822715282 98.47770016676188 5
      vertex 131.1514718607068 147.7895281392932 5
      vertex 24.256368532776833 98.59159182792902 5
    endloop
  endfacet
  facet normal 0 -1 0
    outer loop
      vertex 15 144.941 0
      vertex 93.33974596112967 144.941 5
      vertex 15 144.941 5
    endloop
  endfacet
  facet normal 0 1 0
    outer loop
      vertex 2 156.941 0
      vertex 2 156.941 5
      vertex 144 156.941 5
    endloop
  endfacet
  facet normal -0.5000000000374766 0.8660254037628015 6.061755802829934e-17
    outer loop
      vertex 24.256368532776833 98.59159182792902 5
      vertex 94.83974596112967 139.34292379057408 5
      vertex 94.83974596112967 139.34292379057408 0
    endloop
  endfacet
  facet normal 0 0 -1
    outer loop
      vertex 24.256368532776833 98.59159182792902 0
      vertex 94.83974596112967 139.34292379057408 0
      vertex 131.1514718607068 147.7895281392932 0
    endloop
  endfacet
  facet normal 0 0 -1
    outer loop
      vertex 16.948847860097885 86.8268360350132 0
      vertex 131.07238745689392 147.7022719386816 0
      vertex 131.00223646312952 147.60768427735567 0
    endloop
  endfacet
  facet normal 0 0 -1
    outer loop
      vertex 16.948847860097885 86.8268360350132 0
      vertex 131.1514718607068 147.7895281392932 0
      vertex 131.07238745689392 147.7022719386816 0
    endloop
  endfacet
  facet normal 0 0 -1
    outer loop
      vertex 17.536950699985027 86.85572767293453 0
      vertex 131.00223646312952 147.60768427735567 0
      vertex 130.94169448316097 147.50667608565092 0
    endloop
  endfacet
  facet normal 0 0 -1
    outer loop
      vertex 18.12505353987217 86.8268360350132 0
      vertex 130.94169448316097 147.50667608565092 0
      vertex 130.8913445621729 147.40022011882067 0
    endloop
  endfacet
  facet normal 0 0 -1
    outer loop
      vertex 22.72753895819187 83.85251519864798 0
      vertex 130.94169448316097 146.37532391434908 0
      vertex 130.96188235282898 146.34164249932766 0
    endloop
  endfacet
  facet normal 0 0 -1
    outer loop
      vertex 22.72753895819187 83.85251519864798 0
      vertex 130.8913445621729 146.48177988117934 0
      vertex 130.94169448316097 146.37532391434908 0
    endloop
  endfacet
  facet normal 0 0 -1
    outer loop
      vertex 22.72753895819187 83.85251519864798 0
      vertex 130.85167159885168 146.59265838599205 0
      vertex 130.8913445621729 146.48177988117934 0
    endloop
  endfacet
  facet normal 0 0 -1
    outer loop
      vertex 22.525768376886845 84.18914907461405 0
      vertex 130.85167159885168 147.28934161400795 0
      vertex 130.82305766642094 147.17510838842392 0
    endloop
  endfacet
  facet normal 0 0 -1
    outer loop
      vertex 22.72753895819187 83.85251519864798 0
      vertex 130.82305766642094 146.70689161157608 0
      vertex 130.85167159885168 146.59265838599205 0
    endloop
  endfacet
  facet normal 0 0 -1
    outer loop
      vertex 22.72753895819187 83.85251519864798 0
      vertex 130.80577832460403 146.8233794350028 0
      vertex 130.82305766642094 146.70689161157608 0
    endloop
  endfacet
  facet normal 0 0 -1
    outer loop
      vertex 22.72753895819187 83.85251519864798 0
      vertex 130.79999999701977 146.941 0
      vertex 130.80577832460403 146.8233794350028 0
    endloop
  endfacet
  facet normal 0 0 -1
    outer loop
      vertex 22.72753895819187 83.85251519864798 0
      vertex 130.80577832460403 147.0586205649972 0
      vertex 130.79999999701977 146.941 0
    endloop
  endfacet
  facet normal 0 0 -1
    outer loop
      vertex 22.72753895819187 83.85251519864798 0
      vertex 130.82305766642094 147.17510838842392 0
      vertex 130.80577832460403 147.0586205649972 0
    endloop
  endfacet
  facet normal 0 0 -1
    outer loop
      vertex 22.525768376886845 84.18914907461405 0
      vertex 130.8913445621729 147.40022011882067 0
      vertex 130.85167159885168 147.28934161400795 0
    endloop
  endfacet
  facet normal 0 0 -1
    outer loop
      vertex 2 156.941 0
      vertex 144 156.941 0
      vertex 93.33974596112967 144.941 0
    endloop
  endfacet
  facet normal 0 0 -1
    outer loop
      vertex 94.83974596112967 139.34292379057408 0
      vertex 95.08717904984951 139.50245994365216 0
      vertex 131.1514718607068 147.7895281392932 0
    endloop
  endfacet
  facet normal 0 0 -1
    outer loop
      vertex 95.08717904984951 139.50245994365216 0
      vertex 95.31778340786695 139.68548058009148 0
      vertex 146 154.941 0
    endloop
  endfacet
  facet normal 0 0 -1
    outer loop
      vertex 95.52933818101883 139.8902230936885 0
      vertex 95.71980598568916 140.11471571063996 0
      vertex 144 156.941 0
    endloop
  endfacet
  facet normal 0 0 -1
    outer loop
      vertex 95.71980598568916 140.11471571063996 0
      vertex 95.88735250383615 140.35679645127058 0
      vertex 144 156.941 0
    endloop
  endfacet
  facet normal 0 0 -1
    outer loop
      vertex 95.31778340786695 139.68548058009148 0
      vertex 95.52933818101883 139.8902230936885 0
      vertex 146 154.941 0
    endloop
  endfacet
  facet normal 0 0 -1
    outer loop
      vertex 95.88735250383615 140.35679645127058 0
      vertex 96.03036418557167 140.61413393205405 0
      vertex 144 156.941 0
    endloop
  endfacet
  facet normal 0 0 -1
    outer loop
      vertex 96.03036418557167 140.61413393205405 0
      vertex 96.1474637389183 140.8842498589158 0
      vertex 144 156.941 0
    endloop
  endfacet
  facet normal 0 0 -1
    outer loop
      vertex 96.1474637389183 140.8842498589158 0
      vertex 96.23752343654633 141.16454286164046 0
      vertex 144 156.941 0
    endloop
  endfacet
  facet normal 0 0 -1
    outer loop
      vertex 96.23752343654633 141.16454286164046 0
      vertex 96.29967595636845 141.45231357997656 0
      vertex 144 156.941 0
    endloop
  endfacet
  facet normal 0 0 -1
    outer loop
      vertex 96.29967595636845 141.45231357997656 0
      vertex 96.33332273364067 141.7447906140089 0
      vertex 144 156.941 0
    endloop
  endfacet
  facet normal 0 0 -1
    outer loop
      vertex 96.33332273364067 141.7447906140089 0
      vertex 96.3381397202611 142.03915724939108 0
      vertex 144 156.941 0
    endloop
  endfacet
  facet normal 0 0 -1
    outer loop
      vertex 96.3381397202611 142.03915724939108 0
      vertex 96.31408054381609 142.33257857745886 0
      vertex 144 156.941 0
    endloop
  endfacet
  facet normal 0 0 -1
    outer loop
      vertex 93.33974596112967 144.941 0
      vertex 144 156.941 0
      vertex 93.53595534712076 144.934576772511 0
    endloop
  endfacet
  facet normal 0 0 -1
    outer loop
      vertex 93.53595534712076 144.934576772511 0
      vertex 144 156.941 0
      vertex 93.8284323811531 144.90092999523878 0
    endloop
  endfacet
  facet normal 0 0 -1
    outer loop
      vertex 93.8284323811531 144.90092999523878 0
      vertex 144 156.941 0
      vertex 94.11620309948921 144.83877747541666 0
    endloop
  endfacet
  facet normal 0 0 -1
    outer loop
      vertex 94.39649610221386 144.74871777778864 0
      vertex 94.11620309948921 144.83877747541666 0
      vertex 144 156.941 0
    endloop
  endfacet
  facet normal 0 0 -1
    outer loop
      vertex 94.39649610221386 144.74871777778864 0
      vertex 144 156.941 0
      vertex 94.66661202907562 144.631618224442 0
    endloop
  endfacet
  facet normal 0 0 -1
    outer loop
      vertex 94.66661202907562 144.631618224442 0
      vertex 144 156.941 0
      vertex 94.92394950985909 144.4886065427065 0
    endloop
  endfacet
  facet normal 0 0 -1
    outer loop
      vertex 94.92394950985909 144.4886065427065 0
      vertex 144 156.941 0
      vertex 95.16603025048971 144.3210600245595 0
    endloop
  endfacet
  facet normal 0 0 -1
    outer loop
      vertex 95.16603025048971 144.3210600245595 0
      vertex 144 156.941 0
      vertex 95.39052286744118 144.13059221988917 0
    endloop
  endfacet
  facet normal 0 0 -1
    outer loop
      vertex 96.31408054381609 142.33257857745886 0
      vertex 96.26137690246105 142.62222878670693 0
      vertex 144 156.941 0
    endloop
  endfacet
  facet normal 0 0 -1
    outer loop
      vertex 96.26137690246105 142.62222878670693 0
      vertex 96.18053635209799 142.90531839466095 0
      vertex 144 156.941 0
    endloop
  endfacet
  facet normal 0 0 -1
    outer loop
      vertex 96.18053635209799 142.90531839466095 0
      vertex 96.0723374336958 143.1791210923195 0
      vertex 144 156.941 0
    endloop
  endfacet
  facet normal 0 0 -1
    outer loop
      vertex 95.77828601747751 143.68843308871985 0
      vertex 144 156.941 0
      vertex 95.93782217055559 143.441 0
    endloop
  endfacet
  facet normal 0 0 -1
    outer loop
      vertex 95.39052286744118 144.13059221988917 0
      vertex 144 156.941 0
      vertex 95.59526538103819 143.9190374467373 0
    endloop
  endfacet
  facet normal 0 0 -1
    outer loop
      vertex 95.59526538103819 143.9190374467373 0
      vertex 144 156.941 0
      vertex 95.77828601747751 143.68843308871985 0
    endloop
  endfacet
  facet normal 0 0 -1
    outer loop
      vertex 96.0723374336958 143.1791210923195 0
      vertex 95.93782217055559 143.441 0
      vertex 144 156.941 0
    endloop
  endfacet
  facet normal -0.54189157269097 0.8404484061776233 0
    outer loop
      vertex 94.83974596112967 139.34292379057408 0
      vertex 94.83974596112967 139.34292379057408 5
      vertex 95.08717904984951 139.50245994365216 0
    endloop
  endfacet
  facet normal -0.621660578509102 0.7832867451500304 0
    outer loop
      vertex 95.08717904984951 139.50245994365216 0
      vertex 95.08717904984951 139.50245994365216 5
      vertex 95.31778340786695 139.68548058009148 0
    endloop
  endfacet
  facet normal -0.6954426295403564 0.7185816230728382 0
    outer loop
      vertex 95.31778340786695 139.68548058009148 0
      vertex 95.31778340786695 139.68548058009148 5
      vertex 95.52933818101883 139.8902230936885 0
    endloop
  endfacet
  facet normal -0.7625271977664606 0.6469561597716101 0
    outer loop
      vertex 95.52933818101883 139.8902230936885 0
      vertex 95.52933818101883 139.8902230936885 5
      vertex 95.71980598568916 140.11471571063996 0
    endloop
  endfacet
  facet normal -0.8222682339374253 0.5691001242816837 0
    outer loop
      vertex 95.71980598568916 140.11471571063996 0
      vertex 95.71980598568916 140.11471571063996 5
      vertex 95.88735250383615 140.35679645127058 0
    endloop
  endfacet
  facet normal -0.8740903387409051 0.48576339890919085 0
    outer loop
      vertex 95.88735250383615 140.35679645127058 0
      vertex 95.88735250383615 140.35679645127058 5
      vertex 96.03036418557167 140.61413393205405 0
    endloop
  endfacet
  facet normal -0.9174944993153286 0.39774846791171276 0
    outer loop
      vertex 96.03036418557167 140.61413393205405 0
      vertex 96.03036418557167 140.61413393205405 5
      vertex 96.1474637389183 140.8842498589158 0
    endloop
  endfacet
  facet normal -0.9520626768489773 0.30590302278853015 0
    outer loop
      vertex 96.1474637389183 140.8842498589158 0
      vertex 96.1474637389183 140.8842498589158 5
      vertex 96.23752343654633 141.16454286164046 0
    endloop
  endfacet
  facet normal -0.9774619737233523 0.21111155800867173 0
    outer loop
      vertex 96.23752343654633 141.16454286164046 0
      vertex 96.23752343654633 141.16454286164046 5
      vertex 96.29967595636845 141.45231357997656 0
    endloop
  endfacet
  facet normal -0.9934477776179861 0.11428697714912593 0
    outer loop
      vertex 96.29967595636845 141.45231357997656 0
      vertex 96.29967595636845 141.45231357997656 5
      vertex 96.33332273364067 141.7447906140089 0
    endloop
  endfacet
  facet normal -0.999866138247426 0.01636171097958163 0
    outer loop
      vertex 96.33332273364067 141.7447906140089 0
      vertex 96.33332273364067 141.7447906140089 5
      vertex 96.3381397202611 142.03915724939108 0
    endloop
  endfacet
  facet normal -0.9966552398216048 -0.0817210678842339 0
    outer loop
      vertex 96.3381397202611 142.03915724939108 0
      vertex 96.3381397202611 142.03915724939108 5
      vertex 96.31408054381609 142.33257857745886 0
    endloop
  endfacet
  facet normal -0.39774846791171276 -0.9174944993153286 0
    outer loop
      vertex 94.39649610221386 144.74871777778864 0
      vertex 94.66661202907562 144.631618224442 0
      vertex 94.66661202907562 144.631618224442 5
    endloop
  endfacet
  facet normal -0.48576339890919085 -0.8740903387409051 0
    outer loop
      vertex 94.66661202907562 144.631618224442 0
      vertex 94.92394950985909 144.4886065427065 0
      vertex 94.92394950985909 144.4886065427065 5
    endloop
  endfacet
  facet normal -0.7185816230728382 -0.6954426295403564 0
    outer loop
      vertex 95.39052286744118 144.13059221988917 0
      vertex 95.59526538103819 143.9190374467373 0
      vertex 95.59526538103819 143.9190374467373 5
    endloop
  endfacet
  facet normal -0.6469561597716101 -0.7625271977664606 0
    outer loop
      vertex 95.16603025048971 144.3210600245595 0
      vertex 95.39052286744118 144.13059221988917 0
      vertex 95.39052286744118 144.13059221988917 5
    endloop
  endfacet
  facet normal -0.5691001242816837 -0.8222682339374253 0
    outer loop
      vertex 94.92394950985909 144.4886065427065 0
      vertex 95.16603025048971 144.3210600245595 0
      vertex 95.16603025048971 144.3210600245595 5
    endloop
  endfacet
  facet normal -0.03271906888173734 -0.9994645879327152 0
    outer loop
      vertex 93.33974596112967 144.941 0
      vertex 93.53595534712076 144.934576772511 0
      vertex 93.53595534712076 144.934576772511 5
    endloop
  endfacet
  facet normal -0.11428697714912593 -0.9934477776179861 0
    outer loop
      vertex 93.53595534712076 144.934576772511 0
      vertex 93.8284323811531 144.90092999523878 0
      vertex 93.8284323811531 144.90092999523878 5
    endloop
  endfacet
  facet normal -0.21111155800867173 -0.9774619737233523 0
    outer loop
      vertex 93.8284323811531 144.90092999523878 0
      vertex 94.11620309948921 144.83877747541666 0
      vertex 94.11620309948921 144.83877747541666 5
    endloop
  endfacet
  facet normal -0.30590302278853015 -0.9520626768489773 0
    outer loop
      vertex 94.39649610221386 144.74871777778864 0
      vertex 94.39649610221386 144.74871777778864 5
      vertex 94.11620309948921 144.83877747541666 0
    endloop
  endfacet
  facet normal -0.9615617970653576 -0.27458862034767567 0
    outer loop
      vertex 96.26137690246105 142.62222878670693 0
      vertex 96.26137690246105 142.62222878670693 5
      vertex 96.18053635209799 142.90531839466095 0
    endloop
  endfacet
  facet normal -0.9300172201563711 -0.36751594552157346 0
    outer loop
      vertex 96.18053635209799 142.90531839466095 0
      vertex 96.18053635209799 142.90531839466095 5
      vertex 96.0723374336958 143.1791210923195 0
    endloop
  endfacet
  facet normal -0.889516073733762 -0.45690387891685985 0
    outer loop
      vertex 96.0723374336958 143.1791210923195 0
      vertex 96.0723374336958 143.1791210923195 5
      vertex 95.93782217055559 143.441 0
    endloop
  endfacet
  facet normal -0.983846008531246 -0.17901684696456807 0
    outer loop
      vertex 96.31408054381609 142.33257857745886 0
      vertex 96.31408054381609 142.33257857745886 5
      vertex 96.26137690246105 142.62222878670693 0
    endloop
  endfacet
  facet normal -0.8404484061776233 -0.54189157269097 0
    outer loop
      vertex 95.77828601747751 143.68843308871985 0
      vertex 95.93782217055559 143.441 0
      vertex 95.93782217055559 143.441 5
    endloop
  endfacet
  facet normal -0.7832867451500304 -0.621660578509102 0
    outer loop
      vertex 95.59526538103819 143.9190374467373 0
      vertex 95.77828601747751 143.68843308871985 0
      vertex 95.77828601747751 143.68843308871985 5
    endloop
  endfacet
  facet normal 0 1 0
    outer loop
      vertex 2 156.941 0
      vertex 144 156.941 5
      vertex 144 156.941 0
    endloop
  endfacet
  facet normal 0 0 -1
    outer loop
      vertex 95.08717904984951 139.50245994365216 0
      vertex 131.2387280613184 147.86861254310608 0
      vertex 131.1514718607068 147.7895281392932 0
    endloop
  endfacet
  facet normal 0 0 -1
    outer loop
      vertex 95.08717904984951 139.50245994365216 0
      vertex 131.33331572264433 147.93876353687048 0
      vertex 131.2387280613184 147.86861254310608 0
    endloop
  endfacet
  facet normal 0 0 -1
    outer loop
      vertex 95.08717904984951 139.50245994365216 0
      vertex 131.43432391434908 147.99930551683903 0
      vertex 131.33331572264433 147.93876353687048 0
    endloop
  endfacet
  facet normal 0 0 -1
    outer loop
      vertex 95.08717904984951 139.50245994365216 0
      vertex 146 154.941 0
      vertex 131.43432391434908 147.99930551683903 0
    endloop
  endfacet
  facet normal 0 0 -1
    outer loop
      vertex 140.03490813821554 133.02413087373972 0
      vertex 132.59935750812292 145.90288235282898 0
      vertex 132.66668427735567 145.94323646312952 0
    endloop
  endfacet
  facet normal 0 0 -1
    outer loop
      vertex 140.03490813821554 133.02413087373972 0
      vertex 132.66668427735567 145.94323646312952 0
      vertex 132.7612719386816 146.01338745689392 0
    endloop
  endfacet
  facet normal 0 0 -1
    outer loop
      vertex 140.03490813821554 133.02413087373972 0
      vertex 132.7612719386816 146.01338745689392 0
      vertex 132.8485281392932 146.0924718607068 0
    endloop
  endfacet
  facet normal 0 0 -1
    outer loop
      vertex 140.03490813821554 133.02413087373972 0
      vertex 132.8485281392932 146.0924718607068 0
      vertex 132.92761254310608 146.1797280613184 0
    endloop
  endfacet
  facet normal 0 0 -1
    outer loop
      vertex 140.03490813821554 133.02413087373972 0
      vertex 132.92761254310608 146.1797280613184 0
      vertex 132.99776353687048 146.27431572264433 0
    endloop
  endfacet
  facet normal 0 0 -1
    outer loop
      vertex 140.03490813821554 133.02413087373972 0
      vertex 132.99776353687048 146.27431572264433 0
      vertex 133.05830551683903 146.37532391434908 0
    endloop
  endfacet
  facet normal 0 0 -1
    outer loop
      vertex 140.03490813821554 133.02413087373972 0
      vertex 133.05830551683903 146.37532391434908 0
      vertex 133.1086554378271 146.48177988117934 0
    endloop
  endfacet
  facet normal 0 0 -1
    outer loop
      vertex 140.03490813821554 133.02413087373972 0
      vertex 133.1086554378271 146.48177988117934 0
      vertex 133.14832840114832 146.59265838599205 0
    endloop
  endfacet
  facet normal 0 0 -1
    outer loop
      vertex 140.03490813821554 133.02413087373972 0
      vertex 133.14832840114832 146.59265838599205 0
      vertex 133.17694233357906 146.70689161157608 0
    endloop
  endfacet
  facet normal 0 0 -1
    outer loop
      vertex 140.03490813821554 133.02413087373972 0
      vertex 133.17694233357906 146.70689161157608 0
      vertex 133.19422167539597 146.8233794350028 0
    endloop
  endfacet
  facet normal 0 0 -1
    outer loop
      vertex 140.03490813821554 133.02413087373972 0
      vertex 133.19422167539597 146.8233794350028 0
      vertex 133.20000000298023 146.941 0
    endloop
  endfacet
  facet normal 0 0 -1
    outer loop
      vertex 140.03490813821554 133.02413087373972 0
      vertex 133.20000000298023 146.941 0
      vertex 133.19422167539597 147.0586205649972 0
    endloop
  endfacet
  facet normal 0 0 -1
    outer loop
      vertex 95.52933818101883 139.8902230936885 0
      vertex 144 156.941 0
      vertex 144.3901806473732 156.90257056093216 0
    endloop
  endfacet
  facet normal 0 0 -1
    outer loop
      vertex 95.52933818101883 139.8902230936885 0
      vertex 144.76536686718464 156.78875906801224 0
      vertex 145.1111404672265 156.60393922811747 0
    endloop
  endfacet
  facet normal 0 0 -1
    outer loop
      vertex 95.52933818101883 139.8902230936885 0
      vertex 144.3901806473732 156.90257056093216 0
      vertex 144.76536686718464 156.78875906801224 0
    endloop
  endfacet
  facet normal 0 0 -1
    outer loop
      vertex 95.52933818101883 139.8902230936885 0
      vertex 145.1111404672265 156.60393922811747 0
      vertex 145.4142135605216 156.3552135605216 0
    endloop
  endfacet
  facet normal 0 0 -1
    outer loop
      vertex 95.52933818101883 139.8902230936885 0
      vertex 145.96157056093216 155.3311806473732 0
      vertex 146 154.941 0
    endloop
  endfacet
  facet normal 0 0 -1
    outer loop
      vertex 95.52933818101883 139.8902230936885 0
      vertex 145.4142135605216 156.3552135605216 0
      vertex 145.66293922811747 156.0521404672265 0
    endloop
  endfacet
  facet normal 0 0 -1
    outer loop
      vertex 95.52933818101883 139.8902230936885 0
      vertex 145.66293922811747 156.0521404672265 0
      vertex 145.84775906801224 155.70636686718464 0
    endloop
  endfacet
  facet normal 0 0 -1
    outer loop
      vertex 95.52933818101883 139.8902230936885 0
      vertex 145.84775906801224 155.70636686718464 0
      vertex 145.96157056093216 155.3311806473732 0
    endloop
  endfacet
  facet normal 0 0 -1
    outer loop
      vertex 131.43432391434908 147.99930551683903 0
      vertex 146 154.941 0
      vertex 131.54077988117933 148.0496554378271 0
    endloop
  endfacet
  facet normal 0 0 -1
    outer loop
      vertex 131.54077988117933 148.0496554378271 0
      vertex 146 154.941 0
      vertex 131.65165838599205 148.08932840114832 0
    endloop
  endfacet
  facet normal 0 0 -1
    outer loop
      vertex 131.65165838599205 148.08932840114832 0
      vertex 146 154.941 0
      vertex 131.76589161157608 148.11794233357907 0
    endloop
  endfacet
  facet normal 0 0 -1
    outer loop
      vertex 131.76589161157608 148.11794233357907 0
      vertex 146 154.941 0
      vertex 131.8823794350028 148.13522167539597 0
    endloop
  endfacet
  facet normal 0 0 -1
    outer loop
      vertex 131.8823794350028 148.13522167539597 0
      vertex 146 154.941 0
      vertex 132 148.14100000298023 0
    endloop
  endfacet
  facet normal 0 0 -1
    outer loop
      vertex 132 148.14100000298023 0
      vertex 146 154.941 0
      vertex 132.1176205649972 148.13522167539597 0
    endloop
  endfacet
  facet normal 0 0 -1
    outer loop
      vertex 133.05830551683903 147.50667608565092 0
      vertex 132.99776353687048 147.60768427735567 0
      vertex 146 154.941 0
    endloop
  endfacet
  facet normal 0 0 -1
    outer loop
      vertex 132.8485281392932 147.7895281392932 0
      vertex 146 154.941 0
      vertex 132.92761254310608 147.7022719386816 0
    endloop
  endfacet
  facet normal 0 0 -1
    outer loop
      vertex 132.92761254310608 147.7022719386816 0
      vertex 146 154.941 0
      vertex 132.99776353687048 147.60768427735567 0
    endloop
  endfacet
  facet normal 0 0 -1
    outer loop
      vertex 132.1176205649972 148.13522167539597 0
      vertex 146 154.941 0
      vertex 132.23410838842392 148.11794233357907 0
    endloop
  endfacet
  facet normal 0 0 -1
    outer loop
      vertex 132.23410838842392 148.11794233357907 0
      vertex 146 154.941 0
      vertex 132.34834161400795 148.08932840114832 0
    endloop
  endfacet
  facet normal 0 0 -1
    outer loop
      vertex 132.56567608565092 147.99930551683903 0
      vertex 132.45922011882067 148.0496554378271 0
      vertex 146 154.941 0
    endloop
  endfacet
  facet normal 0 0 -1
    outer loop
      vertex 132.34834161400795 148.08932840114832 0
      vertex 146 154.941 0
      vertex 132.45922011882067 148.0496554378271 0
    endloop
  endfacet
  facet normal 0 0 -1
    outer loop
      vertex 132.66668427735567 147.93876353687048 0
      vertex 146 154.941 0
      vertex 132.7612719386816 147.86861254310608 0
    endloop
  endfacet
  facet normal 0 0 -1
    outer loop
      vertex 132.8485281392932 147.7895281392932 0
      vertex 132.7612719386816 147.86861254310608 0
      vertex 146 154.941 0
    endloop
  endfacet
  facet normal 0 0 -1
    outer loop
      vertex 132.56567608565092 147.99930551683903 0
      vertex 146 154.941 0
      vertex 132.66668427735567 147.93876353687048 0
    endloop
  endfacet
  facet normal 0 0 -1
    outer loop
      vertex 140.03490813821554 133.02413087373972 0
      vertex 133.19422167539597 147.0586205649972 0
      vertex 140.2102410569787 132.80098227447272 0
    endloop
  endfacet
  facet normal 0 0 -1
    outer loop
      vertex 140.44120022654533 132.63607384300232 0
      vertex 140.2102410569787 132.80098227447272 0
      vertex 133.19422167539597 147.0586205649972 0
    endloop
  endfacet
  facet normal 0 0 -1
    outer loop
      vertex 140.44120022654533 132.63607384300232 0
      vertex 133.19422167539597 147.0586205649972 0
      vertex 140.70918490737677 132.5426867980361 0
    endloop
  endfacet
  facet normal 0 0 -1
    outer loop
      vertex 140.70918490737677 132.5426867980361 0
      vertex 133.19422167539597 147.0586205649972 0
      vertex 140.99261242896318 132.5283422473669 0
    endloop
  endfacet
  facet normal 0 0 -1
    outer loop
      vertex 140.99261242896318 132.5283422473669 0
      vertex 133.19422167539597 147.0586205649972 0
      vertex 141.26865641772747 132.59419544821978 0
    endloop
  endfacet
  facet normal 0 0 -1
    outer loop
      vertex 141.26865641772747 132.59419544821978 0
      vertex 133.19422167539597 147.0586205649972 0
      vertex 141.51508513838053 132.73494279420376 0
    endloop
  endfacet
  facet normal 0 0 -1
    outer loop
      vertex 141.51508513838053 132.73494279420376 0
      vertex 133.19422167539597 147.0586205649972 0
      vertex 141.71205197274685 132.93924891984463 0
    endloop
  endfacet
  facet normal 0 0 -1
    outer loop
      vertex 141.71205197274685 132.93924891984463 0
      vertex 133.19422167539597 147.0586205649972 0
      vertex 141.8436938226223 133.19065965002775 0
    endloop
  endfacet
  facet normal 0 0 -1
    outer loop
      vertex 141.8436938226223 133.19065965002775 0
      vertex 133.19422167539597 147.0586205649972 0
      vertex 145.88552055507898 144.61735387182236 0
    endloop
  endfacet
  facet normal 0 0 -1
    outer loop
      vertex 133.19422167539597 147.0586205649972 0
      vertex 133.17694233357906 147.17510838842392 0
      vertex 146 145.2842963192463 0
    endloop
  endfacet
  facet normal 0 0 -1
    outer loop
      vertex 133.17694233357906 147.17510838842392 0
      vertex 133.14832840114832 147.28934161400795 0
      vertex 146 145.2842963192463 0
    endloop
  endfacet
  facet normal 0 0 -1
    outer loop
      vertex 133.1086554378271 147.40022011882067 0
      vertex 146 145.2842963192463 0
      vertex 133.14832840114832 147.28934161400795 0
    endloop
  endfacet
  facet normal 0 0 -1
    outer loop
      vertex 133.1086554378271 147.40022011882067 0
      vertex 133.05830551683903 147.50667608565092 0
      vertex 146 145.2842963192463 0
    endloop
  endfacet
  facet normal 0 0 -1
    outer loop
      vertex 133.19422167539597 147.0586205649972 0
      vertex 145.91215324401855 144.69806259161234 0
      vertex 145.88552055507898 144.61735387182236 0
    endloop
  endfacet
  facet normal 0 0 -1
    outer loop
      vertex 133.19422167539597 147.0586205649972 0
      vertex 145.95501785725355 144.86250823771954 0
      vertex 145.93533296138048 144.77982993459702 0
    endloop
  endfacet
  facet normal 0 0 -1
    outer loop
      vertex 133.19422167539597 147.0586205649972 0
      vertex 145.93533296138048 144.77982993459702 0
      vertex 145.91215324401855 144.69806259161234 0
    endloop
  endfacet
  facet normal 0 0 -1
    outer loop
      vertex 133.19422167539597 147.0586205649972 0
      vertex 145.98376736789942 145.0299991670847 0
      vertex 145.97117238491774 144.9459482062459 0
    endloop
  endfacet
  facet normal 0 0 -1
    outer loop
      vertex 133.19422167539597 147.0586205649972 0
      vertex 145.97117238491774 144.9459482062459 0
      vertex 145.95501785725355 144.86250823771954 0
    endloop
  endfacet
  facet normal 0 0 -1
    outer loop
      vertex 133.19422167539597 147.0586205649972 0
      vertex 145.99278006702662 145.114509337008 0
      vertex 145.98376736789942 145.0299991670847 0
    endloop
  endfacet
  facet normal 0 0 -1
    outer loop
      vertex 133.19422167539597 147.0586205649972 0
      vertex 146 145.2842963192463 0
      vertex 145.99819420278072 145.19932610577345 0
    endloop
  endfacet
  facet normal 0 0 -1
    outer loop
      vertex 133.19422167539597 147.0586205649972 0
      vertex 145.99819420278072 145.19932610577345 0
      vertex 145.99278006702662 145.114509337008 0
    endloop
  endfacet
  facet normal 0 0 -1
    outer loop
      vertex 133.05830551683903 147.50667608565092 0
      vertex 146 154.941 0
      vertex 146 145.2842963192463 0
    endloop
  endfacet
  facet normal 0.9415440653758274 0.336889852853362 0
    outer loop
      vertex 130.85167159885168 146.59265838599205 0
      vertex 130.8913445621729 146.48177988117934 5
      vertex 130.8913445621729 146.48177988117934 0
    endloop
  endfacet
  facet normal 0.9039892980665183 0.4275550829790278 0
    outer loop
      vertex 130.94169448316097 146.37532391434908 0
      vertex 130.8913445621729 146.48177988117934 0
      vertex 130.94169448316097 146.37532391434908 5
    endloop
  endfacet
  facet normal 0.8577285380148523 0.51410286429362 0
    outer loop
      vertex 130.96188235282898 146.34164249932766 0
      vertex 130.94169448316097 146.37532391434908 0
      vertex 130.96188235282898 146.34164249932766 5
    endloop
  endfacet
  facet normal 0.97003125519331 0.2429801719237427 0
    outer loop
      vertex 130.85167159885168 146.59265838599205 0
      vertex 130.82305766642094 146.70689161157608 0
      vertex 130.85167159885168 146.59265838599205 5
    endloop
  endfacet
  facet normal 0.9891765031950122 0.1467305200934287 0
    outer loop
      vertex 130.82305766642094 146.70689161157608 0
      vertex 130.80577832460403 146.8233794350028 0
      vertex 130.82305766642094 146.70689161157608 5
    endloop
  endfacet
  facet normal 0.9987954563059468 0.04906767227610611 0
    outer loop
      vertex 130.80577832460403 146.8233794350028 0
      vertex 130.79999999701977 146.941 0
      vertex 130.80577832460403 146.8233794350028 5
    endloop
  endfacet
  facet normal 0.9987954563059468 -0.04906767227610611 0
    outer loop
      vertex 130.79999999701977 146.941 0
      vertex 130.80577832460403 147.0586205649972 0
      vertex 130.79999999701977 146.941 5
    endloop
  endfacet
  facet normal 0.9891765031950122 -0.1467305200934287 0
    outer loop
      vertex 130.80577832460403 147.0586205649972 0
      vertex 130.82305766642094 147.17510838842392 0
      vertex 130.80577832460403 147.0586205649972 5
    endloop
  endfacet
  facet normal -0.8660254038772035 -0.4999999998393266 -2.98625637696602e-17
    outer loop
      vertex 140.03490813821554 133.02413087373972 0
      vertex 132.59935750812292 145.90288235282898 5
      vertex 132.59935750812292 145.90288235282898 0
    endloop
  endfacet
  facet normal -0.5956993213187597 0.8032075190013904 0
    outer loop
      vertex 132.66668427735567 145.94323646312952 0
      vertex 132.7612719386816 146.01338745689392 5
      vertex 132.7612719386816 146.01338745689392 0
    endloop
  endfacet
  facet normal -0.5141027236025143 0.8577286223418669 0
    outer loop
      vertex 132.66668427735567 145.94323646312952 0
      vertex 132.59935750812292 145.90288235282898 0
      vertex 132.66668427735567 145.94323646312952 5
    endloop
  endfacet
  facet normal -0.6715589241207113 0.7409511532036593 0
    outer loop
      vertex 132.7612719386816 146.01338745689392 0
      vertex 132.8485281392932 146.0924718607068 5
      vertex 132.8485281392932 146.0924718607068 0
    endloop
  endfacet
  facet normal -0.7409511532036593 0.6715589241207113 0
    outer loop
      vertex 132.8485281392932 146.0924718607068 0
      vertex 132.92761254310608 146.1797280613184 5
      vertex 132.92761254310608 146.1797280613184 0
    endloop
  endfacet
  facet normal -0.8032075190013904 0.5956993213187597 0
    outer loop
      vertex 132.92761254310608 146.1797280613184 0
      vertex 132.99776353687048 146.27431572264433 5
      vertex 132.99776353687048 146.27431572264433 0
    endloop
  endfacet
  facet normal -0.8577286109446379 0.5141027426176425 0
    outer loop
      vertex 132.99776353687048 146.27431572264433 0
      vertex 133.05830551683903 146.37532391434908 5
      vertex 133.05830551683903 146.37532391434908 0
    endloop
  endfacet
  facet normal -0.9039892980665183 0.4275550829790278 0
    outer loop
      vertex 133.1086554378271 146.48177988117934 0
      vertex 133.05830551683903 146.37532391434908 0
      vertex 133.1086554378271 146.48177988117934 5
    endloop
  endfacet
  facet normal -0.9415440653758274 0.336889852853362 0
    outer loop
      vertex 133.1086554378271 146.48177988117934 0
      vertex 133.14832840114832 146.59265838599205 5
      vertex 133.14832840114832 146.59265838599205 0
    endloop
  endfacet
  facet normal -0.97003125519331 0.2429801719237427 0
    outer loop
      vertex 133.14832840114832 146.59265838599205 0
      vertex 133.17694233357906 146.70689161157608 5
      vertex 133.17694233357906 146.70689161157608 0
    endloop
  endfacet
  facet normal -0.9891765031950122 0.1467305200934287 0
    outer loop
      vertex 133.17694233357906 146.70689161157608 0
      vertex 133.19422167539597 146.8233794350028 5
      vertex 133.19422167539597 146.8233794350028 0
    endloop
  endfacet
  facet normal -0.9987954563059468 0.04906767227610611 0
    outer loop
      vertex 133.20000000298023 146.941 0
      vertex 133.19422167539597 146.8233794350028 0
      vertex 133.20000000298023 146.941 5
    endloop
  endfacet
  facet normal -0.9987954563059468 -0.04906767227610611 0
    outer loop
      vertex 133.20000000298023 146.941 0
      vertex 133.19422167539597 147.0586205649972 5
      vertex 133.19422167539597 147.0586205649972 0
    endloop
  endfacet
  facet normal 0.97003125519331 -0.2429801719237427 0
    outer loop
      vertex 130.82305766642094 147.17510838842392 0
      vertex 130.85167159885168 147.28934161400795 0
      vertex 130.82305766642094 147.17510838842392 5
    endloop
  endfacet
  facet normal 0.9415440653758274 -0.336889852853362 0
    outer loop
      vertex 130.85167159885168 147.28934161400795 0
      vertex 130.8913445621729 147.40022011882067 0
      vertex 130.85167159885168 147.28934161400795 5
    endloop
  endfacet
  facet normal 0.9039892980665183 -0.4275550829790278 0
    outer loop
      vertex 130.8913445621729 147.40022011882067 0
      vertex 130.94169448316097 147.50667608565092 0
      vertex 130.8913445621729 147.40022011882067 5
    endloop
  endfacet
  facet normal 0.8577286109446379 -0.5141027426176425 0
    outer loop
      vertex 130.94169448316097 147.50667608565092 0
      vertex 131.00223646312952 147.60768427735567 0
      vertex 130.94169448316097 147.50667608565092 5
    endloop
  endfacet
  facet normal 0.8032075190013904 -0.5956993213187597 0
    outer loop
      vertex 131.00223646312952 147.60768427735567 0
      vertex 131.07238745689392 147.7022719386816 0
      vertex 131.00223646312952 147.60768427735567 5
    endloop
  endfacet
  facet normal 0.7409511532036593 -0.6715589241207113 0
    outer loop
      vertex 131.07238745689392 147.7022719386816 0
      vertex 131.1514718607068 147.7895281392932 0
      vertex 131.07238745689392 147.7022719386816 5
    endloop
  endfacet
  facet normal 0.6715589241207113 -0.7409511532036593 0
    outer loop
      vertex 131.1514718607068 147.7895281392932 0
      vertex 131.2387280613184 147.86861254310608 0
      vertex 131.1514718607068 147.7895281392932 5
    endloop
  endfacet
  facet normal 0.5956993213187597 -0.8032075190013904 0
    outer loop
      vertex 131.2387280613184 147.86861254310608 0
      vertex 131.33331572264433 147.93876353687048 0
      vertex 131.2387280613184 147.86861254310608 5
    endloop
  endfacet
  facet normal 0.5141027426176425 -0.8577286109446379 0
    outer loop
      vertex 131.33331572264433 147.93876353687048 0
      vertex 131.43432391434908 147.99930551683903 0
      vertex 131.33331572264433 147.93876353687048 5
    endloop
  endfacet
  facet normal 0.4275550829790278 -0.9039892980665183 0
    outer loop
      vertex 131.43432391434908 147.99930551683903 0
      vertex 131.54077988117933 148.0496554378271 0
      vertex 131.43432391434908 147.99930551683903 5
    endloop
  endfacet
  facet normal 0.336889852853362 -0.9415440653758274 0
    outer loop
      vertex 131.54077988117933 148.0496554378271 0
      vertex 131.65165838599205 148.08932840114832 0
      vertex 131.54077988117933 148.0496554378271 5
    endloop
  endfacet
  facet normal 0.2429801719237427 -0.97003125519331 0
    outer loop
      vertex 131.65165838599205 148.08932840114832 0
      vertex 131.76589161157608 148.11794233357907 0
      vertex 131.65165838599205 148.08932840114832 5
    endloop
  endfacet
  facet normal 0.1467305200934287 -0.9891765031950122 0
    outer loop
      vertex 131.76589161157608 148.11794233357907 0
      vertex 131.8823794350028 148.13522167539597 0
      vertex 131.76589161157608 148.11794233357907 5
    endloop
  endfacet
  facet normal 0.04906767227610611 -0.9987954563059468 0
    outer loop
      vertex 131.8823794350028 148.13522167539597 0
      vertex 132 148.14100000298023 0
      vertex 131.8823794350028 148.13522167539597 5
    endloop
  endfacet
  facet normal -0.04906767227610611 -0.9987954563059468 0
    outer loop
      vertex 132 148.14100000298023 0
      vertex 132.1176205649972 148.13522167539597 0
      vertex 132 148.14100000298023 5
    endloop
  endfacet
  facet normal -0.1467305200934287 -0.9891765031950122 0
    outer loop
      vertex 132.1176205649972 148.13522167539597 0
      vertex 132.23410838842392 148.11794233357907 0
      vertex 132.1176205649972 148.13522167539597 5
    endloop
  endfacet
  facet normal -0.2429801719237427 -0.97003125519331 0
    outer loop
      vertex 132.23410838842392 148.11794233357907 0
      vertex 132.34834161400795 148.08932840114832 0
      vertex 132.23410838842392 148.11794233357907 5
    endloop
  endfacet
  facet normal -0.336889852853362 -0.9415440653758274 0
    outer loop
      vertex 132.34834161400795 148.08932840114832 0
      vertex 132.45922011882067 148.0496554378271 0
      vertex 132.34834161400795 148.08932840114832 5
    endloop
  endfacet
  facet normal -0.9039892980665183 -0.4275550829790278 0
    outer loop
      vertex 133.1086554378271 147.40022011882067 0
      vertex 133.05830551683903 147.50667608565092 5
      vertex 133.05830551683903 147.50667608565092 0
    endloop
  endfacet
  facet normal -0.8577286109446379 -0.5141027426176425 0
    outer loop
      vertex 133.05830551683903 147.50667608565092 0
      vertex 132.99776353687048 147.60768427735567 5
      vertex 132.99776353687048 147.60768427735567 0
    endloop
  endfacet
  facet normal -0.8032075190013904 -0.5956993213187597 0
    outer loop
      vertex 132.92761254310608 147.7022719386816 0
      vertex 132.99776353687048 147.60768427735567 0
      vertex 132.92761254310608 147.7022719386816 5
    endloop
  endfacet
  facet normal -0.4275550829790278 -0.9039892980665183 0
    outer loop
      vertex 132.56567608565092 147.99930551683903 0
      vertex 132.45922011882067 148.0496554378271 5
      vertex 132.45922011882067 148.0496554378271 0
    endloop
  endfacet
  facet normal -0.5141027426176425 -0.8577286109446379 0
    outer loop
      vertex 132.56567608565092 147.99930551683903 0
      vertex 132.66668427735567 147.93876353687048 0
      vertex 132.56567608565092 147.99930551683903 5
    endloop
  endfacet
  facet normal -0.5956993213187597 -0.8032075190013904 0
    outer loop
      vertex 132.66668427735567 147.93876353687048 0
      vertex 132.7612719386816 147.86861254310608 0
      vertex 132.66668427735567 147.93876353687048 5
    endloop
  endfacet
  facet normal -0.6715589241207113 -0.7409511532036593 0
    outer loop
      vertex 132.8485281392932 147.7895281392932 0
      vertex 132.7612719386816 147.86861254310608 5
      vertex 132.7612719386816 147.86861254310608 0
    endloop
  endfacet
  facet normal -0.7409511532036593 -0.6715589241207113 0
    outer loop
      vertex 132.8485281392932 147.7895281392932 0
      vertex 132.92761254310608 147.7022719386816 0
      vertex 132.8485281392932 147.7895281392932 5
    endloop
  endfacet
  facet normal -0.97003125519331 -0.2429801719237427 0
    outer loop
      vertex 133.17694233357906 147.17510838842392 0
      vertex 133.14832840114832 147.28934161400795 5
      vertex 133.14832840114832 147.28934161400795 0
    endloop
  endfacet
  facet normal -0.9891765031950122 -0.1467305200934287 0
    outer loop
      vertex 133.19422167539597 147.0586205649972 0
      vertex 133.17694233357906 147.17510838842392 5
      vertex 133.17694233357906 147.17510838842392 0
    endloop
  endfacet
  facet normal -0.9415440653758274 -0.336889852853362 0
    outer loop
      vertex 133.1086554378271 147.40022011882067 0
      vertex 133.14832840114832 147.28934161400795 0
      vertex 133.1086554378271 147.40022011882067 5
    endloop
  endfacet
  facet normal -0.786315126569372 -0.6178256402320904 0
    outer loop
      vertex 140.03490813821554 133.02413087373972 0
      vertex 140.2102410569787 132.80098227447272 0
      vertex 140.03490813821554 133.02413087373972 5
    endloop
  endfacet
  facet normal -0.5810925785722698 -0.8138374623524223 0
    outer loop
      vertex 140.44120022654533 132.63607384300232 0
      vertex 140.2102410569787 132.80098227447272 5
      vertex 140.2102410569787 132.80098227447272 0
    endloop
  endfacet
  facet normal -0.3290706126739358 -0.9443053170846814 0
    outer loop
      vertex 140.44120022654533 132.63607384300232 0
      vertex 140.70918490737677 132.5426867980361 0
      vertex 140.44120022654533 132.63607384300232 5
    endloop
  endfacet
  facet normal -0.050546306211616904 -0.998721718462336 0
    outer loop
      vertex 140.70918490737677 132.5426867980361 0
      vertex 140.99261242896318 132.5283422473669 0
      vertex 140.70918490737677 132.5426867980361 5
    endloop
  endfacet
  facet normal 0.23204881753346054 -0.9727041411864775 0
    outer loop
      vertex 140.99261242896318 132.5283422473669 0
      vertex 141.26865641772747 132.59419544821978 0
      vertex 140.99261242896318 132.5283422473669 5
    endloop
  endfacet
  facet normal 0.495955464341453 -0.8683479587065625 0
    outer loop
      vertex 141.26865641772747 132.59419544821978 0
      vertex 141.51508513838053 132.73494279420376 0
      vertex 141.26865641772747 132.59419544821978 5
    endloop
  endfacet
  facet normal 0.7199193743733889 -0.6940577025016209 0
    outer loop
      vertex 141.51508513838053 132.73494279420376 0
      vertex 141.71205197274685 132.93924891984463 0
      vertex 141.51508513838053 132.73494279420376 5
    endloop
  endfacet
  facet normal 0.8859031970459901 -0.46387016013502497 0
    outer loop
      vertex 141.71205197274685 132.93924891984463 0
      vertex 141.8436938226223 133.19065965002775 0
      vertex 141.71205197274685 132.93924891984463 5
    endloop
  endfacet
  facet normal 0.9427602788651921 -0.33347122303734866 0
    outer loop
      vertex 141.8436938226223 133.19065965002775 0
      vertex 145.88552055507898 144.61735387182236 0
      vertex 141.8436938226223 133.19065965002775 5
    endloop
  endfacet
  facet normal 0.9496328108964728 -0.31336484242630636 0
    outer loop
      vertex 145.88552055507898 144.61735387182236 0
      vertex 145.91215324401855 144.69806259161234 0
      vertex 145.88552055507898 144.61735387182236 5
    endloop
  endfacet
  facet normal 0.962088748195624 -0.2727365772964405 0
    outer loop
      vertex 145.91215324401855 144.69806259161234 0
      vertex 145.93533296138048 144.77982993459702 0
      vertex 145.91215324401855 144.69806259161234 5
    endloop
  endfacet
  facet normal 0.9728073133066135 -0.23161591304823656 0
    outer loop
      vertex 145.93533296138048 144.77982993459702 0
      vertex 145.95501785725355 144.86250823771954 0
      vertex 145.93533296138048 144.77982993459702 5
    endloop
  endfacet
  facet normal 0.9817691889319818 -0.19007698351941107 0
    outer loop
      vertex 145.95501785725355 144.86250823771954 0
      vertex 145.97117238491774 144.9459482062459 0
      vertex 145.95501785725355 144.86250823771954 5
    endloop
  endfacet
  facet normal 0.9889581963981168 -0.1481947562398342 0
    outer loop
      vertex 145.97117238491774 144.9459482062459 0
      vertex 145.98376736789942 145.0299991670847 0
      vertex 145.97117238491774 144.9459482062459 5
    endloop
  endfacet
  facet normal 0.9943613335230966 -0.10604498288070405 0
    outer loop
      vertex 145.98376736789942 145.0299991670847 0
      vertex 145.99278006702662 145.114509337008 0
      vertex 145.98376736789942 145.0299991670847 5
    endloop
  endfacet
  facet normal 0.9979688588734273 -0.06370366330807928 0
    outer loop
      vertex 145.99278006702662 145.114509337008 0
      vertex 145.99819420278072 145.19932610577345 0
      vertex 145.99278006702662 145.114509337008 5
    endloop
  endfacet
  facet normal 0.999774250153722 -0.021247322879902816 0
    outer loop
      vertex 145.99819420278072 145.19932610577345 0
      vertex 146 145.2842963192463 0
      vertex 145.99819420278072 145.19932610577345 5
    endloop
  endfacet
  facet normal 1 0 0
    outer loop
      vertex 146 145.2842963192463 0
      vertex 146 154.941 0
      vertex 146 145.2842963192463 5
    endloop
  endfacet
  facet normal 0.0980171391808235 0.9951847267853376 0
    outer loop
      vertex 144 156.941 0
      vertex 144.3901806473732 156.90257056093216 5
      vertex 144.3901806473732 156.90257056093216 0
    endloop
  endfacet
  facet normal 0.29028467119332607 0.9569403375708344 0
    outer loop
      vertex 144.3901806473732 156.90257056093216 0
      vertex 144.76536686718464 156.78875906801224 5
      vertex 144.76536686718464 156.78875906801224 0
    endloop
  endfacet
  facet normal 0.9569403375708344 0.29028467119332607 0
    outer loop
      vertex 145.96157056093216 155.3311806473732 0
      vertex 145.84775906801224 155.70636686718464 0
      vertex 145.96157056093216 155.3311806473732 5
    endloop
  endfacet
  facet normal 0.4713967371326908 0.8819212641844242 0
    outer loop
      vertex 144.76536686718464 156.78875906801224 0
      vertex 145.1111404672265 156.60393922811747 5
      vertex 145.1111404672265 156.60393922811747 0
    endloop
  endfacet
  facet normal 0.6343932961394977 0.7730104435344091 0
    outer loop
      vertex 145.1111404672265 156.60393922811747 0
      vertex 145.4142135605216 156.3552135605216 5
      vertex 145.4142135605216 156.3552135605216 0
    endloop
  endfacet
  facet normal 0.7730104435344091 0.6343932961394977 0
    outer loop
      vertex 145.4142135605216 156.3552135605216 0
      vertex 145.66293922811747 156.0521404672265 5
      vertex 145.66293922811747 156.0521404672265 0
    endloop
  endfacet
  facet normal 0.8819212641844242 0.4713967371326908 0
    outer loop
      vertex 145.84775906801224 155.70636686718464 0
      vertex 145.66293922811747 156.0521404672265 0
      vertex 145.84775906801224 155.70636686718464 5
    endloop
  endfacet
  facet normal 0.9951847267853376 0.0980171391808235 0
    outer loop
      vertex 146 154.941 0
      vertex 145.96157056093216 155.3311806473732 0
      vertex 146 154.941 5
    endloop
  endfacet
  facet normal 0.5000000000373479 -0.866025403762876 5.04040119802182e-16
    outer loop
      vertex 22.72753895819187 83.85251519864798 5
      vertex 130.96188235282898 146.34164249932766 0
      vertex 130.96188235282898 146.34164249932766 5
    endloop
  endfacet
  facet normal -0.54189157269097 0.8404484061776233 0
    outer loop
      vertex 95.08717904984951 139.50245994365216 0
      vertex 94.83974596112967 139.34292379057408 5
      vertex 95.08717904984951 139.50245994365216 5
    endloop
  endfacet
  facet normal -0.621660578509102 0.7832867451500304 0
    outer loop
      vertex 95.31778340786695 139.68548058009148 0
      vertex 95.08717904984951 139.50245994365216 5
      vertex 95.31778340786695 139.68548058009148 5
    endloop
  endfacet
  facet normal -0.6954426295403564 0.7185816230728382 0
    outer loop
      vertex 95.52933818101883 139.8902230936885 0
      vertex 95.31778340786695 139.68548058009148 5
      vertex 95.52933818101883 139.8902230936885 5
    endloop
  endfacet
  facet normal -0.7625271977664606 0.6469561597716101 0
    outer loop
      vertex 95.71980598568916 140.11471571063996 0
      vertex 95.52933818101883 139.8902230936885 5
      vertex 95.71980598568916 140.11471571063996 5
    endloop
  endfacet
  facet normal -0.8222682339374253 0.5691001242816837 0
    outer loop
      vertex 95.88735250383615 140.35679645127058 0
      vertex 95.71980598568916 140.11471571063996 5
      vertex 95.88735250383615 140.35679645127058 5
    endloop
  endfacet
  facet normal -0.8740903387409051 0.48576339890919085 0
    outer loop
      vertex 96.03036418557167 140.61413393205405 0
      vertex 95.88735250383615 140.35679645127058 5
      vertex 96.03036418557167 140.61413393205405 5
    endloop
  endfacet
  facet normal -0.9174944993153286 0.39774846791171276 0
    outer loop
      vertex 96.1474637389183 140.8842498589158 0
      vertex 96.03036418557167 140.61413393205405 5
      vertex 96.1474637389183 140.8842498589158 5
    endloop
  endfacet
  facet normal -0.9520626768489773 0.30590302278853015 0
    outer loop
      vertex 96.23752343654633 141.16454286164046 0
      vertex 96.1474637389183 140.8842498589158 5
      vertex 96.23752343654633 141.16454286164046 5
    endloop
  endfacet
  facet normal -0.9774619737233523 0.21111155800867173 0
    outer loop
      vertex 96.29967595636845 141.45231357997656 0
      vertex 96.23752343654633 141.16454286164046 5
      vertex 96.29967595636845 141.45231357997656 5
    endloop
  endfacet
  facet normal -0.9934477776179861 0.11428697714912593 0
    outer loop
      vertex 96.33332273364067 141.7447906140089 0
      vertex 96.29967595636845 141.45231357997656 5
      vertex 96.33332273364067 141.7447906140089 5
    endloop
  endfacet
  facet normal -0.999866138247426 0.01636171097958163 0
    outer loop
      vertex 96.3381397202611 142.03915724939108 0
      vertex 96.33332273364067 141.7447906140089 5
      vertex 96.3381397202611 142.03915724939108 5
    endloop
  endfacet
  facet normal -0.48576339890919085 -0.8740903387409051 0
    outer loop
      vertex 94.66661202907562 144.631618224442 0
      vertex 94.92394950985909 144.4886065427065 5
      vertex 94.66661202907562 144.631618224442 5
    endloop
  endfacet
  facet normal -0.5691001242816837 -0.8222682339374253 0
    outer loop
      vertex 94.92394950985909 144.4886065427065 0
      vertex 95.16603025048971 144.3210600245595 5
      vertex 94.92394950985909 144.4886065427065 5
    endloop
  endfacet
  facet normal -0.7185816230728382 -0.6954426295403564 0
    outer loop
      vertex 95.39052286744118 144.13059221988917 0
      vertex 95.59526538103819 143.9190374467373 5
      vertex 95.39052286744118 144.13059221988917 5
    endloop
  endfacet
  facet normal -0.7832867451500304 -0.621660578509102 0
    outer loop
      vertex 95.59526538103819 143.9190374467373 0
      vertex 95.77828601747751 143.68843308871985 5
      vertex 95.59526538103819 143.9190374467373 5
    endloop
  endfacet
  facet normal -0.6469561597716101 -0.7625271977664606 0
    outer loop
      vertex 95.16603025048971 144.3210600245595 0
      vertex 95.39052286744118 144.13059221988917 5
      vertex 95.16603025048971 144.3210600245595 5
    endloop
  endfacet
  facet normal -0.03271906888173734 -0.9994645879327152 0
    outer loop
      vertex 93.33974596112967 144.941 0
      vertex 93.53595534712076 144.934576772511 5
      vertex 93.33974596112967 144.941 5
    endloop
  endfacet
  facet normal -0.11428697714912593 -0.9934477776179861 0
    outer loop
      vertex 93.53595534712076 144.934576772511 0
      vertex 93.8284323811531 144.90092999523878 5
      vertex 93.53595534712076 144.934576772511 5
    endloop
  endfacet
  facet normal -0.21111155800867173 -0.9774619737233523 0
    outer loop
      vertex 93.8284323811531 144.90092999523878 0
      vertex 94.11620309948921 144.83877747541666 5
      vertex 93.8284323811531 144.90092999523878 5
    endloop
  endfacet
  facet normal -0.30590302278853015 -0.9520626768489773 0
    outer loop
      vertex 94.11620309948921 144.83877747541666 0
      vertex 94.39649610221386 144.74871777778864 5
      vertex 94.11620309948921 144.83877747541666 5
    endloop
  endfacet
  facet normal -0.39774846791171276 -0.9174944993153286 0
    outer loop
      vertex 94.39649610221386 144.74871777778864 0
      vertex 94.66661202907562 144.631618224442 5
      vertex 94.39649610221386 144.74871777778864 5
    endloop
  endfacet
  facet normal -0.983846008531246 -0.17901684696456807 0
    outer loop
      vertex 96.26137690246105 142.62222878670693 0
      vertex 96.31408054381609 142.33257857745886 5
      vertex 96.26137690246105 142.62222878670693 5
    endloop
  endfacet
  facet normal -0.9615617970653576 -0.27458862034767567 0
    outer loop
      vertex 96.18053635209799 142.90531839466095 0
      vertex 96.26137690246105 142.62222878670693 5
      vertex 96.18053635209799 142.90531839466095 5
    endloop
  endfacet
  facet normal -0.9300172201563711 -0.36751594552157346 0
    outer loop
      vertex 96.0723374336958 143.1791210923195 0
      vertex 96.18053635209799 142.90531839466095 5
      vertex 96.0723374336958 143.1791210923195 5
    endloop
  endfacet
  facet normal -0.889516073733762 -0.45690387891685985 0
    outer loop
      vertex 95.93782217055559 143.441 0
      vertex 96.0723374336958 143.1791210923195 5
      vertex 95.93782217055559 143.441 5
    endloop
  endfacet
  facet normal -0.9966552398216048 -0.0817210678842339 0
    outer loop
      vertex 96.31408054381609 142.33257857745886 0
      vertex 96.3381397202611 142.03915724939108 5
      vertex 96.31408054381609 142.33257857745886 5
    endloop
  endfacet
  facet normal -0.8404484061776233 -0.54189157269097 0
    outer loop
      vertex 95.77828601747751 143.68843308871985 0
      vertex 95.93782217055559 143.441 5
      vertex 95.77828601747751 143.68843308871985 5
    endloop
  endfacet
  facet normal 0 0 1
    outer loop
      vertex 24.256368532776833 98.59159182792902 5
      vertex 131.1514718607068 147.7895281392932 5
      vertex 94.83974596112967 139.34292379057408 5
    endloop
  endfacet
  facet normal 0 0 1
    outer loop
      vertex 16.948847860097885 86.8268360350132 5
      vertex 131.00223646312952 147.60768427735567 5
      vertex 131.07238745689392 147.7022719386816 5
    endloop
  endfacet
  facet normal 0 0 1
    outer loop
      vertex 16.948847860097885 86.8268360350132 5
      vertex 131.07238745689392 147.7022719386816 5
      vertex 131.1514718607068 147.7895281392932 5
    endloop
  endfacet
  facet normal 0 0 1
    outer loop
      vertex 17.536950699985027 86.85572767293453 5
      vertex 130.94169448316097 147.50667608565092 5
      vertex 131.00223646312952 147.60768427735567 5
    endloop
  endfacet
  facet normal 0 0 1
    outer loop
      vertex 18.12505353987217 86.8268360350132 5
      vertex 130.8913445621729 147.40022011882067 5
      vertex 130.94169448316097 147.50667608565092 5
    endloop
  endfacet
  facet normal 0 0 1
    outer loop
      vertex 22.72753895819187 83.85251519864798 5
      vertex 130.96188235282898 146.34164249932766 5
      vertex 130.94169448316097 146.37532391434908 5
    endloop
  endfacet
  facet normal 0 0 1
    outer loop
      vertex 22.72753895819187 83.85251519864798 5
      vertex 130.94169448316097 146.37532391434908 5
      vertex 130.8913445621729 146.48177988117934 5
    endloop
  endfacet
  facet normal 0 0 1
    outer loop
      vertex 22.72753895819187 83.85251519864798 5
      vertex 130.8913445621729 146.48177988117934 5
      vertex 130.85167159885168 146.59265838599205 5
    endloop
  endfacet
  facet normal 0 0 1
    outer loop
      vertex 22.525768376886845 84.18914907461405 5
      vertex 130.82305766642094 147.17510838842392 5
      vertex 130.85167159885168 147.28934161400795 5
    endloop
  endfacet
  facet normal 0 0 1
    outer loop
      vertex 22.72753895819187 83.85251519864798 5
      vertex 130.85167159885168 146.59265838599205 5
      vertex 130.82305766642094 146.70689161157608 5
    endloop
  endfacet
  facet normal 0 0 1
    outer loop
      vertex 22.72753895819187 83.85251519864798 5
      vertex 130.82305766642094 146.70689161157608 5
      vertex 130.80577832460403 146.8233794350028 5
    endloop
  endfacet
  facet normal 0 0 1
    outer loop
      vertex 22.72753895819187 83.85251519864798 5
      vertex 130.80577832460403 146.8233794350028 5
      vertex 130.79999999701977 146.941 5
    endloop
  endfacet
  facet normal 0 0 1
    outer loop
      vertex 22.72753895819187 83.85251519864798 5
      vertex 130.79999999701977 146.941 5
      vertex 130.80577832460403 147.0586205649972 5
    endloop
  endfacet
  facet normal 0 0 1
    outer loop
      vertex 22.72753895819187 83.85251519864798 5
      vertex 130.80577832460403 147.0586205649972 5
      vertex 130.82305766642094 147.17510838842392 5
    endloop
  endfacet
  facet normal 0 0 1
    outer loop
      vertex 22.525768376886845 84.18914907461405 5
      vertex 130.85167159885168 147.28934161400795 5
      vertex 130.8913445621729 147.40022011882067 5
    endloop
  endfacet
  facet normal 0 0 1
    outer loop
      vertex 2 156.941 5
      vertex 93.33974596112967 144.941 5
      vertex 144 156.941 5
    endloop
  endfacet
  facet normal 0 0 1
    outer loop
      vertex 94.83974596112967 139.34292379057408 5
      vertex 131.1514718607068 147.7895281392932 5
      vertex 95.08717904984951 139.50245994365216 5
    endloop
  endfacet
  facet normal 0 0 1
    outer loop
      vertex 95.08717904984951 139.50245994365216 5
      vertex 146 154.941 5
      vertex 95.31778340786695 139.68548058009148 5
    endloop
  endfacet
  facet normal 0 0 1
    outer loop
      vertex 95.52933818101883 139.8902230936885 5
      vertex 144 156.941 5
      vertex 95.71980598568916 140.11471571063996 5
    endloop
  endfacet
  facet normal 0 0 1
    outer loop
      vertex 95.71980598568916 140.11471571063996 5
      vertex 144 156.941 5
      vertex 95.88735250383615 140.35679645127058 5
    endloop
  endfacet
  facet normal 0 0 1
    outer loop
      vertex 95.31778340786695 139.68548058009148 5
      vertex 146 154.941 5
      vertex 95.52933818101883 139.8902230936885 5
    endloop
  endfacet
  facet normal 0 0 1
    outer loop
      vertex 95.88735250383615 140.35679645127058 5
      vertex 144 156.941 5
      vertex 96.03036418557167 140.61413393205405 5
    endloop
  endfacet
  facet normal 0 0 1
    outer loop
      vertex 96.03036418557167 140.61413393205405 5
      vertex 144 156.941 5
      vertex 96.1474637389183 140.8842498589158 5
    endloop
  endfacet
  facet normal 0 0 1
    outer loop
      vertex 96.1474637389183 140.8842498589158 5
      vertex 144 156.941 5
      vertex 96.23752343654633 141.16454286164046 5
    endloop
  endfacet
  facet normal 0 0 1
    outer loop
      vertex 96.23752343654633 141.16454286164046 5
      vertex 144 156.941 5
      vertex 96.29967595636845 141.45231357997656 5
    endloop
  endfacet
  facet normal 0 0 1
    outer loop
      vertex 96.29967595636845 141.45231357997656 5
      vertex 144 156.941 5
      vertex 96.33332273364067 141.7447906140089 5
    endloop
  endfacet
  facet normal 0 0 1
    outer loop
      vertex 96.33332273364067 141.7447906140089 5
      vertex 144 156.941 5
      vertex 96.3381397202611 142.03915724939108 5
    endloop
  endfacet
  facet normal 0 0 1
    outer loop
      vertex 96.3381397202611 142.03915724939108 5
      vertex 144 156.941 5
      vertex 96.31408054381609 142.33257857745886 5
    endloop
  endfacet
  facet normal 0 0 1
    outer loop
      vertex 93.33974596112967 144.941 5
      vertex 93.53595534712076 144.934576772511 5
      vertex 144 156.941 5
    endloop
  endfacet
  facet normal 0 0 1
    outer loop
      vertex 93.53595534712076 144.934576772511 5
      vertex 93.8284323811531 144.90092999523878 5
      vertex 144 156.941 5
    endloop
  endfacet
  facet normal 0 0 1
    outer loop
      vertex 93.8284323811531 144.90092999523878 5
      vertex 94.11620309948921 144.83877747541666 5
      vertex 144 156.941 5
    endloop
  endfacet
  facet normal 0 0 1
    outer loop
      vertex 94.39649610221386 144.74871777778864 5
      vertex 144 156.941 5
      vertex 94.11620309948921 144.83877747541666 5
    endloop
  endfacet
  facet normal 0 0 1
    outer loop
      vertex 94.39649610221386 144.74871777778864 5
      vertex 94.66661202907562 144.631618224442 5
      vertex 144 156.941 5
    endloop
  endfacet
  facet normal 0 0 1
    outer loop
      vertex 94.66661202907562 144.631618224442 5
      vertex 94.92394950985909 144.4886065427065 5
      vertex 144 156.941 5
    endloop
  endfacet
  facet normal 0 0 1
    outer loop
      vertex 94.92394950985909 144.4886065427065 5
      vertex 95.16603025048971 144.3210600245595 5
      vertex 144 156.941 5
    endloop
  endfacet
  facet normal 0 0 1
    outer loop
      vertex 95.16603025048971 144.3210600245595 5
      vertex 95.39052286744118 144.13059221988917 5
      vertex 144 156.941 5
    endloop
  endfacet
  facet normal 0 0 1
    outer loop
      vertex 96.31408054381609 142.33257857745886 5
      vertex 144 156.941 5
      vertex 96.26137690246105 142.62222878670693 5
    endloop
  endfacet
  facet normal 0 0 1
    outer loop
      vertex 96.26137690246105 142.62222878670693 5
      vertex 144 156.941 5
      vertex 96.18053635209799 142.90531839466095 5
    endloop
  endfacet
  facet normal 0 0 1
    outer loop
      vertex 96.18053635209799 142.90531839466095 5
      vertex 144 156.941 5
      vertex 96.0723374336958 143.1791210923195 5
    endloop
  endfacet
  facet normal 0 0 1
    outer loop
      vertex 95.77828601747751 143.68843308871985 5
      vertex 95.93782217055559 143.441 5
      vertex 144 156.941 5
    endloop
  endfacet
  facet normal 0 0 1
    outer loop
      vertex 95.39052286744118 144.13059221988917 5
      vertex 95.59526538103819 143.9190374467373 5
      vertex 144 156.941 5
    endloop
  endfacet
  facet normal 0 0 1
    outer loop
      vertex 95.59526538103819 143.9190374467373 5
      vertex 95.77828601747751 143.68843308871985 5
      vertex 144 156.941 5
    endloop
  endfacet
  facet normal 0 0 1
    outer loop
      vertex 96.0723374336958 143.1791210923195 5
      vertex 144 156.941 5
      vertex 95.93782217055559 143.441 5
    endloop
  endfacet
  facet normal 0.9039892980665183 0.4275550829790278 0
    outer loop
      vertex 130.8913445621729 146.48177988117934 0
      vertex 130.8913445621729 146.48177988117934 5
      vertex 130.94169448316097 146.37532391434908 5
    endloop
  endfacet
  facet normal 0.8577285380148523 0.51410286429362 0
    outer loop
      vertex 130.94169448316097 146.37532391434908 0
      vertex 130.94169448316097 146.37532391434908 5
      vertex 130.96188235282898 146.34164249932766 5
    endloop
  endfacet
  facet normal 0.9415440653758274 0.336889852853362 0
    outer loop
      vertex 130.85167159885168 146.59265838599205 0
      vertex 130.85167159885168 146.59265838599205 5
      vertex 130.8913445621729 146.48177988117934 5
    endloop
  endfacet
  facet normal 0.97003125519331 0.2429801719237427 0
    outer loop
      vertex 130.82305766642094 146.70689161157608 0
      vertex 130.82305766642094 146.70689161157608 5
      vertex 130.85167159885168 146.59265838599205 5
    endloop
  endfacet
  facet normal 0.9891765031950122 0.1467305200934287 0
    outer loop
      vertex 130.80577832460403 146.8233794350028 0
      vertex 130.80577832460403 146.8233794350028 5
      vertex 130.82305766642094 146.70689161157608 5
    endloop
  endfacet
  facet normal 0.9987954563059468 0.04906767227610611 0
    outer loop
      vertex 130.79999999701977 146.941 0
      vertex 130.79999999701977 146.941 5
      vertex 130.80577832460403 146.8233794350028 5
    endloop
  endfacet
  facet normal 0.9987954563059468 -0.04906767227610611 0
    outer loop
      vertex 130.80577832460403 147.0586205649972 0
      vertex 130.80577832460403 147.0586205649972 5
      vertex 130.79999999701977 146.941 5
    endloop
  endfacet
  facet normal -0.5141027236025143 0.8577286223418669 0
    outer loop
      vertex 132.59935750812292 145.90288235282898 0
      vertex 132.59935750812292 145.90288235282898 5
      vertex 132.66668427735567 145.94323646312952 5
    endloop
  endfacet
  facet normal -0.5956993213187597 0.8032075190013904 0
    outer loop
      vertex 132.66668427735567 145.94323646312952 0
      vertex 132.66668427735567 145.94323646312952 5
      vertex 132.7612719386816 146.01338745689392 5
    endloop
  endfacet
  facet normal -0.6715589241207113 0.7409511532036593 0
    outer loop
      vertex 132.7612719386816 146.01338745689392 0
      vertex 132.7612719386816 146.01338745689392 5
      vertex 132.8485281392932 146.0924718607068 5
    endloop
  endfacet
  facet normal -0.7409511532036593 0.6715589241207113 0
    outer loop
      vertex 132.8485281392932 146.0924718607068 0
      vertex 132.8485281392932 146.0924718607068 5
      vertex 132.92761254310608 146.1797280613184 5
    endloop
  endfacet
  facet normal -0.8032075190013904 0.5956993213187597 0
    outer loop
      vertex 132.92761254310608 146.1797280613184 0
      vertex 132.92761254310608 146.1797280613184 5
      vertex 132.99776353687048 146.27431572264433 5
    endloop
  endfacet
  facet normal -0.8577286109446379 0.5141027426176425 0
    outer loop
      vertex 132.99776353687048 146.27431572264433 0
      vertex 132.99776353687048 146.27431572264433 5
      vertex 133.05830551683903 146.37532391434908 5
    endloop
  endfacet
  facet normal -0.9039892980665183 0.4275550829790278 0
    outer loop
      vertex 133.05830551683903 146.37532391434908 0
      vertex 133.05830551683903 146.37532391434908 5
      vertex 133.1086554378271 146.48177988117934 5
    endloop
  endfacet
  facet normal -0.9415440653758274 0.336889852853362 0
    outer loop
      vertex 133.1086554378271 146.48177988117934 0
      vertex 133.1086554378271 146.48177988117934 5
      vertex 133.14832840114832 146.59265838599205 5
    endloop
  endfacet
  facet normal -0.97003125519331 0.2429801719237427 0
    outer loop
      vertex 133.14832840114832 146.59265838599205 0
      vertex 133.14832840114832 146.59265838599205 5
      vertex 133.17694233357906 146.70689161157608 5
    endloop
  endfacet
  facet normal -0.9891765031950122 0.1467305200934287 0
    outer loop
      vertex 133.17694233357906 146.70689161157608 0
      vertex 133.17694233357906 146.70689161157608 5
      vertex 133.19422167539597 146.8233794350028 5
    endloop
  endfacet
  facet normal -0.9987954563059468 0.04906767227610611 0
    outer loop
      vertex 133.19422167539597 146.8233794350028 0
      vertex 133.19422167539597 146.8233794350028 5
      vertex 133.20000000298023 146.941 5
    endloop
  endfacet
  facet normal -0.9891765031950122 -0.1467305200934287 0
    outer loop
      vertex 133.19422167539597 147.0586205649972 0
      vertex 133.19422167539597 147.0586205649972 5
      vertex 133.17694233357906 147.17510838842392 5
    endloop
  endfacet
  facet normal -0.9987954563059468 -0.04906767227610611 0
    outer loop
      vertex 133.20000000298023 146.941 0
      vertex 133.20000000298023 146.941 5
      vertex 133.19422167539597 147.0586205649972 5
    endloop
  endfacet
  facet normal 0.9891765031950122 -0.1467305200934287 0
    outer loop
      vertex 130.82305766642094 147.17510838842392 0
      vertex 130.82305766642094 147.17510838842392 5
      vertex 130.80577832460403 147.0586205649972 5
    endloop
  endfacet
  facet normal 0.97003125519331 -0.2429801719237427 0
    outer loop
      vertex 130.85167159885168 147.28934161400795 0
      vertex 130.85167159885168 147.28934161400795 5
      vertex 130.82305766642094 147.17510838842392 5
    endloop
  endfacet
  facet normal 0.9415440653758274 -0.336889852853362 0
    outer loop
      vertex 130.8913445621729 147.40022011882067 0
      vertex 130.8913445621729 147.40022011882067 5
      vertex 130.85167159885168 147.28934161400795 5
    endloop
  endfacet
  facet normal 0.9039892980665183 -0.4275550829790278 0
    outer loop
      vertex 130.94169448316097 147.50667608565092 0
      vertex 130.94169448316097 147.50667608565092 5
      vertex 130.8913445621729 147.40022011882067 5
    endloop
  endfacet
  facet normal 0.8577286109446379 -0.5141027426176425 0
    outer loop
      vertex 131.00223646312952 147.60768427735567 0
      vertex 131.00223646312952 147.60768427735567 5
      vertex 130.94169448316097 147.50667608565092 5
    endloop
  endfacet
  facet normal 0.8032075190013904 -0.5956993213187597 0
    outer loop
      vertex 131.07238745689392 147.7022719386816 0
      vertex 131.07238745689392 147.7022719386816 5
      vertex 131.00223646312952 147.60768427735567 5
    endloop
  endfacet
  facet normal 0.7409511532036593 -0.6715589241207113 0
    outer loop
      vertex 131.1514718607068 147.7895281392932 0
      vertex 131.1514718607068 147.7895281392932 5
      vertex 131.07238745689392 147.7022719386816 5
    endloop
  endfacet
  facet normal 0.6715589241207113 -0.7409511532036593 0
    outer loop
      vertex 131.2387280613184 147.86861254310608 0
      vertex 131.2387280613184 147.86861254310608 5
      vertex 131.1514718607068 147.7895281392932 5
    endloop
  endfacet
  facet normal 0.5956993213187597 -0.8032075190013904 0
    outer loop
      vertex 131.33331572264433 147.93876353687048 0
      vertex 131.33331572264433 147.93876353687048 5
      vertex 131.2387280613184 147.86861254310608 5
    endloop
  endfacet
  facet normal 0.5141027426176425 -0.8577286109446379 0
    outer loop
      vertex 131.43432391434908 147.99930551683903 0
      vertex 131.43432391434908 147.99930551683903 5
      vertex 131.33331572264433 147.93876353687048 5
    endloop
  endfacet
  facet normal 0.4275550829790278 -0.9039892980665183 0
    outer loop
      vertex 131.54077988117933 148.0496554378271 0
      vertex 131.54077988117933 148.0496554378271 5
      vertex 131.43432391434908 147.99930551683903 5
    endloop
  endfacet
  facet normal 0.336889852853362 -0.9415440653758274 0
    outer loop
      vertex 131.65165838599205 148.08932840114832 0
      vertex 131.65165838599205 148.08932840114832 5
      vertex 131.54077988117933 148.0496554378271 5
    endloop
  endfacet
  facet normal 0.2429801719237427 -0.97003125519331 0
    outer loop
      vertex 131.76589161157608 148.11794233357907 0
      vertex 131.76589161157608 148.11794233357907 5
      vertex 131.65165838599205 148.08932840114832 5
    endloop
  endfacet
  facet normal 0.1467305200934287 -0.9891765031950122 0
    outer loop
      vertex 131.8823794350028 148.13522167539597 0
      vertex 131.8823794350028 148.13522167539597 5
      vertex 131.76589161157608 148.11794233357907 5
    endloop
  endfacet
  facet normal 0.04906767227610611 -0.9987954563059468 0
    outer loop
      vertex 132 148.14100000298023 0
      vertex 132 148.14100000298023 5
      vertex 131.8823794350028 148.13522167539597 5
    endloop
  endfacet
  facet normal -0.04906767227610611 -0.9987954563059468 0
    outer loop
      vertex 132.1176205649972 148.13522167539597 0
      vertex 132.1176205649972 148.13522167539597 5
      vertex 132 148.14100000298023 5
    endloop
  endfacet
  facet normal -0.1467305200934287 -0.9891765031950122 0
    outer loop
      vertex 132.23410838842392 148.11794233357907 0
      vertex 132.23410838842392 148.11794233357907 5
      vertex 132.1176205649972 148.13522167539597 5
    endloop
  endfacet
  facet normal -0.2429801719237427 -0.97003125519331 0
    outer loop
      vertex 132.34834161400795 148.08932840114832 0
      vertex 132.34834161400795 148.08932840114832 5
      vertex 132.23410838842392 148.11794233357907 5
    endloop
  endfacet
  facet normal -0.336889852853362 -0.9415440653758274 0
    outer loop
      vertex 132.45922011882067 148.0496554378271 0
      vertex 132.45922011882067 148.0496554378271 5
      vertex 132.34834161400795 148.08932840114832 5
    endloop
  endfacet
  facet normal -0.7409511532036593 -0.6715589241207113 0
    outer loop
      vertex 132.92761254310608 147.7022719386816 0
      vertex 132.92761254310608 147.7022719386816 5
      vertex 132.8485281392932 147.7895281392932 5
    endloop
  endfacet
  facet normal -0.8577286109446379 -0.5141027426176425 0
    outer loop
      vertex 133.05830551683903 147.50667608565092 0
      vertex 133.05830551683903 147.50667608565092 5
      vertex 132.99776353687048 147.60768427735567 5
    endloop
  endfacet
  facet normal -0.8032075190013904 -0.5956993213187597 0
    outer loop
      vertex 132.99776353687048 147.60768427735567 0
      vertex 132.99776353687048 147.60768427735567 5
      vertex 132.92761254310608 147.7022719386816 5
    endloop
  endfacet
  facet normal -0.4275550829790278 -0.9039892980665183 0
    outer loop
      vertex 132.56567608565092 147.99930551683903 0
      vertex 132.56567608565092 147.99930551683903 5
      vertex 132.45922011882067 148.0496554378271 5
    endloop
  endfacet
  facet normal -0.5956993213187597 -0.8032075190013904 0
    outer loop
      vertex 132.7612719386816 147.86861254310608 0
      vertex 132.7612719386816 147.86861254310608 5
      vertex 132.66668427735567 147.93876353687048 5
    endloop
  endfacet
  facet normal -0.5141027426176425 -0.8577286109446379 0
    outer loop
      vertex 132.66668427735567 147.93876353687048 0
      vertex 132.66668427735567 147.93876353687048 5
      vertex 132.56567608565092 147.99930551683903 5
    endloop
  endfacet
  facet normal -0.6715589241207113 -0.7409511532036593 0
    outer loop
      vertex 132.8485281392932 147.7895281392932 0
      vertex 132.8485281392932 147.7895281392932 5
      vertex 132.7612719386816 147.86861254310608 5
    endloop
  endfacet
  facet normal -0.97003125519331 -0.2429801719237427 0
    outer loop
      vertex 133.17694233357906 147.17510838842392 0
      vertex 133.17694233357906 147.17510838842392 5
      vertex 133.14832840114832 147.28934161400795 5
    endloop
  endfacet
  facet normal -0.9415440653758274 -0.336889852853362 0
    outer loop
      vertex 133.14832840114832 147.28934161400795 0
      vertex 133.14832840114832 147.28934161400795 5
      vertex 133.1086554378271 147.40022011882067 5
    endloop
  endfacet
  facet normal -0.9039892980665183 -0.4275550829790278 0
    outer loop
      vertex 133.1086554378271 147.40022011882067 0
      vertex 133.1086554378271 147.40022011882067 5
      vertex 133.05830551683903 147.50667608565092 5
    endloop
  endfacet
  facet normal -0.8660254038772035 -0.4999999998393266 0
    outer loop
      vertex 140.03490813821554 133.02413087373972 0
      vertex 140.03490813821554 133.02413087373972 5
      vertex 132.59935750812292 145.90288235282898 5
    endloop
  endfacet
  facet normal -0.5810925785722698 -0.8138374623524223 0
    outer loop
      vertex 140.44120022654533 132.63607384300232 0
      vertex 140.44120022654533 132.63607384300232 5
      vertex 140.2102410569787 132.80098227447272 5
    endloop
  endfacet
  facet normal -0.786315126569372 -0.6178256402320904 0
    outer loop
      vertex 140.2102410569787 132.80098227447272 0
      vertex 140.2102410569787 132.80098227447272 5
      vertex 140.03490813821554 133.02413087373972 5
    endloop
  endfacet
  facet normal -0.3290706126739358 -0.9443053170846814 0
    outer loop
      vertex 140.70918490737677 132.5426867980361 0
      vertex 140.70918490737677 132.5426867980361 5
      vertex 140.44120022654533 132.63607384300232 5
    endloop
  endfacet
  facet normal -0.050546306211616904 -0.998721718462336 0
    outer loop
      vertex 140.99261242896318 132.5283422473669 0
      vertex 140.99261242896318 132.5283422473669 5
      vertex 140.70918490737677 132.5426867980361 5
    endloop
  endfacet
  facet normal 0.23204881753346054 -0.9727041411864775 0
    outer loop
      vertex 141.26865641772747 132.59419544821978 0
      vertex 141.26865641772747 132.59419544821978 5
      vertex 140.99261242896318 132.5283422473669 5
    endloop
  endfacet
  facet normal 0.495955464341453 -0.8683479587065625 0
    outer loop
      vertex 141.51508513838053 132.73494279420376 0
      vertex 141.51508513838053 132.73494279420376 5
      vertex 141.26865641772747 132.59419544821978 5
    endloop
  endfacet
  facet normal 0.7199193743733889 -0.6940577025016209 0
    outer loop
      vertex 141.71205197274685 132.93924891984463 0
      vertex 141.71205197274685 132.93924891984463 5
      vertex 141.51508513838053 132.73494279420376 5
    endloop
  endfacet
  facet normal 0.8859031970459901 -0.46387016013502497 0
    outer loop
      vertex 141.8436938226223 133.19065965002775 0
      vertex 141.8436938226223 133.19065965002775 5
      vertex 141.71205197274685 132.93924891984463 5
    endloop
  endfacet
  facet normal 0.9427602788651921 -0.33347122303734866 0
    outer loop
      vertex 145.88552055507898 144.61735387182236 0
      vertex 145.88552055507898 144.61735387182236 5
      vertex 141.8436938226223 133.19065965002775 5
    endloop
  endfacet
  facet normal 0.9496328108964728 -0.31336484242630636 0
    outer loop
      vertex 145.91215324401855 144.69806259161234 0
      vertex 145.91215324401855 144.69806259161234 5
      vertex 145.88552055507898 144.61735387182236 5
    endloop
  endfacet
  facet normal 0.962088748195624 -0.2727365772964405 0
    outer loop
      vertex 145.93533296138048 144.77982993459702 0
      vertex 145.93533296138048 144.77982993459702 5
      vertex 145.91215324401855 144.69806259161234 5
    endloop
  endfacet
  facet normal 0.9728073133066135 -0.23161591304823656 0
    outer loop
      vertex 145.95501785725355 144.86250823771954 0
      vertex 145.95501785725355 144.86250823771954 5
      vertex 145.93533296138048 144.77982993459702 5
    endloop
  endfacet
  facet normal 0.9817691889319818 -0.19007698351941107 0
    outer loop
      vertex 145.97117238491774 144.9459482062459 0
      vertex 145.97117238491774 144.9459482062459 5
      vertex 145.95501785725355 144.86250823771954 5
    endloop
  endfacet
  facet normal 0.9889581963981168 -0.1481947562398342 0
    outer loop
      vertex 145.98376736789942 145.0299991670847 0
      vertex 145.98376736789942 145.0299991670847 5
      vertex 145.97117238491774 144.9459482062459 5
    endloop
  endfacet
  facet normal 0.9943613335230966 -0.10604498288070405 0
    outer loop
      vertex 145.99278006702662 145.114509337008 0
      vertex 145.99278006702662 145.114509337008 5
      vertex 145.98376736789942 145.0299991670847 5
    endloop
  endfacet
  facet normal 0.9979688588734273 -0.06370366330807928 0
    outer loop
      vertex 145.99819420278072 145.19932610577345 0
      vertex 145.99819420278072 145.19932610577345 5
      vertex 145.99278006702662 145.114509337008 5
    endloop
  endfacet
  facet normal 0.999774250153722 -0.021247322879902816 0
    outer loop
      vertex 146 145.2842963192463 0
      vertex 146 145.2842963192463 5
      vertex 145.99819420278072 145.19932610577345 5
    endloop
  endfacet
  facet normal 1 0 0
    outer loop
      vertex 146 154.941 0
      vertex 146 154.941 5
      vertex 146 145.2842963192463 5
    endloop
  endfacet
  facet normal 0.0980171391808235 0.9951847267853376 0
    outer loop
      vertex 144 156.941 0
      vertex 144 156.941 5
      vertex 144.3901806473732 156.90257056093216 5
    endloop
  endfacet
  facet normal 0.29028467119332607 0.9569403375708344 0
    outer loop
      vertex 144.3901806473732 156.90257056093216 0
      vertex 144.3901806473732 156.90257056093216 5
      vertex 144.76536686718464 156.78875906801224 5
    endloop
  endfacet
  facet normal 0.9569403375708344 0.29028467119332607 0
    outer loop
      vertex 145.84775906801224 155.70636686718464 0
      vertex 145.84775906801224 155.70636686718464 5
      vertex 145.96157056093216 155.3311806473732 5
    endloop
  endfacet
  facet normal 0.4713967371326908 0.8819212641844242 0
    outer loop
      vertex 144.76536686718464 156.78875906801224 0
      vertex 144.76536686718464 156.78875906801224 5
      vertex 145.1111404672265 156.60393922811747 5
    endloop
  endfacet
  facet normal 0.6343932961394977 0.7730104435344091 0
    outer loop
      vertex 145.1111404672265 156.60393922811747 0
      vertex 145.1111404672265 156.60393922811747 5
      vertex 145.4142135605216 156.3552135605216 5
    endloop
  endfacet
  facet normal 0.7730104435344091 0.6343932961394977 0
    outer loop
      vertex 145.4142135605216 156.3552135605216 0
      vertex 145.4142135605216 156.3552135605216 5
      vertex 145.66293922811747 156.0521404672265 5
    endloop
  endfacet
  facet normal 0.8819212641844242 0.4713967371326908 0
    outer loop
      vertex 145.66293922811747 156.0521404672265 0
      vertex 145.66293922811747 156.0521404672265 5
      vertex 145.84775906801224 155.70636686718464 5
    endloop
  endfacet
  facet normal 0.9951847267853376 0.0980171391808235 0
    outer loop
      vertex 145.96157056093216 155.3311806473732 0
      vertex 145.96157056093216 155.3311806473732 5
      vertex 146 154.941 5
    endloop
  endfacet
  facet normal 0 0 1
    outer loop
      vertex 95.08717904984951 139.50245994365216 5
      vertex 131.1514718607068 147.7895281392932 5
      vertex 131.2387280613184 147.86861254310608 5
    endloop
  endfacet
  facet normal 0 0 1
    outer loop
      vertex 95.08717904984951 139.50245994365216 5
      vertex 131.2387280613184 147.86861254310608 5
      vertex 131.33331572264433 147.93876353687048 5
    endloop
  endfacet
  facet normal 0 0 1
    outer loop
      vertex 95.08717904984951 139.50245994365216 5
      vertex 131.33331572264433 147.93876353687048 5
      vertex 131.43432391434908 147.99930551683903 5
    endloop
  endfacet
  facet normal 0 0 1
    outer loop
      vertex 95.08717904984951 139.50245994365216 5
      vertex 131.43432391434908 147.99930551683903 5
      vertex 146 154.941 5
    endloop
  endfacet
  facet normal 0 0 1
    outer loop
      vertex 140.03490813821554 133.02413087373972 5
      vertex 132.66668427735567 145.94323646312952 5
      vertex 132.59935750812292 145.90288235282898 5
    endloop
  endfacet
  facet normal 0 0 1
    outer loop
      vertex 140.03490813821554 133.02413087373972 5
      vertex 132.7612719386816 146.01338745689392 5
      vertex 132.66668427735567 145.94323646312952 5
    endloop
  endfacet
  facet normal 0 0 1
    outer loop
      vertex 140.03490813821554 133.02413087373972 5
      vertex 132.8485281392932 146.0924718607068 5
      vertex 132.7612719386816 146.01338745689392 5
    endloop
  endfacet
  facet normal 0 0 1
    outer loop
      vertex 140.03490813821554 133.02413087373972 5
      vertex 132.92761254310608 146.1797280613184 5
      vertex 132.8485281392932 146.0924718607068 5
    endloop
  endfacet
  facet normal 0 0 1
    outer loop
      vertex 140.03490813821554 133.02413087373972 5
      vertex 132.99776353687048 146.27431572264433 5
      vertex 132.92761254310608 146.1797280613184 5
    endloop
  endfacet
  facet normal 0 0 1
    outer loop
      vertex 140.03490813821554 133.02413087373972 5
      vertex 133.05830551683903 146.37532391434908 5
      vertex 132.99776353687048 146.27431572264433 5
    endloop
  endfacet
  facet normal 0 0 1
    outer loop
      vertex 140.03490813821554 133.02413087373972 5
      vertex 133.1086554378271 146.48177988117934 5
      vertex 133.05830551683903 146.37532391434908 5
    endloop
  endfacet
  facet normal 0 0 1
    outer loop
      vertex 140.03490813821554 133.02413087373972 5
      vertex 133.14832840114832 146.59265838599205 5
      vertex 133.1086554378271 146.48177988117934 5
    endloop
  endfacet
  facet normal 0 0 1
    outer loop
      vertex 140.03490813821554 133.02413087373972 5
      vertex 133.17694233357906 146.70689161157608 5
      vertex 133.14832840114832 146.59265838599205 5
    endloop
  endfacet
  facet normal 0 0 1
    outer loop
      vertex 140.03490813821554 133.02413087373972 5
      vertex 133.19422167539597 146.8233794350028 5
      vertex 133.17694233357906 146.70689161157608 5
    endloop
  endfacet
  facet normal 0 0 1
    outer loop
      vertex 140.03490813821554 133.02413087373972 5
      vertex 133.20000000298023 146.941 5
      vertex 133.19422167539597 146.8233794350028 5
    endloop
  endfacet
  facet normal 0 0 1
    outer loop
      vertex 140.03490813821554 133.02413087373972 5
      vertex 133.19422167539597 147.0586205649972 5
      vertex 133.20000000298023 146.941 5
    endloop
  endfacet
  facet normal 0 0 1
    outer loop
      vertex 95.52933818101883 139.8902230936885 5
      vertex 144.3901806473732 156.90257056093216 5
      vertex 144 156.941 5
    endloop
  endfacet
  facet normal 0 0 1
    outer loop
      vertex 95.52933818101883 139.8902230936885 5
      vertex 145.1111404672265 156.60393922811747 5
      vertex 144.76536686718464 156.78875906801224 5
    endloop
  endfacet
  facet normal 0 0 1
    outer loop
      vertex 95.52933818101883 139.8902230936885 5
      vertex 144.76536686718464 156.78875906801224 5
      vertex 144.3901806473732 156.90257056093216 5
    endloop
  endfacet
  facet normal 0 0 1
    outer loop
      vertex 95.52933818101883 139.8902230936885 5
      vertex 145.4142135605216 156.3552135605216 5
      vertex 145.1111404672265 156.60393922811747 5
    endloop
  endfacet
  facet normal 0 0 1
    outer loop
      vertex 95.52933818101883 139.8902230936885 5
      vertex 146 154.941 5
      vertex 145.96157056093216 155.3311806473732 5
    endloop
  endfacet
  facet normal 0 0 1
    outer loop
      vertex 95.52933818101883 139.8902230936885 5
      vertex 145.66293922811747 156.0521404672265 5
      vertex 145.4142135605216 156.3552135605216 5
    endloop
  endfacet
  facet normal 0 0 1
    outer loop
      vertex 95.52933818101883 139.8902230936885 5
      vertex 145.84775906801224 155.70636686718464 5
      vertex 145.66293922811747 156.0521404672265 5
    endloop
  endfacet
  facet normal 0 0 1
    outer loop
      vertex 95.52933818101883 139.8902230936885 5
      vertex 145.96157056093216 155.3311806473732 5
      vertex 145.84775906801224 155.70636686718464 5
    endloop
  endfacet
  facet normal 0 0 1
    outer loop
      vertex 131.43432391434908 147.99930551683903 5
      vertex 131.54077988117933 148.0496554378271 5
      vertex 146 154.941 5
    endloop
  endfacet
  facet normal 0 0 1
    outer loop
      vertex 131.54077988117933 148.0496554378271 5
      vertex 131.65165838599205 148.08932840114832 5
      vertex 146 154.941 5
    endloop
  endfacet
  facet normal 0 0 1
    outer loop
      vertex 131.65165838599205 148.08932840114832 5
      vertex 131.76589161157608 148.11794233357907 5
      vertex 146 154.941 5
    endloop
  endfacet
  facet normal 0 0 1
    outer loop
      vertex 131.76589161157608 148.11794233357907 5
      vertex 131.8823794350028 148.13522167539597 5
      vertex 146 154.941 5
    endloop
  endfacet
  facet normal 0 0 1
    outer loop
      vertex 131.8823794350028 148.13522167539597 5
      vertex 132 148.14100000298023 5
      vertex 146 154.941 5
    endloop
  endfacet
  facet normal 0 0 1
    outer loop
      vertex 132 148.14100000298023 5
      vertex 132.1176205649972 148.13522167539597 5
      vertex 146 154.941 5
    endloop
  endfacet
  facet normal 0 0 1
    outer loop
      vertex 133.05830551683903 147.50667608565092 5
      vertex 146 154.941 5
      vertex 132.99776353687048 147.60768427735567 5
    endloop
  endfacet
  facet normal 0 0 1
    outer loop
      vertex 132.8485281392932 147.7895281392932 5
      vertex 132.92761254310608 147.7022719386816 5
      vertex 146 154.941 5
    endloop
  endfacet
  facet normal 0 0 1
    outer loop
      vertex 132.92761254310608 147.7022719386816 5
      vertex 132.99776353687048 147.60768427735567 5
      vertex 146 154.941 5
    endloop
  endfacet
  facet normal 0 0 1
    outer loop
      vertex 132.1176205649972 148.13522167539597 5
      vertex 132.23410838842392 148.11794233357907 5
      vertex 146 154.941 5
    endloop
  endfacet
  facet normal 0 0 1
    outer loop
      vertex 132.23410838842392 148.11794233357907 5
      vertex 132.34834161400795 148.08932840114832 5
      vertex 146 154.941 5
    endloop
  endfacet
  facet normal 0 0 1
    outer loop
      vertex 132.56567608565092 147.99930551683903 5
      vertex 146 154.941 5
      vertex 132.45922011882067 148.0496554378271 5
    endloop
  endfacet
  facet normal 0 0 1
    outer loop
      vertex 132.34834161400795 148.08932840114832 5
      vertex 132.45922011882067 148.0496554378271 5
      vertex 146 154.941 5
    endloop
  endfacet
  facet normal 0 0 1
    outer loop
      vertex 132.66668427735567 147.93876353687048 5
      vertex 132.7612719386816 147.86861254310608 5
      vertex 146 154.941 5
    endloop
  endfacet
  facet normal 0 0 1
    outer loop
      vertex 132.8485281392932 147.7895281392932 5
      vertex 146 154.941 5
      vertex 132.7612719386816 147.86861254310608 5
    endloop
  endfacet
  facet normal 0 0 1
    outer loop
      vertex 132.56567608565092 147.99930551683903 5
      vertex 132.66668427735567 147.93876353687048 5
      vertex 146 154.941 5
    endloop
  endfacet
  facet normal 0 0 1
    outer loop
      vertex 140.03490813821554 133.02413087373972 5
      vertex 140.2102410569787 132.80098227447272 5
      vertex 133.19422167539597 147.0586205649972 5
    endloop
  endfacet
  facet normal 0 0 1
    outer loop
      vertex 140.44120022654533 132.63607384300232 5
      vertex 133.19422167539597 147.0586205649972 5
      vertex 140.2102410569787 132.80098227447272 5
    endloop
  endfacet
  facet normal 0 0 1
    outer loop
      vertex 140.44120022654533 132.63607384300232 5
      vertex 140.70918490737677 132.5426867980361 5
      vertex 133.19422167539597 147.0586205649972 5
    endloop
  endfacet
  facet normal 0 0 1
    outer loop
      vertex 140.70918490737677 132.5426867980361 5
      vertex 140.99261242896318 132.5283422473669 5
      vertex 133.19422167539597 147.0586205649972 5
    endloop
  endfacet
  facet normal 0 0 1
    outer loop
      vertex 140.99261242896318 132.5283422473669 5
      vertex 141.26865641772747 132.59419544821978 5
      vertex 133.19422167539597 147.0586205649972 5
    endloop
  endfacet
  facet normal 0 0 1
    outer loop
      vertex 141.26865641772747 132.59419544821978 5
      vertex 141.51508513838053 132.73494279420376 5
      vertex 133.19422167539597 147.0586205649972 5
    endloop
  endfacet
  facet normal 0 0 1
    outer loop
      vertex 141.51508513838053 132.73494279420376 5
      vertex 141.71205197274685 132.93924891984463 5
      vertex 133.19422167539597 147.0586205649972 5
    endloop
  endfacet
  facet normal 0 0 1
    outer loop
      vertex 141.71205197274685 132.93924891984463 5
      vertex 141.8436938226223 133.19065965002775 5
      vertex 133.19422167539597 147.0586205649972 5
    endloop
  endfacet
  facet normal 0 0 1
    outer loop
      vertex 141.8436938226223 133.19065965002775 5
      vertex 145.88552055507898 144.61735387182236 5
      vertex 133.19422167539597 147.0586205649972 5
    endloop
  endfacet
  facet normal 0 0 1
    outer loop
      vertex 133.19422167539597 147.0586205649972 5
      vertex 146 145.2842963192463 5
      vertex 133.17694233357906 147.17510838842392 5
    endloop
  endfacet
  facet normal 0 0 1
    outer loop
      vertex 133.17694233357906 147.17510838842392 5
      vertex 146 145.2842963192463 5
      vertex 133.14832840114832 147.28934161400795 5
    endloop
  endfacet
  facet normal 0 0 1
    outer loop
      vertex 133.1086554378271 147.40022011882067 5
      vertex 133.14832840114832 147.28934161400795 5
      vertex 146 145.2842963192463 5
    endloop
  endfacet
  facet normal 0 0 1
    outer loop
      vertex 133.1086554378271 147.40022011882067 5
      vertex 146 145.2842963192463 5
      vertex 133.05830551683903 147.50667608565092 5
    endloop
  endfacet
  facet normal 0 0 1
    outer loop
      vertex 133.19422167539597 147.0586205649972 5
      vertex 145.88552055507898 144.61735387182236 5
      vertex 145.91215324401855 144.69806259161234 5
    endloop
  endfacet
  facet normal 0 0 1
    outer loop
      vertex 133.19422167539597 147.0586205649972 5
      vertex 145.93533296138048 144.77982993459702 5
      vertex 145.95501785725355 144.86250823771954 5
    endloop
  endfacet
  facet normal 0 0 1
    outer loop
      vertex 133.19422167539597 147.0586205649972 5
      vertex 145.91215324401855 144.69806259161234 5
      vertex 145.93533296138048 144.77982993459702 5
    endloop
  endfacet
  facet normal 0 0 1
    outer loop
      vertex 133.19422167539597 147.0586205649972 5
      vertex 145.97117238491774 144.9459482062459 5
      vertex 145.98376736789942 145.0299991670847 5
    endloop
  endfacet
  facet normal 0 0 1
    outer loop
      vertex 133.19422167539597 147.0586205649972 5
      vertex 145.95501785725355 144.86250823771954 5
      vertex 145.97117238491774 144.9459482062459 5
    endloop
  endfacet
  facet normal 0 0 1
    outer loop
      vertex 133.19422167539597 147.0586205649972 5
      vertex 145.98376736789942 145.0299991670847 5
      vertex 145.99278006702662 145.114509337008 5
    endloop
  endfacet
  facet normal 0 0 1
    outer loop
      vertex 133.19422167539597 147.0586205649972 5
      vertex 145.99819420278072 145.19932610577345 5
      vertex 146 145.2842963192463 5
    endloop
  endfacet
  facet normal 0 0 1
    outer loop
      vertex 133.19422167539597 147.0586205649972 5
      vertex 145.99278006702662 145.114509337008 5
      vertex 145.99819420278072 145.19932610577345 5
    endloop
  endfacet
  facet normal 0 0 1
    outer loop
      vertex 133.05830551683903 147.50667608565092 5
      vertex 146 145.2842963192463 5
      vertex 146 154.941 5
    endloop
  endfacet
endsolid OpenSCAD_Model
