solid OpenSCAD_Model
  facet normal 0.29028467119332607 -0.9569403375708344 0
    outer loop
      vertex 144.76536686718464 0.15224093198776245 0
      vertex 144.3901806473732 0.038429439067840576 5
      vertex 144.3901806473732 0.038429439067840576 0
    endloop
  endfacet
  facet normal 0.29028467119332607 -0.9569403375708344 0
    outer loop
      vertex 144.76536686718464 0.15224093198776245 0
      vertex 144.76536686718464 0.15224093198776245 5
      vertex 144.3901806473732 0.038429439067840576 5
    endloop
  endfacet
  facet normal 0.4713967371326908 -0.8819212641844242 0
    outer loop
      vertex 145.1111404672265 0.337060771882534 0
      vertex 144.76536686718464 0.15224093198776245 5
      vertex 144.76536686718464 0.15224093198776245 0
    endloop
  endfacet
  facet normal 0.4713967371326908 -0.8819212641844242 0
    outer loop
      vertex 145.1111404672265 0.337060771882534 0
      vertex 145.1111404672265 0.337060771882534 5
      vertex 144.76536686718464 0.15224093198776245 5
    endloop
  endfacet
  facet normal 0.6343932961394977 -0.7730104435344091 0
    outer loop
      vertex 145.4142135605216 0.5857864394783974 0
      vertex 145.1111404672265 0.337060771882534 5
      vertex 145.1111404672265 0.337060771882534 0
    endloop
  endfacet
  facet normal 0.6343932961394977 -0.7730104435344091 0
    outer loop
      vertex 145.4142135605216 0.5857864394783974 0
      vertex 145.4142135605216 0.5857864394783974 5
      vertex 145.1111404672265 0.337060771882534 5
    endloop
  endfacet
  facet normal 0.7730104435344091 -0.6343932961394977 0
    outer loop
      vertex 145.66293922811747 0.8888595327734947 0
      vertex 145.4142135605216 0.5857864394783974 5
      vertex 145.4142135605216 0.5857864394783974 0
    endloop
  endfacet
  facet normal 0.7730104435344091 -0.6343932961394977 0
    outer loop
      vertex 145.66293922811747 0.8888595327734947 0
      vertex 145.66293922811747 0.8888595327734947 5
      vertex 145.4142135605216 0.5857864394783974 5
    endloop
  endfacet
  facet normal 0.8819212641844242 -0.4713967371326908 0
    outer loop
      vertex 145.84775906801224 1.234633132815361 0
      vertex 145.66293922811747 0.8888595327734947 5
      vertex 145.66293922811747 0.8888595327734947 0
    endloop
  endfacet
  facet normal 0.8819212641844242 -0.4713967371326908 0
    outer loop
      vertex 145.84775906801224 1.234633132815361 0
      vertex 145.84775906801224 1.234633132815361 5
      vertex 145.66293922811747 0.8888595327734947 5
    endloop
  endfacet
  facet normal 0.9569403375708344 -0.29028467119332607 0
    outer loop
      vertex 145.96157056093216 1.6098193526268005 0
      vertex 145.84775906801224 1.234633132815361 5
      vertex 145.84775906801224 1.234633132815361 0
    endloop
  endfacet
  facet normal 0.9569403375708344 -0.29028467119332607 0
    outer loop
      vertex 145.96157056093216 1.6098193526268005 0
      vertex 145.96157056093216 1.6098193526268005 5
      vertex 145.84775906801224 1.234633132815361 5
    endloop
  endfacet
  facet normal 0.9951847267853376 -0.0980171391808235 0
    outer loop
      vertex 146 2 0
      vertex 145.96157056093216 1.6098193526268005 5
      vertex 145.96157056093216 1.6098193526268005 0
    endloop
  endfacet
  facet normal 0.9951847267853376 -0.0980171391808235 0
    outer loop
      vertex 146 2 0
      vertex 146 2 5
      vertex 145.96157056093216 1.6098193526268005 5
    endloop
  endfacet
  facet normal 1 0 0
    outer loop
      vertex 146 146.41486094146967 0
      vertex 146 2 5
      vertex 146 2 0
    endloop
  endfacet
  facet normal 1 0 0
    outer loop
      vertex 146 146.41486094146967 0
      vertex 146 146.41486094146967 5
      vertex 146 2 5
    endloop
  endfacet
  facet normal 0.9996072106928761 0.0280254229371903 0
    outer loop
      vertex 145.99057491123676 146.75103380531073 0
      vertex 146 146.41486094146967 5
      vertex 146 146.41486094146967 0
    endloop
  endfacet
  facet normal 0.9996072106928761 0.0280254229371903 0
    outer loop
      vertex 145.99057491123676 146.75103380531073 0
      vertex 145.99057491123676 146.75103380531073 5
      vertex 146 146.41486094146967 5
    endloop
  endfacet
  facet normal 0.9964667506426488 0.08398818288117221 0
    outer loop
      vertex 145.9623292684555 147.08615051954985 0
      vertex 145.99057491123676 146.75103380531073 5
      vertex 145.99057491123676 146.75103380531073 0
    endloop
  endfacet
  facet normal 0.9964667506426488 0.08398818288117221 0
    outer loop
      vertex 145.9623292684555 147.08615051954985 0
      vertex 145.9623292684555 147.08615051954985 5
      vertex 145.99057491123676 146.75103380531073 5
    endloop
  endfacet
  facet normal 0.9901956934811171 0.13968710968249587 0
    outer loop
      vertex 145.91535180062056 147.41915824264288 0
      vertex 145.9623292684555 147.08615051954985 5
      vertex 145.9623292684555 147.08615051954985 0
    endloop
  endfacet
  facet normal 0.9901956934811171 0.13968710968249587 0
    outer loop
      vertex 145.91535180062056 147.41915824264288 0
      vertex 145.91535180062056 147.41915824264288 5
      vertex 145.9623292684555 147.08615051954985 5
    endloop
  endfacet
  facet normal 0.9808137463465808 0.19494715944990051 0
    outer loop
      vertex 145.84979010373354 147.74901077151299 0
      vertex 145.91535180062056 147.41915824264288 5
      vertex 145.91535180062056 147.41915824264288 0
    endloop
  endfacet
  facet normal 0.9808137463465808 0.19494715944990051 0
    outer loop
      vertex 145.84979010373354 147.74901077151299 0
      vertex 145.84979010373354 147.74901077151299 5
      vertex 145.91535180062056 147.41915824264288 5
    endloop
  endfacet
  facet normal 0.9683503751056469 0.24959477364871419 0
    outer loop
      vertex 145.76585014164448 148.07467181235552 0
      vertex 145.84979010373354 147.74901077151299 5
      vertex 145.84979010373354 147.74901077151299 0
    endloop
  endfacet
  facet normal 0.9683503751056469 0.24959477364871419 0
    outer loop
      vertex 145.76585014164448 148.07467181235552 0
      vertex 145.76585014164448 148.07467181235552 5
      vertex 145.84979010373354 147.74901077151299 5
    endloop
  endfacet
  facet normal 0.9528447507792595 0.3034582029084252 0
    outer loop
      vertex 145.66379564255476 148.39511822909117 0
      vertex 145.76585014164448 148.07467181235552 5
      vertex 145.76585014164448 148.07467181235552 0
    endloop
  endfacet
  facet normal 0.9528447507792595 0.3034582029084252 0
    outer loop
      vertex 145.66379564255476 148.39511822909117 0
      vertex 145.66379564255476 148.39511822909117 5
      vertex 145.76585014164448 148.07467181235552 5
    endloop
  endfacet
  facet normal 0.934345571891575 0.35636828181897123 0
    outer loop
      vertex 145.54394721984863 148.70934328436852 0
      vertex 145.66379564255476 148.39511822909117 5
      vertex 145.66379564255476 148.39511822909117 0
    endloop
  endfacet
  facet normal 0.934345571891575 0.35636828181897123 0
    outer loop
      vertex 145.54394721984863 148.70934328436852 0
      vertex 145.54394721984863 148.70934328436852 5
      vertex 145.66379564255476 148.39511822909117 5
    endloop
  endfacet
  facet normal 0.9129109656180349 0.4081587544747108 0
    outer loop
      vertex 145.40668140351772 149.01635977625847 0
      vertex 145.54394721984863 148.70934328436852 5
      vertex 145.54394721984863 148.70934328436852 0
    endloop
  endfacet
  facet normal 0.9129109656180349 0.4081587544747108 0
    outer loop
      vertex 145.40668140351772 149.01635977625847 0
      vertex 145.40668140351772 149.01635977625847 5
      vertex 145.54394721984863 148.70934328436852 5
    endloop
  endfacet
  facet normal 0.901113567546849 0.4335831389514475 1.2465177315425945e-17
    outer loop
      vertex 143.089631408453 153.83187264949083 0
      vertex 145.40668140351772 149.01635977625847 5
      vertex 145.40668140351772 149.01635977625847 0
    endloop
  endfacet
  facet normal 0.901113567546849 0.4335831389514475 0
    outer loop
      vertex 143.089631408453 153.83187264949083 0
      vertex 143.089631408453 153.83187264949083 5
      vertex 145.40668140351772 149.01635977625847 5
    endloop
  endfacet
  facet normal 0.8207583228876111 0.5712755687150607 0
    outer loop
      vertex 142.72648937255144 154.35360307991505 0
      vertex 143.089631408453 153.83187264949083 5
      vertex 143.089631408453 153.83187264949083 0
    endloop
  endfacet
  facet normal 0.8207583228876111 0.5712755687150607 0
    outer loop
      vertex 142.72648937255144 154.35360307991505 0
      vertex 142.72648937255144 154.35360307991505 5
      vertex 143.089631408453 153.83187264949083 5
    endloop
  endfacet
  facet normal 0.6000387625027044 0.7999709266556023 0
    outer loop
      vertex 142.21797283738852 154.73502898216248 0
      vertex 142.72648937255144 154.35360307991505 5
      vertex 142.72648937255144 154.35360307991505 0
    endloop
  endfacet
  facet normal 0.6000387625027044 0.7999709266556023 0
    outer loop
      vertex 142.21797283738852 154.73502898216248 0
      vertex 142.21797283738852 154.73502898216248 5
      vertex 142.72648937255144 154.35360307991505 5
    endloop
  endfacet
  facet normal 0.3187040624896585 0.9478542717910744 0
    outer loop
      vertex 141.615451477468 154.93761920183897 0
      vertex 142.21797283738852 154.73502898216248 5
      vertex 142.21797283738852 154.73502898216248 0
    endloop
  endfacet
  facet normal 0.3187040624896585 0.9478542717910744 0
    outer loop
      vertex 141.615451477468 154.93761920183897 0
      vertex 141.615451477468 154.93761920183897 5
      vertex 142.21797283738852 154.73502898216248 5
    endloop
  endfacet
  facet normal 0.005174288030653041 0.9999866132820859 0
    outer loop
      vertex 140.97979121655226 154.9409083351493 0
      vertex 141.615451477468 154.93761920183897 5
      vertex 141.615451477468 154.93761920183897 0
    endloop
  endfacet
  facet normal 0.005174288030653041 0.9999866132820859 0
    outer loop
      vertex 140.97979121655226 154.9409083351493 0
      vertex 140.97979121655226 154.9409083351493 5
      vertex 141.615451477468 154.93761920183897 5
    endloop
  endfacet
  facet normal -0.3088781758382868 0.9511016099717277 0
    outer loop
      vertex 140.3752056211233 154.7445641234517 0
      vertex 140.97979121655226 154.9409083351493 5
      vertex 140.97979121655226 154.9409083351493 0
    endloop
  endfacet
  facet normal -0.3088781758382868 0.9511016099717277 0
    outer loop
      vertex 140.3752056211233 154.7445641234517 0
      vertex 140.3752056211233 154.7445641234517 5
      vertex 140.97979121655226 154.9409083351493 5
    endloop
  endfacet
  facet normal -0.5917281815257847 0.8061375559966104 0
    outer loop
      vertex 139.86276914924383 154.36842099577188 0
      vertex 140.3752056211233 154.7445641234517 5
      vertex 140.3752056211233 154.7445641234517 0
    endloop
  endfacet
  facet normal -0.5917281815257847 0.8061375559966104 0
    outer loop
      vertex 139.86276914924383 154.36842099577188 0
      vertex 139.86276914924383 154.36842099577188 5
      vertex 140.3752056211233 154.7445641234517 5
    endloop
  endfacet
  facet normal -0.8148025685859916 0.5797385395380149 0
    outer loop
      vertex 139.49424746632576 153.85047645121813 0
      vertex 139.86276914924383 154.36842099577188 5
      vertex 139.86276914924383 154.36842099577188 0
    endloop
  endfacet
  facet normal -0.8148025685859916 0.5797385395380149 0
    outer loop
      vertex 139.49424746632576 153.85047645121813 0
      vertex 139.49424746632576 153.85047645121813 5
      vertex 139.86276914924383 154.36842099577188 5
    endloop
  endfacet
  facet normal -0.955566656527977 0.2947751090779939 0
    outer loop
      vertex 139.3068681359291 153.24305257201195 0
      vertex 139.49424746632576 153.85047645121813 5
      vertex 139.49424746632576 153.85047645121813 0
    endloop
  endfacet
  facet normal -0.955566656527977 0.2947751090779939 0
    outer loop
      vertex 139.3068681359291 153.24305257201195 0
      vertex 139.3068681359291 153.24305257201195 5
      vertex 139.49424746632576 153.85047645121813 5
    endloop
  endfacet
  facet normal -0.9902680687461658 0.13917310092736637 3.133558671288891e-17
    outer loop
      vertex 129.29710637778044 82.01989681273699 0
      vertex 139.3068681359291 153.24305257201195 5
      vertex 139.3068681359291 153.24305257201195 0
    endloop
  endfacet
  facet normal -0.9902680687461658 0.13917310092736637 0
    outer loop
      vertex 129.29710637778044 82.01989681273699 0
      vertex 129.29710637778044 82.01989681273699 5
      vertex 139.3068681359291 153.24305257201195 5
    endloop
  endfacet
  facet normal -0.14673044695582152 -0.989176514043952 0
    outer loop
      vertex 129.6335912272334 81.96998400986195 0
      vertex 129.29710637778044 82.01989681273699 5
      vertex 129.29710637778044 82.01989681273699 0
    endloop
  endfacet
  facet normal -0.14673044695582152 -0.989176514043952 0
    outer loop
      vertex 129.6335912272334 81.96998400986195 0
      vertex 129.6335912272334 81.96998400986195 5
      vertex 129.29710637778044 82.01989681273699 5
    endloop
  endfacet
  facet normal -0.24298018084783488 -0.9700312529579413 0
    outer loop
      vertex 130.20475736260414 81.82691434025764 0
      vertex 129.6335912272334 81.96998400986195 5
      vertex 129.6335912272334 81.96998400986195 0
    endloop
  endfacet
  facet normal -0.24298018084783488 -0.9700312529579413 0
    outer loop
      vertex 130.20475736260414 81.82691434025764 0
      vertex 130.20475736260414 81.82691434025764 5
      vertex 129.6335912272334 81.96998400986195 5
    endloop
  endfacet
  facet normal -0.33688984883968903 -0.9415440668119425 0
    outer loop
      vertex 130.7591498941183 81.6285495236516 0
      vertex 130.20475736260414 81.82691434025764 5
      vertex 130.20475736260414 81.82691434025764 0
    endloop
  endfacet
  facet normal -0.33688984883968903 -0.9415440668119425 0
    outer loop
      vertex 130.7591498941183 81.6285495236516 0
      vertex 130.7591498941183 81.6285495236516 5
      vertex 130.20475736260414 81.82691434025764 5
    endloop
  endfacet
  facet normal -0.427555098210165 -0.9039892908627271 0
    outer loop
      vertex 131.291429720819 81.3767999112606 0
      vertex 130.7591498941183 81.6285495236516 5
      vertex 130.7591498941183 81.6285495236516 0
    endloop
  endfacet
  facet normal -0.427555098210165 -0.9039892908627271 0
    outer loop
      vertex 131.291429720819 81.3767999112606 0
      vertex 131.291429720819 81.3767999112606 5
      vertex 130.7591498941183 81.6285495236516 5
    endloop
  endfacet
  facet normal -0.5141027500766173 -0.8577286064739005 0
    outer loop
      vertex 131.7964706942439 81.0740899965167 0
      vertex 131.291429720819 81.3767999112606 5
      vertex 131.291429720819 81.3767999112606 0
    endloop
  endfacet
  facet normal -0.5141027500766173 -0.8577286064739005 0
    outer loop
      vertex 131.7964706942439 81.0740899965167 0
      vertex 131.7964706942439 81.0740899965167 5
      vertex 131.291429720819 81.3767999112606 5
    endloop
  endfacet
  facet normal -0.5956993049920404 -0.803207531110111 0
    outer loop
      vertex 132.26940900087357 80.72333504259586 0
      vertex 131.7964706942439 81.0740899965167 5
      vertex 131.7964706942439 81.0740899965167 0
    endloop
  endfacet
  facet normal -0.5956993049920404 -0.803207531110111 0
    outer loop
      vertex 132.26940900087357 80.72333504259586 0
      vertex 132.26940900087357 80.72333504259586 5
      vertex 131.7964706942439 81.0740899965167 5
    endloop
  endfacet
  facet normal -0.6715589506072077 -0.7409511291976995 0
    outer loop
      vertex 132.70568998903036 80.32791300863028 0
      vertex 132.26940900087357 80.72333504259586 5
      vertex 132.26940900087357 80.72333504259586 0
    endloop
  endfacet
  facet normal -0.6715589506072077 -0.7409511291976995 0
    outer loop
      vertex 132.70568998903036 80.32791300863028 0
      vertex 132.70568998903036 80.32791300863028 5
      vertex 132.26940900087357 80.72333504259586 5
    endloop
  endfacet
  facet normal -0.7409511297873682 -0.6715589499566087 0
    outer loop
      vertex 133.10111201554537 79.89163202792406 0
      vertex 132.70568998903036 80.32791300863028 5
      vertex 132.70568998903036 80.32791300863028 0
    endloop
  endfacet
  facet normal -0.7409511297873682 -0.6715589499566087 0
    outer loop
      vertex 133.10111201554537 79.89163202792406 0
      vertex 133.10111201554537 79.89163202792406 5
      vertex 132.70568998903036 80.32791300863028 5
    endloop
  endfacet
  facet normal -0.803207531110111 -0.5956993049920404 0
    outer loop
      vertex 133.4518669694662 79.4186937212944 0
      vertex 133.10111201554537 79.89163202792406 5
      vertex 133.10111201554537 79.89163202792406 0
    endloop
  endfacet
  facet normal -0.803207531110111 -0.5956993049920404 0
    outer loop
      vertex 133.4518669694662 79.4186937212944 0
      vertex 133.4518669694662 79.4186937212944 5
      vertex 133.10111201554537 79.89163202792406 5
    endloop
  endfacet
  facet normal -0.8577286064739005 -0.5141027500766173 0
    outer loop
      vertex 133.7545768842101 78.91365274786949 0
      vertex 133.4518669694662 79.4186937212944 5
      vertex 133.4518669694662 79.4186937212944 0
    endloop
  endfacet
  facet normal -0.8577286064739005 -0.5141027500766173 0
    outer loop
      vertex 133.7545768842101 78.91365274786949 0
      vertex 133.7545768842101 78.91365274786949 5
      vertex 133.4518669694662 79.4186937212944 5
    endloop
  endfacet
  facet normal -0.9039892908627271 -0.427555098210165 0
    outer loop
      vertex 134.0063264966011 78.3813729211688 0
      vertex 133.7545768842101 78.91365274786949 5
      vertex 133.7545768842101 78.91365274786949 0
    endloop
  endfacet
  facet normal -0.9039892908627271 -0.427555098210165 0
    outer loop
      vertex 134.0063264966011 78.3813729211688 0
      vertex 134.0063264966011 78.3813729211688 5
      vertex 133.7545768842101 78.91365274786949 5
    endloop
  endfacet
  facet normal -0.9415440668119425 -0.33688984883968903 0
    outer loop
      vertex 134.20469131320715 77.82698038965464 0
      vertex 134.0063264966011 78.3813729211688 5
      vertex 134.0063264966011 78.3813729211688 0
    endloop
  endfacet
  facet normal -0.9415440668119425 -0.33688984883968903 0
    outer loop
      vertex 134.20469131320715 77.82698038965464 0
      vertex 134.20469131320715 77.82698038965464 5
      vertex 134.0063264966011 78.3813729211688 5
    endloop
  endfacet
  facet normal -0.9700312529579413 -0.24298018084783488 0
    outer loop
      vertex 134.34776098281145 77.2558142542839 0
      vertex 134.20469131320715 77.82698038965464 5
      vertex 134.20469131320715 77.82698038965464 0
    endloop
  endfacet
  facet normal -0.9700312529579413 -0.24298018084783488 0
    outer loop
      vertex 134.34776098281145 77.2558142542839 0
      vertex 134.34776098281145 77.2558142542839 5
      vertex 134.20469131320715 77.82698038965464 5
    endloop
  endfacet
  facet normal -0.9891765094515756 -0.1467304779151117 0
    outer loop
      vertex 134.43415766209364 76.67337516695261 0
      vertex 134.34776098281145 77.2558142542839 5
      vertex 134.34776098281145 77.2558142542839 0
    endloop
  endfacet
  facet normal -0.9891765094515756 -0.1467304779151117 0
    outer loop
      vertex 134.43415766209364 76.67337516695261 0
      vertex 134.43415766209364 76.67337516695261 5
      vertex 134.34776098281145 77.2558142542839 5
    endloop
  endfacet
  facet normal -0.9987954563668773 -0.049067671035838485 0
    outer loop
      vertex 134.46304930001497 76.08527232706547 0
      vertex 134.43415766209364 76.67337516695261 5
      vertex 134.43415766209364 76.67337516695261 0
    endloop
  endfacet
  facet normal -0.9987954563668773 -0.049067671035838485 0
    outer loop
      vertex 134.46304930001497 76.08527232706547 0
      vertex 134.46304930001497 76.08527232706547 5
      vertex 134.43415766209364 76.67337516695261 5
    endloop
  endfacet
  facet normal -0.9987954563973426 0.0490676704157047 0
    outer loop
      vertex 134.43415766209364 75.49716947972775 0
      vertex 134.46304930001497 76.08527232706547 5
      vertex 134.46304930001497 76.08527232706547 0
    endloop
  endfacet
  facet normal -0.9987954563973426 0.0490676704157047 0
    outer loop
      vertex 134.43415766209364 75.49716947972775 0
      vertex 134.43415766209364 75.49716947972775 5
      vertex 134.46304930001497 76.08527232706547 5
    endloop
  endfacet
  facet normal -0.9891765094515756 0.1467304779151117 0
    outer loop
      vertex 134.34776098281145 74.91473039239645 0
      vertex 134.43415766209364 75.49716947972775 5
      vertex 134.43415766209364 75.49716947972775 0
    endloop
  endfacet
  facet normal -0.9891765094515756 0.1467304779151117 0
    outer loop
      vertex 134.34776098281145 74.91473039239645 0
      vertex 134.34776098281145 74.91473039239645 5
      vertex 134.43415766209364 75.49716947972775 5
    endloop
  endfacet
  facet normal -0.9700312522108819 0.24298018383026293 0
    outer loop
      vertex 134.20469131320715 74.3435642644763 0
      vertex 134.34776098281145 74.91473039239645 5
      vertex 134.34776098281145 74.91473039239645 0
    endloop
  endfacet
  facet normal -0.9700312522108819 0.24298018383026293 0
    outer loop
      vertex 134.20469131320715 74.3435642644763 0
      vertex 134.20469131320715 74.3435642644763 5
      vertex 134.34776098281145 74.91473039239645 5
    endloop
  endfacet
  facet normal -0.9415440668119425 0.33688984883968903 0
    outer loop
      vertex 134.0063264966011 73.78917173296213 0
      vertex 134.20469131320715 74.3435642644763 5
      vertex 134.20469131320715 74.3435642644763 0
    endloop
  endfacet
  facet normal -0.9415440668119425 0.33688984883968903 0
    outer loop
      vertex 134.0063264966011 73.78917173296213 0
      vertex 134.0063264966011 73.78917173296213 5
      vertex 134.20469131320715 74.3435642644763 5
    endloop
  endfacet
  facet normal -0.9039892908627271 0.427555098210165 0
    outer loop
      vertex 133.7545768842101 73.25689190626144 0
      vertex 134.0063264966011 73.78917173296213 5
      vertex 134.0063264966011 73.78917173296213 0
    endloop
  endfacet
  facet normal -0.9039892908627271 0.427555098210165 0
    outer loop
      vertex 133.7545768842101 73.25689190626144 0
      vertex 133.7545768842101 73.25689190626144 5
      vertex 134.0063264966011 73.78917173296213 5
    endloop
  endfacet
  facet normal -0.8577286098182622 0.5141027444968869 0
    outer loop
      vertex 133.4518669694662 72.75185092538595 0
      vertex 133.7545768842101 73.25689190626144 5
      vertex 133.7545768842101 73.25689190626144 0
    endloop
  endfacet
  facet normal -0.8577286098182622 0.5141027444968869 0
    outer loop
      vertex 133.4518669694662 72.75185092538595 0
      vertex 133.4518669694662 72.75185092538595 5
      vertex 133.7545768842101 73.25689190626144 5
    endloop
  endfacet
  facet normal -0.803207531110111 0.5956993049920404 0
    outer loop
      vertex 133.10111201554537 72.2789126187563 0
      vertex 133.4518669694662 72.75185092538595 5
      vertex 133.4518669694662 72.75185092538595 0
    endloop
  endfacet
  facet normal -0.803207531110111 0.5956993049920404 0
    outer loop
      vertex 133.10111201554537 72.2789126187563 0
      vertex 133.10111201554537 72.2789126187563 5
      vertex 133.4518669694662 72.75185092538595 5
    endloop
  endfacet
  facet normal -0.7409511297873682 0.6715589499566087 0
    outer loop
      vertex 132.70568998903036 71.84263163805008 0
      vertex 133.10111201554537 72.2789126187563 5
      vertex 133.10111201554537 72.2789126187563 0
    endloop
  endfacet
  facet normal -0.7409511297873682 0.6715589499566087 0
    outer loop
      vertex 132.70568998903036 71.84263163805008 0
      vertex 132.70568998903036 71.84263163805008 5
      vertex 133.10111201554537 72.2789126187563 5
    endloop
  endfacet
  facet normal -0.6715589506072077 0.7409511291976995 0
    outer loop
      vertex 132.26940900087357 71.44720960408449 0
      vertex 132.70568998903036 71.84263163805008 5
      vertex 132.70568998903036 71.84263163805008 0
    endloop
  endfacet
  facet normal -0.6715589506072077 0.7409511291976995 0
    outer loop
      vertex 132.26940900087357 71.44720960408449 0
      vertex 132.26940900087357 71.44720960408449 5
      vertex 132.70568998903036 71.84263163805008 5
    endloop
  endfacet
  facet normal -0.5956993049920404 0.803207531110111 0
    outer loop
      vertex 131.7964706942439 71.09645465016365 0
      vertex 132.26940900087357 71.44720960408449 5
      vertex 132.26940900087357 71.44720960408449 0
    endloop
  endfacet
  facet normal -0.5956993049920404 0.803207531110111 0
    outer loop
      vertex 131.7964706942439 71.09645465016365 0
      vertex 131.7964706942439 71.09645465016365 5
      vertex 132.26940900087357 71.44720960408449 5
    endloop
  endfacet
  facet normal -0.5141027500766173 0.8577286064739005 0
    outer loop
      vertex 131.291429720819 70.79374473541975 0
      vertex 131.7964706942439 71.09645465016365 5
      vertex 131.7964706942439 71.09645465016365 0
    endloop
  endfacet
  facet normal -0.5141027500766173 0.8577286064739005 0
    outer loop
      vertex 131.291429720819 70.79374473541975 0
      vertex 131.291429720819 70.79374473541975 5
      vertex 131.7964706942439 71.09645465016365 5
    endloop
  endfacet
  facet normal -0.42755508786970237 0.9039892957534017 0
    outer loop
      vertex 130.7591498941183 70.54199513047934 0
      vertex 131.291429720819 70.79374473541975 5
      vertex 131.291429720819 70.79374473541975 0
    endloop
  endfacet
  facet normal -0.42755508786970237 0.9039892957534017 0
    outer loop
      vertex 130.7591498941183 70.54199513047934 0
      vertex 130.7591498941183 70.54199513047934 5
      vertex 131.291429720819 70.79374473541975 5
    endloop
  endfacet
  facet normal -0.33688984883968903 0.9415440668119425 0
    outer loop
      vertex 130.20475736260414 70.34363031387329 0
      vertex 130.7591498941183 70.54199513047934 5
      vertex 130.7591498941183 70.54199513047934 0
    endloop
  endfacet
  facet normal -0.33688984883968903 0.9415440668119425 0
    outer loop
      vertex 130.20475736260414 70.34363031387329 0
      vertex 130.20475736260414 70.34363031387329 5
      vertex 130.7591498941183 70.54199513047934 5
    endloop
  endfacet
  facet normal -0.24298018084783488 0.9700312529579413 0
    outer loop
      vertex 129.6335912272334 70.20056064426899 0
      vertex 130.20475736260414 70.34363031387329 5
      vertex 130.20475736260414 70.34363031387329 0
    endloop
  endfacet
  facet normal -0.24298018084783488 0.9700312529579413 0
    outer loop
      vertex 129.6335912272334 70.20056064426899 0
      vertex 129.6335912272334 70.20056064426899 5
      vertex 130.20475736260414 70.34363031387329 5
    endloop
  endfacet
  facet normal -0.1467304779151117 0.9891765094515756 0
    outer loop
      vertex 129.05115213990211 70.1141639649868 0
      vertex 129.6335912272334 70.20056064426899 5
      vertex 129.6335912272334 70.20056064426899 0
    endloop
  endfacet
  facet normal -0.1467304779151117 0.9891765094515756 0
    outer loop
      vertex 129.05115213990211 70.1141639649868 0
      vertex 129.05115213990211 70.1141639649868 5
      vertex 129.6335912272334 70.20056064426899 5
    endloop
  endfacet
  facet normal -0.049067671035838485 0.9987954563668773 0
    outer loop
      vertex 128.46304930001497 70.08527232706547 0
      vertex 129.05115213990211 70.1141639649868 5
      vertex 129.05115213990211 70.1141639649868 0
    endloop
  endfacet
  facet normal -0.049067671035838485 0.9987954563668773 0
    outer loop
      vertex 128.46304930001497 70.08527232706547 0
      vertex 128.46304930001497 70.08527232706547 5
      vertex 129.05115213990211 70.1141639649868 5
    endloop
  endfacet
  facet normal 0.049067671035838485 0.9987954563668773 0
    outer loop
      vertex 127.87494646012783 70.1141639649868 0
      vertex 128.46304930001497 70.08527232706547 5
      vertex 128.46304930001497 70.08527232706547 0
    endloop
  endfacet
  facet normal 0.049067671035838485 0.9987954563668773 0
    outer loop
      vertex 127.87494646012783 70.1141639649868 0
      vertex 127.87494646012783 70.1141639649868 5
      vertex 128.46304930001497 70.08527232706547 5
    endloop
  endfacet
  facet normal 0.14673047607854156 0.9891765097240051 0
    outer loop
      vertex 127.29250736534595 70.20056064426899 0
      vertex 127.87494646012783 70.1141639649868 5
      vertex 127.87494646012783 70.1141639649868 0
    endloop
  endfacet
  facet normal 0.14673047607854156 0.9891765097240051 0
    outer loop
      vertex 127.29250736534595 70.20056064426899 0
      vertex 127.29250736534595 70.20056064426899 5
      vertex 127.87494646012783 70.1141639649868 5
    endloop
  endfacet
  facet normal 0.24298018383026293 0.9700312522108819 0
    outer loop
      vertex 126.7213412374258 70.34363031387329 0
      vertex 127.29250736534595 70.20056064426899 5
      vertex 127.29250736534595 70.20056064426899 0
    endloop
  endfacet
  facet normal 0.24298018383026293 0.9700312522108819 0
    outer loop
      vertex 126.7213412374258 70.34363031387329 0
      vertex 126.7213412374258 70.34363031387329 5
      vertex 127.29250736534595 70.20056064426899 5
    endloop
  endfacet
  facet normal 0.33688984883968903 0.9415440668119425 0
    outer loop
      vertex 126.16694870591164 70.54199513047934 0
      vertex 126.7213412374258 70.34363031387329 5
      vertex 126.7213412374258 70.34363031387329 0
    endloop
  endfacet
  facet normal 0.33688984883968903 0.9415440668119425 0
    outer loop
      vertex 126.16694870591164 70.54199513047934 0
      vertex 126.16694870591164 70.54199513047934 5
      vertex 126.7213412374258 70.34363031387329 5
    endloop
  endfacet
  facet normal 0.42755508786970237 0.9039892957534017 0
    outer loop
      vertex 125.63466887921095 70.79374473541975 0
      vertex 126.16694870591164 70.54199513047934 5
      vertex 126.16694870591164 70.54199513047934 0
    endloop
  endfacet
  facet normal 0.42755508786970237 0.9039892957534017 0
    outer loop
      vertex 125.63466887921095 70.79374473541975 0
      vertex 125.63466887921095 70.79374473541975 5
      vertex 126.16694870591164 70.54199513047934 5
    endloop
  endfacet
  facet normal 0.5141027444968869 0.8577286098182622 0
    outer loop
      vertex 125.12962789833546 71.09645465016365 0
      vertex 125.63466887921095 70.79374473541975 5
      vertex 125.63466887921095 70.79374473541975 0
    endloop
  endfacet
  facet normal 0.5141027444968869 0.8577286098182622 0
    outer loop
      vertex 125.12962789833546 71.09645465016365 0
      vertex 125.12962789833546 71.09645465016365 5
      vertex 125.63466887921095 70.79374473541975 5
    endloop
  endfacet
  facet normal 0.5956993049920404 0.803207531110111 0
    outer loop
      vertex 124.6566895917058 71.44720960408449 0
      vertex 125.12962789833546 71.09645465016365 5
      vertex 125.12962789833546 71.09645465016365 0
    endloop
  endfacet
  facet normal 0.5956993049920404 0.803207531110111 0
    outer loop
      vertex 124.6566895917058 71.44720960408449 0
      vertex 124.6566895917058 71.44720960408449 5
      vertex 125.12962789833546 71.09645465016365 5
    endloop
  endfacet
  facet normal 0.6715589569035323 0.7409511234910436 0
    outer loop
      vertex 124.22040861099958 71.84263163805008 0
      vertex 124.6566895917058 71.44720960408449 5
      vertex 124.6566895917058 71.44720960408449 0
    endloop
  endfacet
  facet normal 0.6715589569035323 0.7409511234910436 0
    outer loop
      vertex 124.22040861099958 71.84263163805008 0
      vertex 124.22040861099958 71.84263163805008 5
      vertex 124.6566895917058 71.44720960408449 5
    endloop
  endfacet
  facet normal 0.7409511234910436 0.6715589569035323 0
    outer loop
      vertex 123.824986577034 72.2789126187563 0
      vertex 124.22040861099958 71.84263163805008 5
      vertex 124.22040861099958 71.84263163805008 0
    endloop
  endfacet
  facet normal 0.7409511234910436 0.6715589569035323 0
    outer loop
      vertex 123.824986577034 72.2789126187563 0
      vertex 123.824986577034 72.2789126187563 5
      vertex 124.22040861099958 71.84263163805008 5
    endloop
  endfacet
  facet normal 0.803207531110111 0.5956993049920404 0
    outer loop
      vertex 123.47423162311316 72.75185092538595 0
      vertex 123.824986577034 72.2789126187563 5
      vertex 123.824986577034 72.2789126187563 0
    endloop
  endfacet
  facet normal 0.803207531110111 0.5956993049920404 0
    outer loop
      vertex 123.47423162311316 72.75185092538595 0
      vertex 123.47423162311316 72.75185092538595 5
      vertex 123.824986577034 72.2789126187563 5
    endloop
  endfacet
  facet normal 0.8577286089272587 0.5141027459834363 0
    outer loop
      vertex 123.27246104180813 73.08848480135202 0
      vertex 123.47423162311316 72.75185092538595 5
      vertex 123.47423162311316 72.75185092538595 0
    endloop
  endfacet
  facet normal 0.8577286089272587 0.5141027459834363 0
    outer loop
      vertex 123.27246104180813 73.08848480135202 0
      vertex 123.27246104180813 73.08848480135202 5
      vertex 123.47423162311316 72.75185092538595 5
    endloop
  endfacet
  facet normal -0.5000000000373479 0.866025403762876 5.04040119802182e-16
    outer loop
      vertex 15.03811764717102 10.59935750067234 0
      vertex 123.27246104180813 73.08848480135202 5
      vertex 123.27246104180813 73.08848480135202 0
    endloop
  endfacet
  facet normal -0.5000000000373479 0.866025403762876 0
    outer loop
      vertex 15.03811764717102 10.59935750067234 0
      vertex 15.03811764717102 10.59935750067234 5
      vertex 123.27246104180813 73.08848480135202 5
    endloop
  endfacet
  facet normal -0.8577285380148523 -0.51410286429362 0
    outer loop
      vertex 15.058305516839027 10.56567608565092 0
      vertex 15.03811764717102 10.59935750067234 5
      vertex 15.03811764717102 10.59935750067234 0
    endloop
  endfacet
  facet normal -0.8577285380148523 -0.51410286429362 0
    outer loop
      vertex 15.058305516839027 10.56567608565092 0
      vertex 15.058305516839027 10.56567608565092 5
      vertex 15.03811764717102 10.59935750067234 5
    endloop
  endfacet
  facet normal -0.9039892980665183 -0.4275550829790278 0
    outer loop
      vertex 15.10865543782711 10.459220118820667 0
      vertex 15.058305516839027 10.56567608565092 5
      vertex 15.058305516839027 10.56567608565092 0
    endloop
  endfacet
  facet normal -0.9039892980665183 -0.4275550829790278 0
    outer loop
      vertex 15.10865543782711 10.459220118820667 0
      vertex 15.10865543782711 10.459220118820667 5
      vertex 15.058305516839027 10.56567608565092 5
    endloop
  endfacet
  facet normal -0.9415440653758274 -0.336889852853362 0
    outer loop
      vertex 15.14832840114832 10.34834161400795 0
      vertex 15.10865543782711 10.459220118820667 5
      vertex 15.10865543782711 10.459220118820667 0
    endloop
  endfacet
  facet normal -0.9415440653758274 -0.336889852853362 0
    outer loop
      vertex 15.14832840114832 10.34834161400795 0
      vertex 15.14832840114832 10.34834161400795 5
      vertex 15.10865543782711 10.459220118820667 5
    endloop
  endfacet
  facet normal -0.97003125519331 -0.2429801719237427 0
    outer loop
      vertex 15.176942333579063 10.23410838842392 0
      vertex 15.14832840114832 10.34834161400795 5
      vertex 15.14832840114832 10.34834161400795 0
    endloop
  endfacet
  facet normal -0.97003125519331 -0.2429801719237427 0
    outer loop
      vertex 15.176942333579063 10.23410838842392 0
      vertex 15.176942333579063 10.23410838842392 5
      vertex 15.14832840114832 10.34834161400795 5
    endloop
  endfacet
  facet normal -0.9891765031950122 -0.1467305200934287 0
    outer loop
      vertex 15.194221675395966 10.117620564997196 0
      vertex 15.176942333579063 10.23410838842392 5
      vertex 15.176942333579063 10.23410838842392 0
    endloop
  endfacet
  facet normal -0.9891765031950122 -0.1467305200934287 0
    outer loop
      vertex 15.194221675395966 10.117620564997196 0
      vertex 15.194221675395966 10.117620564997196 5
      vertex 15.176942333579063 10.23410838842392 5
    endloop
  endfacet
  facet normal -0.9987954563059468 -0.04906767227610611 0
    outer loop
      vertex 15.200000002980232 10 0
      vertex 15.194221675395966 10.117620564997196 5
      vertex 15.194221675395966 10.117620564997196 0
    endloop
  endfacet
  facet normal -0.9987954563059468 -0.04906767227610611 0
    outer loop
      vertex 15.200000002980232 10 0
      vertex 15.200000002980232 10 5
      vertex 15.194221675395966 10.117620564997196 5
    endloop
  endfacet
  facet normal -0.9987954563059468 0.04906767227610611 0
    outer loop
      vertex 15.194221675395966 9.882379435002804 0
      vertex 15.200000002980232 10 5
      vertex 15.200000002980232 10 0
    endloop
  endfacet
  facet normal -0.9987954563059468 0.04906767227610611 0
    outer loop
      vertex 15.194221675395966 9.882379435002804 0
      vertex 15.194221675395966 9.882379435002804 5
      vertex 15.200000002980232 10 5
    endloop
  endfacet
  facet normal -0.9891765031950122 0.1467305200934287 0
    outer loop
      vertex 15.176942333579063 9.76589161157608 0
      vertex 15.194221675395966 9.882379435002804 5
      vertex 15.194221675395966 9.882379435002804 0
    endloop
  endfacet
  facet normal -0.9891765031950122 0.1467305200934287 0
    outer loop
      vertex 15.176942333579063 9.76589161157608 0
      vertex 15.176942333579063 9.76589161157608 5
      vertex 15.194221675395966 9.882379435002804 5
    endloop
  endfacet
  facet normal -0.97003125519331 0.2429801719237427 0
    outer loop
      vertex 15.14832840114832 9.65165838599205 0
      vertex 15.176942333579063 9.76589161157608 5
      vertex 15.176942333579063 9.76589161157608 0
    endloop
  endfacet
  facet normal -0.97003125519331 0.2429801719237427 0
    outer loop
      vertex 15.14832840114832 9.65165838599205 0
      vertex 15.14832840114832 9.65165838599205 5
      vertex 15.176942333579063 9.76589161157608 5
    endloop
  endfacet
  facet normal -0.9415440653758274 0.336889852853362 0
    outer loop
      vertex 15.10865543782711 9.540779881179333 0
      vertex 15.14832840114832 9.65165838599205 5
      vertex 15.14832840114832 9.65165838599205 0
    endloop
  endfacet
  facet normal -0.9415440653758274 0.336889852853362 0
    outer loop
      vertex 15.10865543782711 9.540779881179333 0
      vertex 15.10865543782711 9.540779881179333 5
      vertex 15.14832840114832 9.65165838599205 5
    endloop
  endfacet
  facet normal -0.9039892980665183 0.4275550829790278 0
    outer loop
      vertex 15.058305516839027 9.43432391434908 0
      vertex 15.10865543782711 9.540779881179333 5
      vertex 15.10865543782711 9.540779881179333 0
    endloop
  endfacet
  facet normal -0.9039892980665183 0.4275550829790278 0
    outer loop
      vertex 15.058305516839027 9.43432391434908 0
      vertex 15.058305516839027 9.43432391434908 5
      vertex 15.10865543782711 9.540779881179333 5
    endloop
  endfacet
  facet normal -0.8577286109446379 0.5141027426176425 0
    outer loop
      vertex 14.99776353687048 9.333315722644329 0
      vertex 15.058305516839027 9.43432391434908 5
      vertex 15.058305516839027 9.43432391434908 0
    endloop
  endfacet
  facet normal -0.8577286109446379 0.5141027426176425 0
    outer loop
      vertex 14.99776353687048 9.333315722644329 0
      vertex 14.99776353687048 9.333315722644329 5
      vertex 15.058305516839027 9.43432391434908 5
    endloop
  endfacet
  facet normal -0.8032075190013904 0.5956993213187597 0
    outer loop
      vertex 14.927612543106079 9.238728061318398 0
      vertex 14.99776353687048 9.333315722644329 5
      vertex 14.99776353687048 9.333315722644329 0
    endloop
  endfacet
  facet normal -0.8032075190013904 0.5956993213187597 0
    outer loop
      vertex 14.927612543106079 9.238728061318398 0
      vertex 14.927612543106079 9.238728061318398 5
      vertex 14.99776353687048 9.333315722644329 5
    endloop
  endfacet
  facet normal -0.7409511532036593 0.6715589241207113 0
    outer loop
      vertex 14.848528139293194 9.151471860706806 0
      vertex 14.927612543106079 9.238728061318398 5
      vertex 14.927612543106079 9.238728061318398 0
    endloop
  endfacet
  facet normal -0.7409511532036593 0.6715589241207113 0
    outer loop
      vertex 14.848528139293194 9.151471860706806 0
      vertex 14.848528139293194 9.151471860706806 5
      vertex 14.927612543106079 9.238728061318398 5
    endloop
  endfacet
  facet normal -0.6715589241207113 0.7409511532036593 0
    outer loop
      vertex 14.761271938681602 9.072387456893921 0
      vertex 14.848528139293194 9.151471860706806 5
      vertex 14.848528139293194 9.151471860706806 0
    endloop
  endfacet
  facet normal -0.6715589241207113 0.7409511532036593 0
    outer loop
      vertex 14.761271938681602 9.072387456893921 0
      vertex 14.761271938681602 9.072387456893921 5
      vertex 14.848528139293194 9.151471860706806 5
    endloop
  endfacet
  facet normal -0.5956993213187597 0.8032075190013904 0
    outer loop
      vertex 14.666684277355671 9.00223646312952 0
      vertex 14.761271938681602 9.072387456893921 5
      vertex 14.761271938681602 9.072387456893921 0
    endloop
  endfacet
  facet normal -0.5956993213187597 0.8032075190013904 0
    outer loop
      vertex 14.666684277355671 9.00223646312952 0
      vertex 14.666684277355671 9.00223646312952 5
      vertex 14.761271938681602 9.072387456893921 5
    endloop
  endfacet
  facet normal -0.5141027426176425 0.8577286109446379 0
    outer loop
      vertex 14.56567608565092 8.941694483160973 0
      vertex 14.666684277355671 9.00223646312952 5
      vertex 14.666684277355671 9.00223646312952 0
    endloop
  endfacet
  facet normal -0.5141027426176425 0.8577286109446379 0
    outer loop
      vertex 14.56567608565092 8.941694483160973 0
      vertex 14.56567608565092 8.941694483160973 5
      vertex 14.666684277355671 9.00223646312952 5
    endloop
  endfacet
  facet normal -0.4275550829790278 0.9039892980665183 0
    outer loop
      vertex 14.459220118820667 8.89134456217289 0
      vertex 14.56567608565092 8.941694483160973 5
      vertex 14.56567608565092 8.941694483160973 0
    endloop
  endfacet
  facet normal -0.4275550829790278 0.9039892980665183 0
    outer loop
      vertex 14.459220118820667 8.89134456217289 0
      vertex 14.459220118820667 8.89134456217289 5
      vertex 14.56567608565092 8.941694483160973 5
    endloop
  endfacet
  facet normal -0.336889852853362 0.9415440653758274 0
    outer loop
      vertex 14.34834161400795 8.85167159885168 0
      vertex 14.459220118820667 8.89134456217289 5
      vertex 14.459220118820667 8.89134456217289 0
    endloop
  endfacet
  facet normal -0.336889852853362 0.9415440653758274 0
    outer loop
      vertex 14.34834161400795 8.85167159885168 0
      vertex 14.34834161400795 8.85167159885168 5
      vertex 14.459220118820667 8.89134456217289 5
    endloop
  endfacet
  facet normal -0.2429801719237427 0.97003125519331 0
    outer loop
      vertex 14.23410838842392 8.823057666420937 0
      vertex 14.34834161400795 8.85167159885168 5
      vertex 14.34834161400795 8.85167159885168 0
    endloop
  endfacet
  facet normal -0.2429801719237427 0.97003125519331 0
    outer loop
      vertex 14.23410838842392 8.823057666420937 0
      vertex 14.23410838842392 8.823057666420937 5
      vertex 14.34834161400795 8.85167159885168 5
    endloop
  endfacet
  facet normal -0.1467305200934287 0.9891765031950122 0
    outer loop
      vertex 14.117620564997196 8.805778324604034 0
      vertex 14.23410838842392 8.823057666420937 5
      vertex 14.23410838842392 8.823057666420937 0
    endloop
  endfacet
  facet normal -0.1467305200934287 0.9891765031950122 0
    outer loop
      vertex 14.117620564997196 8.805778324604034 0
      vertex 14.117620564997196 8.805778324604034 5
      vertex 14.23410838842392 8.823057666420937 5
    endloop
  endfacet
  facet normal -0.04906767227610611 0.9987954563059468 0
    outer loop
      vertex 14 8.799999997019768 0
      vertex 14.117620564997196 8.805778324604034 5
      vertex 14.117620564997196 8.805778324604034 0
    endloop
  endfacet
  facet normal -0.04906767227610611 0.9987954563059468 0
    outer loop
      vertex 14 8.799999997019768 0
      vertex 14 8.799999997019768 5
      vertex 14.117620564997196 8.805778324604034 5
    endloop
  endfacet
  facet normal 0.04906767227610611 0.9987954563059468 0
    outer loop
      vertex 13.882379435002804 8.805778324604034 0
      vertex 14 8.799999997019768 5
      vertex 14 8.799999997019768 0
    endloop
  endfacet
  facet normal 0.04906767227610611 0.9987954563059468 0
    outer loop
      vertex 13.882379435002804 8.805778324604034 0
      vertex 13.882379435002804 8.805778324604034 5
      vertex 14 8.799999997019768 5
    endloop
  endfacet
  facet normal 0.1467305200934287 0.9891765031950122 0
    outer loop
      vertex 13.76589161157608 8.823057666420937 0
      vertex 13.882379435002804 8.805778324604034 5
      vertex 13.882379435002804 8.805778324604034 0
    endloop
  endfacet
  facet normal 0.1467305200934287 0.9891765031950122 0
    outer loop
      vertex 13.76589161157608 8.823057666420937 0
      vertex 13.76589161157608 8.823057666420937 5
      vertex 13.882379435002804 8.805778324604034 5
    endloop
  endfacet
  facet normal 0.2429801719237427 0.97003125519331 0
    outer loop
      vertex 13.65165838599205 8.85167159885168 0
      vertex 13.76589161157608 8.823057666420937 5
      vertex 13.76589161157608 8.823057666420937 0
    endloop
  endfacet
  facet normal 0.2429801719237427 0.97003125519331 0
    outer loop
      vertex 13.65165838599205 8.85167159885168 0
      vertex 13.65165838599205 8.85167159885168 5
      vertex 13.76589161157608 8.823057666420937 5
    endloop
  endfacet
  facet normal 0.336889852853362 0.9415440653758274 0
    outer loop
      vertex 13.540779881179333 8.89134456217289 0
      vertex 13.65165838599205 8.85167159885168 5
      vertex 13.65165838599205 8.85167159885168 0
    endloop
  endfacet
  facet normal 0.336889852853362 0.9415440653758274 0
    outer loop
      vertex 13.540779881179333 8.89134456217289 0
      vertex 13.540779881179333 8.89134456217289 5
      vertex 13.65165838599205 8.85167159885168 5
    endloop
  endfacet
  facet normal 0.4275550829790278 0.9039892980665183 0
    outer loop
      vertex 13.43432391434908 8.941694483160973 0
      vertex 13.540779881179333 8.89134456217289 5
      vertex 13.540779881179333 8.89134456217289 0
    endloop
  endfacet
  facet normal 0.4275550829790278 0.9039892980665183 0
    outer loop
      vertex 13.43432391434908 8.941694483160973 0
      vertex 13.43432391434908 8.941694483160973 5
      vertex 13.540779881179333 8.89134456217289 5
    endloop
  endfacet
  facet normal 0.5141027426176425 0.8577286109446379 0
    outer loop
      vertex 13.333315722644329 9.00223646312952 0
      vertex 13.43432391434908 8.941694483160973 5
      vertex 13.43432391434908 8.941694483160973 0
    endloop
  endfacet
  facet normal 0.5141027426176425 0.8577286109446379 0
    outer loop
      vertex 13.333315722644329 9.00223646312952 0
      vertex 13.333315722644329 9.00223646312952 5
      vertex 13.43432391434908 8.941694483160973 5
    endloop
  endfacet
  facet normal 0.5956993213187597 0.8032075190013904 0
    outer loop
      vertex 13.238728061318398 9.072387456893921 0
      vertex 13.333315722644329 9.00223646312952 5
      vertex 13.333315722644329 9.00223646312952 0
    endloop
  endfacet
  facet normal 0.5956993213187597 0.8032075190013904 0
    outer loop
      vertex 13.238728061318398 9.072387456893921 0
      vertex 13.238728061318398 9.072387456893921 5
      vertex 13.333315722644329 9.00223646312952 5
    endloop
  endfacet
  facet normal 0.6715589241207113 0.7409511532036593 0
    outer loop
      vertex 13.151471860706806 9.151471860706806 0
      vertex 13.238728061318398 9.072387456893921 5
      vertex 13.238728061318398 9.072387456893921 0
    endloop
  endfacet
  facet normal 0.6715589241207113 0.7409511532036593 0
    outer loop
      vertex 13.151471860706806 9.151471860706806 0
      vertex 13.151471860706806 9.151471860706806 5
      vertex 13.238728061318398 9.072387456893921 5
    endloop
  endfacet
  facet normal 0.7409511532036593 0.6715589241207113 0
    outer loop
      vertex 13.072387456893921 9.238728061318398 0
      vertex 13.151471860706806 9.151471860706806 5
      vertex 13.151471860706806 9.151471860706806 0
    endloop
  endfacet
  facet normal 0.7409511532036593 0.6715589241207113 0
    outer loop
      vertex 13.072387456893921 9.238728061318398 0
      vertex 13.072387456893921 9.238728061318398 5
      vertex 13.151471860706806 9.151471860706806 5
    endloop
  endfacet
  facet normal 0.8032075190013904 0.5956993213187597 0
    outer loop
      vertex 13.00223646312952 9.333315722644329 0
      vertex 13.072387456893921 9.238728061318398 5
      vertex 13.072387456893921 9.238728061318398 0
    endloop
  endfacet
  facet normal 0.8032075190013904 0.5956993213187597 0
    outer loop
      vertex 13.00223646312952 9.333315722644329 0
      vertex 13.00223646312952 9.333315722644329 5
      vertex 13.072387456893921 9.238728061318398 5
    endloop
  endfacet
  facet normal 0.8577286109446379 0.5141027426176425 0
    outer loop
      vertex 12.941694483160973 9.43432391434908 0
      vertex 13.00223646312952 9.333315722644329 5
      vertex 13.00223646312952 9.333315722644329 0
    endloop
  endfacet
  facet normal 0.8577286109446379 0.5141027426176425 0
    outer loop
      vertex 12.941694483160973 9.43432391434908 0
      vertex 12.941694483160973 9.43432391434908 5
      vertex 13.00223646312952 9.333315722644329 5
    endloop
  endfacet
  facet normal 0.9039892980665183 0.4275550829790278 0
    outer loop
      vertex 12.89134456217289 9.540779881179333 0
      vertex 12.941694483160973 9.43432391434908 5
      vertex 12.941694483160973 9.43432391434908 0
    endloop
  endfacet
  facet normal 0.9039892980665183 0.4275550829790278 0
    outer loop
      vertex 12.89134456217289 9.540779881179333 0
      vertex 12.89134456217289 9.540779881179333 5
      vertex 12.941694483160973 9.43432391434908 5
    endloop
  endfacet
  facet normal 0.9415440653758274 0.336889852853362 0
    outer loop
      vertex 12.85167159885168 9.65165838599205 0
      vertex 12.89134456217289 9.540779881179333 5
      vertex 12.89134456217289 9.540779881179333 0
    endloop
  endfacet
  facet normal 0.9415440653758274 0.336889852853362 0
    outer loop
      vertex 12.85167159885168 9.65165838599205 0
      vertex 12.85167159885168 9.65165838599205 5
      vertex 12.89134456217289 9.540779881179333 5
    endloop
  endfacet
  facet normal 0.97003125519331 0.2429801719237427 0
    outer loop
      vertex 12.823057666420937 9.76589161157608 0
      vertex 12.85167159885168 9.65165838599205 5
      vertex 12.85167159885168 9.65165838599205 0
    endloop
  endfacet
  facet normal 0.97003125519331 0.2429801719237427 0
    outer loop
      vertex 12.823057666420937 9.76589161157608 0
      vertex 12.823057666420937 9.76589161157608 5
      vertex 12.85167159885168 9.65165838599205 5
    endloop
  endfacet
  facet normal 0.9891765031950122 0.1467305200934287 0
    outer loop
      vertex 12.805778324604034 9.882379435002804 0
      vertex 12.823057666420937 9.76589161157608 5
      vertex 12.823057666420937 9.76589161157608 0
    endloop
  endfacet
  facet normal 0.9891765031950122 0.1467305200934287 0
    outer loop
      vertex 12.805778324604034 9.882379435002804 0
      vertex 12.805778324604034 9.882379435002804 5
      vertex 12.823057666420937 9.76589161157608 5
    endloop
  endfacet
  facet normal 0.9987954563059468 0.04906767227610611 0
    outer loop
      vertex 12.799999997019768 10 0
      vertex 12.805778324604034 9.882379435002804 5
      vertex 12.805778324604034 9.882379435002804 0
    endloop
  endfacet
  facet normal 0.9987954563059468 0.04906767227610611 0
    outer loop
      vertex 12.799999997019768 10 0
      vertex 12.799999997019768 10 5
      vertex 12.805778324604034 9.882379435002804 5
    endloop
  endfacet
  facet normal 0.9987954563059468 -0.04906767227610611 0
    outer loop
      vertex 12.805778324604034 10.117620564997196 0
      vertex 12.799999997019768 10 5
      vertex 12.799999997019768 10 0
    endloop
  endfacet
  facet normal 0.9987954563059468 -0.04906767227610611 0
    outer loop
      vertex 12.805778324604034 10.117620564997196 0
      vertex 12.805778324604034 10.117620564997196 5
      vertex 12.799999997019768 10 5
    endloop
  endfacet
  facet normal 0.9891765031950122 -0.1467305200934287 0
    outer loop
      vertex 12.823057666420937 10.23410838842392 0
      vertex 12.805778324604034 10.117620564997196 5
      vertex 12.805778324604034 10.117620564997196 0
    endloop
  endfacet
  facet normal 0.9891765031950122 -0.1467305200934287 0
    outer loop
      vertex 12.823057666420937 10.23410838842392 0
      vertex 12.823057666420937 10.23410838842392 5
      vertex 12.805778324604034 10.117620564997196 5
    endloop
  endfacet
  facet normal 0.97003125519331 -0.2429801719237427 0
    outer loop
      vertex 12.85167159885168 10.34834161400795 0
      vertex 12.823057666420937 10.23410838842392 5
      vertex 12.823057666420937 10.23410838842392 0
    endloop
  endfacet
  facet normal 0.97003125519331 -0.2429801719237427 0
    outer loop
      vertex 12.85167159885168 10.34834161400795 0
      vertex 12.85167159885168 10.34834161400795 5
      vertex 12.823057666420937 10.23410838842392 5
    endloop
  endfacet
  facet normal 0.9415440653758274 -0.336889852853362 0
    outer loop
      vertex 12.89134456217289 10.459220118820667 0
      vertex 12.85167159885168 10.34834161400795 5
      vertex 12.85167159885168 10.34834161400795 0
    endloop
  endfacet
  facet normal 0.9415440653758274 -0.336889852853362 0
    outer loop
      vertex 12.89134456217289 10.459220118820667 0
      vertex 12.89134456217289 10.459220118820667 5
      vertex 12.85167159885168 10.34834161400795 5
    endloop
  endfacet
  facet normal 0.9039892980665183 -0.4275550829790278 0
    outer loop
      vertex 12.941694483160973 10.56567608565092 0
      vertex 12.89134456217289 10.459220118820667 5
      vertex 12.89134456217289 10.459220118820667 0
    endloop
  endfacet
  facet normal 0.9039892980665183 -0.4275550829790278 0
    outer loop
      vertex 12.941694483160973 10.56567608565092 0
      vertex 12.941694483160973 10.56567608565092 5
      vertex 12.89134456217289 10.459220118820667 5
    endloop
  endfacet
  facet normal 0.8577286109446379 -0.5141027426176425 0
    outer loop
      vertex 13.00223646312952 10.666684277355671 0
      vertex 12.941694483160973 10.56567608565092 5
      vertex 12.941694483160973 10.56567608565092 0
    endloop
  endfacet
  facet normal 0.8577286109446379 -0.5141027426176425 0
    outer loop
      vertex 13.00223646312952 10.666684277355671 0
      vertex 13.00223646312952 10.666684277355671 5
      vertex 12.941694483160973 10.56567608565092 5
    endloop
  endfacet
  facet normal 0.8032075190013904 -0.5956993213187597 0
    outer loop
      vertex 13.072387456893921 10.761271938681602 0
      vertex 13.00223646312952 10.666684277355671 5
      vertex 13.00223646312952 10.666684277355671 0
    endloop
  endfacet
  facet normal 0.8032075190013904 -0.5956993213187597 0
    outer loop
      vertex 13.072387456893921 10.761271938681602 0
      vertex 13.072387456893921 10.761271938681602 5
      vertex 13.00223646312952 10.666684277355671 5
    endloop
  endfacet
  facet normal 0.7409511532036593 -0.6715589241207113 0
    outer loop
      vertex 13.151471860706806 10.848528139293194 0
      vertex 13.072387456893921 10.761271938681602 5
      vertex 13.072387456893921 10.761271938681602 0
    endloop
  endfacet
  facet normal 0.7409511532036593 -0.6715589241207113 0
    outer loop
      vertex 13.151471860706806 10.848528139293194 0
      vertex 13.151471860706806 10.848528139293194 5
      vertex 13.072387456893921 10.761271938681602 5
    endloop
  endfacet
  facet normal 0.6715589241207113 -0.7409511532036593 0
    outer loop
      vertex 13.238728061318398 10.927612543106079 0
      vertex 13.151471860706806 10.848528139293194 5
      vertex 13.151471860706806 10.848528139293194 0
    endloop
  endfacet
  facet normal 0.6715589241207113 -0.7409511532036593 0
    outer loop
      vertex 13.238728061318398 10.927612543106079 0
      vertex 13.238728061318398 10.927612543106079 5
      vertex 13.151471860706806 10.848528139293194 5
    endloop
  endfacet
  facet normal 0.5956993213187597 -0.8032075190013904 0
    outer loop
      vertex 13.333315722644329 10.99776353687048 0
      vertex 13.238728061318398 10.927612543106079 5
      vertex 13.238728061318398 10.927612543106079 0
    endloop
  endfacet
  facet normal 0.5956993213187597 -0.8032075190013904 0
    outer loop
      vertex 13.333315722644329 10.99776353687048 0
      vertex 13.333315722644329 10.99776353687048 5
      vertex 13.238728061318398 10.927612543106079 5
    endloop
  endfacet
  facet normal 0.5141027236025143 -0.8577286223418669 0
    outer loop
      vertex 13.400642491877079 11.03811764717102 0
      vertex 13.333315722644329 10.99776353687048 5
      vertex 13.333315722644329 10.99776353687048 0
    endloop
  endfacet
  facet normal 0.5141027236025143 -0.8577286223418669 0
    outer loop
      vertex 13.400642491877079 11.03811764717102 0
      vertex 13.400642491877079 11.03811764717102 5
      vertex 13.333315722644329 10.99776353687048 5
    endloop
  endfacet
  facet normal 0.8660254038772035 0.4999999998393266 -2.98625637696602e-17
    outer loop
      vertex 5.965091861784458 23.91686912626028 0
      vertex 13.400642491877079 11.03811764717102 5
      vertex 13.400642491877079 11.03811764717102 0
    endloop
  endfacet
  facet normal 0.8660254038772035 0.4999999998393266 0
    outer loop
      vertex 5.965091861784458 23.91686912626028 0
      vertex 5.965091861784458 23.91686912626028 5
      vertex 13.400642491877079 11.03811764717102 5
    endloop
  endfacet
  facet normal 0.786315126569372 0.6178256402320904 0
    outer loop
      vertex 5.7897589430212975 24.140017725527287 0
      vertex 5.965091861784458 23.91686912626028 5
      vertex 5.965091861784458 23.91686912626028 0
    endloop
  endfacet
  facet normal 0.786315126569372 0.6178256402320904 0
    outer loop
      vertex 5.7897589430212975 24.140017725527287 0
      vertex 5.7897589430212975 24.140017725527287 5
      vertex 5.965091861784458 23.91686912626028 5
    endloop
  endfacet
  facet normal 0.5810925785722698 0.8138374623524223 0
    outer loop
      vertex 5.558799773454666 24.30492615699768 0
      vertex 5.7897589430212975 24.140017725527287 5
      vertex 5.7897589430212975 24.140017725527287 0
    endloop
  endfacet
  facet normal 0.5810925785722698 0.8138374623524223 0
    outer loop
      vertex 5.558799773454666 24.30492615699768 0
      vertex 5.558799773454666 24.30492615699768 5
      vertex 5.7897589430212975 24.140017725527287 5
    endloop
  endfacet
  facet normal 0.3290706126739358 0.9443053170846814 0
    outer loop
      vertex 5.290815092623234 24.3983132019639 0
      vertex 5.558799773454666 24.30492615699768 5
      vertex 5.558799773454666 24.30492615699768 0
    endloop
  endfacet
  facet normal 0.3290706126739358 0.9443053170846814 0
    outer loop
      vertex 5.290815092623234 24.3983132019639 0
      vertex 5.290815092623234 24.3983132019639 5
      vertex 5.558799773454666 24.30492615699768 5
    endloop
  endfacet
  facet normal 0.050546306211616904 0.998721718462336 0
    outer loop
      vertex 5.007387571036816 24.412657752633095 0
      vertex 5.290815092623234 24.3983132019639 5
      vertex 5.290815092623234 24.3983132019639 0
    endloop
  endfacet
  facet normal 0.050546306211616904 0.998721718462336 0
    outer loop
      vertex 5.007387571036816 24.412657752633095 0
      vertex 5.007387571036816 24.412657752633095 5
      vertex 5.290815092623234 24.3983132019639 5
    endloop
  endfacet
  facet normal -0.23204881753346054 0.9727041411864775 0
    outer loop
      vertex 4.73134358227253 24.346804551780224 0
      vertex 5.007387571036816 24.412657752633095 5
      vertex 5.007387571036816 24.412657752633095 0
    endloop
  endfacet
  facet normal -0.23204881753346054 0.9727041411864775 0
    outer loop
      vertex 4.73134358227253 24.346804551780224 0
      vertex 4.73134358227253 24.346804551780224 5
      vertex 5.007387571036816 24.412657752633095 5
    endloop
  endfacet
  facet normal -0.495955464341453 0.8683479587065625 0
    outer loop
      vertex 4.4849148616194725 24.20605720579624 0
      vertex 4.73134358227253 24.346804551780224 5
      vertex 4.73134358227253 24.346804551780224 0
    endloop
  endfacet
  facet normal -0.495955464341453 0.8683479587065625 0
    outer loop
      vertex 4.4849148616194725 24.20605720579624 0
      vertex 4.4849148616194725 24.20605720579624 5
      vertex 4.73134358227253 24.346804551780224 5
    endloop
  endfacet
  facet normal -0.7199193743733889 0.6940577025016209 0
    outer loop
      vertex 4.287948027253151 24.001751080155373 0
      vertex 4.4849148616194725 24.20605720579624 5
      vertex 4.4849148616194725 24.20605720579624 0
    endloop
  endfacet
  facet normal -0.7199193743733889 0.6940577025016209 0
    outer loop
      vertex 4.287948027253151 24.001751080155373 0
      vertex 4.287948027253151 24.001751080155373 5
      vertex 4.4849148616194725 24.20605720579624 5
    endloop
  endfacet
  facet normal -0.8859031970459901 0.46387016013502497 0
    outer loop
      vertex 4.156306177377701 23.750340349972248 0
      vertex 4.287948027253151 24.001751080155373 5
      vertex 4.287948027253151 24.001751080155373 0
    endloop
  endfacet
  facet normal -0.8859031970459901 0.46387016013502497 0
    outer loop
      vertex 4.156306177377701 23.750340349972248 0
      vertex 4.156306177377701 23.750340349972248 5
      vertex 4.287948027253151 24.001751080155373 5
    endloop
  endfacet
  facet normal -0.9427602788651921 0.33347122303734866 -2.1067778137391226e-17
    outer loop
      vertex 0.1144794449210167 12.323646128177643 0
      vertex 4.156306177377701 23.750340349972248 5
      vertex 4.156306177377701 23.750340349972248 0
    endloop
  endfacet
  facet normal -0.9427602788651921 0.33347122303734866 0
    outer loop
      vertex 0.1144794449210167 12.323646128177643 0
      vertex 0.1144794449210167 12.323646128177643 5
      vertex 4.156306177377701 23.750340349972248 5
    endloop
  endfacet
  facet normal -0.9496328108964728 0.31336484242630636 0
    outer loop
      vertex 0.08784675598144531 12.242937408387661 0
      vertex 0.1144794449210167 12.323646128177643 5
      vertex 0.1144794449210167 12.323646128177643 0
    endloop
  endfacet
  facet normal -0.9496328108964728 0.31336484242630636 0
    outer loop
      vertex 0.08784675598144531 12.242937408387661 0
      vertex 0.08784675598144531 12.242937408387661 5
      vertex 0.1144794449210167 12.323646128177643 5
    endloop
  endfacet
  facet normal -0.962088748195624 0.2727365772964405 0
    outer loop
      vertex 0.06466703861951828 12.161170065402985 0
      vertex 0.08784675598144531 12.242937408387661 5
      vertex 0.08784675598144531 12.242937408387661 0
    endloop
  endfacet
  facet normal -0.962088748195624 0.2727365772964405 0
    outer loop
      vertex 0.06466703861951828 12.161170065402985 0
      vertex 0.06466703861951828 12.161170065402985 5
      vertex 0.08784675598144531 12.242937408387661 5
    endloop
  endfacet
  facet normal -0.9728073133066135 0.23161591304823656 0
    outer loop
      vertex 0.04498214274644852 12.078491762280464 0
      vertex 0.06466703861951828 12.161170065402985 5
      vertex 0.06466703861951828 12.161170065402985 0
    endloop
  endfacet
  facet normal -0.9728073133066135 0.23161591304823656 0
    outer loop
      vertex 0.04498214274644852 12.078491762280464 0
      vertex 0.04498214274644852 12.078491762280464 5
      vertex 0.06466703861951828 12.161170065402985 5
    endloop
  endfacet
  facet normal -0.9817691889319818 0.19007698351941107 0
    outer loop
      vertex 0.028827615082263947 11.9950517937541 0
      vertex 0.04498214274644852 12.078491762280464 5
      vertex 0.04498214274644852 12.078491762280464 0
    endloop
  endfacet
  facet normal -0.9817691889319818 0.19007698351941107 0
    outer loop
      vertex 0.028827615082263947 11.9950517937541 0
      vertex 0.028827615082263947 11.9950517937541 5
      vertex 0.04498214274644852 12.078491762280464 5
    endloop
  endfacet
  facet normal -0.9889581963981168 0.1481947562398342 0
    outer loop
      vertex 0.016232632100582123 11.911000832915306 0
      vertex 0.028827615082263947 11.9950517937541 5
      vertex 0.028827615082263947 11.9950517937541 0
    endloop
  endfacet
  facet normal -0.9889581963981168 0.1481947562398342 0
    outer loop
      vertex 0.016232632100582123 11.911000832915306 0
      vertex 0.016232632100582123 11.911000832915306 5
      vertex 0.028827615082263947 11.9950517937541 5
    endloop
  endfacet
  facet normal -0.9943613335230966 0.10604498288070405 0
    outer loop
      vertex 0.007219932973384857 11.826490662992 0
      vertex 0.016232632100582123 11.911000832915306 5
      vertex 0.016232632100582123 11.911000832915306 0
    endloop
  endfacet
  facet normal -0.9943613335230966 0.10604498288070405 0
    outer loop
      vertex 0.007219932973384857 11.826490662992 0
      vertex 0.007219932973384857 11.826490662992 5
      vertex 0.016232632100582123 11.911000832915306 5
    endloop
  endfacet
  facet normal -0.9979688588734273 0.06370366330807928 0
    outer loop
      vertex 0.0018057972192764282 11.741673894226551 0
      vertex 0.007219932973384857 11.826490662992 5
      vertex 0.007219932973384857 11.826490662992 0
    endloop
  endfacet
  facet normal -0.9979688588734273 0.06370366330807928 0
    outer loop
      vertex 0.0018057972192764282 11.741673894226551 0
      vertex 0.0018057972192764282 11.741673894226551 5
      vertex 0.007219932973384857 11.826490662992 5
    endloop
  endfacet
  facet normal -0.999774250153722 0.021247322879902816 0
    outer loop
      vertex 0 11.656703680753708 0
      vertex 0.0018057972192764282 11.741673894226551 5
      vertex 0.0018057972192764282 11.741673894226551 0
    endloop
  endfacet
  facet normal -0.999774250153722 0.021247322879902816 0
    outer loop
      vertex 0 11.656703680753708 0
      vertex 0 11.656703680753708 5
      vertex 0.0018057972192764282 11.741673894226551 5
    endloop
  endfacet
  facet normal -1 0 0
    outer loop
      vertex 0 2 0
      vertex 0 11.656703680753708 5
      vertex 0 11.656703680753708 0
    endloop
  endfacet
  facet normal -1 0 0
    outer loop
      vertex 0 2 0
      vertex 0 2 5
      vertex 0 11.656703680753708 5
    endloop
  endfacet
  facet normal -0.9951847267853376 -0.0980171391808235 0
    outer loop
      vertex 0.038429439067840576 1.6098193526268005 0
      vertex 0 2 5
      vertex 0 2 0
    endloop
  endfacet
  facet normal -0.9951847267853376 -0.0980171391808235 0
    outer loop
      vertex 0.038429439067840576 1.6098193526268005 0
      vertex 0.038429439067840576 1.6098193526268005 5
      vertex 0 2 5
    endloop
  endfacet
  facet normal -0.9569403375708344 -0.29028467119332607 0
    outer loop
      vertex 0.15224093198776245 1.234633132815361 0
      vertex 0.038429439067840576 1.6098193526268005 5
      vertex 0.038429439067840576 1.6098193526268005 0
    endloop
  endfacet
  facet normal -0.9569403375708344 -0.29028467119332607 0
    outer loop
      vertex 0.15224093198776245 1.234633132815361 0
      vertex 0.15224093198776245 1.234633132815361 5
      vertex 0.038429439067840576 1.6098193526268005 5
    endloop
  endfacet
  facet normal -0.8819212641844242 -0.4713967371326908 0
    outer loop
      vertex 0.337060771882534 0.8888595327734947 0
      vertex 0.15224093198776245 1.234633132815361 5
      vertex 0.15224093198776245 1.234633132815361 0
    endloop
  endfacet
  facet normal -0.8819212641844242 -0.4713967371326908 0
    outer loop
      vertex 0.337060771882534 0.8888595327734947 0
      vertex 0.337060771882534 0.8888595327734947 5
      vertex 0.15224093198776245 1.234633132815361 5
    endloop
  endfacet
  facet normal -0.7730104435344091 -0.6343932961394977 0
    outer loop
      vertex 0.5857864394783974 0.5857864394783974 0
      vertex 0.337060771882534 0.8888595327734947 5
      vertex 0.337060771882534 0.8888595327734947 0
    endloop
  endfacet
  facet normal -0.7730104435344091 -0.6343932961394977 0
    outer loop
      vertex 0.5857864394783974 0.5857864394783974 0
      vertex 0.5857864394783974 0.5857864394783974 5
      vertex 0.337060771882534 0.8888595327734947 5
    endloop
  endfacet
  facet normal -0.6343932961394977 -0.7730104435344091 0
    outer loop
      vertex 0.8888595327734947 0.337060771882534 0
      vertex 0.5857864394783974 0.5857864394783974 5
      vertex 0.5857864394783974 0.5857864394783974 0
    endloop
  endfacet
  facet normal -0.6343932961394977 -0.7730104435344091 0
    outer loop
      vertex 0.8888595327734947 0.337060771882534 0
      vertex 0.8888595327734947 0.337060771882534 5
      vertex 0.5857864394783974 0.5857864394783974 5
    endloop
  endfacet
  facet normal -0.4713967371326908 -0.8819212641844242 0
    outer loop
      vertex 1.234633132815361 0.15224093198776245 0
      vertex 0.8888595327734947 0.337060771882534 5
      vertex 0.8888595327734947 0.337060771882534 0
    endloop
  endfacet
  facet normal -0.4713967371326908 -0.8819212641844242 0
    outer loop
      vertex 1.234633132815361 0.15224093198776245 0
      vertex 1.234633132815361 0.15224093198776245 5
      vertex 0.8888595327734947 0.337060771882534 5
    endloop
  endfacet
  facet normal -0.29028467119332607 -0.9569403375708344 0
    outer loop
      vertex 1.6098193526268005 0.038429439067840576 0
      vertex 1.234633132815361 0.15224093198776245 5
      vertex 1.234633132815361 0.15224093198776245 0
    endloop
  endfacet
  facet normal -0.29028467119332607 -0.9569403375708344 0
    outer loop
      vertex 1.6098193526268005 0.038429439067840576 0
      vertex 1.6098193526268005 0.038429439067840576 5
      vertex 1.234633132815361 0.15224093198776245 5
    endloop
  endfacet
  facet normal -0.0980171391808235 -0.9951847267853376 0
    outer loop
      vertex 2 0 0
      vertex 1.6098193526268005 0.038429439067840576 5
      vertex 1.6098193526268005 0.038429439067840576 0
    endloop
  endfacet
  facet normal -0.0980171391808235 -0.9951847267853376 0
    outer loop
      vertex 2 0 0
      vertex 2 0 5
      vertex 1.6098193526268005 0.038429439067840576 5
    endloop
  endfacet
  facet normal 0 -1 0
    outer loop
      vertex 144 0 0
      vertex 2 0 5
      vertex 2 0 0
    endloop
  endfacet
  facet normal 0 -1 0
    outer loop
      vertex 144 0 0
      vertex 144 0 5
      vertex 2 0 5
    endloop
  endfacet
  facet normal 0.0980171391808235 -0.9951847267853376 0
    outer loop
      vertex 144.3901806473732 0.038429439067840576 0
      vertex 144 0 5
      vertex 144 0 0
    endloop
  endfacet
  facet normal 0.0980171391808235 -0.9951847267853376 0
    outer loop
      vertex 144.3901806473732 0.038429439067840576 0
      vertex 144.3901806473732 0.038429439067840576 5
      vertex 144 0 5
    endloop
  endfacet
  facet normal 0.03271906888173734 0.9994645879327152 0
    outer loop
      vertex 52.46404465287924 12.006423227488995 0
      vertex 52.46404465287924 12.006423227488995 5
      vertex 52.660254038870335 12 0
    endloop
  endfacet
  facet normal 0.03271906888173734 0.9994645879327152 0
    outer loop
      vertex 52.660254038870335 12 5
      vertex 52.660254038870335 12 0
      vertex 52.46404465287924 12.006423227488995 5
    endloop
  endfacet
  facet normal 0.11428697714912593 0.9934477776179861 0
    outer loop
      vertex 52.17156761884689 12.040070004761219 0
      vertex 52.17156761884689 12.040070004761219 5
      vertex 52.46404465287924 12.006423227488995 0
    endloop
  endfacet
  facet normal 0.11428697714912593 0.9934477776179861 0
    outer loop
      vertex 52.46404465287924 12.006423227488995 5
      vertex 52.46404465287924 12.006423227488995 0
      vertex 52.17156761884689 12.040070004761219 5
    endloop
  endfacet
  facet normal 0.21111155800867173 0.9774619737233523 0
    outer loop
      vertex 51.88379690051079 12.10222252458334 0
      vertex 51.88379690051079 12.10222252458334 5
      vertex 52.17156761884689 12.040070004761219 0
    endloop
  endfacet
  facet normal 0.21111155800867173 0.9774619737233523 0
    outer loop
      vertex 52.17156761884689 12.040070004761219 5
      vertex 52.17156761884689 12.040070004761219 0
      vertex 51.88379690051079 12.10222252458334 5
    endloop
  endfacet
  facet normal 0.30590302278853015 0.9520626768489773 0
    outer loop
      vertex 51.60350389778614 12.192282222211361 0
      vertex 51.60350389778614 12.192282222211361 5
      vertex 51.88379690051079 12.10222252458334 0
    endloop
  endfacet
  facet normal 0.30590302278853015 0.9520626768489773 0
    outer loop
      vertex 51.88379690051079 12.10222252458334 5
      vertex 51.88379690051079 12.10222252458334 0
      vertex 51.60350389778614 12.192282222211361 5
    endloop
  endfacet
  facet normal 0.39774846791171276 0.9174944993153286 0
    outer loop
      vertex 51.33338797092438 12.309381775557995 0
      vertex 51.33338797092438 12.309381775557995 5
      vertex 51.60350389778614 12.192282222211361 0
    endloop
  endfacet
  facet normal 0.39774846791171276 0.9174944993153286 0
    outer loop
      vertex 51.60350389778614 12.192282222211361 5
      vertex 51.60350389778614 12.192282222211361 0
      vertex 51.33338797092438 12.309381775557995 5
    endloop
  endfacet
  facet normal 0.48576339890919085 0.8740903387409051 0
    outer loop
      vertex 51.076050490140915 12.45239345729351 0
      vertex 51.076050490140915 12.45239345729351 5
      vertex 51.33338797092438 12.309381775557995 0
    endloop
  endfacet
  facet normal 0.48576339890919085 0.8740903387409051 0
    outer loop
      vertex 51.33338797092438 12.309381775557995 5
      vertex 51.33338797092438 12.309381775557995 0
      vertex 51.076050490140915 12.45239345729351 5
    endloop
  endfacet
  facet normal 0.5691001242816837 0.8222682339374253 0
    outer loop
      vertex 50.83396974951029 12.619939975440502 0
      vertex 50.83396974951029 12.619939975440502 5
      vertex 51.076050490140915 12.45239345729351 0
    endloop
  endfacet
  facet normal 0.5691001242816837 0.8222682339374253 0
    outer loop
      vertex 51.076050490140915 12.45239345729351 5
      vertex 51.076050490140915 12.45239345729351 0
      vertex 50.83396974951029 12.619939975440502 5
    endloop
  endfacet
  facet normal 0.6469561597716101 0.7625271977664606 0
    outer loop
      vertex 50.60947713255882 12.810407780110836 0
      vertex 50.60947713255882 12.810407780110836 5
      vertex 50.83396974951029 12.619939975440502 0
    endloop
  endfacet
  facet normal 0.6469561597716101 0.7625271977664606 0
    outer loop
      vertex 50.83396974951029 12.619939975440502 5
      vertex 50.83396974951029 12.619939975440502 0
      vertex 50.60947713255882 12.810407780110836 5
    endloop
  endfacet
  facet normal 0.7185816230728382 0.6954426295403564 0
    outer loop
      vertex 50.40473461896181 13.02196255326271 0
      vertex 50.40473461896181 13.02196255326271 5
      vertex 50.60947713255882 12.810407780110836 0
    endloop
  endfacet
  facet normal 0.7185816230728382 0.6954426295403564 0
    outer loop
      vertex 50.60947713255882 12.810407780110836 5
      vertex 50.60947713255882 12.810407780110836 0
      vertex 50.40473461896181 13.02196255326271 5
    endloop
  endfacet
  facet normal 0.7832867451500304 0.621660578509102 0
    outer loop
      vertex 50.22171398252249 13.252566911280155 0
      vertex 50.22171398252249 13.252566911280155 5
      vertex 50.40473461896181 13.02196255326271 0
    endloop
  endfacet
  facet normal 0.7832867451500304 0.621660578509102 0
    outer loop
      vertex 50.40473461896181 13.02196255326271 5
      vertex 50.40473461896181 13.02196255326271 0
      vertex 50.22171398252249 13.252566911280155 5
    endloop
  endfacet
  facet normal 0.8404484061776233 0.54189157269097 0
    outer loop
      vertex 50.06217782944441 13.5 0
      vertex 50.06217782944441 13.5 5
      vertex 50.22171398252249 13.252566911280155 0
    endloop
  endfacet
  facet normal 0.8404484061776233 0.54189157269097 0
    outer loop
      vertex 50.22171398252249 13.252566911280155 5
      vertex 50.22171398252249 13.252566911280155 0
      vertex 50.06217782944441 13.5 5
    endloop
  endfacet
  facet normal 0.889516073733762 0.45690387891685985 0
    outer loop
      vertex 49.92766256630421 13.761878907680511 0
      vertex 49.92766256630421 13.761878907680511 5
      vertex 50.06217782944441 13.5 0
    endloop
  endfacet
  facet normal 0.889516073733762 0.45690387891685985 0
    outer loop
      vertex 50.06217782944441 13.5 5
      vertex 50.06217782944441 13.5 0
      vertex 49.92766256630421 13.761878907680511 5
    endloop
  endfacet
  facet normal 0.9300172201563711 0.36751594552157346 0
    outer loop
      vertex 49.81946364790201 14.03568160533905 0
      vertex 49.81946364790201 14.03568160533905 5
      vertex 49.92766256630421 13.761878907680511 0
    endloop
  endfacet
  facet normal 0.9300172201563711 0.36751594552157346 0
    outer loop
      vertex 49.92766256630421 13.761878907680511 5
      vertex 49.92766256630421 13.761878907680511 0
      vertex 49.81946364790201 14.03568160533905 5
    endloop
  endfacet
  facet normal 0.9615617970653576 0.27458862034767567 0
    outer loop
      vertex 49.73862309753895 14.318771213293076 0
      vertex 49.73862309753895 14.318771213293076 5
      vertex 49.81946364790201 14.03568160533905 0
    endloop
  endfacet
  facet normal 0.9615617970653576 0.27458862034767567 0
    outer loop
      vertex 49.81946364790201 14.03568160533905 5
      vertex 49.81946364790201 14.03568160533905 0
      vertex 49.73862309753895 14.318771213293076 5
    endloop
  endfacet
  facet normal 0.983846008531246 0.17901684696456807 0
    outer loop
      vertex 49.68591945618391 14.608421422541142 0
      vertex 49.68591945618391 14.608421422541142 5
      vertex 49.73862309753895 14.318771213293076 0
    endloop
  endfacet
  facet normal 0.983846008531246 0.17901684696456807 0
    outer loop
      vertex 49.73862309753895 14.318771213293076 5
      vertex 49.73862309753895 14.318771213293076 0
      vertex 49.68591945618391 14.608421422541142 5
    endloop
  endfacet
  facet normal 0.9966552398216048 0.0817210678842339 0
    outer loop
      vertex 49.6618602797389 14.901842750608921 0
      vertex 49.6618602797389 14.901842750608921 5
      vertex 49.68591945618391 14.608421422541142 0
    endloop
  endfacet
  facet normal 0.9966552398216048 0.0817210678842339 0
    outer loop
      vertex 49.68591945618391 14.608421422541142 5
      vertex 49.68591945618391 14.608421422541142 0
      vertex 49.6618602797389 14.901842750608921 5
    endloop
  endfacet
  facet normal 0.999866138247426 -0.01636171097958163 0
    outer loop
      vertex 49.66667726635933 15.196209385991096 0
      vertex 49.66667726635933 15.196209385991096 5
      vertex 49.6618602797389 14.901842750608921 0
    endloop
  endfacet
  facet normal 0.999866138247426 -0.01636171097958163 0
    outer loop
      vertex 49.6618602797389 14.901842750608921 5
      vertex 49.6618602797389 14.901842750608921 0
      vertex 49.66667726635933 15.196209385991096 5
    endloop
  endfacet
  facet normal 0.9934477776179861 -0.11428697714912593 0
    outer loop
      vertex 49.700324043631554 15.488686420023441 0
      vertex 49.700324043631554 15.488686420023441 5
      vertex 49.66667726635933 15.196209385991096 0
    endloop
  endfacet
  facet normal 0.9934477776179861 -0.11428697714912593 0
    outer loop
      vertex 49.66667726635933 15.196209385991096 5
      vertex 49.66667726635933 15.196209385991096 0
      vertex 49.700324043631554 15.488686420023441 5
    endloop
  endfacet
  facet normal 0.9774619737233523 -0.21111155800867173 0
    outer loop
      vertex 49.762476563453674 15.776457138359547 0
      vertex 49.762476563453674 15.776457138359547 5
      vertex 49.700324043631554 15.488686420023441 0
    endloop
  endfacet
  facet normal 0.9774619737233523 -0.21111155800867173 0
    outer loop
      vertex 49.700324043631554 15.488686420023441 5
      vertex 49.700324043631554 15.488686420023441 0
      vertex 49.762476563453674 15.776457138359547 5
    endloop
  endfacet
  facet normal 0.9520626768489773 -0.30590302278853015 0
    outer loop
      vertex 49.852536261081696 16.056750141084194 0
      vertex 49.852536261081696 16.056750141084194 5
      vertex 49.762476563453674 15.776457138359547 0
    endloop
  endfacet
  facet normal 0.9520626768489773 -0.30590302278853015 0
    outer loop
      vertex 49.762476563453674 15.776457138359547 5
      vertex 49.762476563453674 15.776457138359547 0
      vertex 49.852536261081696 16.056750141084194 5
    endloop
  endfacet
  facet normal 0.9174944993153286 -0.39774846791171276 0
    outer loop
      vertex 49.96963581442833 16.326866067945957 0
      vertex 49.96963581442833 16.326866067945957 5
      vertex 49.852536261081696 16.056750141084194 0
    endloop
  endfacet
  facet normal 0.9174944993153286 -0.39774846791171276 0
    outer loop
      vertex 49.852536261081696 16.056750141084194 5
      vertex 49.852536261081696 16.056750141084194 0
      vertex 49.96963581442833 16.326866067945957 5
    endloop
  endfacet
  facet normal 0.8740903387409051 -0.48576339890919085 0
    outer loop
      vertex 50.112647496163845 16.58420354872942 0
      vertex 50.112647496163845 16.58420354872942 5
      vertex 49.96963581442833 16.326866067945957 0
    endloop
  endfacet
  facet normal 0.8740903387409051 -0.48576339890919085 0
    outer loop
      vertex 49.96963581442833 16.326866067945957 5
      vertex 49.96963581442833 16.326866067945957 0
      vertex 50.112647496163845 16.58420354872942 5
    endloop
  endfacet
  facet normal 0.8222682339374253 -0.5691001242816837 0
    outer loop
      vertex 50.28019401431084 16.826284289360046 0
      vertex 50.28019401431084 16.826284289360046 5
      vertex 50.112647496163845 16.58420354872942 0
    endloop
  endfacet
  facet normal 0.8222682339374253 -0.5691001242816837 0
    outer loop
      vertex 50.112647496163845 16.58420354872942 5
      vertex 50.112647496163845 16.58420354872942 0
      vertex 50.28019401431084 16.826284289360046 5
    endloop
  endfacet
  facet normal 0.7625271977664606 -0.6469561597716101 0
    outer loop
      vertex 50.47066181898117 17.050776906311512 0
      vertex 50.47066181898117 17.050776906311512 5
      vertex 50.28019401431084 16.826284289360046 0
    endloop
  endfacet
  facet normal 0.7625271977664606 -0.6469561597716101 0
    outer loop
      vertex 50.28019401431084 16.826284289360046 5
      vertex 50.28019401431084 16.826284289360046 0
      vertex 50.47066181898117 17.050776906311512 5
    endloop
  endfacet
  facet normal 0.6954426295403564 -0.7185816230728382 0
    outer loop
      vertex 50.682216592133045 17.255519419908524 0
      vertex 50.682216592133045 17.255519419908524 5
      vertex 50.47066181898117 17.050776906311512 0
    endloop
  endfacet
  facet normal 0.6954426295403564 -0.7185816230728382 0
    outer loop
      vertex 50.47066181898117 17.050776906311512 5
      vertex 50.47066181898117 17.050776906311512 0
      vertex 50.682216592133045 17.255519419908524 5
    endloop
  endfacet
  facet normal 0.621660578509102 -0.7832867451500304 0
    outer loop
      vertex 50.91282095015049 17.438540056347847 0
      vertex 50.91282095015049 17.438540056347847 5
      vertex 50.682216592133045 17.255519419908524 0
    endloop
  endfacet
  facet normal 0.621660578509102 -0.7832867451500304 0
    outer loop
      vertex 50.682216592133045 17.255519419908524 5
      vertex 50.682216592133045 17.255519419908524 0
      vertex 50.91282095015049 17.438540056347847 5
    endloop
  endfacet
  facet normal 0.54189157269097 -0.8404484061776233 0
    outer loop
      vertex 51.160254038870335 17.598076209425926 0
      vertex 51.160254038870335 17.598076209425926 5
      vertex 50.91282095015049 17.438540056347847 0
    endloop
  endfacet
  facet normal 0.54189157269097 -0.8404484061776233 0
    outer loop
      vertex 50.91282095015049 17.438540056347847 5
      vertex 50.91282095015049 17.438540056347847 0
      vertex 51.160254038870335 17.598076209425926 5
    endloop
  endfacet
  facet normal 0.5000000000374766 -0.8660254037628015 0
    outer loop
      vertex 121.74363146722317 58.34940817207098 0
      vertex 121.74363146722317 58.34940817207098 5
      vertex 51.160254038870335 17.598076209425926 0
    endloop
  endfacet
  facet normal 0.5000000000374766 -0.8660254037628015 0
    outer loop
      vertex 51.160254038870335 17.598076209425926 5
      vertex 51.160254038870335 17.598076209425926 0
      vertex 121.74363146722317 58.34940817207098 5
    endloop
  endfacet
  facet normal 0.46416583430384656 -0.8857483154175424 0
    outer loop
      vertex 121.96096617728472 58.463299833238125 0
      vertex 121.96096617728472 58.463299833238125 5
      vertex 121.74363146722317 58.34940817207098 0
    endloop
  endfacet
  facet normal 0.46416583430384656 -0.8857483154175424 0
    outer loop
      vertex 121.74363146722317 58.34940817207098 5
      vertex 121.74363146722317 58.34940817207098 0
      vertex 121.96096617728472 58.463299833238125 5
    endloop
  endfacet
  facet normal 0.38268332792008947 -0.9238795757738155 0
    outer loop
      vertex 122 58.479468166828156 0
      vertex 122 58.479468166828156 5
      vertex 121.96096617728472 58.463299833238125 0
    endloop
  endfacet
  facet normal 0.38268332792008947 -0.9238795757738155 0
    outer loop
      vertex 121.96096617728472 58.463299833238125 5
      vertex 121.96096617728472 58.463299833238125 0
      vertex 122 58.479468166828156 5
    endloop
  endfacet
  facet normal -1 0 0
    outer loop
      vertex 122 25 0
      vertex 122 25 5
      vertex 122 58.479468166828156 0
    endloop
  endfacet
  facet normal -1 0 0
    outer loop
      vertex 122 58.479468166828156 5
      vertex 122 58.479468166828156 0
      vertex 122 25 5
    endloop
  endfacet
  facet normal -0.9987954563668773 -0.049067671035838485 0
    outer loop
      vertex 122.02889163792133 24.411897160112858 0
      vertex 122.02889163792133 24.411897160112858 5
      vertex 122 25 0
    endloop
  endfacet
  facet normal -0.9987954563668773 -0.049067671035838485 0
    outer loop
      vertex 122 25 5
      vertex 122 25 0
      vertex 122.02889163792133 24.411897160112858 5
    endloop
  endfacet
  facet normal -0.9891765097240051 -0.14673047607854156 0
    outer loop
      vertex 122.11528831720352 23.829458065330982 0
      vertex 122.11528831720352 23.829458065330982 5
      vertex 122.02889163792133 24.411897160112858 0
    endloop
  endfacet
  facet normal -0.9891765097240051 -0.14673047607854156 0
    outer loop
      vertex 122.02889163792133 24.411897160112858 5
      vertex 122.02889163792133 24.411897160112858 0
      vertex 122.11528831720352 23.829458065330982 5
    endloop
  endfacet
  facet normal -0.9700312522108819 -0.24298018383026293 0
    outer loop
      vertex 122.25835798680782 23.25829193741083 0
      vertex 122.25835798680782 23.25829193741083 5
      vertex 122.11528831720352 23.829458065330982 0
    endloop
  endfacet
  facet normal -0.9700312522108819 -0.24298018383026293 0
    outer loop
      vertex 122.11528831720352 23.829458065330982 5
      vertex 122.11528831720352 23.829458065330982 0
      vertex 122.25835798680782 23.25829193741083 5
    endloop
  endfacet
  facet normal -0.9415440668119425 -0.33688984883968903 0
    outer loop
      vertex 122.45672280341387 22.703899405896664 0
      vertex 122.45672280341387 22.703899405896664 5
      vertex 122.25835798680782 23.25829193741083 0
    endloop
  endfacet
  facet normal -0.9415440668119425 -0.33688984883968903 0
    outer loop
      vertex 122.25835798680782 23.25829193741083 5
      vertex 122.25835798680782 23.25829193741083 0
      vertex 122.45672280341387 22.703899405896664 5
    endloop
  endfacet
  facet normal -0.9039892908627271 -0.427555098210165 0
    outer loop
      vertex 122.70847241580486 22.171619579195976 0
      vertex 122.70847241580486 22.171619579195976 5
      vertex 122.45672280341387 22.703899405896664 0
    endloop
  endfacet
  facet normal -0.9039892908627271 -0.427555098210165 0
    outer loop
      vertex 122.45672280341387 22.703899405896664 5
      vertex 122.45672280341387 22.703899405896664 0
      vertex 122.70847241580486 22.171619579195976 5
    endloop
  endfacet
  facet normal -0.8577286153979926 -0.5141027351876691 0
    outer loop
      vertex 123.01118232309818 21.666578598320484 0
      vertex 123.01118232309818 21.666578598320484 5
      vertex 122.70847241580486 22.171619579195976 0
    endloop
  endfacet
  facet normal -0.8577286153979926 -0.5141027351876691 0
    outer loop
      vertex 122.70847241580486 22.171619579195976 5
      vertex 122.70847241580486 22.171619579195976 0
      vertex 123.01118232309818 21.666578598320484 5
    endloop
  endfacet
  facet normal -0.803207531110111 -0.5956993049920404 0
    outer loop
      vertex 123.36193727701902 21.193640291690826 0
      vertex 123.36193727701902 21.193640291690826 5
      vertex 123.01118232309818 21.666578598320484 0
    endloop
  endfacet
  facet normal -0.803207531110111 -0.5956993049920404 0
    outer loop
      vertex 123.01118232309818 21.666578598320484 5
      vertex 123.01118232309818 21.666578598320484 0
      vertex 123.36193727701902 21.193640291690826 5
    endloop
  endfacet
  facet normal -0.7409511234910436 -0.6715589569035323 0
    outer loop
      vertex 123.75735931098461 20.75735931098461 0
      vertex 123.75735931098461 20.75735931098461 5
      vertex 123.36193727701902 21.193640291690826 0
    endloop
  endfacet
  facet normal -0.7409511234910436 -0.6715589569035323 0
    outer loop
      vertex 123.36193727701902 21.193640291690826 5
      vertex 123.36193727701902 21.193640291690826 0
      vertex 123.75735931098461 20.75735931098461 5
    endloop
  endfacet
  facet normal -0.6715589569035323 -0.7409511234910436 0
    outer loop
      vertex 124.19364029169083 20.361937277019024 0
      vertex 124.19364029169083 20.361937277019024 5
      vertex 123.75735931098461 20.75735931098461 0
    endloop
  endfacet
  facet normal -0.6715589569035323 -0.7409511234910436 0
    outer loop
      vertex 123.75735931098461 20.75735931098461 5
      vertex 123.75735931098461 20.75735931098461 0
      vertex 124.19364029169083 20.361937277019024 5
    endloop
  endfacet
  facet normal -0.5956993049920404 -0.803207531110111 0
    outer loop
      vertex 124.66657859832048 20.011182323098183 0
      vertex 124.66657859832048 20.011182323098183 5
      vertex 124.19364029169083 20.361937277019024 0
    endloop
  endfacet
  facet normal -0.5956993049920404 -0.803207531110111 0
    outer loop
      vertex 124.19364029169083 20.361937277019024 5
      vertex 124.19364029169083 20.361937277019024 0
      vertex 124.66657859832048 20.011182323098183 5
    endloop
  endfacet
  facet normal -0.5141027351876691 -0.8577286153979926 0
    outer loop
      vertex 125.17161957919598 19.708472415804863 0
      vertex 125.17161957919598 19.708472415804863 5
      vertex 124.66657859832048 20.011182323098183 0
    endloop
  endfacet
  facet normal -0.5141027351876691 -0.8577286153979926 0
    outer loop
      vertex 124.66657859832048 20.011182323098183 5
      vertex 124.66657859832048 20.011182323098183 0
      vertex 125.17161957919598 19.708472415804863 5
    endloop
  endfacet
  facet normal -0.427555098210165 -0.9039892908627271 0
    outer loop
      vertex 125.70389940589666 19.456722803413868 0
      vertex 125.70389940589666 19.456722803413868 5
      vertex 125.17161957919598 19.708472415804863 0
    endloop
  endfacet
  facet normal -0.427555098210165 -0.9039892908627271 0
    outer loop
      vertex 125.17161957919598 19.708472415804863 5
      vertex 125.17161957919598 19.708472415804863 0
      vertex 125.70389940589666 19.456722803413868 5
    endloop
  endfacet
  facet normal -0.33688984883968903 -0.9415440668119425 0
    outer loop
      vertex 126.25829193741083 19.258357986807823 0
      vertex 126.25829193741083 19.258357986807823 5
      vertex 125.70389940589666 19.456722803413868 0
    endloop
  endfacet
  facet normal -0.33688984883968903 -0.9415440668119425 0
    outer loop
      vertex 125.70389940589666 19.456722803413868 5
      vertex 125.70389940589666 19.456722803413868 0
      vertex 126.25829193741083 19.258357986807823 5
    endloop
  endfacet
  facet normal -0.24298018383026293 -0.9700312522108819 0
    outer loop
      vertex 126.82945806533098 19.11528831720352 0
      vertex 126.82945806533098 19.11528831720352 5
      vertex 126.25829193741083 19.258357986807823 0
    endloop
  endfacet
  facet normal -0.24298018383026293 -0.9700312522108819 0
    outer loop
      vertex 126.25829193741083 19.258357986807823 5
      vertex 126.25829193741083 19.258357986807823 0
      vertex 126.82945806533098 19.11528831720352 5
    endloop
  endfacet
  facet normal -0.14673047607854156 -0.9891765097240051 0
    outer loop
      vertex 127.41189716011286 19.028891637921333 0
      vertex 127.41189716011286 19.028891637921333 5
      vertex 126.82945806533098 19.11528831720352 0
    endloop
  endfacet
  facet normal -0.14673047607854156 -0.9891765097240051 0
    outer loop
      vertex 126.82945806533098 19.11528831720352 5
      vertex 126.82945806533098 19.11528831720352 0
      vertex 127.41189716011286 19.028891637921333 5
    endloop
  endfacet
  facet normal -0.049067671035838485 -0.9987954563668773 0
    outer loop
      vertex 128 19 0
      vertex 128 19 5
      vertex 127.41189716011286 19.028891637921333 0
    endloop
  endfacet
  facet normal -0.049067671035838485 -0.9987954563668773 0
    outer loop
      vertex 127.41189716011286 19.028891637921333 5
      vertex 127.41189716011286 19.028891637921333 0
      vertex 128 19 5
    endloop
  endfacet
  facet normal 0 -1 0
    outer loop
      vertex 134 19 0
      vertex 134 19 5
      vertex 128 19 0
    endloop
  endfacet
  facet normal 0 -1 0
    outer loop
      vertex 128 19 5
      vertex 128 19 0
      vertex 134 19 5
    endloop
  endfacet
  facet normal -1 0 0
    outer loop
      vertex 134 15 0
      vertex 134 15 5
      vertex 134 19 0
    endloop
  endfacet
  facet normal -1 0 0
    outer loop
      vertex 134 19 5
      vertex 134 19 0
      vertex 134 15 5
    endloop
  endfacet
  facet normal -0.9987954563973426 0.0490676704157047 0
    outer loop
      vertex 133.98555418103933 14.705948576331139 0
      vertex 133.98555418103933 14.705948576331139 5
      vertex 134 15 0
    endloop
  endfacet
  facet normal -0.9987954563973426 0.0490676704157047 0
    outer loop
      vertex 134 15 5
      vertex 134 15 0
      vertex 133.98555418103933 14.705948576331139 5
    endloop
  endfacet
  facet normal -0.9891765091791461 0.14673047975168188 0
    outer loop
      vertex 133.94235584139824 14.414729036390781 0
      vertex 133.94235584139824 14.414729036390781 5
      vertex 133.98555418103933 14.705948576331139 0
    endloop
  endfacet
  facet normal -0.9891765091791461 0.14673047975168188 0
    outer loop
      vertex 133.98555418103933 14.705948576331139 5
      vertex 133.98555418103933 14.705948576331139 0
      vertex 133.94235584139824 14.414729036390781 5
    endloop
  endfacet
  facet normal -0.9700312537050005 0.24298017786540685 0
    outer loop
      vertex 133.8708210065961 14.129145964980125 0
      vertex 133.8708210065961 14.129145964980125 5
      vertex 133.94235584139824 14.414729036390781 0
    endloop
  endfacet
  facet normal -0.9700312537050005 0.24298017786540685 0
    outer loop
      vertex 133.94235584139824 14.414729036390781 5
      vertex 133.94235584139824 14.414729036390781 0
      vertex 133.8708210065961 14.129145964980125 5
    endloop
  endfacet
  facet normal -0.9415440627982695 0.3368898600571533 0
    outer loop
      vertex 133.77163859456778 13.851949699223042 0
      vertex 133.77163859456778 13.851949699223042 5
      vertex 133.8708210065961 14.129145964980125 0
    endloop
  endfacet
  facet normal -0.9415440627982695 0.3368898600571533 0
    outer loop
      vertex 133.8708210065961 14.129145964980125 5
      vertex 133.8708210065961 14.129145964980125 0
      vertex 133.77163859456778 13.851949699223042 5
    endloop
  endfacet
  facet normal -0.9039892934402849 0.42755509276037695 0
    outer loop
      vertex 133.64576379209757 13.585809789597988 0
      vertex 133.64576379209757 13.585809789597988 5
      vertex 133.77163859456778 13.851949699223042 0
    endloop
  endfacet
  facet normal -0.9039892934402849 0.42755509276037695 0
    outer loop
      vertex 133.77163859456778 13.851949699223042 5
      vertex 133.77163859456778 13.851949699223042 0
      vertex 133.64576379209757 13.585809789597988 5
    endloop
  endfacet
  facet normal -0.8577286120536309 0.5141027407673996 0
    outer loop
      vertex 133.4944088384509 13.333289302885532 0
      vertex 133.4944088384509 13.333289302885532 5
      vertex 133.64576379209757 13.585809789597988 0
    endloop
  endfacet
  facet normal -0.8577286120536309 0.5141027407673996 0
    outer loop
      vertex 133.64576379209757 13.585809789597988 5
      vertex 133.64576379209757 13.585809789597988 0
      vertex 133.4944088384509 13.333289302885532 5
    endloop
  endfacet
  facet normal -0.8032075295459704 0.59569930710104 0
    outer loop
      vertex 133.3190313577652 13.096820145845413 0
      vertex 133.3190313577652 13.096820145845413 5
      vertex 133.4944088384509 13.333289302885532 0
    endloop
  endfacet
  facet normal -0.8032075295459704 0.59569930710104 0
    outer loop
      vertex 133.4944088384509 13.333289302885532 5
      vertex 133.4944088384509 13.333289302885532 0
      vertex 133.3190313577652 13.096820145845413 5
    endloop
  endfacet
  facet normal -0.7409511297873682 0.6715589499566087 0
    outer loop
      vertex 133.1213203445077 12.878679655492306 0
      vertex 133.1213203445077 12.878679655492306 5
      vertex 133.3190313577652 13.096820145845413 0
    endloop
  endfacet
  facet normal -0.7409511297873682 0.6715589499566087 0
    outer loop
      vertex 133.3190313577652 13.096820145845413 5
      vertex 133.3190313577652 13.096820145845413 0
      vertex 133.1213203445077 12.878679655492306 5
    endloop
  endfacet
  facet normal -0.6715589499566087 0.7409511297873682 0
    outer loop
      vertex 132.9031798541546 12.680968642234802 0
      vertex 132.9031798541546 12.680968642234802 5
      vertex 133.1213203445077 12.878679655492306 0
    endloop
  endfacet
  facet normal -0.6715589499566087 0.7409511297873682 0
    outer loop
      vertex 133.1213203445077 12.878679655492306 5
      vertex 133.1213203445077 12.878679655492306 0
      vertex 132.9031798541546 12.680968642234802 5
    endloop
  endfacet
  facet normal -0.59569930710104 0.8032075295459704 0
    outer loop
      vertex 132.66671069711447 12.505591161549091 0
      vertex 132.66671069711447 12.505591161549091 5
      vertex 132.9031798541546 12.680968642234802 0
    endloop
  endfacet
  facet normal -0.59569930710104 0.8032075295459704 0
    outer loop
      vertex 132.9031798541546 12.680968642234802 5
      vertex 132.9031798541546 12.680968642234802 0
      vertex 132.66671069711447 12.505591161549091 5
    endloop
  endfacet
  facet normal -0.5141027407673996 0.8577286120536309 0
    outer loop
      vertex 132.414190210402 12.354236207902431 0
      vertex 132.414190210402 12.354236207902431 5
      vertex 132.66671069711447 12.505591161549091 0
    endloop
  endfacet
  facet normal -0.5141027407673996 0.8577286120536309 0
    outer loop
      vertex 132.66671069711447 12.505591161549091 5
      vertex 132.66671069711447 12.505591161549091 0
      vertex 132.414190210402 12.354236207902431 5
    endloop
  endfacet
  facet normal -0.42755509276037695 0.9039892934402849 0
    outer loop
      vertex 132.14805030077696 12.228361405432224 0
      vertex 132.14805030077696 12.228361405432224 5
      vertex 132.414190210402 12.354236207902431 0
    endloop
  endfacet
  facet normal -0.42755509276037695 0.9039892934402849 0
    outer loop
      vertex 132.414190210402 12.354236207902431 5
      vertex 132.414190210402 12.354236207902431 0
      vertex 132.14805030077696 12.228361405432224 5
    endloop
  endfacet
  facet normal -0.3368898600571533 0.9415440627982695 0
    outer loop
      vertex 131.87085403501987 12.129178993403912 0
      vertex 131.87085403501987 12.129178993403912 5
      vertex 132.14805030077696 12.228361405432224 0
    endloop
  endfacet
  facet normal -0.3368898600571533 0.9415440627982695 0
    outer loop
      vertex 132.14805030077696 12.228361405432224 5
      vertex 132.14805030077696 12.228361405432224 0
      vertex 131.87085403501987 12.129178993403912 5
    endloop
  endfacet
  facet normal -0.24298017786540685 0.9700312537050005 0
    outer loop
      vertex 131.58527096360922 12.05764415860176 0
      vertex 131.58527096360922 12.05764415860176 5
      vertex 131.87085403501987 12.129178993403912 0
    endloop
  endfacet
  facet normal -0.24298017786540685 0.9700312537050005 0
    outer loop
      vertex 131.87085403501987 12.129178993403912 5
      vertex 131.87085403501987 12.129178993403912 0
      vertex 131.58527096360922 12.05764415860176 5
    endloop
  endfacet
  facet normal -0.14673047975168188 0.9891765091791461 0
    outer loop
      vertex 131.29405142366886 12.014445818960667 0
      vertex 131.29405142366886 12.014445818960667 5
      vertex 131.58527096360922 12.05764415860176 0
    endloop
  endfacet
  facet normal -0.14673047975168188 0.9891765091791461 0
    outer loop
      vertex 131.58527096360922 12.05764415860176 5
      vertex 131.58527096360922 12.05764415860176 0
      vertex 131.29405142366886 12.014445818960667 5
    endloop
  endfacet
  facet normal -0.0490676704157047 0.9987954563973426 0
    outer loop
      vertex 131 12 0
      vertex 131 12 5
      vertex 131.29405142366886 12.014445818960667 0
    endloop
  endfacet
  facet normal -0.0490676704157047 0.9987954563973426 0
    outer loop
      vertex 131.29405142366886 12.014445818960667 5
      vertex 131.29405142366886 12.014445818960667 0
      vertex 131 12 5
    endloop
  endfacet
  facet normal 0 1 0
    outer loop
      vertex 52.660254038870335 12 0
      vertex 52.660254038870335 12 5
      vertex 131 12 0
    endloop
  endfacet
  facet normal 0 1 0
    outer loop
      vertex 131 12 5
      vertex 131 12 0
      vertex 52.660254038870335 12 5
    endloop
  endfacet
  facet normal 1 0 0
    outer loop
      vertex 136.35000000149012 54.350000001490116 0
      vertex 136.35000000149012 54.350000001490116 5
      vertex 136.35000000149012 51.04999999701977 0
    endloop
  endfacet
  facet normal 1 0 0
    outer loop
      vertex 136.35000000149012 51.04999999701977 5
      vertex 136.35000000149012 51.04999999701977 0
      vertex 136.35000000149012 54.350000001490116 5
    endloop
  endfacet
  facet normal 0 -1 0
    outer loop
      vertex 141.64999999850988 54.350000001490116 0
      vertex 141.64999999850988 54.350000001490116 5
      vertex 136.35000000149012 54.350000001490116 0
    endloop
  endfacet
  facet normal 0 -1 0
    outer loop
      vertex 136.35000000149012 54.350000001490116 5
      vertex 136.35000000149012 54.350000001490116 0
      vertex 141.64999999850988 54.350000001490116 5
    endloop
  endfacet
  facet normal -1 0 0
    outer loop
      vertex 141.64999999850988 51.04999999701977 0
      vertex 141.64999999850988 51.04999999701977 5
      vertex 141.64999999850988 54.350000001490116 0
    endloop
  endfacet
  facet normal -1 0 0
    outer loop
      vertex 141.64999999850988 54.350000001490116 5
      vertex 141.64999999850988 54.350000001490116 0
      vertex 141.64999999850988 51.04999999701977 5
    endloop
  endfacet
  facet normal 0 1 0
    outer loop
      vertex 136.35000000149012 51.04999999701977 0
      vertex 136.35000000149012 51.04999999701977 5
      vertex 141.64999999850988 51.04999999701977 0
    endloop
  endfacet
  facet normal 0 1 0
    outer loop
      vertex 141.64999999850988 51.04999999701977 5
      vertex 141.64999999850988 51.04999999701977 0
      vertex 136.35000000149012 51.04999999701977 5
    endloop
  endfacet
  facet normal 1 0 0
    outer loop
      vertex 136.35000000149012 50.149999998509884 0
      vertex 136.35000000149012 50.149999998509884 5
      vertex 136.35000000149012 37.850000001490116 0
    endloop
  endfacet
  facet normal 1 0 0
    outer loop
      vertex 136.35000000149012 37.850000001490116 5
      vertex 136.35000000149012 37.850000001490116 0
      vertex 136.35000000149012 50.149999998509884 5
    endloop
  endfacet
  facet normal 0 -1 0
    outer loop
      vertex 141.64999999850988 50.149999998509884 0
      vertex 141.64999999850988 50.149999998509884 5
      vertex 136.35000000149012 50.149999998509884 0
    endloop
  endfacet
  facet normal 0 -1 0
    outer loop
      vertex 136.35000000149012 50.149999998509884 5
      vertex 136.35000000149012 50.149999998509884 0
      vertex 141.64999999850988 50.149999998509884 5
    endloop
  endfacet
  facet normal -1 0 0
    outer loop
      vertex 141.64999999850988 37.850000001490116 0
      vertex 141.64999999850988 37.850000001490116 5
      vertex 141.64999999850988 50.149999998509884 0
    endloop
  endfacet
  facet normal -1 0 0
    outer loop
      vertex 141.64999999850988 50.149999998509884 5
      vertex 141.64999999850988 50.149999998509884 0
      vertex 141.64999999850988 37.850000001490116 5
    endloop
  endfacet
  facet normal 0 1 0
    outer loop
      vertex 136.35000000149012 37.850000001490116 0
      vertex 136.35000000149012 37.850000001490116 5
      vertex 141.64999999850988 37.850000001490116 0
    endloop
  endfacet
  facet normal 0 1 0
    outer loop
      vertex 141.64999999850988 37.850000001490116 5
      vertex 141.64999999850988 37.850000001490116 0
      vertex 136.35000000149012 37.850000001490116 5
    endloop
  endfacet
  facet normal 1 0 0
    outer loop
      vertex 136.35000000149012 36.95000000298023 0
      vertex 136.35000000149012 36.95000000298023 5
      vertex 136.35000000149012 33.649999998509884 0
    endloop
  endfacet
  facet normal 1 0 0
    outer loop
      vertex 136.35000000149012 33.649999998509884 5
      vertex 136.35000000149012 33.649999998509884 0
      vertex 136.35000000149012 36.95000000298023 5
    endloop
  endfacet
  facet normal 0 -1 0
    outer loop
      vertex 141.64999999850988 36.95000000298023 0
      vertex 141.64999999850988 36.95000000298023 5
      vertex 136.35000000149012 36.95000000298023 0
    endloop
  endfacet
  facet normal 0 -1 0
    outer loop
      vertex 136.35000000149012 36.95000000298023 5
      vertex 136.35000000149012 36.95000000298023 0
      vertex 141.64999999850988 36.95000000298023 5
    endloop
  endfacet
  facet normal -1 0 0
    outer loop
      vertex 141.64999999850988 33.649999998509884 0
      vertex 141.64999999850988 33.649999998509884 5
      vertex 141.64999999850988 36.95000000298023 0
    endloop
  endfacet
  facet normal -1 0 0
    outer loop
      vertex 141.64999999850988 36.95000000298023 5
      vertex 141.64999999850988 36.95000000298023 0
      vertex 141.64999999850988 33.649999998509884 5
    endloop
  endfacet
  facet normal 0 1 0
    outer loop
      vertex 136.35000000149012 33.649999998509884 0
      vertex 136.35000000149012 33.649999998509884 5
      vertex 141.64999999850988 33.649999998509884 0
    endloop
  endfacet
  facet normal 0 1 0
    outer loop
      vertex 141.64999999850988 33.649999998509884 5
      vertex 141.64999999850988 33.649999998509884 0
      vertex 136.35000000149012 33.649999998509884 5
    endloop
  endfacet
  facet normal 0 0 0
    outer loop
      vertex 141.64999999850988 50.149999998509884 5
      vertex 141.64999999850988 54.350000001490116 5
      vertex 141.64999999850988 51.04999999701977 5
    endloop
  endfacet
  facet normal 0 0 0
    outer loop
      vertex 141.64999999850988 36.95000000298023 5
      vertex 141.64999999850988 54.350000001490116 5
      vertex 141.64999999850988 50.149999998509884 5
    endloop
  endfacet
  facet normal 0 0 0
    outer loop
      vertex 141.64999999850988 36.95000000298023 5
      vertex 141.64999999850988 50.149999998509884 5
      vertex 141.64999999850988 37.850000001490116 5
    endloop
  endfacet
  facet normal 0 0 1
    outer loop
      vertex 136.35000000149012 36.95000000298023 5
      vertex 141.64999999850988 36.95000000298023 5
      vertex 141.64999999850988 37.850000001490116 5
    endloop
  endfacet
  facet normal 0 0 1
    outer loop
      vertex 136.35000000149012 36.95000000298023 5
      vertex 141.64999999850988 37.850000001490116 5
      vertex 136.35000000149012 37.850000001490116 5
    endloop
  endfacet
  facet normal 0 0 1
    outer loop
      vertex 136.35000000149012 50.149999998509884 5
      vertex 141.64999999850988 50.149999998509884 5
      vertex 141.64999999850988 51.04999999701977 5
    endloop
  endfacet
  facet normal 0 0 1
    outer loop
      vertex 136.35000000149012 50.149999998509884 5
      vertex 141.64999999850988 51.04999999701977 5
      vertex 136.35000000149012 51.04999999701977 5
    endloop
  endfacet
  facet normal 0 0 1
    outer loop
      vertex 13.333315722644329 10.99776353687048 5
      vertex 13.400642491877079 11.03811764717102 5
      vertex 5.965091861784458 23.91686912626028 5
    endloop
  endfacet
  facet normal 0 0 1
    outer loop
      vertex 13.238728061318398 10.927612543106079 5
      vertex 13.333315722644329 10.99776353687048 5
      vertex 5.965091861784458 23.91686912626028 5
    endloop
  endfacet
  facet normal 0 0 1
    outer loop
      vertex 146 2 5
      vertex 134 19 5
      vertex 134 15 5
    endloop
  endfacet
  facet normal 0 0 1
    outer loop
      vertex 146 2 5
      vertex 134 15 5
      vertex 133.98555418103933 14.705948576331139 5
    endloop
  endfacet
  facet normal 0 0 1
    outer loop
      vertex 146 2 5
      vertex 133.98555418103933 14.705948576331139 5
      vertex 133.94235584139824 14.414729036390781 5
    endloop
  endfacet
  facet normal 0 0 1
    outer loop
      vertex 146 2 5
      vertex 133.94235584139824 14.414729036390781 5
      vertex 133.8708210065961 14.129145964980125 5
    endloop
  endfacet
  facet normal 0 0 1
    outer loop
      vertex 146 2 5
      vertex 133.8708210065961 14.129145964980125 5
      vertex 133.77163859456778 13.851949699223042 5
    endloop
  endfacet
  facet normal 0 0 1
    outer loop
      vertex 146 2 5
      vertex 133.77163859456778 13.851949699223042 5
      vertex 133.64576379209757 13.585809789597988 5
    endloop
  endfacet
  facet normal 0 0 1
    outer loop
      vertex 146 2 5
      vertex 133.64576379209757 13.585809789597988 5
      vertex 133.4944088384509 13.333289302885532 5
    endloop
  endfacet
  facet normal 0 0 1
    outer loop
      vertex 146 2 5
      vertex 133.4944088384509 13.333289302885532 5
      vertex 133.3190313577652 13.096820145845413 5
    endloop
  endfacet
  facet normal 0 0 1
    outer loop
      vertex 146 2 5
      vertex 133.3190313577652 13.096820145845413 5
      vertex 133.1213203445077 12.878679655492306 5
    endloop
  endfacet
  facet normal 0 0 1
    outer loop
      vertex 146 2 5
      vertex 133.1213203445077 12.878679655492306 5
      vertex 132.9031798541546 12.680968642234802 5
    endloop
  endfacet
  facet normal 0 0 1
    outer loop
      vertex 13.151471860706806 10.848528139293194 5
      vertex 13.238728061318398 10.927612543106079 5
      vertex 5.965091861784458 23.91686912626028 5
    endloop
  endfacet
  facet normal 0 0 1
    outer loop
      vertex 146 2 5
      vertex 132.9031798541546 12.680968642234802 5
      vertex 132.66671069711447 12.505591161549091 5
    endloop
  endfacet
  facet normal 0 0 1
    outer loop
      vertex 139.3068681359291 153.24305257201195 5
      vertex 129.29710637778044 82.01989681273699 5
      vertex 129.6335912272334 81.96998400986195 5
    endloop
  endfacet
  facet normal 0 0 1
    outer loop
      vertex 139.3068681359291 153.24305257201195 5
      vertex 129.6335912272334 81.96998400986195 5
      vertex 130.20475736260414 81.82691434025764 5
    endloop
  endfacet
  facet normal 0 0 1
    outer loop
      vertex 139.3068681359291 153.24305257201195 5
      vertex 130.20475736260414 81.82691434025764 5
      vertex 130.7591498941183 81.6285495236516 5
    endloop
  endfacet
  facet normal 0 0 1
    outer loop
      vertex 139.3068681359291 153.24305257201195 5
      vertex 130.7591498941183 81.6285495236516 5
      vertex 131.291429720819 81.3767999112606 5
    endloop
  endfacet
  facet normal 0 0 1
    outer loop
      vertex 13.072387456893921 10.761271938681602 5
      vertex 13.151471860706806 10.848528139293194 5
      vertex 5.965091861784458 23.91686912626028 5
    endloop
  endfacet
  facet normal 0 0 1
    outer loop
      vertex 146 2 5
      vertex 132.66671069711447 12.505591161549091 5
      vertex 132.414190210402 12.354236207902431 5
    endloop
  endfacet
  facet normal 0 0 1
    outer loop
      vertex 139.3068681359291 153.24305257201195 5
      vertex 131.291429720819 81.3767999112606 5
      vertex 131.7964706942439 81.0740899965167 5
    endloop
  endfacet
  facet normal 0 0 1
    outer loop
      vertex 13.00223646312952 10.666684277355671 5
      vertex 13.072387456893921 10.761271938681602 5
      vertex 5.965091861784458 23.91686912626028 5
    endloop
  endfacet
  facet normal 0 0 1
    outer loop
      vertex 146 2 5
      vertex 132.414190210402 12.354236207902431 5
      vertex 132.14805030077696 12.228361405432224 5
    endloop
  endfacet
  facet normal 0 0 1
    outer loop
      vertex 139.3068681359291 153.24305257201195 5
      vertex 131.7964706942439 81.0740899965167 5
      vertex 132.26940900087357 80.72333504259586 5
    endloop
  endfacet
  facet normal 0 0 1
    outer loop
      vertex 145.96157056093216 1.6098193526268005 5
      vertex 146 2 5
      vertex 132.14805030077696 12.228361405432224 5
    endloop
  endfacet
  facet normal 0 0 1
    outer loop
      vertex 145.84775906801224 1.234633132815361 5
      vertex 145.96157056093216 1.6098193526268005 5
      vertex 132.14805030077696 12.228361405432224 5
    endloop
  endfacet
  facet normal 0 0 1
    outer loop
      vertex 145.66293922811747 0.8888595327734947 5
      vertex 145.84775906801224 1.234633132815361 5
      vertex 132.14805030077696 12.228361405432224 5
    endloop
  endfacet
  facet normal 0 0 1
    outer loop
      vertex 145.4142135605216 0.5857864394783974 5
      vertex 145.66293922811747 0.8888595327734947 5
      vertex 132.14805030077696 12.228361405432224 5
    endloop
  endfacet
  facet normal 0 0 1
    outer loop
      vertex 145.1111404672265 0.337060771882534 5
      vertex 145.4142135605216 0.5857864394783974 5
      vertex 132.14805030077696 12.228361405432224 5
    endloop
  endfacet
  facet normal 0 0 1
    outer loop
      vertex 144.76536686718464 0.15224093198776245 5
      vertex 145.1111404672265 0.337060771882534 5
      vertex 132.14805030077696 12.228361405432224 5
    endloop
  endfacet
  facet normal 0 0 1
    outer loop
      vertex 144.3901806473732 0.038429439067840576 5
      vertex 144.76536686718464 0.15224093198776245 5
      vertex 132.14805030077696 12.228361405432224 5
    endloop
  endfacet
  facet normal 0 0 1
    outer loop
      vertex 144 0 5
      vertex 144.3901806473732 0.038429439067840576 5
      vertex 132.14805030077696 12.228361405432224 5
    endloop
  endfacet
  facet normal 0 0 1
    outer loop
      vertex 144 0 5
      vertex 132.14805030077696 12.228361405432224 5
      vertex 131.87085403501987 12.129178993403912 5
    endloop
  endfacet
  facet normal 0 0 1
    outer loop
      vertex 144 0 5
      vertex 131.87085403501987 12.129178993403912 5
      vertex 131.58527096360922 12.05764415860176 5
    endloop
  endfacet
  facet normal 0 0 1
    outer loop
      vertex 12.941694483160973 10.56567608565092 5
      vertex 13.00223646312952 10.666684277355671 5
      vertex 5.965091861784458 23.91686912626028 5
    endloop
  endfacet
  facet normal 0 0 1
    outer loop
      vertex 139.3068681359291 153.24305257201195 5
      vertex 132.26940900087357 80.72333504259586 5
      vertex 132.70568998903036 80.32791300863028 5
    endloop
  endfacet
  facet normal 0 0 1
    outer loop
      vertex 12.89134456217289 10.459220118820667 5
      vertex 12.941694483160973 10.56567608565092 5
      vertex 5.965091861784458 23.91686912626028 5
    endloop
  endfacet
  facet normal 0 0 1
    outer loop
      vertex 144 0 5
      vertex 131.58527096360922 12.05764415860176 5
      vertex 131.29405142366886 12.014445818960667 5
    endloop
  endfacet
  facet normal 0 0 1
    outer loop
      vertex 139.3068681359291 153.24305257201195 5
      vertex 132.70568998903036 80.32791300863028 5
      vertex 133.10111201554537 79.89163202792406 5
    endloop
  endfacet
  facet normal 0 0 1
    outer loop
      vertex 12.85167159885168 10.34834161400795 5
      vertex 12.89134456217289 10.459220118820667 5
      vertex 5.965091861784458 23.91686912626028 5
    endloop
  endfacet
  facet normal 0 0 1
    outer loop
      vertex 146 2 5
      vertex 141.64999999850988 54.350000001490116 5
      vertex 141.64999999850988 36.95000000298023 5
    endloop
  endfacet
  facet normal 0 0 1
    outer loop
      vertex 146 2 5
      vertex 141.64999999850988 36.95000000298023 5
      vertex 141.64999999850988 33.649999998509884 5
    endloop
  endfacet
  facet normal 0 0 1
    outer loop
      vertex 134 19 5
      vertex 146 2 5
      vertex 141.64999999850988 33.649999998509884 5
    endloop
  endfacet
  facet normal 0 0 1
    outer loop
      vertex 134 19 5
      vertex 141.64999999850988 33.649999998509884 5
      vertex 136.35000000149012 33.649999998509884 5
    endloop
  endfacet
  facet normal 0 0 1
    outer loop
      vertex 128 19 5
      vertex 134 19 5
      vertex 136.35000000149012 33.649999998509884 5
    endloop
  endfacet
  facet normal 0 0 1
    outer loop
      vertex 127.41189716011286 19.028891637921333 5
      vertex 128 19 5
      vertex 136.35000000149012 33.649999998509884 5
    endloop
  endfacet
  facet normal 0 0 1
    outer loop
      vertex 126.82945806533098 19.11528831720352 5
      vertex 127.41189716011286 19.028891637921333 5
      vertex 136.35000000149012 33.649999998509884 5
    endloop
  endfacet
  facet normal 0 0 1
    outer loop
      vertex 126.25829193741083 19.258357986807823 5
      vertex 126.82945806533098 19.11528831720352 5
      vertex 136.35000000149012 33.649999998509884 5
    endloop
  endfacet
  facet normal 0 0 1
    outer loop
      vertex 125.70389940589666 19.456722803413868 5
      vertex 126.25829193741083 19.258357986807823 5
      vertex 136.35000000149012 33.649999998509884 5
    endloop
  endfacet
  facet normal 0 0 1
    outer loop
      vertex 125.17161957919598 19.708472415804863 5
      vertex 125.70389940589666 19.456722803413868 5
      vertex 136.35000000149012 33.649999998509884 5
    endloop
  endfacet
  facet normal 0 0 1
    outer loop
      vertex 124.66657859832048 20.011182323098183 5
      vertex 125.17161957919598 19.708472415804863 5
      vertex 136.35000000149012 33.649999998509884 5
    endloop
  endfacet
  facet normal 0 0 1
    outer loop
      vertex 124.19364029169083 20.361937277019024 5
      vertex 124.66657859832048 20.011182323098183 5
      vertex 136.35000000149012 33.649999998509884 5
    endloop
  endfacet
  facet normal 0 0 1
    outer loop
      vertex 123.75735931098461 20.75735931098461 5
      vertex 124.19364029169083 20.361937277019024 5
      vertex 136.35000000149012 33.649999998509884 5
    endloop
  endfacet
  facet normal 0 0 1
    outer loop
      vertex 123.36193727701902 21.193640291690826 5
      vertex 123.75735931098461 20.75735931098461 5
      vertex 136.35000000149012 33.649999998509884 5
    endloop
  endfacet
  facet normal 0 0 1
    outer loop
      vertex 123.01118232309818 21.666578598320484 5
      vertex 123.36193727701902 21.193640291690826 5
      vertex 136.35000000149012 33.649999998509884 5
    endloop
  endfacet
  facet normal 0 0 1
    outer loop
      vertex 122.70847241580486 22.171619579195976 5
      vertex 123.01118232309818 21.666578598320484 5
      vertex 136.35000000149012 33.649999998509884 5
    endloop
  endfacet
  facet normal 0 0 1
    outer loop
      vertex 122.45672280341387 22.703899405896664 5
      vertex 122.70847241580486 22.171619579195976 5
      vertex 136.35000000149012 33.649999998509884 5
    endloop
  endfacet
  facet normal 0 0 1
    outer loop
      vertex 122.25835798680782 23.25829193741083 5
      vertex 122.45672280341387 22.703899405896664 5
      vertex 136.35000000149012 33.649999998509884 5
    endloop
  endfacet
  facet normal 0 0 1
    outer loop
      vertex 122.11528831720352 23.829458065330982 5
      vertex 122.25835798680782 23.25829193741083 5
      vertex 136.35000000149012 33.649999998509884 5
    endloop
  endfacet
  facet normal 0 0 1
    outer loop
      vertex 122.02889163792133 24.411897160112858 5
      vertex 122.11528831720352 23.829458065330982 5
      vertex 136.35000000149012 33.649999998509884 5
    endloop
  endfacet
  facet normal 0 0 1
    outer loop
      vertex 122 25 5
      vertex 122.02889163792133 24.411897160112858 5
      vertex 136.35000000149012 33.649999998509884 5
    endloop
  endfacet
  facet normal 0 0 1
    outer loop
      vertex 122 25 5
      vertex 136.35000000149012 33.649999998509884 5
      vertex 136.35000000149012 36.95000000298023 5
    endloop
  endfacet
  facet normal 0 0 1
    outer loop
      vertex 122 25 5
      vertex 136.35000000149012 36.95000000298023 5
      vertex 136.35000000149012 37.850000001490116 5
    endloop
  endfacet
  facet normal 0 0 1
    outer loop
      vertex 122 58.479468166828156 5
      vertex 122 25 5
      vertex 136.35000000149012 37.850000001490116 5
    endloop
  endfacet
  facet normal 0 0 1
    outer loop
      vertex 122 58.479468166828156 5
      vertex 136.35000000149012 37.850000001490116 5
      vertex 136.35000000149012 50.149999998509884 5
    endloop
  endfacet
  facet normal 0 0 1
    outer loop
      vertex 122 58.479468166828156 5
      vertex 136.35000000149012 50.149999998509884 5
      vertex 136.35000000149012 51.04999999701977 5
    endloop
  endfacet
  facet normal 0 0 1
    outer loop
      vertex 122 58.479468166828156 5
      vertex 136.35000000149012 51.04999999701977 5
      vertex 136.35000000149012 54.350000001490116 5
    endloop
  endfacet
  facet normal 0 0 1
    outer loop
      vertex 144 0 5
      vertex 131.29405142366886 12.014445818960667 5
      vertex 131 12 5
    endloop
  endfacet
  facet normal 0 0 1
    outer loop
      vertex 144 0 5
      vertex 131 12 5
      vertex 52.660254038870335 12 5
    endloop
  endfacet
  facet normal 0 0 1
    outer loop
      vertex 139.3068681359291 153.24305257201195 5
      vertex 133.10111201554537 79.89163202792406 5
      vertex 133.4518669694662 79.4186937212944 5
    endloop
  endfacet
  facet normal 0 0 1
    outer loop
      vertex 12.823057666420937 10.23410838842392 5
      vertex 12.85167159885168 10.34834161400795 5
      vertex 5.965091861784458 23.91686912626028 5
    endloop
  endfacet
  facet normal 0 0 1
    outer loop
      vertex 141.64999999850988 54.350000001490116 5
      vertex 146 2 5
      vertex 146 146.41486094146967 5
    endloop
  endfacet
  facet normal 0 0 1
    outer loop
      vertex 2 0 5
      vertex 144 0 5
      vertex 52.660254038870335 12 5
    endloop
  endfacet
  facet normal 0 0 1
    outer loop
      vertex 2 0 5
      vertex 52.660254038870335 12 5
      vertex 52.46404465287924 12.006423227488995 5
    endloop
  endfacet
  facet normal 0 0 1
    outer loop
      vertex 2 0 5
      vertex 52.46404465287924 12.006423227488995 5
      vertex 52.17156761884689 12.040070004761219 5
    endloop
  endfacet
  facet normal 0 0 1
    outer loop
      vertex 123.27246104180813 73.08848480135202 5
      vertex 15.03811764717102 10.59935750067234 5
      vertex 15.058305516839027 10.56567608565092 5
    endloop
  endfacet
  facet normal 0 0 1
    outer loop
      vertex 136.35000000149012 54.350000001490116 5
      vertex 141.64999999850988 54.350000001490116 5
      vertex 146 146.41486094146967 5
    endloop
  endfacet
  facet normal 0 0 1
    outer loop
      vertex 123.27246104180813 73.08848480135202 5
      vertex 15.058305516839027 10.56567608565092 5
      vertex 15.10865543782711 10.459220118820667 5
    endloop
  endfacet
  facet normal 0 0 1
    outer loop
      vertex 123.27246104180813 73.08848480135202 5
      vertex 15.10865543782711 10.459220118820667 5
      vertex 15.14832840114832 10.34834161400795 5
    endloop
  endfacet
  facet normal 0 0 1
    outer loop
      vertex 123.27246104180813 73.08848480135202 5
      vertex 15.14832840114832 10.34834161400795 5
      vertex 15.176942333579063 10.23410838842392 5
    endloop
  endfacet
  facet normal 0 0 1
    outer loop
      vertex 2 0 5
      vertex 52.17156761884689 12.040070004761219 5
      vertex 51.88379690051079 12.10222252458334 5
    endloop
  endfacet
  facet normal 0 0 1
    outer loop
      vertex 123.27246104180813 73.08848480135202 5
      vertex 15.176942333579063 10.23410838842392 5
      vertex 15.194221675395966 10.117620564997196 5
    endloop
  endfacet
  facet normal 0 0 1
    outer loop
      vertex 123.27246104180813 73.08848480135202 5
      vertex 15.194221675395966 10.117620564997196 5
      vertex 15.200000002980232 10 5
    endloop
  endfacet
  facet normal 0 0 1
    outer loop
      vertex 123.27246104180813 73.08848480135202 5
      vertex 15.200000002980232 10 5
      vertex 15.194221675395966 9.882379435002804 5
    endloop
  endfacet
  facet normal 0 0 1
    outer loop
      vertex 123.27246104180813 73.08848480135202 5
      vertex 15.194221675395966 9.882379435002804 5
      vertex 15.176942333579063 9.76589161157608 5
    endloop
  endfacet
  facet normal 0 0 1
    outer loop
      vertex 2 0 5
      vertex 51.88379690051079 12.10222252458334 5
      vertex 51.60350389778614 12.192282222211361 5
    endloop
  endfacet
  facet normal 0 0 1
    outer loop
      vertex 123.47423162311316 72.75185092538595 5
      vertex 123.27246104180813 73.08848480135202 5
      vertex 15.176942333579063 9.76589161157608 5
    endloop
  endfacet
  facet normal 0 0 1
    outer loop
      vertex 123.47423162311316 72.75185092538595 5
      vertex 15.176942333579063 9.76589161157608 5
      vertex 15.14832840114832 9.65165838599205 5
    endloop
  endfacet
  facet normal 0 0 1
    outer loop
      vertex 123.47423162311316 72.75185092538595 5
      vertex 15.14832840114832 9.65165838599205 5
      vertex 15.10865543782711 9.540779881179333 5
    endloop
  endfacet
  facet normal 0 0 1
    outer loop
      vertex 2 0 5
      vertex 51.60350389778614 12.192282222211361 5
      vertex 51.33338797092438 12.309381775557995 5
    endloop
  endfacet
  facet normal 0 0 1
    outer loop
      vertex 123.824986577034 72.2789126187563 5
      vertex 123.47423162311316 72.75185092538595 5
      vertex 15.10865543782711 9.540779881179333 5
    endloop
  endfacet
  facet normal 0 0 1
    outer loop
      vertex 124.22040861099958 71.84263163805008 5
      vertex 123.824986577034 72.2789126187563 5
      vertex 15.10865543782711 9.540779881179333 5
    endloop
  endfacet
  facet normal 0 0 1
    outer loop
      vertex 124.6566895917058 71.44720960408449 5
      vertex 124.22040861099958 71.84263163805008 5
      vertex 15.10865543782711 9.540779881179333 5
    endloop
  endfacet
  facet normal 0 0 1
    outer loop
      vertex 2 0 5
      vertex 51.33338797092438 12.309381775557995 5
      vertex 51.076050490140915 12.45239345729351 5
    endloop
  endfacet
  facet normal 0 0 1
    outer loop
      vertex 125.12962789833546 71.09645465016365 5
      vertex 124.6566895917058 71.44720960408449 5
      vertex 15.10865543782711 9.540779881179333 5
    endloop
  endfacet
  facet normal 0 0 1
    outer loop
      vertex 125.63466887921095 70.79374473541975 5
      vertex 125.12962789833546 71.09645465016365 5
      vertex 15.10865543782711 9.540779881179333 5
    endloop
  endfacet
  facet normal 0 0 1
    outer loop
      vertex 126.16694870591164 70.54199513047934 5
      vertex 125.63466887921095 70.79374473541975 5
      vertex 15.10865543782711 9.540779881179333 5
    endloop
  endfacet
  facet normal 0 0 1
    outer loop
      vertex 126.7213412374258 70.34363031387329 5
      vertex 126.16694870591164 70.54199513047934 5
      vertex 15.10865543782711 9.540779881179333 5
    endloop
  endfacet
  facet normal 0 0 1
    outer loop
      vertex 127.29250736534595 70.20056064426899 5
      vertex 126.7213412374258 70.34363031387329 5
      vertex 15.10865543782711 9.540779881179333 5
    endloop
  endfacet
  facet normal 0 0 1
    outer loop
      vertex 2 0 5
      vertex 51.076050490140915 12.45239345729351 5
      vertex 50.83396974951029 12.619939975440502 5
    endloop
  endfacet
  facet normal 0 0 1
    outer loop
      vertex 2 0 5
      vertex 50.83396974951029 12.619939975440502 5
      vertex 50.60947713255882 12.810407780110836 5
    endloop
  endfacet
  facet normal 0 0 1
    outer loop
      vertex 2 0 5
      vertex 50.60947713255882 12.810407780110836 5
      vertex 50.40473461896181 13.02196255326271 5
    endloop
  endfacet
  facet normal 0 0 1
    outer loop
      vertex 2 0 5
      vertex 50.40473461896181 13.02196255326271 5
      vertex 50.22171398252249 13.252566911280155 5
    endloop
  endfacet
  facet normal 0 0 1
    outer loop
      vertex 2 0 5
      vertex 50.22171398252249 13.252566911280155 5
      vertex 50.06217782944441 13.5 5
    endloop
  endfacet
  facet normal 0 0 1
    outer loop
      vertex 2 0 5
      vertex 50.06217782944441 13.5 5
      vertex 49.92766256630421 13.761878907680511 5
    endloop
  endfacet
  facet normal 0 0 1
    outer loop
      vertex 127.87494646012783 70.1141639649868 5
      vertex 127.29250736534595 70.20056064426899 5
      vertex 15.10865543782711 9.540779881179333 5
    endloop
  endfacet
  facet normal 0 0 1
    outer loop
      vertex 2 0 5
      vertex 49.92766256630421 13.761878907680511 5
      vertex 49.81946364790201 14.03568160533905 5
    endloop
  endfacet
  facet normal 0 0 1
    outer loop
      vertex 2 0 5
      vertex 49.81946364790201 14.03568160533905 5
      vertex 49.73862309753895 14.318771213293076 5
    endloop
  endfacet
  facet normal 0 0 1
    outer loop
      vertex 127.87494646012783 70.1141639649868 5
      vertex 15.10865543782711 9.540779881179333 5
      vertex 15.058305516839027 9.43432391434908 5
    endloop
  endfacet
  facet normal 0 0 1
    outer loop
      vertex 2 0 5
      vertex 49.73862309753895 14.318771213293076 5
      vertex 49.68591945618391 14.608421422541142 5
    endloop
  endfacet
  facet normal 0 0 1
    outer loop
      vertex 2 0 5
      vertex 49.68591945618391 14.608421422541142 5
      vertex 49.6618602797389 14.901842750608921 5
    endloop
  endfacet
  facet normal 0 0 1
    outer loop
      vertex 2 0 5
      vertex 49.6618602797389 14.901842750608921 5
      vertex 49.66667726635933 15.196209385991096 5
    endloop
  endfacet
  facet normal 0 0 1
    outer loop
      vertex 2 0 5
      vertex 49.66667726635933 15.196209385991096 5
      vertex 49.700324043631554 15.488686420023441 5
    endloop
  endfacet
  facet normal 0 0 1
    outer loop
      vertex 2 0 5
      vertex 49.700324043631554 15.488686420023441 5
      vertex 49.762476563453674 15.776457138359547 5
    endloop
  endfacet
  facet normal 0 0 1
    outer loop
      vertex 2 0 5
      vertex 49.762476563453674 15.776457138359547 5
      vertex 49.852536261081696 16.056750141084194 5
    endloop
  endfacet
  facet normal 0 0 1
    outer loop
      vertex 2 0 5
      vertex 49.852536261081696 16.056750141084194 5
      vertex 49.96963581442833 16.326866067945957 5
    endloop
  endfacet
  facet normal 0 0 1
    outer loop
      vertex 2 0 5
      vertex 49.96963581442833 16.326866067945957 5
      vertex 50.112647496163845 16.58420354872942 5
    endloop
  endfacet
  facet normal 0 0 1
    outer loop
      vertex 2 0 5
      vertex 50.112647496163845 16.58420354872942 5
      vertex 50.28019401431084 16.826284289360046 5
    endloop
  endfacet
  facet normal 0 0 1
    outer loop
      vertex 139.3068681359291 153.24305257201195 5
      vertex 133.4518669694662 79.4186937212944 5
      vertex 133.7545768842101 78.91365274786949 5
    endloop
  endfacet
  facet normal 0 0 1
    outer loop
      vertex 12.805778324604034 10.117620564997196 5
      vertex 12.823057666420937 10.23410838842392 5
      vertex 5.965091861784458 23.91686912626028 5
    endloop
  endfacet
  facet normal 0 0 1
    outer loop
      vertex 128.46304930001497 70.08527232706547 5
      vertex 127.87494646012783 70.1141639649868 5
      vertex 15.058305516839027 9.43432391434908 5
    endloop
  endfacet
  facet normal 0 0 1
    outer loop
      vertex 128.46304930001497 70.08527232706547 5
      vertex 15.058305516839027 9.43432391434908 5
      vertex 14.99776353687048 9.333315722644329 5
    endloop
  endfacet
  facet normal 0 0 1
    outer loop
      vertex 2 0 5
      vertex 50.28019401431084 16.826284289360046 5
      vertex 50.47066181898117 17.050776906311512 5
    endloop
  endfacet
  facet normal 0 0 1
    outer loop
      vertex 139.3068681359291 153.24305257201195 5
      vertex 133.7545768842101 78.91365274786949 5
      vertex 134.0063264966011 78.3813729211688 5
    endloop
  endfacet
  facet normal 0 0 1
    outer loop
      vertex 12.799999997019768 10 5
      vertex 12.805778324604034 10.117620564997196 5
      vertex 5.965091861784458 23.91686912626028 5
    endloop
  endfacet
  facet normal 0 0 1
    outer loop
      vertex 129.05115213990211 70.1141639649868 5
      vertex 128.46304930001497 70.08527232706547 5
      vertex 14.99776353687048 9.333315722644329 5
    endloop
  endfacet
  facet normal 0 0 1
    outer loop
      vertex 129.05115213990211 70.1141639649868 5
      vertex 14.99776353687048 9.333315722644329 5
      vertex 14.927612543106079 9.238728061318398 5
    endloop
  endfacet
  facet normal 0 0 1
    outer loop
      vertex 1.6098193526268005 0.038429439067840576 5
      vertex 2 0 5
      vertex 50.47066181898117 17.050776906311512 5
    endloop
  endfacet
  facet normal 0 0 1
    outer loop
      vertex 1.234633132815361 0.15224093198776245 5
      vertex 1.6098193526268005 0.038429439067840576 5
      vertex 50.47066181898117 17.050776906311512 5
    endloop
  endfacet
  facet normal 0 0 1
    outer loop
      vertex 0.8888595327734947 0.337060771882534 5
      vertex 1.234633132815361 0.15224093198776245 5
      vertex 50.47066181898117 17.050776906311512 5
    endloop
  endfacet
  facet normal 0 0 1
    outer loop
      vertex 0.5857864394783974 0.5857864394783974 5
      vertex 0.8888595327734947 0.337060771882534 5
      vertex 50.47066181898117 17.050776906311512 5
    endloop
  endfacet
  facet normal 0 0 1
    outer loop
      vertex 0.337060771882534 0.8888595327734947 5
      vertex 0.5857864394783974 0.5857864394783974 5
      vertex 50.47066181898117 17.050776906311512 5
    endloop
  endfacet
  facet normal 0 0 1
    outer loop
      vertex 0.15224093198776245 1.234633132815361 5
      vertex 0.337060771882534 0.8888595327734947 5
      vertex 50.47066181898117 17.050776906311512 5
    endloop
  endfacet
  facet normal 0 0 1
    outer loop
      vertex 0.038429439067840576 1.6098193526268005 5
      vertex 0.15224093198776245 1.234633132815361 5
      vertex 50.47066181898117 17.050776906311512 5
    endloop
  endfacet
  facet normal 0 0 1
    outer loop
      vertex 0 2 5
      vertex 0.038429439067840576 1.6098193526268005 5
      vertex 50.47066181898117 17.050776906311512 5
    endloop
  endfacet
  facet normal 0 0 1
    outer loop
      vertex 0 2 5
      vertex 50.47066181898117 17.050776906311512 5
      vertex 50.682216592133045 17.255519419908524 5
    endloop
  endfacet
  facet normal 0 0 1
    outer loop
      vertex 139.3068681359291 153.24305257201195 5
      vertex 134.0063264966011 78.3813729211688 5
      vertex 134.20469131320715 77.82698038965464 5
    endloop
  endfacet
  facet normal 0 0 1
    outer loop
      vertex 12.805778324604034 9.882379435002804 5
      vertex 12.799999997019768 10 5
      vertex 5.965091861784458 23.91686912626028 5
    endloop
  endfacet
  facet normal 0 0 1
    outer loop
      vertex 0 2 5
      vertex 50.682216592133045 17.255519419908524 5
      vertex 50.91282095015049 17.438540056347847 5
    endloop
  endfacet
  facet normal 0 0 1
    outer loop
      vertex 129.05115213990211 70.1141639649868 5
      vertex 14.927612543106079 9.238728061318398 5
      vertex 14.848528139293194 9.151471860706806 5
    endloop
  endfacet
  facet normal 0 0 1
    outer loop
      vertex 129.6335912272334 70.20056064426899 5
      vertex 129.05115213990211 70.1141639649868 5
      vertex 14.848528139293194 9.151471860706806 5
    endloop
  endfacet
  facet normal 0 0 1
    outer loop
      vertex 140.97979121655226 154.9409083351493 5
      vertex 140.3752056211233 154.7445641234517 5
      vertex 139.86276914924383 154.36842099577188 5
    endloop
  endfacet
  facet normal 0 0 1
    outer loop
      vertex 140.97979121655226 154.9409083351493 5
      vertex 139.86276914924383 154.36842099577188 5
      vertex 139.49424746632576 153.85047645121813 5
    endloop
  endfacet
  facet normal 0 0 1
    outer loop
      vertex 141.615451477468 154.93761920183897 5
      vertex 140.97979121655226 154.9409083351493 5
      vertex 139.49424746632576 153.85047645121813 5
    endloop
  endfacet
  facet normal 0 0 1
    outer loop
      vertex 142.21797283738852 154.73502898216248 5
      vertex 141.615451477468 154.93761920183897 5
      vertex 139.49424746632576 153.85047645121813 5
    endloop
  endfacet
  facet normal 0 0 1
    outer loop
      vertex 142.72648937255144 154.35360307991505 5
      vertex 142.21797283738852 154.73502898216248 5
      vertex 139.49424746632576 153.85047645121813 5
    endloop
  endfacet
  facet normal 0 0 1
    outer loop
      vertex 143.089631408453 153.83187264949083 5
      vertex 142.72648937255144 154.35360307991505 5
      vertex 139.49424746632576 153.85047645121813 5
    endloop
  endfacet
  facet normal 0 0 1
    outer loop
      vertex 143.089631408453 153.83187264949083 5
      vertex 139.49424746632576 153.85047645121813 5
      vertex 139.3068681359291 153.24305257201195 5
    endloop
  endfacet
  facet normal 0 0 1
    outer loop
      vertex 145.40668140351772 149.01635977625847 5
      vertex 143.089631408453 153.83187264949083 5
      vertex 139.3068681359291 153.24305257201195 5
    endloop
  endfacet
  facet normal 0 0 1
    outer loop
      vertex 145.40668140351772 149.01635977625847 5
      vertex 139.3068681359291 153.24305257201195 5
      vertex 134.20469131320715 77.82698038965464 5
    endloop
  endfacet
  facet normal 0 0 1
    outer loop
      vertex 145.54394721984863 148.70934328436852 5
      vertex 145.40668140351772 149.01635977625847 5
      vertex 134.20469131320715 77.82698038965464 5
    endloop
  endfacet
  facet normal 0 0 1
    outer loop
      vertex 145.66379564255476 148.39511822909117 5
      vertex 145.54394721984863 148.70934328436852 5
      vertex 134.20469131320715 77.82698038965464 5
    endloop
  endfacet
  facet normal 0 0 1
    outer loop
      vertex 145.76585014164448 148.07467181235552 5
      vertex 145.66379564255476 148.39511822909117 5
      vertex 134.20469131320715 77.82698038965464 5
    endloop
  endfacet
  facet normal 0 0 1
    outer loop
      vertex 145.84979010373354 147.74901077151299 5
      vertex 145.76585014164448 148.07467181235552 5
      vertex 134.20469131320715 77.82698038965464 5
    endloop
  endfacet
  facet normal 0 0 1
    outer loop
      vertex 145.91535180062056 147.41915824264288 5
      vertex 145.84979010373354 147.74901077151299 5
      vertex 134.20469131320715 77.82698038965464 5
    endloop
  endfacet
  facet normal 0 0 1
    outer loop
      vertex 145.9623292684555 147.08615051954985 5
      vertex 145.91535180062056 147.41915824264288 5
      vertex 134.20469131320715 77.82698038965464 5
    endloop
  endfacet
  facet normal 0 0 1
    outer loop
      vertex 145.99057491123676 146.75103380531073 5
      vertex 145.9623292684555 147.08615051954985 5
      vertex 134.20469131320715 77.82698038965464 5
    endloop
  endfacet
  facet normal 0 0 1
    outer loop
      vertex 146 146.41486094146967 5
      vertex 145.99057491123676 146.75103380531073 5
      vertex 134.20469131320715 77.82698038965464 5
    endloop
  endfacet
  facet normal 0 0 1
    outer loop
      vertex 146 146.41486094146967 5
      vertex 134.20469131320715 77.82698038965464 5
      vertex 134.34776098281145 77.2558142542839 5
    endloop
  endfacet
  facet normal 0 0 1
    outer loop
      vertex 146 146.41486094146967 5
      vertex 134.34776098281145 77.2558142542839 5
      vertex 134.43415766209364 76.67337516695261 5
    endloop
  endfacet
  facet normal 0 0 1
    outer loop
      vertex 136.35000000149012 54.350000001490116 5
      vertex 146 146.41486094146967 5
      vertex 134.43415766209364 76.67337516695261 5
    endloop
  endfacet
  facet normal 0 0 1
    outer loop
      vertex 136.35000000149012 54.350000001490116 5
      vertex 134.43415766209364 76.67337516695261 5
      vertex 134.46304930001497 76.08527232706547 5
    endloop
  endfacet
  facet normal 0 0 1
    outer loop
      vertex 136.35000000149012 54.350000001490116 5
      vertex 134.46304930001497 76.08527232706547 5
      vertex 134.43415766209364 75.49716947972775 5
    endloop
  endfacet
  facet normal 0 0 1
    outer loop
      vertex 136.35000000149012 54.350000001490116 5
      vertex 134.43415766209364 75.49716947972775 5
      vertex 134.34776098281145 74.91473039239645 5
    endloop
  endfacet
  facet normal 0 0 1
    outer loop
      vertex 136.35000000149012 54.350000001490116 5
      vertex 134.34776098281145 74.91473039239645 5
      vertex 134.20469131320715 74.3435642644763 5
    endloop
  endfacet
  facet normal 0 0 1
    outer loop
      vertex 136.35000000149012 54.350000001490116 5
      vertex 134.20469131320715 74.3435642644763 5
      vertex 134.0063264966011 73.78917173296213 5
    endloop
  endfacet
  facet normal 0 0 1
    outer loop
      vertex 136.35000000149012 54.350000001490116 5
      vertex 134.0063264966011 73.78917173296213 5
      vertex 133.7545768842101 73.25689190626144 5
    endloop
  endfacet
  facet normal 0 0 1
    outer loop
      vertex 136.35000000149012 54.350000001490116 5
      vertex 133.7545768842101 73.25689190626144 5
      vertex 133.4518669694662 72.75185092538595 5
    endloop
  endfacet
  facet normal 0 0 1
    outer loop
      vertex 136.35000000149012 54.350000001490116 5
      vertex 133.4518669694662 72.75185092538595 5
      vertex 133.10111201554537 72.2789126187563 5
    endloop
  endfacet
  facet normal 0 0 1
    outer loop
      vertex 136.35000000149012 54.350000001490116 5
      vertex 133.10111201554537 72.2789126187563 5
      vertex 132.70568998903036 71.84263163805008 5
    endloop
  endfacet
  facet normal 0 0 1
    outer loop
      vertex 136.35000000149012 54.350000001490116 5
      vertex 132.70568998903036 71.84263163805008 5
      vertex 132.26940900087357 71.44720960408449 5
    endloop
  endfacet
  facet normal 0 0 1
    outer loop
      vertex 136.35000000149012 54.350000001490116 5
      vertex 132.26940900087357 71.44720960408449 5
      vertex 131.7964706942439 71.09645465016365 5
    endloop
  endfacet
  facet normal 0 0 1
    outer loop
      vertex 136.35000000149012 54.350000001490116 5
      vertex 131.7964706942439 71.09645465016365 5
      vertex 131.291429720819 70.79374473541975 5
    endloop
  endfacet
  facet normal 0 0 1
    outer loop
      vertex 136.35000000149012 54.350000001490116 5
      vertex 131.291429720819 70.79374473541975 5
      vertex 130.7591498941183 70.54199513047934 5
    endloop
  endfacet
  facet normal 0 0 1
    outer loop
      vertex 136.35000000149012 54.350000001490116 5
      vertex 130.7591498941183 70.54199513047934 5
      vertex 130.20475736260414 70.34363031387329 5
    endloop
  endfacet
  facet normal 0 0 1
    outer loop
      vertex 122 58.479468166828156 5
      vertex 136.35000000149012 54.350000001490116 5
      vertex 130.20475736260414 70.34363031387329 5
    endloop
  endfacet
  facet normal 0 0 1
    outer loop
      vertex 122 58.479468166828156 5
      vertex 130.20475736260414 70.34363031387329 5
      vertex 129.6335912272334 70.20056064426899 5
    endloop
  endfacet
  facet normal 0 0 1
    outer loop
      vertex 121.96096617728472 58.463299833238125 5
      vertex 122 58.479468166828156 5
      vertex 129.6335912272334 70.20056064426899 5
    endloop
  endfacet
  facet normal 0 0 1
    outer loop
      vertex 121.96096617728472 58.463299833238125 5
      vertex 129.6335912272334 70.20056064426899 5
      vertex 14.848528139293194 9.151471860706806 5
    endloop
  endfacet
  facet normal 0 0 1
    outer loop
      vertex 121.74363146722317 58.34940817207098 5
      vertex 121.96096617728472 58.463299833238125 5
      vertex 14.848528139293194 9.151471860706806 5
    endloop
  endfacet
  facet normal 0 0 1
    outer loop
      vertex 51.160254038870335 17.598076209425926 5
      vertex 121.74363146722317 58.34940817207098 5
      vertex 14.848528139293194 9.151471860706806 5
    endloop
  endfacet
  facet normal 0 0 1
    outer loop
      vertex 50.91282095015049 17.438540056347847 5
      vertex 51.160254038870335 17.598076209425926 5
      vertex 14.848528139293194 9.151471860706806 5
    endloop
  endfacet
  facet normal 0 0 1
    outer loop
      vertex 50.91282095015049 17.438540056347847 5
      vertex 14.848528139293194 9.151471860706806 5
      vertex 14.761271938681602 9.072387456893921 5
    endloop
  endfacet
  facet normal 0 0 1
    outer loop
      vertex 50.91282095015049 17.438540056347847 5
      vertex 14.761271938681602 9.072387456893921 5
      vertex 14.666684277355671 9.00223646312952 5
    endloop
  endfacet
  facet normal 0 0 1
    outer loop
      vertex 50.91282095015049 17.438540056347847 5
      vertex 14.666684277355671 9.00223646312952 5
      vertex 14.56567608565092 8.941694483160973 5
    endloop
  endfacet
  facet normal 0 0 1
    outer loop
      vertex 0 2 5
      vertex 50.91282095015049 17.438540056347847 5
      vertex 14.56567608565092 8.941694483160973 5
    endloop
  endfacet
  facet normal 0 0 1
    outer loop
      vertex 0 2 5
      vertex 14.56567608565092 8.941694483160973 5
      vertex 14.459220118820667 8.89134456217289 5
    endloop
  endfacet
  facet normal 0 0 1
    outer loop
      vertex 0 2 5
      vertex 14.459220118820667 8.89134456217289 5
      vertex 14.34834161400795 8.85167159885168 5
    endloop
  endfacet
  facet normal 0 0 1
    outer loop
      vertex 0 2 5
      vertex 14.34834161400795 8.85167159885168 5
      vertex 14.23410838842392 8.823057666420937 5
    endloop
  endfacet
  facet normal 0 0 1
    outer loop
      vertex 0 2 5
      vertex 14.23410838842392 8.823057666420937 5
      vertex 14.117620564997196 8.805778324604034 5
    endloop
  endfacet
  facet normal 0 0 1
    outer loop
      vertex 0 2 5
      vertex 14.117620564997196 8.805778324604034 5
      vertex 14 8.799999997019768 5
    endloop
  endfacet
  facet normal 0 0 1
    outer loop
      vertex 0 2 5
      vertex 14 8.799999997019768 5
      vertex 13.882379435002804 8.805778324604034 5
    endloop
  endfacet
  facet normal 0 0 1
    outer loop
      vertex 0 2 5
      vertex 13.882379435002804 8.805778324604034 5
      vertex 13.76589161157608 8.823057666420937 5
    endloop
  endfacet
  facet normal 0 0 1
    outer loop
      vertex 0 2 5
      vertex 13.76589161157608 8.823057666420937 5
      vertex 13.65165838599205 8.85167159885168 5
    endloop
  endfacet
  facet normal 0 0 1
    outer loop
      vertex 0 2 5
      vertex 13.65165838599205 8.85167159885168 5
      vertex 13.540779881179333 8.89134456217289 5
    endloop
  endfacet
  facet normal 0 0 1
    outer loop
      vertex 0 2 5
      vertex 13.540779881179333 8.89134456217289 5
      vertex 13.43432391434908 8.941694483160973 5
    endloop
  endfacet
  facet normal 0 0 1
    outer loop
      vertex 0 2 5
      vertex 13.43432391434908 8.941694483160973 5
      vertex 13.333315722644329 9.00223646312952 5
    endloop
  endfacet
  facet normal 0 0 1
    outer loop
      vertex 0 2 5
      vertex 13.333315722644329 9.00223646312952 5
      vertex 13.238728061318398 9.072387456893921 5
    endloop
  endfacet
  facet normal 0 0 1
    outer loop
      vertex 0 2 5
      vertex 13.238728061318398 9.072387456893921 5
      vertex 13.151471860706806 9.151471860706806 5
    endloop
  endfacet
  facet normal 0 0 1
    outer loop
      vertex 0 2 5
      vertex 13.151471860706806 9.151471860706806 5
      vertex 13.072387456893921 9.238728061318398 5
    endloop
  endfacet
  facet normal 0 0 1
    outer loop
      vertex 0 2 5
      vertex 13.072387456893921 9.238728061318398 5
      vertex 13.00223646312952 9.333315722644329 5
    endloop
  endfacet
  facet normal 0 0 1
    outer loop
      vertex 0 2 5
      vertex 13.00223646312952 9.333315722644329 5
      vertex 12.941694483160973 9.43432391434908 5
    endloop
  endfacet
  facet normal 0 0 1
    outer loop
      vertex 0 11.656703680753708 5
      vertex 0 2 5
      vertex 12.941694483160973 9.43432391434908 5
    endloop
  endfacet
  facet normal 0 0 1
    outer loop
      vertex 0 11.656703680753708 5
      vertex 12.941694483160973 9.43432391434908 5
      vertex 12.89134456217289 9.540779881179333 5
    endloop
  endfacet
  facet normal 0 0 1
    outer loop
      vertex 0 11.656703680753708 5
      vertex 12.89134456217289 9.540779881179333 5
      vertex 12.85167159885168 9.65165838599205 5
    endloop
  endfacet
  facet normal 0 0 1
    outer loop
      vertex 0 11.656703680753708 5
      vertex 12.85167159885168 9.65165838599205 5
      vertex 12.823057666420937 9.76589161157608 5
    endloop
  endfacet
  facet normal 0 0 1
    outer loop
      vertex 0 11.656703680753708 5
      vertex 12.823057666420937 9.76589161157608 5
      vertex 12.805778324604034 9.882379435002804 5
    endloop
  endfacet
  facet normal 0 0 1
    outer loop
      vertex 0.0018057972192764282 11.741673894226551 5
      vertex 0 11.656703680753708 5
      vertex 12.805778324604034 9.882379435002804 5
    endloop
  endfacet
  facet normal 0 0 1
    outer loop
      vertex 0.007219932973384857 11.826490662992 5
      vertex 0.0018057972192764282 11.741673894226551 5
      vertex 12.805778324604034 9.882379435002804 5
    endloop
  endfacet
  facet normal 0 0 1
    outer loop
      vertex 0.016232632100582123 11.911000832915306 5
      vertex 0.007219932973384857 11.826490662992 5
      vertex 12.805778324604034 9.882379435002804 5
    endloop
  endfacet
  facet normal 0 0 1
    outer loop
      vertex 0.028827615082263947 11.9950517937541 5
      vertex 0.016232632100582123 11.911000832915306 5
      vertex 12.805778324604034 9.882379435002804 5
    endloop
  endfacet
  facet normal 0 0 1
    outer loop
      vertex 0.04498214274644852 12.078491762280464 5
      vertex 0.028827615082263947 11.9950517937541 5
      vertex 12.805778324604034 9.882379435002804 5
    endloop
  endfacet
  facet normal 0 0 1
    outer loop
      vertex 0.06466703861951828 12.161170065402985 5
      vertex 0.04498214274644852 12.078491762280464 5
      vertex 12.805778324604034 9.882379435002804 5
    endloop
  endfacet
  facet normal 0 0 1
    outer loop
      vertex 0.08784675598144531 12.242937408387661 5
      vertex 0.06466703861951828 12.161170065402985 5
      vertex 12.805778324604034 9.882379435002804 5
    endloop
  endfacet
  facet normal 0 0 1
    outer loop
      vertex 0.1144794449210167 12.323646128177643 5
      vertex 0.08784675598144531 12.242937408387661 5
      vertex 12.805778324604034 9.882379435002804 5
    endloop
  endfacet
  facet normal 0 0 1
    outer loop
      vertex 4.156306177377701 23.750340349972248 5
      vertex 0.1144794449210167 12.323646128177643 5
      vertex 12.805778324604034 9.882379435002804 5
    endloop
  endfacet
  facet normal 0 0 1
    outer loop
      vertex 4.287948027253151 24.001751080155373 5
      vertex 4.156306177377701 23.750340349972248 5
      vertex 12.805778324604034 9.882379435002804 5
    endloop
  endfacet
  facet normal 0 0 1
    outer loop
      vertex 4.4849148616194725 24.20605720579624 5
      vertex 4.287948027253151 24.001751080155373 5
      vertex 12.805778324604034 9.882379435002804 5
    endloop
  endfacet
  facet normal 0 0 1
    outer loop
      vertex 4.73134358227253 24.346804551780224 5
      vertex 4.4849148616194725 24.20605720579624 5
      vertex 12.805778324604034 9.882379435002804 5
    endloop
  endfacet
  facet normal 0 0 1
    outer loop
      vertex 5.007387571036816 24.412657752633095 5
      vertex 4.73134358227253 24.346804551780224 5
      vertex 12.805778324604034 9.882379435002804 5
    endloop
  endfacet
  facet normal 0 0 1
    outer loop
      vertex 5.290815092623234 24.3983132019639 5
      vertex 5.007387571036816 24.412657752633095 5
      vertex 12.805778324604034 9.882379435002804 5
    endloop
  endfacet
  facet normal 0 0 1
    outer loop
      vertex 5.558799773454666 24.30492615699768 5
      vertex 5.290815092623234 24.3983132019639 5
      vertex 12.805778324604034 9.882379435002804 5
    endloop
  endfacet
  facet normal 0 0 1
    outer loop
      vertex 5.7897589430212975 24.140017725527287 5
      vertex 5.558799773454666 24.30492615699768 5
      vertex 12.805778324604034 9.882379435002804 5
    endloop
  endfacet
  facet normal 0 0 1
    outer loop
      vertex 5.7897589430212975 24.140017725527287 5
      vertex 12.805778324604034 9.882379435002804 5
      vertex 5.965091861784458 23.91686912626028 5
    endloop
  endfacet
  facet normal 0 0 0
    outer loop
      vertex 141.64999999850988 51.04999999701977 0
      vertex 141.64999999850988 54.350000001490116 0
      vertex 141.64999999850988 50.149999998509884 0
    endloop
  endfacet
  facet normal 0 0 0
    outer loop
      vertex 141.64999999850988 50.149999998509884 0
      vertex 141.64999999850988 54.350000001490116 0
      vertex 141.64999999850988 36.95000000298023 0
    endloop
  endfacet
  facet normal 0 0 0
    outer loop
      vertex 141.64999999850988 37.850000001490116 0
      vertex 141.64999999850988 50.149999998509884 0
      vertex 141.64999999850988 36.95000000298023 0
    endloop
  endfacet
  facet normal 0 0 -1
    outer loop
      vertex 141.64999999850988 37.850000001490116 0
      vertex 141.64999999850988 36.95000000298023 0
      vertex 136.35000000149012 36.95000000298023 0
    endloop
  endfacet
  facet normal 0 0 -1
    outer loop
      vertex 136.35000000149012 37.850000001490116 0
      vertex 141.64999999850988 37.850000001490116 0
      vertex 136.35000000149012 36.95000000298023 0
    endloop
  endfacet
  facet normal 0 0 -1
    outer loop
      vertex 141.64999999850988 51.04999999701977 0
      vertex 141.64999999850988 50.149999998509884 0
      vertex 136.35000000149012 50.149999998509884 0
    endloop
  endfacet
  facet normal 0 0 -1
    outer loop
      vertex 136.35000000149012 51.04999999701977 0
      vertex 141.64999999850988 51.04999999701977 0
      vertex 136.35000000149012 50.149999998509884 0
    endloop
  endfacet
  facet normal 0 0 -1
    outer loop
      vertex 5.965091861784458 23.91686912626028 0
      vertex 13.400642491877079 11.03811764717102 0
      vertex 13.333315722644329 10.99776353687048 0
    endloop
  endfacet
  facet normal 0 0 -1
    outer loop
      vertex 5.965091861784458 23.91686912626028 0
      vertex 13.333315722644329 10.99776353687048 0
      vertex 13.238728061318398 10.927612543106079 0
    endloop
  endfacet
  facet normal 0 0 -1
    outer loop
      vertex 134 15 0
      vertex 134 19 0
      vertex 146 2 0
    endloop
  endfacet
  facet normal 0 0 -1
    outer loop
      vertex 133.98555418103933 14.705948576331139 0
      vertex 134 15 0
      vertex 146 2 0
    endloop
  endfacet
  facet normal 0 0 -1
    outer loop
      vertex 133.94235584139824 14.414729036390781 0
      vertex 133.98555418103933 14.705948576331139 0
      vertex 146 2 0
    endloop
  endfacet
  facet normal 0 0 -1
    outer loop
      vertex 133.8708210065961 14.129145964980125 0
      vertex 133.94235584139824 14.414729036390781 0
      vertex 146 2 0
    endloop
  endfacet
  facet normal 0 0 -1
    outer loop
      vertex 133.77163859456778 13.851949699223042 0
      vertex 133.8708210065961 14.129145964980125 0
      vertex 146 2 0
    endloop
  endfacet
  facet normal 0 0 -1
    outer loop
      vertex 133.64576379209757 13.585809789597988 0
      vertex 133.77163859456778 13.851949699223042 0
      vertex 146 2 0
    endloop
  endfacet
  facet normal 0 0 -1
    outer loop
      vertex 133.4944088384509 13.333289302885532 0
      vertex 133.64576379209757 13.585809789597988 0
      vertex 146 2 0
    endloop
  endfacet
  facet normal 0 0 -1
    outer loop
      vertex 133.3190313577652 13.096820145845413 0
      vertex 133.4944088384509 13.333289302885532 0
      vertex 146 2 0
    endloop
  endfacet
  facet normal 0 0 -1
    outer loop
      vertex 133.1213203445077 12.878679655492306 0
      vertex 133.3190313577652 13.096820145845413 0
      vertex 146 2 0
    endloop
  endfacet
  facet normal 0 0 -1
    outer loop
      vertex 132.9031798541546 12.680968642234802 0
      vertex 133.1213203445077 12.878679655492306 0
      vertex 146 2 0
    endloop
  endfacet
  facet normal 0 0 -1
    outer loop
      vertex 5.965091861784458 23.91686912626028 0
      vertex 13.238728061318398 10.927612543106079 0
      vertex 13.151471860706806 10.848528139293194 0
    endloop
  endfacet
  facet normal 0 0 -1
    outer loop
      vertex 132.66671069711447 12.505591161549091 0
      vertex 132.9031798541546 12.680968642234802 0
      vertex 146 2 0
    endloop
  endfacet
  facet normal 0 0 -1
    outer loop
      vertex 129.6335912272334 81.96998400986195 0
      vertex 129.29710637778044 82.01989681273699 0
      vertex 139.3068681359291 153.24305257201195 0
    endloop
  endfacet
  facet normal 0 0 -1
    outer loop
      vertex 130.20475736260414 81.82691434025764 0
      vertex 129.6335912272334 81.96998400986195 0
      vertex 139.3068681359291 153.24305257201195 0
    endloop
  endfacet
  facet normal 0 0 -1
    outer loop
      vertex 130.7591498941183 81.6285495236516 0
      vertex 130.20475736260414 81.82691434025764 0
      vertex 139.3068681359291 153.24305257201195 0
    endloop
  endfacet
  facet normal 0 0 -1
    outer loop
      vertex 131.291429720819 81.3767999112606 0
      vertex 130.7591498941183 81.6285495236516 0
      vertex 139.3068681359291 153.24305257201195 0
    endloop
  endfacet
  facet normal 0 0 -1
    outer loop
      vertex 5.965091861784458 23.91686912626028 0
      vertex 13.151471860706806 10.848528139293194 0
      vertex 13.072387456893921 10.761271938681602 0
    endloop
  endfacet
  facet normal 0 0 -1
    outer loop
      vertex 132.414190210402 12.354236207902431 0
      vertex 132.66671069711447 12.505591161549091 0
      vertex 146 2 0
    endloop
  endfacet
  facet normal 0 0 -1
    outer loop
      vertex 131.7964706942439 81.0740899965167 0
      vertex 131.291429720819 81.3767999112606 0
      vertex 139.3068681359291 153.24305257201195 0
    endloop
  endfacet
  facet normal 0 0 -1
    outer loop
      vertex 5.965091861784458 23.91686912626028 0
      vertex 13.072387456893921 10.761271938681602 0
      vertex 13.00223646312952 10.666684277355671 0
    endloop
  endfacet
  facet normal 0 0 -1
    outer loop
      vertex 132.14805030077696 12.228361405432224 0
      vertex 132.414190210402 12.354236207902431 0
      vertex 146 2 0
    endloop
  endfacet
  facet normal 0 0 -1
    outer loop
      vertex 132.26940900087357 80.72333504259586 0
      vertex 131.7964706942439 81.0740899965167 0
      vertex 139.3068681359291 153.24305257201195 0
    endloop
  endfacet
  facet normal 0 0 -1
    outer loop
      vertex 132.14805030077696 12.228361405432224 0
      vertex 146 2 0
      vertex 145.96157056093216 1.6098193526268005 0
    endloop
  endfacet
  facet normal 0 0 -1
    outer loop
      vertex 132.14805030077696 12.228361405432224 0
      vertex 145.96157056093216 1.6098193526268005 0
      vertex 145.84775906801224 1.234633132815361 0
    endloop
  endfacet
  facet normal 0 0 -1
    outer loop
      vertex 132.14805030077696 12.228361405432224 0
      vertex 145.84775906801224 1.234633132815361 0
      vertex 145.66293922811747 0.8888595327734947 0
    endloop
  endfacet
  facet normal 0 0 -1
    outer loop
      vertex 132.14805030077696 12.228361405432224 0
      vertex 145.66293922811747 0.8888595327734947 0
      vertex 145.4142135605216 0.5857864394783974 0
    endloop
  endfacet
  facet normal 0 0 -1
    outer loop
      vertex 132.14805030077696 12.228361405432224 0
      vertex 145.4142135605216 0.5857864394783974 0
      vertex 145.1111404672265 0.337060771882534 0
    endloop
  endfacet
  facet normal 0 0 -1
    outer loop
      vertex 132.14805030077696 12.228361405432224 0
      vertex 145.1111404672265 0.337060771882534 0
      vertex 144.76536686718464 0.15224093198776245 0
    endloop
  endfacet
  facet normal 0 0 -1
    outer loop
      vertex 132.14805030077696 12.228361405432224 0
      vertex 144.76536686718464 0.15224093198776245 0
      vertex 144.3901806473732 0.038429439067840576 0
    endloop
  endfacet
  facet normal 0 0 -1
    outer loop
      vertex 132.14805030077696 12.228361405432224 0
      vertex 144.3901806473732 0.038429439067840576 0
      vertex 144 0 0
    endloop
  endfacet
  facet normal 0 0 -1
    outer loop
      vertex 131.87085403501987 12.129178993403912 0
      vertex 132.14805030077696 12.228361405432224 0
      vertex 144 0 0
    endloop
  endfacet
  facet normal 0 0 -1
    outer loop
      vertex 131.58527096360922 12.05764415860176 0
      vertex 131.87085403501987 12.129178993403912 0
      vertex 144 0 0
    endloop
  endfacet
  facet normal 0 0 -1
    outer loop
      vertex 5.965091861784458 23.91686912626028 0
      vertex 13.00223646312952 10.666684277355671 0
      vertex 12.941694483160973 10.56567608565092 0
    endloop
  endfacet
  facet normal 0 0 -1
    outer loop
      vertex 132.70568998903036 80.32791300863028 0
      vertex 132.26940900087357 80.72333504259586 0
      vertex 139.3068681359291 153.24305257201195 0
    endloop
  endfacet
  facet normal 0 0 -1
    outer loop
      vertex 5.965091861784458 23.91686912626028 0
      vertex 12.941694483160973 10.56567608565092 0
      vertex 12.89134456217289 10.459220118820667 0
    endloop
  endfacet
  facet normal 0 0 -1
    outer loop
      vertex 131.29405142366886 12.014445818960667 0
      vertex 131.58527096360922 12.05764415860176 0
      vertex 144 0 0
    endloop
  endfacet
  facet normal 0 0 -1
    outer loop
      vertex 133.10111201554537 79.89163202792406 0
      vertex 132.70568998903036 80.32791300863028 0
      vertex 139.3068681359291 153.24305257201195 0
    endloop
  endfacet
  facet normal 0 0 -1
    outer loop
      vertex 5.965091861784458 23.91686912626028 0
      vertex 12.89134456217289 10.459220118820667 0
      vertex 12.85167159885168 10.34834161400795 0
    endloop
  endfacet
  facet normal 0 0 -1
    outer loop
      vertex 141.64999999850988 36.95000000298023 0
      vertex 141.64999999850988 54.350000001490116 0
      vertex 146 2 0
    endloop
  endfacet
  facet normal 0 0 -1
    outer loop
      vertex 141.64999999850988 33.649999998509884 0
      vertex 141.64999999850988 36.95000000298023 0
      vertex 146 2 0
    endloop
  endfacet
  facet normal 0 0 -1
    outer loop
      vertex 141.64999999850988 33.649999998509884 0
      vertex 146 2 0
      vertex 134 19 0
    endloop
  endfacet
  facet normal 0 0 -1
    outer loop
      vertex 136.35000000149012 33.649999998509884 0
      vertex 141.64999999850988 33.649999998509884 0
      vertex 134 19 0
    endloop
  endfacet
  facet normal 0 0 -1
    outer loop
      vertex 136.35000000149012 33.649999998509884 0
      vertex 134 19 0
      vertex 128 19 0
    endloop
  endfacet
  facet normal 0 0 -1
    outer loop
      vertex 136.35000000149012 33.649999998509884 0
      vertex 128 19 0
      vertex 127.41189716011286 19.028891637921333 0
    endloop
  endfacet
  facet normal 0 0 -1
    outer loop
      vertex 136.35000000149012 33.649999998509884 0
      vertex 127.41189716011286 19.028891637921333 0
      vertex 126.82945806533098 19.11528831720352 0
    endloop
  endfacet
  facet normal 0 0 -1
    outer loop
      vertex 136.35000000149012 33.649999998509884 0
      vertex 126.82945806533098 19.11528831720352 0
      vertex 126.25829193741083 19.258357986807823 0
    endloop
  endfacet
  facet normal 0 0 -1
    outer loop
      vertex 136.35000000149012 33.649999998509884 0
      vertex 126.25829193741083 19.258357986807823 0
      vertex 125.70389940589666 19.456722803413868 0
    endloop
  endfacet
  facet normal 0 0 -1
    outer loop
      vertex 136.35000000149012 33.649999998509884 0
      vertex 125.70389940589666 19.456722803413868 0
      vertex 125.17161957919598 19.708472415804863 0
    endloop
  endfacet
  facet normal 0 0 -1
    outer loop
      vertex 136.35000000149012 33.649999998509884 0
      vertex 125.17161957919598 19.708472415804863 0
      vertex 124.66657859832048 20.011182323098183 0
    endloop
  endfacet
  facet normal 0 0 -1
    outer loop
      vertex 136.35000000149012 33.649999998509884 0
      vertex 124.66657859832048 20.011182323098183 0
      vertex 124.19364029169083 20.361937277019024 0
    endloop
  endfacet
  facet normal 0 0 -1
    outer loop
      vertex 136.35000000149012 33.649999998509884 0
      vertex 124.19364029169083 20.361937277019024 0
      vertex 123.75735931098461 20.75735931098461 0
    endloop
  endfacet
  facet normal 0 0 -1
    outer loop
      vertex 136.35000000149012 33.649999998509884 0
      vertex 123.75735931098461 20.75735931098461 0
      vertex 123.36193727701902 21.193640291690826 0
    endloop
  endfacet
  facet normal 0 0 -1
    outer loop
      vertex 136.35000000149012 33.649999998509884 0
      vertex 123.36193727701902 21.193640291690826 0
      vertex 123.01118232309818 21.666578598320484 0
    endloop
  endfacet
  facet normal 0 0 -1
    outer loop
      vertex 136.35000000149012 33.649999998509884 0
      vertex 123.01118232309818 21.666578598320484 0
      vertex 122.70847241580486 22.171619579195976 0
    endloop
  endfacet
  facet normal 0 0 -1
    outer loop
      vertex 136.35000000149012 33.649999998509884 0
      vertex 122.70847241580486 22.171619579195976 0
      vertex 122.45672280341387 22.703899405896664 0
    endloop
  endfacet
  facet normal 0 0 -1
    outer loop
      vertex 136.35000000149012 33.649999998509884 0
      vertex 122.45672280341387 22.703899405896664 0
      vertex 122.25835798680782 23.25829193741083 0
    endloop
  endfacet
  facet normal 0 0 -1
    outer loop
      vertex 136.35000000149012 33.649999998509884 0
      vertex 122.25835798680782 23.25829193741083 0
      vertex 122.11528831720352 23.829458065330982 0
    endloop
  endfacet
  facet normal 0 0 -1
    outer loop
      vertex 136.35000000149012 33.649999998509884 0
      vertex 122.11528831720352 23.829458065330982 0
      vertex 122.02889163792133 24.411897160112858 0
    endloop
  endfacet
  facet normal 0 0 -1
    outer loop
      vertex 136.35000000149012 33.649999998509884 0
      vertex 122.02889163792133 24.411897160112858 0
      vertex 122 25 0
    endloop
  endfacet
  facet normal 0 0 -1
    outer loop
      vertex 136.35000000149012 36.95000000298023 0
      vertex 136.35000000149012 33.649999998509884 0
      vertex 122 25 0
    endloop
  endfacet
  facet normal 0 0 -1
    outer loop
      vertex 136.35000000149012 37.850000001490116 0
      vertex 136.35000000149012 36.95000000298023 0
      vertex 122 25 0
    endloop
  endfacet
  facet normal 0 0 -1
    outer loop
      vertex 136.35000000149012 37.850000001490116 0
      vertex 122 25 0
      vertex 122 58.479468166828156 0
    endloop
  endfacet
  facet normal 0 0 -1
    outer loop
      vertex 136.35000000149012 50.149999998509884 0
      vertex 136.35000000149012 37.850000001490116 0
      vertex 122 58.479468166828156 0
    endloop
  endfacet
  facet normal 0 0 -1
    outer loop
      vertex 136.35000000149012 51.04999999701977 0
      vertex 136.35000000149012 50.149999998509884 0
      vertex 122 58.479468166828156 0
    endloop
  endfacet
  facet normal 0 0 -1
    outer loop
      vertex 136.35000000149012 54.350000001490116 0
      vertex 136.35000000149012 51.04999999701977 0
      vertex 122 58.479468166828156 0
    endloop
  endfacet
  facet normal 0 0 -1
    outer loop
      vertex 131 12 0
      vertex 131.29405142366886 12.014445818960667 0
      vertex 144 0 0
    endloop
  endfacet
  facet normal 0 0 -1
    outer loop
      vertex 52.660254038870335 12 0
      vertex 131 12 0
      vertex 144 0 0
    endloop
  endfacet
  facet normal 0 0 -1
    outer loop
      vertex 133.4518669694662 79.4186937212944 0
      vertex 133.10111201554537 79.89163202792406 0
      vertex 139.3068681359291 153.24305257201195 0
    endloop
  endfacet
  facet normal 0 0 -1
    outer loop
      vertex 5.965091861784458 23.91686912626028 0
      vertex 12.85167159885168 10.34834161400795 0
      vertex 12.823057666420937 10.23410838842392 0
    endloop
  endfacet
  facet normal 0 0 -1
    outer loop
      vertex 146 146.41486094146967 0
      vertex 146 2 0
      vertex 141.64999999850988 54.350000001490116 0
    endloop
  endfacet
  facet normal 0 0 -1
    outer loop
      vertex 52.660254038870335 12 0
      vertex 144 0 0
      vertex 2 0 0
    endloop
  endfacet
  facet normal 0 0 -1
    outer loop
      vertex 52.46404465287924 12.006423227488995 0
      vertex 52.660254038870335 12 0
      vertex 2 0 0
    endloop
  endfacet
  facet normal 0 0 -1
    outer loop
      vertex 52.17156761884689 12.040070004761219 0
      vertex 52.46404465287924 12.006423227488995 0
      vertex 2 0 0
    endloop
  endfacet
  facet normal 0 0 -1
    outer loop
      vertex 15.058305516839027 10.56567608565092 0
      vertex 15.03811764717102 10.59935750067234 0
      vertex 123.27246104180813 73.08848480135202 0
    endloop
  endfacet
  facet normal 0 0 -1
    outer loop
      vertex 146 146.41486094146967 0
      vertex 141.64999999850988 54.350000001490116 0
      vertex 136.35000000149012 54.350000001490116 0
    endloop
  endfacet
  facet normal 0 0 -1
    outer loop
      vertex 15.10865543782711 10.459220118820667 0
      vertex 15.058305516839027 10.56567608565092 0
      vertex 123.27246104180813 73.08848480135202 0
    endloop
  endfacet
  facet normal 0 0 -1
    outer loop
      vertex 15.14832840114832 10.34834161400795 0
      vertex 15.10865543782711 10.459220118820667 0
      vertex 123.27246104180813 73.08848480135202 0
    endloop
  endfacet
  facet normal 0 0 -1
    outer loop
      vertex 15.176942333579063 10.23410838842392 0
      vertex 15.14832840114832 10.34834161400795 0
      vertex 123.27246104180813 73.08848480135202 0
    endloop
  endfacet
  facet normal 0 0 -1
    outer loop
      vertex 51.88379690051079 12.10222252458334 0
      vertex 52.17156761884689 12.040070004761219 0
      vertex 2 0 0
    endloop
  endfacet
  facet normal 0 0 -1
    outer loop
      vertex 15.194221675395966 10.117620564997196 0
      vertex 15.176942333579063 10.23410838842392 0
      vertex 123.27246104180813 73.08848480135202 0
    endloop
  endfacet
  facet normal 0 0 -1
    outer loop
      vertex 15.200000002980232 10 0
      vertex 15.194221675395966 10.117620564997196 0
      vertex 123.27246104180813 73.08848480135202 0
    endloop
  endfacet
  facet normal 0 0 -1
    outer loop
      vertex 15.194221675395966 9.882379435002804 0
      vertex 15.200000002980232 10 0
      vertex 123.27246104180813 73.08848480135202 0
    endloop
  endfacet
  facet normal 0 0 -1
    outer loop
      vertex 15.176942333579063 9.76589161157608 0
      vertex 15.194221675395966 9.882379435002804 0
      vertex 123.27246104180813 73.08848480135202 0
    endloop
  endfacet
  facet normal 0 0 -1
    outer loop
      vertex 51.60350389778614 12.192282222211361 0
      vertex 51.88379690051079 12.10222252458334 0
      vertex 2 0 0
    endloop
  endfacet
  facet normal 0 0 -1
    outer loop
      vertex 15.176942333579063 9.76589161157608 0
      vertex 123.27246104180813 73.08848480135202 0
      vertex 123.47423162311316 72.75185092538595 0
    endloop
  endfacet
  facet normal 0 0 -1
    outer loop
      vertex 15.14832840114832 9.65165838599205 0
      vertex 15.176942333579063 9.76589161157608 0
      vertex 123.47423162311316 72.75185092538595 0
    endloop
  endfacet
  facet normal 0 0 -1
    outer loop
      vertex 15.10865543782711 9.540779881179333 0
      vertex 15.14832840114832 9.65165838599205 0
      vertex 123.47423162311316 72.75185092538595 0
    endloop
  endfacet
  facet normal 0 0 -1
    outer loop
      vertex 51.33338797092438 12.309381775557995 0
      vertex 51.60350389778614 12.192282222211361 0
      vertex 2 0 0
    endloop
  endfacet
  facet normal 0 0 -1
    outer loop
      vertex 15.10865543782711 9.540779881179333 0
      vertex 123.47423162311316 72.75185092538595 0
      vertex 123.824986577034 72.2789126187563 0
    endloop
  endfacet
  facet normal 0 0 -1
    outer loop
      vertex 15.10865543782711 9.540779881179333 0
      vertex 123.824986577034 72.2789126187563 0
      vertex 124.22040861099958 71.84263163805008 0
    endloop
  endfacet
  facet normal 0 0 -1
    outer loop
      vertex 15.10865543782711 9.540779881179333 0
      vertex 124.22040861099958 71.84263163805008 0
      vertex 124.6566895917058 71.44720960408449 0
    endloop
  endfacet
  facet normal 0 0 -1
    outer loop
      vertex 51.076050490140915 12.45239345729351 0
      vertex 51.33338797092438 12.309381775557995 0
      vertex 2 0 0
    endloop
  endfacet
  facet normal 0 0 -1
    outer loop
      vertex 15.10865543782711 9.540779881179333 0
      vertex 124.6566895917058 71.44720960408449 0
      vertex 125.12962789833546 71.09645465016365 0
    endloop
  endfacet
  facet normal 0 0 -1
    outer loop
      vertex 15.10865543782711 9.540779881179333 0
      vertex 125.12962789833546 71.09645465016365 0
      vertex 125.63466887921095 70.79374473541975 0
    endloop
  endfacet
  facet normal 0 0 -1
    outer loop
      vertex 15.10865543782711 9.540779881179333 0
      vertex 125.63466887921095 70.79374473541975 0
      vertex 126.16694870591164 70.54199513047934 0
    endloop
  endfacet
  facet normal 0 0 -1
    outer loop
      vertex 15.10865543782711 9.540779881179333 0
      vertex 126.16694870591164 70.54199513047934 0
      vertex 126.7213412374258 70.34363031387329 0
    endloop
  endfacet
  facet normal 0 0 -1
    outer loop
      vertex 15.10865543782711 9.540779881179333 0
      vertex 126.7213412374258 70.34363031387329 0
      vertex 127.29250736534595 70.20056064426899 0
    endloop
  endfacet
  facet normal 0 0 -1
    outer loop
      vertex 50.83396974951029 12.619939975440502 0
      vertex 51.076050490140915 12.45239345729351 0
      vertex 2 0 0
    endloop
  endfacet
  facet normal 0 0 -1
    outer loop
      vertex 50.60947713255882 12.810407780110836 0
      vertex 50.83396974951029 12.619939975440502 0
      vertex 2 0 0
    endloop
  endfacet
  facet normal 0 0 -1
    outer loop
      vertex 50.40473461896181 13.02196255326271 0
      vertex 50.60947713255882 12.810407780110836 0
      vertex 2 0 0
    endloop
  endfacet
  facet normal 0 0 -1
    outer loop
      vertex 50.22171398252249 13.252566911280155 0
      vertex 50.40473461896181 13.02196255326271 0
      vertex 2 0 0
    endloop
  endfacet
  facet normal 0 0 -1
    outer loop
      vertex 50.06217782944441 13.5 0
      vertex 50.22171398252249 13.252566911280155 0
      vertex 2 0 0
    endloop
  endfacet
  facet normal 0 0 -1
    outer loop
      vertex 49.92766256630421 13.761878907680511 0
      vertex 50.06217782944441 13.5 0
      vertex 2 0 0
    endloop
  endfacet
  facet normal 0 0 -1
    outer loop
      vertex 15.10865543782711 9.540779881179333 0
      vertex 127.29250736534595 70.20056064426899 0
      vertex 127.87494646012783 70.1141639649868 0
    endloop
  endfacet
  facet normal 0 0 -1
    outer loop
      vertex 49.81946364790201 14.03568160533905 0
      vertex 49.92766256630421 13.761878907680511 0
      vertex 2 0 0
    endloop
  endfacet
  facet normal 0 0 -1
    outer loop
      vertex 49.73862309753895 14.318771213293076 0
      vertex 49.81946364790201 14.03568160533905 0
      vertex 2 0 0
    endloop
  endfacet
  facet normal 0 0 -1
    outer loop
      vertex 15.058305516839027 9.43432391434908 0
      vertex 15.10865543782711 9.540779881179333 0
      vertex 127.87494646012783 70.1141639649868 0
    endloop
  endfacet
  facet normal 0 0 -1
    outer loop
      vertex 49.68591945618391 14.608421422541142 0
      vertex 49.73862309753895 14.318771213293076 0
      vertex 2 0 0
    endloop
  endfacet
  facet normal 0 0 -1
    outer loop
      vertex 49.6618602797389 14.901842750608921 0
      vertex 49.68591945618391 14.608421422541142 0
      vertex 2 0 0
    endloop
  endfacet
  facet normal 0 0 -1
    outer loop
      vertex 49.66667726635933 15.196209385991096 0
      vertex 49.6618602797389 14.901842750608921 0
      vertex 2 0 0
    endloop
  endfacet
  facet normal 0 0 -1
    outer loop
      vertex 49.700324043631554 15.488686420023441 0
      vertex 49.66667726635933 15.196209385991096 0
      vertex 2 0 0
    endloop
  endfacet
  facet normal 0 0 -1
    outer loop
      vertex 49.762476563453674 15.776457138359547 0
      vertex 49.700324043631554 15.488686420023441 0
      vertex 2 0 0
    endloop
  endfacet
  facet normal 0 0 -1
    outer loop
      vertex 49.852536261081696 16.056750141084194 0
      vertex 49.762476563453674 15.776457138359547 0
      vertex 2 0 0
    endloop
  endfacet
  facet normal 0 0 -1
    outer loop
      vertex 49.96963581442833 16.326866067945957 0
      vertex 49.852536261081696 16.056750141084194 0
      vertex 2 0 0
    endloop
  endfacet
  facet normal 0 0 -1
    outer loop
      vertex 50.112647496163845 16.58420354872942 0
      vertex 49.96963581442833 16.326866067945957 0
      vertex 2 0 0
    endloop
  endfacet
  facet normal 0 0 -1
    outer loop
      vertex 50.28019401431084 16.826284289360046 0
      vertex 50.112647496163845 16.58420354872942 0
      vertex 2 0 0
    endloop
  endfacet
  facet normal 0 0 -1
    outer loop
      vertex 133.7545768842101 78.91365274786949 0
      vertex 133.4518669694662 79.4186937212944 0
      vertex 139.3068681359291 153.24305257201195 0
    endloop
  endfacet
  facet normal 0 0 -1
    outer loop
      vertex 5.965091861784458 23.91686912626028 0
      vertex 12.823057666420937 10.23410838842392 0
      vertex 12.805778324604034 10.117620564997196 0
    endloop
  endfacet
  facet normal 0 0 -1
    outer loop
      vertex 15.058305516839027 9.43432391434908 0
      vertex 127.87494646012783 70.1141639649868 0
      vertex 128.46304930001497 70.08527232706547 0
    endloop
  endfacet
  facet normal 0 0 -1
    outer loop
      vertex 14.99776353687048 9.333315722644329 0
      vertex 15.058305516839027 9.43432391434908 0
      vertex 128.46304930001497 70.08527232706547 0
    endloop
  endfacet
  facet normal 0 0 -1
    outer loop
      vertex 50.47066181898117 17.050776906311512 0
      vertex 50.28019401431084 16.826284289360046 0
      vertex 2 0 0
    endloop
  endfacet
  facet normal 0 0 -1
    outer loop
      vertex 134.0063264966011 78.3813729211688 0
      vertex 133.7545768842101 78.91365274786949 0
      vertex 139.3068681359291 153.24305257201195 0
    endloop
  endfacet
  facet normal 0 0 -1
    outer loop
      vertex 5.965091861784458 23.91686912626028 0
      vertex 12.805778324604034 10.117620564997196 0
      vertex 12.799999997019768 10 0
    endloop
  endfacet
  facet normal 0 0 -1
    outer loop
      vertex 14.99776353687048 9.333315722644329 0
      vertex 128.46304930001497 70.08527232706547 0
      vertex 129.05115213990211 70.1141639649868 0
    endloop
  endfacet
  facet normal 0 0 -1
    outer loop
      vertex 14.927612543106079 9.238728061318398 0
      vertex 14.99776353687048 9.333315722644329 0
      vertex 129.05115213990211 70.1141639649868 0
    endloop
  endfacet
  facet normal 0 0 -1
    outer loop
      vertex 50.47066181898117 17.050776906311512 0
      vertex 2 0 0
      vertex 1.6098193526268005 0.038429439067840576 0
    endloop
  endfacet
  facet normal 0 0 -1
    outer loop
      vertex 50.47066181898117 17.050776906311512 0
      vertex 1.6098193526268005 0.038429439067840576 0
      vertex 1.234633132815361 0.15224093198776245 0
    endloop
  endfacet
  facet normal 0 0 -1
    outer loop
      vertex 50.47066181898117 17.050776906311512 0
      vertex 1.234633132815361 0.15224093198776245 0
      vertex 0.8888595327734947 0.337060771882534 0
    endloop
  endfacet
  facet normal 0 0 -1
    outer loop
      vertex 50.47066181898117 17.050776906311512 0
      vertex 0.8888595327734947 0.337060771882534 0
      vertex 0.5857864394783974 0.5857864394783974 0
    endloop
  endfacet
  facet normal 0 0 -1
    outer loop
      vertex 50.47066181898117 17.050776906311512 0
      vertex 0.5857864394783974 0.5857864394783974 0
      vertex 0.337060771882534 0.8888595327734947 0
    endloop
  endfacet
  facet normal 0 0 -1
    outer loop
      vertex 50.47066181898117 17.050776906311512 0
      vertex 0.337060771882534 0.8888595327734947 0
      vertex 0.15224093198776245 1.234633132815361 0
    endloop
  endfacet
  facet normal 0 0 -1
    outer loop
      vertex 50.47066181898117 17.050776906311512 0
      vertex 0.15224093198776245 1.234633132815361 0
      vertex 0.038429439067840576 1.6098193526268005 0
    endloop
  endfacet
  facet normal 0 0 -1
    outer loop
      vertex 50.47066181898117 17.050776906311512 0
      vertex 0.038429439067840576 1.6098193526268005 0
      vertex 0 2 0
    endloop
  endfacet
  facet normal 0 0 -1
    outer loop
      vertex 50.682216592133045 17.255519419908524 0
      vertex 50.47066181898117 17.050776906311512 0
      vertex 0 2 0
    endloop
  endfacet
  facet normal 0 0 -1
    outer loop
      vertex 134.20469131320715 77.82698038965464 0
      vertex 134.0063264966011 78.3813729211688 0
      vertex 139.3068681359291 153.24305257201195 0
    endloop
  endfacet
  facet normal 0 0 -1
    outer loop
      vertex 5.965091861784458 23.91686912626028 0
      vertex 12.799999997019768 10 0
      vertex 12.805778324604034 9.882379435002804 0
    endloop
  endfacet
  facet normal 0 0 -1
    outer loop
      vertex 50.91282095015049 17.438540056347847 0
      vertex 50.682216592133045 17.255519419908524 0
      vertex 0 2 0
    endloop
  endfacet
  facet normal 0 0 -1
    outer loop
      vertex 14.848528139293194 9.151471860706806 0
      vertex 14.927612543106079 9.238728061318398 0
      vertex 129.05115213990211 70.1141639649868 0
    endloop
  endfacet
  facet normal 0 0 -1
    outer loop
      vertex 14.848528139293194 9.151471860706806 0
      vertex 129.05115213990211 70.1141639649868 0
      vertex 129.6335912272334 70.20056064426899 0
    endloop
  endfacet
  facet normal 0 0 -1
    outer loop
      vertex 139.86276914924383 154.36842099577188 0
      vertex 140.3752056211233 154.7445641234517 0
      vertex 140.97979121655226 154.9409083351493 0
    endloop
  endfacet
  facet normal 0 0 -1
    outer loop
      vertex 139.49424746632576 153.85047645121813 0
      vertex 139.86276914924383 154.36842099577188 0
      vertex 140.97979121655226 154.9409083351493 0
    endloop
  endfacet
  facet normal 0 0 -1
    outer loop
      vertex 139.49424746632576 153.85047645121813 0
      vertex 140.97979121655226 154.9409083351493 0
      vertex 141.615451477468 154.93761920183897 0
    endloop
  endfacet
  facet normal 0 0 -1
    outer loop
      vertex 139.49424746632576 153.85047645121813 0
      vertex 141.615451477468 154.93761920183897 0
      vertex 142.21797283738852 154.73502898216248 0
    endloop
  endfacet
  facet normal 0 0 -1
    outer loop
      vertex 139.49424746632576 153.85047645121813 0
      vertex 142.21797283738852 154.73502898216248 0
      vertex 142.72648937255144 154.35360307991505 0
    endloop
  endfacet
  facet normal 0 0 -1
    outer loop
      vertex 139.49424746632576 153.85047645121813 0
      vertex 142.72648937255144 154.35360307991505 0
      vertex 143.089631408453 153.83187264949083 0
    endloop
  endfacet
  facet normal 0 0 -1
    outer loop
      vertex 139.3068681359291 153.24305257201195 0
      vertex 139.49424746632576 153.85047645121813 0
      vertex 143.089631408453 153.83187264949083 0
    endloop
  endfacet
  facet normal 0 0 -1
    outer loop
      vertex 139.3068681359291 153.24305257201195 0
      vertex 143.089631408453 153.83187264949083 0
      vertex 145.40668140351772 149.01635977625847 0
    endloop
  endfacet
  facet normal 0 0 -1
    outer loop
      vertex 134.20469131320715 77.82698038965464 0
      vertex 139.3068681359291 153.24305257201195 0
      vertex 145.40668140351772 149.01635977625847 0
    endloop
  endfacet
  facet normal 0 0 -1
    outer loop
      vertex 134.20469131320715 77.82698038965464 0
      vertex 145.40668140351772 149.01635977625847 0
      vertex 145.54394721984863 148.70934328436852 0
    endloop
  endfacet
  facet normal 0 0 -1
    outer loop
      vertex 134.20469131320715 77.82698038965464 0
      vertex 145.54394721984863 148.70934328436852 0
      vertex 145.66379564255476 148.39511822909117 0
    endloop
  endfacet
  facet normal 0 0 -1
    outer loop
      vertex 134.20469131320715 77.82698038965464 0
      vertex 145.66379564255476 148.39511822909117 0
      vertex 145.76585014164448 148.07467181235552 0
    endloop
  endfacet
  facet normal 0 0 -1
    outer loop
      vertex 134.20469131320715 77.82698038965464 0
      vertex 145.76585014164448 148.07467181235552 0
      vertex 145.84979010373354 147.74901077151299 0
    endloop
  endfacet
  facet normal 0 0 -1
    outer loop
      vertex 134.20469131320715 77.82698038965464 0
      vertex 145.84979010373354 147.74901077151299 0
      vertex 145.91535180062056 147.41915824264288 0
    endloop
  endfacet
  facet normal 0 0 -1
    outer loop
      vertex 134.20469131320715 77.82698038965464 0
      vertex 145.91535180062056 147.41915824264288 0
      vertex 145.9623292684555 147.08615051954985 0
    endloop
  endfacet
  facet normal 0 0 -1
    outer loop
      vertex 134.20469131320715 77.82698038965464 0
      vertex 145.9623292684555 147.08615051954985 0
      vertex 145.99057491123676 146.75103380531073 0
    endloop
  endfacet
  facet normal 0 0 -1
    outer loop
      vertex 134.20469131320715 77.82698038965464 0
      vertex 145.99057491123676 146.75103380531073 0
      vertex 146 146.41486094146967 0
    endloop
  endfacet
  facet normal 0 0 -1
    outer loop
      vertex 134.34776098281145 77.2558142542839 0
      vertex 134.20469131320715 77.82698038965464 0
      vertex 146 146.41486094146967 0
    endloop
  endfacet
  facet normal 0 0 -1
    outer loop
      vertex 134.43415766209364 76.67337516695261 0
      vertex 134.34776098281145 77.2558142542839 0
      vertex 146 146.41486094146967 0
    endloop
  endfacet
  facet normal 0 0 -1
    outer loop
      vertex 134.43415766209364 76.67337516695261 0
      vertex 146 146.41486094146967 0
      vertex 136.35000000149012 54.350000001490116 0
    endloop
  endfacet
  facet normal 0 0 -1
    outer loop
      vertex 134.46304930001497 76.08527232706547 0
      vertex 134.43415766209364 76.67337516695261 0
      vertex 136.35000000149012 54.350000001490116 0
    endloop
  endfacet
  facet normal 0 0 -1
    outer loop
      vertex 134.43415766209364 75.49716947972775 0
      vertex 134.46304930001497 76.08527232706547 0
      vertex 136.35000000149012 54.350000001490116 0
    endloop
  endfacet
  facet normal 0 0 -1
    outer loop
      vertex 134.34776098281145 74.91473039239645 0
      vertex 134.43415766209364 75.49716947972775 0
      vertex 136.35000000149012 54.350000001490116 0
    endloop
  endfacet
  facet normal 0 0 -1
    outer loop
      vertex 134.20469131320715 74.3435642644763 0
      vertex 134.34776098281145 74.91473039239645 0
      vertex 136.35000000149012 54.350000001490116 0
    endloop
  endfacet
  facet normal 0 0 -1
    outer loop
      vertex 134.0063264966011 73.78917173296213 0
      vertex 134.20469131320715 74.3435642644763 0
      vertex 136.35000000149012 54.350000001490116 0
    endloop
  endfacet
  facet normal 0 0 -1
    outer loop
      vertex 133.7545768842101 73.25689190626144 0
      vertex 134.0063264966011 73.78917173296213 0
      vertex 136.35000000149012 54.350000001490116 0
    endloop
  endfacet
  facet normal 0 0 -1
    outer loop
      vertex 133.4518669694662 72.75185092538595 0
      vertex 133.7545768842101 73.25689190626144 0
      vertex 136.35000000149012 54.350000001490116 0
    endloop
  endfacet
  facet normal 0 0 -1
    outer loop
      vertex 133.10111201554537 72.2789126187563 0
      vertex 133.4518669694662 72.75185092538595 0
      vertex 136.35000000149012 54.350000001490116 0
    endloop
  endfacet
  facet normal 0 0 -1
    outer loop
      vertex 132.70568998903036 71.84263163805008 0
      vertex 133.10111201554537 72.2789126187563 0
      vertex 136.35000000149012 54.350000001490116 0
    endloop
  endfacet
  facet normal 0 0 -1
    outer loop
      vertex 132.26940900087357 71.44720960408449 0
      vertex 132.70568998903036 71.84263163805008 0
      vertex 136.35000000149012 54.350000001490116 0
    endloop
  endfacet
  facet normal 0 0 -1
    outer loop
      vertex 131.7964706942439 71.09645465016365 0
      vertex 132.26940900087357 71.44720960408449 0
      vertex 136.35000000149012 54.350000001490116 0
    endloop
  endfacet
  facet normal 0 0 -1
    outer loop
      vertex 131.291429720819 70.79374473541975 0
      vertex 131.7964706942439 71.09645465016365 0
      vertex 136.35000000149012 54.350000001490116 0
    endloop
  endfacet
  facet normal 0 0 -1
    outer loop
      vertex 130.7591498941183 70.54199513047934 0
      vertex 131.291429720819 70.79374473541975 0
      vertex 136.35000000149012 54.350000001490116 0
    endloop
  endfacet
  facet normal 0 0 -1
    outer loop
      vertex 130.20475736260414 70.34363031387329 0
      vertex 130.7591498941183 70.54199513047934 0
      vertex 136.35000000149012 54.350000001490116 0
    endloop
  endfacet
  facet normal 0 0 -1
    outer loop
      vertex 130.20475736260414 70.34363031387329 0
      vertex 136.35000000149012 54.350000001490116 0
      vertex 122 58.479468166828156 0
    endloop
  endfacet
  facet normal 0 0 -1
    outer loop
      vertex 129.6335912272334 70.20056064426899 0
      vertex 130.20475736260414 70.34363031387329 0
      vertex 122 58.479468166828156 0
    endloop
  endfacet
  facet normal 0 0 -1
    outer loop
      vertex 129.6335912272334 70.20056064426899 0
      vertex 122 58.479468166828156 0
      vertex 121.96096617728472 58.463299833238125 0
    endloop
  endfacet
  facet normal 0 0 -1
    outer loop
      vertex 14.848528139293194 9.151471860706806 0
      vertex 129.6335912272334 70.20056064426899 0
      vertex 121.96096617728472 58.463299833238125 0
    endloop
  endfacet
  facet normal 0 0 -1
    outer loop
      vertex 14.848528139293194 9.151471860706806 0
      vertex 121.96096617728472 58.463299833238125 0
      vertex 121.74363146722317 58.34940817207098 0
    endloop
  endfacet
  facet normal 0 0 -1
    outer loop
      vertex 14.848528139293194 9.151471860706806 0
      vertex 121.74363146722317 58.34940817207098 0
      vertex 51.160254038870335 17.598076209425926 0
    endloop
  endfacet
  facet normal 0 0 -1
    outer loop
      vertex 14.848528139293194 9.151471860706806 0
      vertex 51.160254038870335 17.598076209425926 0
      vertex 50.91282095015049 17.438540056347847 0
    endloop
  endfacet
  facet normal 0 0 -1
    outer loop
      vertex 14.761271938681602 9.072387456893921 0
      vertex 14.848528139293194 9.151471860706806 0
      vertex 50.91282095015049 17.438540056347847 0
    endloop
  endfacet
  facet normal 0 0 -1
    outer loop
      vertex 14.666684277355671 9.00223646312952 0
      vertex 14.761271938681602 9.072387456893921 0
      vertex 50.91282095015049 17.438540056347847 0
    endloop
  endfacet
  facet normal 0 0 -1
    outer loop
      vertex 14.56567608565092 8.941694483160973 0
      vertex 14.666684277355671 9.00223646312952 0
      vertex 50.91282095015049 17.438540056347847 0
    endloop
  endfacet
  facet normal 0 0 -1
    outer loop
      vertex 14.56567608565092 8.941694483160973 0
      vertex 50.91282095015049 17.438540056347847 0
      vertex 0 2 0
    endloop
  endfacet
  facet normal 0 0 -1
    outer loop
      vertex 14.459220118820667 8.89134456217289 0
      vertex 14.56567608565092 8.941694483160973 0
      vertex 0 2 0
    endloop
  endfacet
  facet normal 0 0 -1
    outer loop
      vertex 14.34834161400795 8.85167159885168 0
      vertex 14.459220118820667 8.89134456217289 0
      vertex 0 2 0
    endloop
  endfacet
  facet normal 0 0 -1
    outer loop
      vertex 14.23410838842392 8.823057666420937 0
      vertex 14.34834161400795 8.85167159885168 0
      vertex 0 2 0
    endloop
  endfacet
  facet normal 0 0 -1
    outer loop
      vertex 14.117620564997196 8.805778324604034 0
      vertex 14.23410838842392 8.823057666420937 0
      vertex 0 2 0
    endloop
  endfacet
  facet normal 0 0 -1
    outer loop
      vertex 14 8.799999997019768 0
      vertex 14.117620564997196 8.805778324604034 0
      vertex 0 2 0
    endloop
  endfacet
  facet normal 0 0 -1
    outer loop
      vertex 13.882379435002804 8.805778324604034 0
      vertex 14 8.799999997019768 0
      vertex 0 2 0
    endloop
  endfacet
  facet normal 0 0 -1
    outer loop
      vertex 13.76589161157608 8.823057666420937 0
      vertex 13.882379435002804 8.805778324604034 0
      vertex 0 2 0
    endloop
  endfacet
  facet normal 0 0 -1
    outer loop
      vertex 13.65165838599205 8.85167159885168 0
      vertex 13.76589161157608 8.823057666420937 0
      vertex 0 2 0
    endloop
  endfacet
  facet normal 0 0 -1
    outer loop
      vertex 13.540779881179333 8.89134456217289 0
      vertex 13.65165838599205 8.85167159885168 0
      vertex 0 2 0
    endloop
  endfacet
  facet normal 0 0 -1
    outer loop
      vertex 13.43432391434908 8.941694483160973 0
      vertex 13.540779881179333 8.89134456217289 0
      vertex 0 2 0
    endloop
  endfacet
  facet normal 0 0 -1
    outer loop
      vertex 13.333315722644329 9.00223646312952 0
      vertex 13.43432391434908 8.941694483160973 0
      vertex 0 2 0
    endloop
  endfacet
  facet normal 0 0 -1
    outer loop
      vertex 13.238728061318398 9.072387456893921 0
      vertex 13.333315722644329 9.00223646312952 0
      vertex 0 2 0
    endloop
  endfacet
  facet normal 0 0 -1
    outer loop
      vertex 13.151471860706806 9.151471860706806 0
      vertex 13.238728061318398 9.072387456893921 0
      vertex 0 2 0
    endloop
  endfacet
  facet normal 0 0 -1
    outer loop
      vertex 13.072387456893921 9.238728061318398 0
      vertex 13.151471860706806 9.151471860706806 0
      vertex 0 2 0
    endloop
  endfacet
  facet normal 0 0 -1
    outer loop
      vertex 13.00223646312952 9.333315722644329 0
      vertex 13.072387456893921 9.238728061318398 0
      vertex 0 2 0
    endloop
  endfacet
  facet normal 0 0 -1
    outer loop
      vertex 12.941694483160973 9.43432391434908 0
      vertex 13.00223646312952 9.333315722644329 0
      vertex 0 2 0
    endloop
  endfacet
  facet normal 0 0 -1
    outer loop
      vertex 12.941694483160973 9.43432391434908 0
      vertex 0 2 0
      vertex 0 11.656703680753708 0
    endloop
  endfacet
  facet normal 0 0 -1
    outer loop
      vertex 12.89134456217289 9.540779881179333 0
      vertex 12.941694483160973 9.43432391434908 0
      vertex 0 11.656703680753708 0
    endloop
  endfacet
  facet normal 0 0 -1
    outer loop
      vertex 12.85167159885168 9.65165838599205 0
      vertex 12.89134456217289 9.540779881179333 0
      vertex 0 11.656703680753708 0
    endloop
  endfacet
  facet normal 0 0 -1
    outer loop
      vertex 12.823057666420937 9.76589161157608 0
      vertex 12.85167159885168 9.65165838599205 0
      vertex 0 11.656703680753708 0
    endloop
  endfacet
  facet normal 0 0 -1
    outer loop
      vertex 12.805778324604034 9.882379435002804 0
      vertex 12.823057666420937 9.76589161157608 0
      vertex 0 11.656703680753708 0
    endloop
  endfacet
  facet normal 0 0 -1
    outer loop
      vertex 12.805778324604034 9.882379435002804 0
      vertex 0 11.656703680753708 0
      vertex 0.0018057972192764282 11.741673894226551 0
    endloop
  endfacet
  facet normal 0 0 -1
    outer loop
      vertex 12.805778324604034 9.882379435002804 0
      vertex 0.0018057972192764282 11.741673894226551 0
      vertex 0.007219932973384857 11.826490662992 0
    endloop
  endfacet
  facet normal 0 0 -1
    outer loop
      vertex 12.805778324604034 9.882379435002804 0
      vertex 0.007219932973384857 11.826490662992 0
      vertex 0.016232632100582123 11.911000832915306 0
    endloop
  endfacet
  facet normal 0 0 -1
    outer loop
      vertex 12.805778324604034 9.882379435002804 0
      vertex 0.016232632100582123 11.911000832915306 0
      vertex 0.028827615082263947 11.9950517937541 0
    endloop
  endfacet
  facet normal 0 0 -1
    outer loop
      vertex 12.805778324604034 9.882379435002804 0
      vertex 0.028827615082263947 11.9950517937541 0
      vertex 0.04498214274644852 12.078491762280464 0
    endloop
  endfacet
  facet normal 0 0 -1
    outer loop
      vertex 12.805778324604034 9.882379435002804 0
      vertex 0.04498214274644852 12.078491762280464 0
      vertex 0.06466703861951828 12.161170065402985 0
    endloop
  endfacet
  facet normal 0 0 -1
    outer loop
      vertex 12.805778324604034 9.882379435002804 0
      vertex 0.06466703861951828 12.161170065402985 0
      vertex 0.08784675598144531 12.242937408387661 0
    endloop
  endfacet
  facet normal 0 0 -1
    outer loop
      vertex 12.805778324604034 9.882379435002804 0
      vertex 0.08784675598144531 12.242937408387661 0
      vertex 0.1144794449210167 12.323646128177643 0
    endloop
  endfacet
  facet normal 0 0 -1
    outer loop
      vertex 12.805778324604034 9.882379435002804 0
      vertex 0.1144794449210167 12.323646128177643 0
      vertex 4.156306177377701 23.750340349972248 0
    endloop
  endfacet
  facet normal 0 0 -1
    outer loop
      vertex 12.805778324604034 9.882379435002804 0
      vertex 4.156306177377701 23.750340349972248 0
      vertex 4.287948027253151 24.001751080155373 0
    endloop
  endfacet
  facet normal 0 0 -1
    outer loop
      vertex 12.805778324604034 9.882379435002804 0
      vertex 4.287948027253151 24.001751080155373 0
      vertex 4.4849148616194725 24.20605720579624 0
    endloop
  endfacet
  facet normal 0 0 -1
    outer loop
      vertex 12.805778324604034 9.882379435002804 0
      vertex 4.4849148616194725 24.20605720579624 0
      vertex 4.73134358227253 24.346804551780224 0
    endloop
  endfacet
  facet normal 0 0 -1
    outer loop
      vertex 12.805778324604034 9.882379435002804 0
      vertex 4.73134358227253 24.346804551780224 0
      vertex 5.007387571036816 24.412657752633095 0
    endloop
  endfacet
  facet normal 0 0 -1
    outer loop
      vertex 12.805778324604034 9.882379435002804 0
      vertex 5.007387571036816 24.412657752633095 0
      vertex 5.290815092623234 24.3983132019639 0
    endloop
  endfacet
  facet normal 0 0 -1
    outer loop
      vertex 12.805778324604034 9.882379435002804 0
      vertex 5.290815092623234 24.3983132019639 0
      vertex 5.558799773454666 24.30492615699768 0
    endloop
  endfacet
  facet normal 0 0 -1
    outer loop
      vertex 12.805778324604034 9.882379435002804 0
      vertex 5.558799773454666 24.30492615699768 0
      vertex 5.7897589430212975 24.140017725527287 0
    endloop
  endfacet
  facet normal 0 0 -1
    outer loop
      vertex 5.965091861784458 23.91686912626028 0
      vertex 12.805778324604034 9.882379435002804 0
      vertex 5.7897589430212975 24.140017725527287 0
    endloop
  endfacet
endsolid OpenSCAD_Model
