solid OpenSCAD_Model
  facet normal 0 0 -1
    outer loop
      vertex 11.585786439478397 0.5857864394783974 0
      vertex 23.805778324604034 9.882379435002804 0
      vertex 11.888859532773495 0.337060771882534 0
    endloop
  endfacet
  facet normal 0 0 -1
    outer loop
      vertex 11.03842943906784 1.6098193526268005 0
      vertex 11 2 0
      vertex 23.805778324604034 9.882379435002804 0
    endloop
  endfacet
  facet normal 0 0 -1
    outer loop
      vertex 11.337060771882534 0.8888595327734947 0
      vertex 23.805778324604034 9.882379435002804 0
      vertex 11.585786439478397 0.5857864394783974 0
    endloop
  endfacet
  facet normal 0 0 -1
    outer loop
      vertex 11.337060771882534 0.8888595327734947 0
      vertex 11.152240931987762 1.234633132815361 0
      vertex 23.805778324604034 9.882379435002804 0
    endloop
  endfacet
  facet normal 0 0 -1
    outer loop
      vertex 11.152240931987762 1.234633132815361 0
      vertex 11.03842943906784 1.6098193526268005 0
      vertex 23.805778324604034 9.882379435002804 0
    endloop
  endfacet
  facet normal 0 0 -1
    outer loop
      vertex 12.234633132815361 0.15224093198776245 0
      vertex 23.805778324604034 9.882379435002804 0
      vertex 12.6098193526268 0.038429439067840576 0
    endloop
  endfacet
  facet normal 0 0 -1
    outer loop
      vertex 11.888859532773495 0.337060771882534 0
      vertex 23.805778324604034 9.882379435002804 0
      vertex 12.234633132815361 0.15224093198776245 0
    endloop
  endfacet
  facet normal 0 0 -1
    outer loop
      vertex 12.6098193526268 0.038429439067840576 0
      vertex 23.805778324604034 9.882379435002804 0
      vertex 13 0 0
    endloop
  endfacet
  facet normal 0 0 -1
    outer loop
      vertex 11 2 0
      vertex 11 11.656703680753708 0
      vertex 23.805778324604034 9.882379435002804 0
    endloop
  endfacet
  facet normal 0 0 -1
    outer loop
      vertex 11.001805797219276 11.741673894226551 0
      vertex 23.805778324604034 9.882379435002804 0
      vertex 11 11.656703680753708 0
    endloop
  endfacet
  facet normal 0 0 -1
    outer loop
      vertex 11.001805797219276 11.741673894226551 0
      vertex 11.007219932973385 11.826490662992 0
      vertex 23.805778324604034 9.882379435002804 0
    endloop
  endfacet
  facet normal 0 0 -1
    outer loop
      vertex 11.016232632100582 11.911000832915306 0
      vertex 23.805778324604034 9.882379435002804 0
      vertex 11.007219932973385 11.826490662992 0
    endloop
  endfacet
  facet normal 0 0 -1
    outer loop
      vertex 11.016232632100582 11.911000832915306 0
      vertex 11.028827615082264 11.9950517937541 0
      vertex 23.805778324604034 9.882379435002804 0
    endloop
  endfacet
  facet normal 0 0 -1
    outer loop
      vertex 11.044982142746449 12.078491762280464 0
      vertex 23.805778324604034 9.882379435002804 0
      vertex 11.028827615082264 11.9950517937541 0
    endloop
  endfacet
  facet normal 0 0 -1
    outer loop
      vertex 11.044982142746449 12.078491762280464 0
      vertex 11.064667038619518 12.161170065402985 0
      vertex 23.805778324604034 9.882379435002804 0
    endloop
  endfacet
  facet normal 0 0 -1
    outer loop
      vertex 11.087846755981445 12.242937408387661 0
      vertex 23.805778324604034 9.882379435002804 0
      vertex 11.064667038619518 12.161170065402985 0
    endloop
  endfacet
  facet normal 0 0 -1
    outer loop
      vertex 11.087846755981445 12.242937408387661 0
      vertex 11.114479444921017 12.323646128177643 0
      vertex 23.805778324604034 9.882379435002804 0
    endloop
  endfacet
  facet normal 0 0 -1
    outer loop
      vertex 11.114479444921017 12.323646128177643 0
      vertex 15.1563061773777 23.750340349972248 0
      vertex 23.805778324604034 9.882379435002804 0
    endloop
  endfacet
  facet normal 0 0 -1
    outer loop
      vertex 23.805778324604034 9.882379435002804 0
      vertex 15.1563061773777 23.750340349972248 0
      vertex 15.287948027253151 24.001751080155373 0
    endloop
  endfacet
  facet normal 0 0 -1
    outer loop
      vertex 23.805778324604034 9.882379435002804 0
      vertex 15.287948027253151 24.001751080155373 0
      vertex 15.484914861619473 24.20605720579624 0
    endloop
  endfacet
  facet normal 0 0 -1
    outer loop
      vertex 23.805778324604034 9.882379435002804 0
      vertex 15.484914861619473 24.20605720579624 0
      vertex 15.73134358227253 24.346804551780224 0
    endloop
  endfacet
  facet normal 0 0 -1
    outer loop
      vertex 23.805778324604034 9.882379435002804 0
      vertex 15.73134358227253 24.346804551780224 0
      vertex 16.007387571036816 24.412657752633095 0
    endloop
  endfacet
  facet normal 0 0 -1
    outer loop
      vertex 23.805778324604034 9.882379435002804 0
      vertex 16.007387571036816 24.412657752633095 0
      vertex 16.290815092623234 24.3983132019639 0
    endloop
  endfacet
  facet normal 0 0 -1
    outer loop
      vertex 23.805778324604034 9.882379435002804 0
      vertex 16.290815092623234 24.3983132019639 0
      vertex 16.558799773454666 24.30492615699768 0
    endloop
  endfacet
  facet normal 0 0 -1
    outer loop
      vertex 23.805778324604034 9.882379435002804 0
      vertex 16.558799773454666 24.30492615699768 0
      vertex 16.789758943021297 24.140017725527287 0
    endloop
  endfacet
  facet normal 0 0 -1
    outer loop
      vertex 23.805778324604034 9.882379435002804 0
      vertex 16.789758943021297 24.140017725527287 0
      vertex 16.965091861784458 23.91686912626028 0
    endloop
  endfacet
  facet normal 0 0 -1
    outer loop
      vertex 13 0 0
      vertex 24.238728061318398 9.072387456893921 0
      vertex 24.33331572264433 9.00223646312952 0
    endloop
  endfacet
  facet normal 0 0 -1
    outer loop
      vertex 13 0 0
      vertex 24.07238745689392 9.238728061318398 0
      vertex 24.151471860706806 9.151471860706806 0
    endloop
  endfacet
  facet normal 0 0 -1
    outer loop
      vertex 13 0 0
      vertex 24.151471860706806 9.151471860706806 0
      vertex 24.238728061318398 9.072387456893921 0
    endloop
  endfacet
  facet normal 0 0 -1
    outer loop
      vertex 13 0 0
      vertex 24.43432391434908 8.941694483160973 0
      vertex 24.540779881179333 8.89134456217289 0
    endloop
  endfacet
  facet normal 0 0 -1
    outer loop
      vertex 13 0 0
      vertex 24.33331572264433 9.00223646312952 0
      vertex 24.43432391434908 8.941694483160973 0
    endloop
  endfacet
  facet normal 0 0 -1
    outer loop
      vertex 13 0 0
      vertex 24.65165838599205 8.85167159885168 0
      vertex 24.76589161157608 8.823057666420937 0
    endloop
  endfacet
  facet normal 0 0 -1
    outer loop
      vertex 13 0 0
      vertex 24.540779881179333 8.89134456217289 0
      vertex 24.65165838599205 8.85167159885168 0
    endloop
  endfacet
  facet normal 0 0 -1
    outer loop
      vertex 13 0 0
      vertex 23.823057666420937 9.76589161157608 0
      vertex 23.85167159885168 9.65165838599205 0
    endloop
  endfacet
  facet normal 0 0 -1
    outer loop
      vertex 13 0 0
      vertex 23.805778324604034 9.882379435002804 0
      vertex 23.823057666420937 9.76589161157608 0
    endloop
  endfacet
  facet normal 0 0 -1
    outer loop
      vertex 13 0 0
      vertex 24.00223646312952 9.333315722644329 0
      vertex 24.07238745689392 9.238728061318398 0
    endloop
  endfacet
  facet normal 0 0 -1
    outer loop
      vertex 13 0 0
      vertex 23.941694483160973 9.43432391434908 0
      vertex 24.00223646312952 9.333315722644329 0
    endloop
  endfacet
  facet normal 0 0 -1
    outer loop
      vertex 13 0 0
      vertex 23.89134456217289 9.540779881179333 0
      vertex 23.941694483160973 9.43432391434908 0
    endloop
  endfacet
  facet normal 0 0 -1
    outer loop
      vertex 13 0 0
      vertex 23.85167159885168 9.65165838599205 0
      vertex 23.89134456217289 9.540779881179333 0
    endloop
  endfacet
  facet normal 0 0 -1
    outer loop
      vertex 13 0 0
      vertex 24.882379435002804 8.805778324604034 0
      vertex 25 8.799999997019768 0
    endloop
  endfacet
  facet normal 0 0 -1
    outer loop
      vertex 13 0 0
      vertex 24.76589161157608 8.823057666420937 0
      vertex 24.882379435002804 8.805778324604034 0
    endloop
  endfacet
  facet normal 0 0 -1
    outer loop
      vertex 13 0 0
      vertex 25.117620564997196 8.805778324604034 0
      vertex 25.23410838842392 8.823057666420937 0
    endloop
  endfacet
  facet normal 0 0 -1
    outer loop
      vertex 13 0 0
      vertex 25 8.799999997019768 0
      vertex 25.117620564997196 8.805778324604034 0
    endloop
  endfacet
  facet normal 0 0 -1
    outer loop
      vertex 13 0 0
      vertex 25.23410838842392 8.823057666420937 0
      vertex 25.34834161400795 8.85167159885168 0
    endloop
  endfacet
  facet normal 0 0 -1
    outer loop
      vertex 13 0 0
      vertex 25.34834161400795 8.85167159885168 0
      vertex 25.459220118820667 8.89134456217289 0
    endloop
  endfacet
  facet normal 0 0 -1
    outer loop
      vertex 13 0 0
      vertex 25.459220118820667 8.89134456217289 0
      vertex 25.56567608565092 8.941694483160973 0
    endloop
  endfacet
  facet normal 0 0 -1
    outer loop
      vertex 13 0 0
      vertex 25.56567608565092 8.941694483160973 0
      vertex 25.66668427735567 9.00223646312952 0
    endloop
  endfacet
  facet normal 0 0 -1
    outer loop
      vertex 23.805778324604034 9.882379435002804 0
      vertex 16.965091861784458 23.91686912626028 0
      vertex 23.799999997019768 10 0
    endloop
  endfacet
  facet normal 0 0 -1
    outer loop
      vertex 23.799999997019768 10 0
      vertex 16.965091861784458 23.91686912626028 0
      vertex 23.805778324604034 10.117620564997196 0
    endloop
  endfacet
  facet normal 0 0 -1
    outer loop
      vertex 23.805778324604034 10.117620564997196 0
      vertex 16.965091861784458 23.91686912626028 0
      vertex 23.823057666420937 10.23410838842392 0
    endloop
  endfacet
  facet normal 0 0 -1
    outer loop
      vertex 23.823057666420937 10.23410838842392 0
      vertex 16.965091861784458 23.91686912626028 0
      vertex 23.85167159885168 10.34834161400795 0
    endloop
  endfacet
  facet normal 0 0 -1
    outer loop
      vertex 23.85167159885168 10.34834161400795 0
      vertex 16.965091861784458 23.91686912626028 0
      vertex 23.89134456217289 10.459220118820667 0
    endloop
  endfacet
  facet normal 0 0 -1
    outer loop
      vertex 23.89134456217289 10.459220118820667 0
      vertex 16.965091861784458 23.91686912626028 0
      vertex 23.941694483160973 10.56567608565092 0
    endloop
  endfacet
  facet normal 0 0 -1
    outer loop
      vertex 24.00223646312952 10.666684277355671 0
      vertex 16.965091861784458 23.91686912626028 0
      vertex 24.07238745689392 10.761271938681602 0
    endloop
  endfacet
  facet normal 0 0 -1
    outer loop
      vertex 23.941694483160973 10.56567608565092 0
      vertex 16.965091861784458 23.91686912626028 0
      vertex 24.00223646312952 10.666684277355671 0
    endloop
  endfacet
  facet normal 0 0 -1
    outer loop
      vertex 24.07238745689392 10.761271938681602 0
      vertex 16.965091861784458 23.91686912626028 0
      vertex 24.151471860706806 10.848528139293194 0
    endloop
  endfacet
  facet normal 0 0 -1
    outer loop
      vertex 24.151471860706806 10.848528139293194 0
      vertex 16.965091861784458 23.91686912626028 0
      vertex 24.238728061318398 10.927612543106079 0
    endloop
  endfacet
  facet normal 0 0 -1
    outer loop
      vertex 24.238728061318398 10.927612543106079 0
      vertex 16.965091861784458 23.91686912626028 0
      vertex 24.33331572264433 10.99776353687048 0
    endloop
  endfacet
  facet normal 0 0 -1
    outer loop
      vertex 24.33331572264433 10.99776353687048 0
      vertex 16.965091861784458 23.91686912626028 0
      vertex 24.40064249187708 11.03811764717102 0
    endloop
  endfacet
  facet normal -0.9951847267853375 -0.09801713918082348 0
    outer loop
      vertex 11.03842943906784 1.6098193526268005 0
      vertex 11 2 0.4
      vertex 11 2 0
    endloop
  endfacet
  facet normal -0.8819212641844242 -0.47139673713269076 0
    outer loop
      vertex 11.337060771882534 0.8888595327734947 0
      vertex 11.152240931987762 1.234633132815361 0.4
      vertex 11.152240931987762 1.234633132815361 0
    endloop
  endfacet
  facet normal -0.773010443534409 -0.6343932961394977 0
    outer loop
      vertex 11.337060771882534 0.8888595327734947 0
      vertex 11.585786439478397 0.5857864394783974 0
      vertex 11.337060771882534 0.8888595327734947 0.4
    endloop
  endfacet
  facet normal -0.6343932961394977 -0.773010443534409 0
    outer loop
      vertex 11.585786439478397 0.5857864394783974 0
      vertex 11.888859532773495 0.337060771882534 0
      vertex 11.585786439478397 0.5857864394783974 0.4
    endloop
  endfacet
  facet normal -0.47139673713269076 -0.8819212641844242 0
    outer loop
      vertex 11.888859532773495 0.337060771882534 0
      vertex 12.234633132815361 0.15224093198776245 0
      vertex 11.888859532773495 0.337060771882534 0.4
    endloop
  endfacet
  facet normal -0.9569403375708345 -0.29028467119332607 0
    outer loop
      vertex 11.152240931987762 1.234633132815361 0
      vertex 11.03842943906784 1.6098193526268005 0.4
      vertex 11.03842943906784 1.6098193526268005 0
    endloop
  endfacet
  facet normal -0.29028467119332607 -0.9569403375708345 0
    outer loop
      vertex 12.234633132815361 0.15224093198776245 0
      vertex 12.6098193526268 0.038429439067840576 0
      vertex 12.234633132815361 0.15224093198776245 0.4
    endloop
  endfacet
  facet normal -0.09801713918082348 -0.9951847267853375 0
    outer loop
      vertex 12.6098193526268 0.038429439067840576 0
      vertex 13 0 0
      vertex 12.6098193526268 0.038429439067840576 0.4
    endloop
  endfacet
  facet normal -1 0 0
    outer loop
      vertex 11 2 0
      vertex 11 11.656703680753708 0.4
      vertex 11 11.656703680753708 0
    endloop
  endfacet
  facet normal -0.9979688588734275 0.06370366330807929 0
    outer loop
      vertex 11.001805797219276 11.741673894226551 0
      vertex 11.007219932973385 11.826490662992 0.4
      vertex 11.007219932973385 11.826490662992 0
    endloop
  endfacet
  facet normal -0.999774250153722 0.021247322879902816 0
    outer loop
      vertex 11.001805797219276 11.741673894226551 0
      vertex 11 11.656703680753708 0
      vertex 11.001805797219276 11.741673894226551 0.4
    endloop
  endfacet
  facet normal -0.9943613335230967 0.10604498288070405 0
    outer loop
      vertex 11.016232632100582 11.911000832915306 0
      vertex 11.007219932973385 11.826490662992 0
      vertex 11.016232632100582 11.911000832915306 0.4
    endloop
  endfacet
  facet normal -0.9889581963981167 0.14819475623983416 0
    outer loop
      vertex 11.016232632100582 11.911000832915306 0
      vertex 11.028827615082264 11.9950517937541 0.4
      vertex 11.028827615082264 11.9950517937541 0
    endloop
  endfacet
  facet normal -0.9817691889319818 0.19007698351941107 0
    outer loop
      vertex 11.044982142746449 12.078491762280464 0
      vertex 11.028827615082264 11.9950517937541 0
      vertex 11.044982142746449 12.078491762280464 0.4
    endloop
  endfacet
  facet normal -0.9620887481956241 0.2727365772964406 0
    outer loop
      vertex 11.087846755981445 12.242937408387661 0
      vertex 11.064667038619518 12.161170065402985 0
      vertex 11.087846755981445 12.242937408387661 0.4
    endloop
  endfacet
  facet normal -0.9728073133066135 0.23161591304823653 0
    outer loop
      vertex 11.044982142746449 12.078491762280464 0
      vertex 11.064667038619518 12.161170065402985 0.4
      vertex 11.064667038619518 12.161170065402985 0
    endloop
  endfacet
  facet normal -0.9496328108964728 0.31336484242630636 0
    outer loop
      vertex 11.087846755981445 12.242937408387661 0
      vertex 11.114479444921017 12.323646128177643 0.4
      vertex 11.114479444921017 12.323646128177643 0
    endloop
  endfacet
  facet normal -0.9427602788651922 0.33347122303734866 -2.633472267173903e-16
    outer loop
      vertex 11.114479444921017 12.323646128177643 0
      vertex 15.1563061773777 23.750340349972248 0.4
      vertex 15.1563061773777 23.750340349972248 0
    endloop
  endfacet
  facet normal -0.8859031970459901 0.46387016013502497 0
    outer loop
      vertex 15.1563061773777 23.750340349972248 0
      vertex 15.287948027253151 24.001751080155373 0.4
      vertex 15.287948027253151 24.001751080155373 0
    endloop
  endfacet
  facet normal -0.7199193743733888 0.6940577025016208 0
    outer loop
      vertex 15.287948027253151 24.001751080155373 0
      vertex 15.484914861619473 24.20605720579624 0.4
      vertex 15.484914861619473 24.20605720579624 0
    endloop
  endfacet
  facet normal -0.49595546434145293 0.8683479587065623 0
    outer loop
      vertex 15.484914861619473 24.20605720579624 0
      vertex 15.73134358227253 24.346804551780224 0.4
      vertex 15.73134358227253 24.346804551780224 0
    endloop
  endfacet
  facet normal -0.23204881753346052 0.9727041411864775 0
    outer loop
      vertex 15.73134358227253 24.346804551780224 0
      vertex 16.007387571036816 24.412657752633095 0.4
      vertex 16.007387571036816 24.412657752633095 0
    endloop
  endfacet
  facet normal 0.050546306211616904 0.9987217184623359 0
    outer loop
      vertex 16.007387571036816 24.412657752633095 0
      vertex 16.290815092623234 24.3983132019639 0.4
      vertex 16.290815092623234 24.3983132019639 0
    endloop
  endfacet
  facet normal 0.3290706126739358 0.9443053170846812 0
    outer loop
      vertex 16.290815092623234 24.3983132019639 0
      vertex 16.558799773454666 24.30492615699768 0.4
      vertex 16.558799773454666 24.30492615699768 0
    endloop
  endfacet
  facet normal 0.5810925785722698 0.8138374623524223 0
    outer loop
      vertex 16.789758943021297 24.140017725527287 0
      vertex 16.558799773454666 24.30492615699768 0
      vertex 16.789758943021297 24.140017725527287 0.4
    endloop
  endfacet
  facet normal 0.7863151265693721 0.6178256402320905 0
    outer loop
      vertex 16.789758943021297 24.140017725527287 0
      vertex 16.965091861784458 23.91686912626028 0.4
      vertex 16.965091861784458 23.91686912626028 0
    endloop
  endfacet
  facet normal 0.9415440653758272 0.3368898528533619 0
    outer loop
      vertex 23.89134456217289 9.540779881179333 0
      vertex 23.85167159885168 9.65165838599205 0
      vertex 23.89134456217289 9.540779881179333 0.4
    endloop
  endfacet
  facet normal 0.9891765031950123 0.14673052009342874 0
    outer loop
      vertex 23.823057666420937 9.76589161157608 0
      vertex 23.805778324604034 9.882379435002804 0
      vertex 23.823057666420937 9.76589161157608 0.4
    endloop
  endfacet
  facet normal 0.97003125519331 0.2429801719237427 0
    outer loop
      vertex 23.85167159885168 9.65165838599205 0
      vertex 23.823057666420937 9.76589161157608 0
      vertex 23.85167159885168 9.65165838599205 0.4
    endloop
  endfacet
  facet normal 0.6715589241207113 0.7409511532036595 0
    outer loop
      vertex 24.238728061318398 9.072387456893921 0
      vertex 24.151471860706806 9.151471860706806 0
      vertex 24.238728061318398 9.072387456893921 0.4
    endloop
  endfacet
  facet normal 0.7409511532036595 0.6715589241207113 0
    outer loop
      vertex 24.07238745689392 9.238728061318398 0
      vertex 24.151471860706806 9.151471860706806 0.4
      vertex 24.151471860706806 9.151471860706806 0
    endloop
  endfacet
  facet normal 0.5956993213187598 0.8032075190013904 0
    outer loop
      vertex 24.238728061318398 9.072387456893921 0
      vertex 24.33331572264433 9.00223646312952 0.4
      vertex 24.33331572264433 9.00223646312952 0
    endloop
  endfacet
  facet normal 0.5141027426176425 0.8577286109446379 0
    outer loop
      vertex 24.33331572264433 9.00223646312952 0
      vertex 24.43432391434908 8.941694483160973 0.4
      vertex 24.43432391434908 8.941694483160973 0
    endloop
  endfacet
  facet normal 0.42755508297902783 0.9039892980665184 0
    outer loop
      vertex 24.540779881179333 8.89134456217289 0
      vertex 24.43432391434908 8.941694483160973 0
      vertex 24.540779881179333 8.89134456217289 0.4
    endloop
  endfacet
  facet normal 0.8032075190013904 0.5956993213187598 0
    outer loop
      vertex 24.07238745689392 9.238728061318398 0
      vertex 24.00223646312952 9.333315722644329 0
      vertex 24.07238745689392 9.238728061318398 0.4
    endloop
  endfacet
  facet normal 0.8577286109446379 0.5141027426176425 0
    outer loop
      vertex 24.00223646312952 9.333315722644329 0
      vertex 23.941694483160973 9.43432391434908 0
      vertex 24.00223646312952 9.333315722644329 0.4
    endloop
  endfacet
  facet normal 0.9039892980665184 0.42755508297902783 0
    outer loop
      vertex 23.941694483160973 9.43432391434908 0
      vertex 23.89134456217289 9.540779881179333 0
      vertex 23.941694483160973 9.43432391434908 0.4
    endloop
  endfacet
  facet normal 0.3368898528533619 0.9415440653758272 0
    outer loop
      vertex 24.540779881179333 8.89134456217289 0
      vertex 24.65165838599205 8.85167159885168 0.4
      vertex 24.65165838599205 8.85167159885168 0
    endloop
  endfacet
  facet normal 0.2429801719237427 0.97003125519331 0
    outer loop
      vertex 24.65165838599205 8.85167159885168 0
      vertex 24.76589161157608 8.823057666420937 0.4
      vertex 24.76589161157608 8.823057666420937 0
    endloop
  endfacet
  facet normal 0.04906767227610612 0.9987954563059468 0
    outer loop
      vertex 24.882379435002804 8.805778324604034 0
      vertex 25 8.799999997019768 0.4
      vertex 25 8.799999997019768 0
    endloop
  endfacet
  facet normal 0.14673052009342874 0.9891765031950123 0
    outer loop
      vertex 24.76589161157608 8.823057666420937 0
      vertex 24.882379435002804 8.805778324604034 0.4
      vertex 24.882379435002804 8.805778324604034 0
    endloop
  endfacet
  facet normal -0.04906767227610612 0.9987954563059468 0
    outer loop
      vertex 25 8.799999997019768 0
      vertex 25.117620564997196 8.805778324604034 0.4
      vertex 25.117620564997196 8.805778324604034 0
    endloop
  endfacet
  facet normal -0.14673052009342874 0.9891765031950123 0
    outer loop
      vertex 25.23410838842392 8.823057666420937 0
      vertex 25.117620564997196 8.805778324604034 0
      vertex 25.23410838842392 8.823057666420937 0.4
    endloop
  endfacet
  facet normal -0.2429801719237427 0.97003125519331 0
    outer loop
      vertex 25.23410838842392 8.823057666420937 0
      vertex 25.34834161400795 8.85167159885168 0.4
      vertex 25.34834161400795 8.85167159885168 0
    endloop
  endfacet
  facet normal -0.3368898528533619 0.9415440653758272 0
    outer loop
      vertex 25.34834161400795 8.85167159885168 0
      vertex 25.459220118820667 8.89134456217289 0.4
      vertex 25.459220118820667 8.89134456217289 0
    endloop
  endfacet
  facet normal -0.42755508297902783 0.9039892980665184 0
    outer loop
      vertex 25.459220118820667 8.89134456217289 0
      vertex 25.56567608565092 8.941694483160973 0.4
      vertex 25.56567608565092 8.941694483160973 0
    endloop
  endfacet
  facet normal -0.5141027426176425 0.8577286109446379 0
    outer loop
      vertex 25.66668427735567 9.00223646312952 0
      vertex 25.56567608565092 8.941694483160973 0
      vertex 25.66668427735567 9.00223646312952 0.4
    endloop
  endfacet
  facet normal -0.5956993213187598 0.8032075190013904 0
    outer loop
      vertex 25.66668427735567 9.00223646312952 0
      vertex 25.761271938681602 9.072387456893921 0.4
      vertex 25.761271938681602 9.072387456893921 0
    endloop
  endfacet
  facet normal -0.6715589241207113 0.7409511532036595 0
    outer loop
      vertex 25.761271938681602 9.072387456893921 0
      vertex 25.848528139293194 9.151471860706806 0.4
      vertex 25.848528139293194 9.151471860706806 0
    endloop
  endfacet
  facet normal -0.7409511532036595 0.6715589241207113 0
    outer loop
      vertex 25.848528139293194 9.151471860706806 0
      vertex 25.92761254310608 9.238728061318398 0.4
      vertex 25.92761254310608 9.238728061318398 0
    endloop
  endfacet
  facet normal -0.8032075190013904 0.5956993213187598 0
    outer loop
      vertex 25.92761254310608 9.238728061318398 0
      vertex 25.99776353687048 9.333315722644329 0.4
      vertex 25.99776353687048 9.333315722644329 0
    endloop
  endfacet
  facet normal -0.8577286109446379 0.5141027426176425 0
    outer loop
      vertex 25.99776353687048 9.333315722644329 0
      vertex 26.058305516839027 9.43432391434908 0.4
      vertex 26.058305516839027 9.43432391434908 0
    endloop
  endfacet
  facet normal -0.9039892980665184 0.42755508297902783 0
    outer loop
      vertex 26.058305516839027 9.43432391434908 0
      vertex 26.10865543782711 9.540779881179333 0.4
      vertex 26.10865543782711 9.540779881179333 0
    endloop
  endfacet
  facet normal -0.9415440653758272 0.3368898528533619 0
    outer loop
      vertex 26.10865543782711 9.540779881179333 0
      vertex 26.14832840114832 9.65165838599205 0.4
      vertex 26.14832840114832 9.65165838599205 0
    endloop
  endfacet
  facet normal -0.97003125519331 0.2429801719237427 0
    outer loop
      vertex 26.14832840114832 9.65165838599205 0
      vertex 26.176942333579063 9.76589161157608 0.4
      vertex 26.176942333579063 9.76589161157608 0
    endloop
  endfacet
  facet normal 0.9987954563059468 0.04906767227610612 0
    outer loop
      vertex 23.805778324604034 9.882379435002804 0
      vertex 23.799999997019768 10 0
      vertex 23.805778324604034 9.882379435002804 0.4
    endloop
  endfacet
  facet normal 0.9987954563059468 -0.04906767227610612 0
    outer loop
      vertex 23.799999997019768 10 0
      vertex 23.805778324604034 10.117620564997196 0
      vertex 23.799999997019768 10 0.4
    endloop
  endfacet
  facet normal 0.9891765031950123 -0.14673052009342874 0
    outer loop
      vertex 23.805778324604034 10.117620564997196 0
      vertex 23.823057666420937 10.23410838842392 0
      vertex 23.805778324604034 10.117620564997196 0.4
    endloop
  endfacet
  facet normal 0.97003125519331 -0.2429801719237427 0
    outer loop
      vertex 23.823057666420937 10.23410838842392 0
      vertex 23.85167159885168 10.34834161400795 0
      vertex 23.823057666420937 10.23410838842392 0.4
    endloop
  endfacet
  facet normal 0.9415440653758272 -0.3368898528533619 0
    outer loop
      vertex 23.85167159885168 10.34834161400795 0
      vertex 23.89134456217289 10.459220118820667 0
      vertex 23.85167159885168 10.34834161400795 0.4
    endloop
  endfacet
  facet normal 0.9039892980665184 -0.42755508297902783 0
    outer loop
      vertex 23.89134456217289 10.459220118820667 0
      vertex 23.941694483160973 10.56567608565092 0
      vertex 23.89134456217289 10.459220118820667 0.4
    endloop
  endfacet
  facet normal 0.8577286109446379 -0.5141027426176425 0
    outer loop
      vertex 23.941694483160973 10.56567608565092 0
      vertex 24.00223646312952 10.666684277355671 0
      vertex 23.941694483160973 10.56567608565092 0.4
    endloop
  endfacet
  facet normal 0.8032075190013904 -0.5956993213187598 0
    outer loop
      vertex 24.00223646312952 10.666684277355671 0
      vertex 24.07238745689392 10.761271938681602 0
      vertex 24.00223646312952 10.666684277355671 0.4
    endloop
  endfacet
  facet normal 0.7409511532036595 -0.6715589241207113 0
    outer loop
      vertex 24.07238745689392 10.761271938681602 0
      vertex 24.151471860706806 10.848528139293194 0
      vertex 24.07238745689392 10.761271938681602 0.4
    endloop
  endfacet
  facet normal 0.6715589241207113 -0.7409511532036595 0
    outer loop
      vertex 24.151471860706806 10.848528139293194 0
      vertex 24.238728061318398 10.927612543106079 0
      vertex 24.151471860706806 10.848528139293194 0.4
    endloop
  endfacet
  facet normal 0.5956993213187598 -0.8032075190013904 0
    outer loop
      vertex 24.238728061318398 10.927612543106079 0
      vertex 24.33331572264433 10.99776353687048 0
      vertex 24.238728061318398 10.927612543106079 0.4
    endloop
  endfacet
  facet normal 0.5141027236025143 -0.8577286223418668 0
    outer loop
      vertex 24.33331572264433 10.99776353687048 0
      vertex 24.40064249187708 11.03811764717102 0
      vertex 24.33331572264433 10.99776353687048 0.4
    endloop
  endfacet
  facet normal 0.8660254038772035 0.4999999998393266 0
    outer loop
      vertex 24.40064249187708 11.03811764717102 0
      vertex 16.965091861784458 23.91686912626028 0
      vertex 24.40064249187708 11.03811764717102 0.4
    endloop
  endfacet
  facet normal -0.9987954563059468 0.04906767227610612 0
    outer loop
      vertex 26.194221675395966 9.882379435002804 0
      vertex 26.200000002980232 10 0.4
      vertex 26.200000002980232 10 0
    endloop
  endfacet
  facet normal -0.9891765031950123 0.14673052009342874 0
    outer loop
      vertex 26.176942333579063 9.76589161157608 0
      vertex 26.194221675395966 9.882379435002804 0.4
      vertex 26.194221675395966 9.882379435002804 0
    endloop
  endfacet
  facet normal -0.9987954563059468 -0.04906767227610612 0
    outer loop
      vertex 26.194221675395966 10.117620564997196 0
      vertex 26.200000002980232 10 0
      vertex 26.194221675395966 10.117620564997196 0.4
    endloop
  endfacet
  facet normal -0.9891765031950123 -0.14673052009342874 0
    outer loop
      vertex 26.194221675395966 10.117620564997196 0
      vertex 26.176942333579063 10.23410838842392 0.4
      vertex 26.176942333579063 10.23410838842392 0
    endloop
  endfacet
  facet normal -0.97003125519331 -0.2429801719237427 0
    outer loop
      vertex 26.176942333579063 10.23410838842392 0
      vertex 26.14832840114832 10.34834161400795 0.4
      vertex 26.14832840114832 10.34834161400795 0
    endloop
  endfacet
  facet normal -0.8577285380148522 -0.5141028642936198 0
    outer loop
      vertex 26.058305516839027 10.56567608565092 0
      vertex 26.03811764717102 10.59935750067234 0.4
      vertex 26.03811764717102 10.59935750067234 0
    endloop
  endfacet
  facet normal -0.9039892980665184 -0.42755508297902783 0
    outer loop
      vertex 26.058305516839027 10.56567608565092 0
      vertex 26.10865543782711 10.459220118820667 0
      vertex 26.058305516839027 10.56567608565092 0.4
    endloop
  endfacet
  facet normal -0.9415440653758272 -0.3368898528533619 0
    outer loop
      vertex 26.10865543782711 10.459220118820667 0
      vertex 26.14832840114832 10.34834161400795 0
      vertex 26.10865543782711 10.459220118820667 0.4
    endloop
  endfacet
  facet normal 0 0 -1
    outer loop
      vertex 13 0 0
      vertex 25.66668427735567 9.00223646312952 0
      vertex 155 0 0
    endloop
  endfacet
  facet normal 0 0 -1
    outer loop
      vertex 25.66668427735567 9.00223646312952 0
      vertex 25.761271938681602 9.072387456893921 0
      vertex 155 0 0
    endloop
  endfacet
  facet normal 0 0 -1
    outer loop
      vertex 25.761271938681602 9.072387456893921 0
      vertex 25.848528139293194 9.151471860706806 0
      vertex 155 0 0
    endloop
  endfacet
  facet normal 0 0 -1
    outer loop
      vertex 26.058305516839027 10.56567608565092 0
      vertex 134.47423162311316 72.75185092538595 0
      vertex 26.10865543782711 10.459220118820667 0
    endloop
  endfacet
  facet normal 0 0 -1
    outer loop
      vertex 26.176942333579063 10.23410838842392 0
      vertex 26.14832840114832 10.34834161400795 0
      vertex 135.22040861099958 71.84263163805008 0
    endloop
  endfacet
  facet normal 0 0 -1
    outer loop
      vertex 26.10865543782711 10.459220118820667 0
      vertex 134.824986577034 72.2789126187563 0
      vertex 26.14832840114832 10.34834161400795 0
    endloop
  endfacet
  facet normal 0 0 -1
    outer loop
      vertex 26.058305516839027 10.56567608565092 0
      vertex 26.03811764717102 10.59935750067234 0
      vertex 134.27246104180813 73.08848480135202 0
    endloop
  endfacet
  facet normal 0 0 -1
    outer loop
      vertex 26.194221675395966 10.117620564997196 0
      vertex 26.176942333579063 10.23410838842392 0
      vertex 135.6566895917058 71.44720960408449 0
    endloop
  endfacet
  facet normal 0 0 -1
    outer loop
      vertex 26.194221675395966 10.117620564997196 0
      vertex 136.12962789833546 71.09645465016365 0
      vertex 26.200000002980232 10 0
    endloop
  endfacet
  facet normal 0 0 -1
    outer loop
      vertex 26.194221675395966 9.882379435002804 0
      vertex 26.200000002980232 10 0
      vertex 136.63466887921095 70.79374473541975 0
    endloop
  endfacet
  facet normal 0 0 -1
    outer loop
      vertex 26.14832840114832 9.65165838599205 0
      vertex 26.176942333579063 9.76589161157608 0
      vertex 137.7213412374258 70.34363031387329 0
    endloop
  endfacet
  facet normal 0 0 -1
    outer loop
      vertex 26.058305516839027 9.43432391434908 0
      vertex 26.10865543782711 9.540779881179333 0
      vertex 138.87494646012783 70.1141639649868 0
    endloop
  endfacet
  facet normal 0 0 -1
    outer loop
      vertex 26.10865543782711 9.540779881179333 0
      vertex 26.14832840114832 9.65165838599205 0
      vertex 138.29250736534595 70.20056064426899 0
    endloop
  endfacet
  facet normal 0 0 -1
    outer loop
      vertex 26.176942333579063 9.76589161157608 0
      vertex 26.194221675395966 9.882379435002804 0
      vertex 137.16694870591164 70.54199513047934 0
    endloop
  endfacet
  facet normal 0 0 -1
    outer loop
      vertex 25.99776353687048 9.333315722644329 0
      vertex 26.058305516839027 9.43432391434908 0
      vertex 139.46304930001497 70.08527232706547 0
    endloop
  endfacet
  facet normal 0 0 -1
    outer loop
      vertex 25.848528139293194 9.151471860706806 0
      vertex 25.92761254310608 9.238728061318398 0
      vertex 140.05115213990211 70.1141639649868 0
    endloop
  endfacet
  facet normal 0 0 -1
    outer loop
      vertex 25.92761254310608 9.238728061318398 0
      vertex 25.99776353687048 9.333315722644329 0
      vertex 140.05115213990211 70.1141639649868 0
    endloop
  endfacet
  facet normal 0 -1 0
    outer loop
      vertex 13 0 0
      vertex 155 0 0
      vertex 13 0 0.4
    endloop
  endfacet
  facet normal -0.9951847267853375 -0.09801713918082348 0
    outer loop
      vertex 11.03842943906784 1.6098193526268005 0
      vertex 11.03842943906784 1.6098193526268005 0.4
      vertex 11 2 0.4
    endloop
  endfacet
  facet normal -0.8819212641844242 -0.47139673713269076 0
    outer loop
      vertex 11.337060771882534 0.8888595327734947 0
      vertex 11.337060771882534 0.8888595327734947 0.4
      vertex 11.152240931987762 1.234633132815361 0.4
    endloop
  endfacet
  facet normal -0.773010443534409 -0.6343932961394977 0
    outer loop
      vertex 11.585786439478397 0.5857864394783974 0
      vertex 11.585786439478397 0.5857864394783974 0.4
      vertex 11.337060771882534 0.8888595327734947 0.4
    endloop
  endfacet
  facet normal -0.6343932961394977 -0.773010443534409 0
    outer loop
      vertex 11.888859532773495 0.337060771882534 0
      vertex 11.888859532773495 0.337060771882534 0.4
      vertex 11.585786439478397 0.5857864394783974 0.4
    endloop
  endfacet
  facet normal -0.47139673713269076 -0.8819212641844242 0
    outer loop
      vertex 12.234633132815361 0.15224093198776245 0
      vertex 12.234633132815361 0.15224093198776245 0.4
      vertex 11.888859532773495 0.337060771882534 0.4
    endloop
  endfacet
  facet normal -0.9569403375708345 -0.29028467119332607 0
    outer loop
      vertex 11.152240931987762 1.234633132815361 0
      vertex 11.152240931987762 1.234633132815361 0.4
      vertex 11.03842943906784 1.6098193526268005 0.4
    endloop
  endfacet
  facet normal -0.29028467119332607 -0.9569403375708345 0
    outer loop
      vertex 12.6098193526268 0.038429439067840576 0
      vertex 12.6098193526268 0.038429439067840576 0.4
      vertex 12.234633132815361 0.15224093198776245 0.4
    endloop
  endfacet
  facet normal -0.09801713918082348 -0.9951847267853375 0
    outer loop
      vertex 13 0 0
      vertex 13 0 0.4
      vertex 12.6098193526268 0.038429439067840576 0.4
    endloop
  endfacet
  facet normal -1 0 0
    outer loop
      vertex 11 2 0
      vertex 11 2 0.4
      vertex 11 11.656703680753708 0.4
    endloop
  endfacet
  facet normal -0.9979688588734275 0.06370366330807929 0
    outer loop
      vertex 11.001805797219276 11.741673894226551 0
      vertex 11.001805797219276 11.741673894226551 0.4
      vertex 11.007219932973385 11.826490662992 0.4
    endloop
  endfacet
  facet normal -0.999774250153722 0.021247322879902816 0
    outer loop
      vertex 11 11.656703680753708 0
      vertex 11 11.656703680753708 0.4
      vertex 11.001805797219276 11.741673894226551 0.4
    endloop
  endfacet
  facet normal -0.9889581963981167 0.14819475623983416 0
    outer loop
      vertex 11.016232632100582 11.911000832915306 0
      vertex 11.016232632100582 11.911000832915306 0.4
      vertex 11.028827615082264 11.9950517937541 0.4
    endloop
  endfacet
  facet normal -0.9943613335230967 0.10604498288070405 0
    outer loop
      vertex 11.007219932973385 11.826490662992 0
      vertex 11.007219932973385 11.826490662992 0.4
      vertex 11.016232632100582 11.911000832915306 0.4
    endloop
  endfacet
  facet normal -0.9817691889319818 0.19007698351941107 0
    outer loop
      vertex 11.028827615082264 11.9950517937541 0
      vertex 11.028827615082264 11.9950517937541 0.4
      vertex 11.044982142746449 12.078491762280464 0.4
    endloop
  endfacet
  facet normal -0.9728073133066135 0.23161591304823653 0
    outer loop
      vertex 11.044982142746449 12.078491762280464 0
      vertex 11.044982142746449 12.078491762280464 0.4
      vertex 11.064667038619518 12.161170065402985 0.4
    endloop
  endfacet
  facet normal -0.9620887481956241 0.2727365772964406 0
    outer loop
      vertex 11.064667038619518 12.161170065402985 0
      vertex 11.064667038619518 12.161170065402985 0.4
      vertex 11.087846755981445 12.242937408387661 0.4
    endloop
  endfacet
  facet normal -0.9496328108964728 0.31336484242630636 0
    outer loop
      vertex 11.087846755981445 12.242937408387661 0
      vertex 11.087846755981445 12.242937408387661 0.4
      vertex 11.114479444921017 12.323646128177643 0.4
    endloop
  endfacet
  facet normal -0.9427602788651922 0.33347122303734866 0
    outer loop
      vertex 11.114479444921017 12.323646128177643 0
      vertex 11.114479444921017 12.323646128177643 0.4
      vertex 15.1563061773777 23.750340349972248 0.4
    endloop
  endfacet
  facet normal -0.8859031970459901 0.46387016013502497 0
    outer loop
      vertex 15.1563061773777 23.750340349972248 0
      vertex 15.1563061773777 23.750340349972248 0.4
      vertex 15.287948027253151 24.001751080155373 0.4
    endloop
  endfacet
  facet normal -0.7199193743733888 0.6940577025016208 0
    outer loop
      vertex 15.287948027253151 24.001751080155373 0
      vertex 15.287948027253151 24.001751080155373 0.4
      vertex 15.484914861619473 24.20605720579624 0.4
    endloop
  endfacet
  facet normal -0.49595546434145293 0.8683479587065623 0
    outer loop
      vertex 15.484914861619473 24.20605720579624 0
      vertex 15.484914861619473 24.20605720579624 0.4
      vertex 15.73134358227253 24.346804551780224 0.4
    endloop
  endfacet
  facet normal -0.23204881753346052 0.9727041411864775 0
    outer loop
      vertex 15.73134358227253 24.346804551780224 0
      vertex 15.73134358227253 24.346804551780224 0.4
      vertex 16.007387571036816 24.412657752633095 0.4
    endloop
  endfacet
  facet normal 0.050546306211616904 0.9987217184623359 0
    outer loop
      vertex 16.007387571036816 24.412657752633095 0
      vertex 16.007387571036816 24.412657752633095 0.4
      vertex 16.290815092623234 24.3983132019639 0.4
    endloop
  endfacet
  facet normal 0.3290706126739358 0.9443053170846812 0
    outer loop
      vertex 16.290815092623234 24.3983132019639 0
      vertex 16.290815092623234 24.3983132019639 0.4
      vertex 16.558799773454666 24.30492615699768 0.4
    endloop
  endfacet
  facet normal 0.7863151265693721 0.6178256402320905 0
    outer loop
      vertex 16.789758943021297 24.140017725527287 0
      vertex 16.789758943021297 24.140017725527287 0.4
      vertex 16.965091861784458 23.91686912626028 0.4
    endloop
  endfacet
  facet normal 0.5810925785722698 0.8138374623524223 0
    outer loop
      vertex 16.558799773454666 24.30492615699768 0
      vertex 16.558799773454666 24.30492615699768 0.4
      vertex 16.789758943021297 24.140017725527287 0.4
    endloop
  endfacet
  facet normal 0.8660254038772035 0.4999999998393266 0
    outer loop
      vertex 16.965091861784458 23.91686912626028 0
      vertex 16.965091861784458 23.91686912626028 0.4
      vertex 24.40064249187708 11.03811764717102 0.4
    endloop
  endfacet
  facet normal 0.9039892980665184 0.42755508297902783 0
    outer loop
      vertex 23.89134456217289 9.540779881179333 0
      vertex 23.89134456217289 9.540779881179333 0.4
      vertex 23.941694483160973 9.43432391434908 0.4
    endloop
  endfacet
  facet normal 0.9415440653758272 0.3368898528533619 0
    outer loop
      vertex 23.85167159885168 9.65165838599205 0
      vertex 23.85167159885168 9.65165838599205 0.4
      vertex 23.89134456217289 9.540779881179333 0.4
    endloop
  endfacet
  facet normal 0.97003125519331 0.2429801719237427 0
    outer loop
      vertex 23.823057666420937 9.76589161157608 0
      vertex 23.823057666420937 9.76589161157608 0.4
      vertex 23.85167159885168 9.65165838599205 0.4
    endloop
  endfacet
  facet normal 0.6715589241207113 0.7409511532036595 0
    outer loop
      vertex 24.151471860706806 9.151471860706806 0
      vertex 24.151471860706806 9.151471860706806 0.4
      vertex 24.238728061318398 9.072387456893921 0.4
    endloop
  endfacet
  facet normal 0.5141027426176425 0.8577286109446379 0
    outer loop
      vertex 24.33331572264433 9.00223646312952 0
      vertex 24.33331572264433 9.00223646312952 0.4
      vertex 24.43432391434908 8.941694483160973 0.4
    endloop
  endfacet
  facet normal 0.5956993213187598 0.8032075190013904 0
    outer loop
      vertex 24.238728061318398 9.072387456893921 0
      vertex 24.238728061318398 9.072387456893921 0.4
      vertex 24.33331572264433 9.00223646312952 0.4
    endloop
  endfacet
  facet normal 0.42755508297902783 0.9039892980665184 0
    outer loop
      vertex 24.43432391434908 8.941694483160973 0
      vertex 24.43432391434908 8.941694483160973 0.4
      vertex 24.540779881179333 8.89134456217289 0.4
    endloop
  endfacet
  facet normal 0.8032075190013904 0.5956993213187598 0
    outer loop
      vertex 24.00223646312952 9.333315722644329 0
      vertex 24.00223646312952 9.333315722644329 0.4
      vertex 24.07238745689392 9.238728061318398 0.4
    endloop
  endfacet
  facet normal 0.8577286109446379 0.5141027426176425 0
    outer loop
      vertex 23.941694483160973 9.43432391434908 0
      vertex 23.941694483160973 9.43432391434908 0.4
      vertex 24.00223646312952 9.333315722644329 0.4
    endloop
  endfacet
  facet normal 0.7409511532036595 0.6715589241207113 0
    outer loop
      vertex 24.07238745689392 9.238728061318398 0
      vertex 24.07238745689392 9.238728061318398 0.4
      vertex 24.151471860706806 9.151471860706806 0.4
    endloop
  endfacet
  facet normal 0.3368898528533619 0.9415440653758272 0
    outer loop
      vertex 24.540779881179333 8.89134456217289 0
      vertex 24.540779881179333 8.89134456217289 0.4
      vertex 24.65165838599205 8.85167159885168 0.4
    endloop
  endfacet
  facet normal 0.14673052009342874 0.9891765031950123 0
    outer loop
      vertex 24.76589161157608 8.823057666420937 0
      vertex 24.76589161157608 8.823057666420937 0.4
      vertex 24.882379435002804 8.805778324604034 0.4
    endloop
  endfacet
  facet normal 0.2429801719237427 0.97003125519331 0
    outer loop
      vertex 24.65165838599205 8.85167159885168 0
      vertex 24.65165838599205 8.85167159885168 0.4
      vertex 24.76589161157608 8.823057666420937 0.4
    endloop
  endfacet
  facet normal 0.04906767227610612 0.9987954563059468 0
    outer loop
      vertex 24.882379435002804 8.805778324604034 0
      vertex 24.882379435002804 8.805778324604034 0.4
      vertex 25 8.799999997019768 0.4
    endloop
  endfacet
  facet normal -0.04906767227610612 0.9987954563059468 0
    outer loop
      vertex 25 8.799999997019768 0
      vertex 25 8.799999997019768 0.4
      vertex 25.117620564997196 8.805778324604034 0.4
    endloop
  endfacet
  facet normal -0.14673052009342874 0.9891765031950123 0
    outer loop
      vertex 25.117620564997196 8.805778324604034 0
      vertex 25.117620564997196 8.805778324604034 0.4
      vertex 25.23410838842392 8.823057666420937 0.4
    endloop
  endfacet
  facet normal -0.2429801719237427 0.97003125519331 0
    outer loop
      vertex 25.23410838842392 8.823057666420937 0
      vertex 25.23410838842392 8.823057666420937 0.4
      vertex 25.34834161400795 8.85167159885168 0.4
    endloop
  endfacet
  facet normal -0.3368898528533619 0.9415440653758272 0
    outer loop
      vertex 25.34834161400795 8.85167159885168 0
      vertex 25.34834161400795 8.85167159885168 0.4
      vertex 25.459220118820667 8.89134456217289 0.4
    endloop
  endfacet
  facet normal -0.42755508297902783 0.9039892980665184 0
    outer loop
      vertex 25.459220118820667 8.89134456217289 0
      vertex 25.459220118820667 8.89134456217289 0.4
      vertex 25.56567608565092 8.941694483160973 0.4
    endloop
  endfacet
  facet normal -0.5141027426176425 0.8577286109446379 0
    outer loop
      vertex 25.56567608565092 8.941694483160973 0
      vertex 25.56567608565092 8.941694483160973 0.4
      vertex 25.66668427735567 9.00223646312952 0.4
    endloop
  endfacet
  facet normal -0.5956993213187598 0.8032075190013904 0
    outer loop
      vertex 25.66668427735567 9.00223646312952 0
      vertex 25.66668427735567 9.00223646312952 0.4
      vertex 25.761271938681602 9.072387456893921 0.4
    endloop
  endfacet
  facet normal -0.6715589241207113 0.7409511532036595 0
    outer loop
      vertex 25.761271938681602 9.072387456893921 0
      vertex 25.761271938681602 9.072387456893921 0.4
      vertex 25.848528139293194 9.151471860706806 0.4
    endloop
  endfacet
  facet normal -0.7409511532036595 0.6715589241207113 0
    outer loop
      vertex 25.848528139293194 9.151471860706806 0
      vertex 25.848528139293194 9.151471860706806 0.4
      vertex 25.92761254310608 9.238728061318398 0.4
    endloop
  endfacet
  facet normal -0.8032075190013904 0.5956993213187598 0
    outer loop
      vertex 25.92761254310608 9.238728061318398 0
      vertex 25.92761254310608 9.238728061318398 0.4
      vertex 25.99776353687048 9.333315722644329 0.4
    endloop
  endfacet
  facet normal -0.8577286109446379 0.5141027426176425 0
    outer loop
      vertex 25.99776353687048 9.333315722644329 0
      vertex 25.99776353687048 9.333315722644329 0.4
      vertex 26.058305516839027 9.43432391434908 0.4
    endloop
  endfacet
  facet normal -0.9039892980665184 0.42755508297902783 0
    outer loop
      vertex 26.058305516839027 9.43432391434908 0
      vertex 26.058305516839027 9.43432391434908 0.4
      vertex 26.10865543782711 9.540779881179333 0.4
    endloop
  endfacet
  facet normal -0.9415440653758272 0.3368898528533619 0
    outer loop
      vertex 26.10865543782711 9.540779881179333 0
      vertex 26.10865543782711 9.540779881179333 0.4
      vertex 26.14832840114832 9.65165838599205 0.4
    endloop
  endfacet
  facet normal -0.9891765031950123 0.14673052009342874 0
    outer loop
      vertex 26.176942333579063 9.76589161157608 0
      vertex 26.176942333579063 9.76589161157608 0.4
      vertex 26.194221675395966 9.882379435002804 0.4
    endloop
  endfacet
  facet normal -0.97003125519331 0.2429801719237427 0
    outer loop
      vertex 26.14832840114832 9.65165838599205 0
      vertex 26.14832840114832 9.65165838599205 0.4
      vertex 26.176942333579063 9.76589161157608 0.4
    endloop
  endfacet
  facet normal 0.9891765031950123 0.14673052009342874 0
    outer loop
      vertex 23.805778324604034 9.882379435002804 0
      vertex 23.805778324604034 9.882379435002804 0.4
      vertex 23.823057666420937 9.76589161157608 0.4
    endloop
  endfacet
  facet normal 0.9987954563059468 0.04906767227610612 0
    outer loop
      vertex 23.799999997019768 10 0
      vertex 23.799999997019768 10 0.4
      vertex 23.805778324604034 9.882379435002804 0.4
    endloop
  endfacet
  facet normal 0.9987954563059468 -0.04906767227610612 0
    outer loop
      vertex 23.805778324604034 10.117620564997196 0
      vertex 23.805778324604034 10.117620564997196 0.4
      vertex 23.799999997019768 10 0.4
    endloop
  endfacet
  facet normal 0.9891765031950123 -0.14673052009342874 0
    outer loop
      vertex 23.823057666420937 10.23410838842392 0
      vertex 23.823057666420937 10.23410838842392 0.4
      vertex 23.805778324604034 10.117620564997196 0.4
    endloop
  endfacet
  facet normal 0.97003125519331 -0.2429801719237427 0
    outer loop
      vertex 23.85167159885168 10.34834161400795 0
      vertex 23.85167159885168 10.34834161400795 0.4
      vertex 23.823057666420937 10.23410838842392 0.4
    endloop
  endfacet
  facet normal 0.9415440653758272 -0.3368898528533619 0
    outer loop
      vertex 23.89134456217289 10.459220118820667 0
      vertex 23.89134456217289 10.459220118820667 0.4
      vertex 23.85167159885168 10.34834161400795 0.4
    endloop
  endfacet
  facet normal 0.9039892980665184 -0.42755508297902783 0
    outer loop
      vertex 23.941694483160973 10.56567608565092 0
      vertex 23.941694483160973 10.56567608565092 0.4
      vertex 23.89134456217289 10.459220118820667 0.4
    endloop
  endfacet
  facet normal 0.8577286109446379 -0.5141027426176425 0
    outer loop
      vertex 24.00223646312952 10.666684277355671 0
      vertex 24.00223646312952 10.666684277355671 0.4
      vertex 23.941694483160973 10.56567608565092 0.4
    endloop
  endfacet
  facet normal 0.8032075190013904 -0.5956993213187598 0
    outer loop
      vertex 24.07238745689392 10.761271938681602 0
      vertex 24.07238745689392 10.761271938681602 0.4
      vertex 24.00223646312952 10.666684277355671 0.4
    endloop
  endfacet
  facet normal 0.7409511532036595 -0.6715589241207113 0
    outer loop
      vertex 24.151471860706806 10.848528139293194 0
      vertex 24.151471860706806 10.848528139293194 0.4
      vertex 24.07238745689392 10.761271938681602 0.4
    endloop
  endfacet
  facet normal 0.6715589241207113 -0.7409511532036595 0
    outer loop
      vertex 24.238728061318398 10.927612543106079 0
      vertex 24.238728061318398 10.927612543106079 0.4
      vertex 24.151471860706806 10.848528139293194 0.4
    endloop
  endfacet
  facet normal 0.5956993213187598 -0.8032075190013904 0
    outer loop
      vertex 24.33331572264433 10.99776353687048 0
      vertex 24.33331572264433 10.99776353687048 0.4
      vertex 24.238728061318398 10.927612543106079 0.4
    endloop
  endfacet
  facet normal 0.5141027236025143 -0.8577286223418668 0
    outer loop
      vertex 24.40064249187708 11.03811764717102 0
      vertex 24.40064249187708 11.03811764717102 0.4
      vertex 24.33331572264433 10.99776353687048 0.4
    endloop
  endfacet
  facet normal -0.9987954563059468 0.04906767227610612 0
    outer loop
      vertex 26.194221675395966 9.882379435002804 0
      vertex 26.194221675395966 9.882379435002804 0.4
      vertex 26.200000002980232 10 0.4
    endloop
  endfacet
  facet normal -0.9987954563059468 -0.04906767227610612 0
    outer loop
      vertex 26.200000002980232 10 0
      vertex 26.200000002980232 10 0.4
      vertex 26.194221675395966 10.117620564997196 0.4
    endloop
  endfacet
  facet normal -0.9891765031950123 -0.14673052009342874 0
    outer loop
      vertex 26.194221675395966 10.117620564997196 0
      vertex 26.194221675395966 10.117620564997196 0.4
      vertex 26.176942333579063 10.23410838842392 0.4
    endloop
  endfacet
  facet normal -0.97003125519331 -0.2429801719237427 0
    outer loop
      vertex 26.176942333579063 10.23410838842392 0
      vertex 26.176942333579063 10.23410838842392 0.4
      vertex 26.14832840114832 10.34834161400795 0.4
    endloop
  endfacet
  facet normal -0.9415440653758272 -0.3368898528533619 0
    outer loop
      vertex 26.14832840114832 10.34834161400795 0
      vertex 26.14832840114832 10.34834161400795 0.4
      vertex 26.10865543782711 10.459220118820667 0.4
    endloop
  endfacet
  facet normal -0.8577285380148522 -0.5141028642936198 0
    outer loop
      vertex 26.058305516839027 10.56567608565092 0
      vertex 26.058305516839027 10.56567608565092 0.4
      vertex 26.03811764717102 10.59935750067234 0.4
    endloop
  endfacet
  facet normal -0.9039892980665184 -0.42755508297902783 0
    outer loop
      vertex 26.10865543782711 10.459220118820667 0
      vertex 26.10865543782711 10.459220118820667 0.4
      vertex 26.058305516839027 10.56567608565092 0.4
    endloop
  endfacet
  facet normal 0 0 1
    outer loop
      vertex 11.585786439478397 0.5857864394783974 0.4
      vertex 11.888859532773495 0.337060771882534 0.4
      vertex 23.805778324604034 9.882379435002804 0.4
    endloop
  endfacet
  facet normal 0 0 1
    outer loop
      vertex 11.03842943906784 1.6098193526268005 0.4
      vertex 23.805778324604034 9.882379435002804 0.4
      vertex 11 2 0.4
    endloop
  endfacet
  facet normal 0 0 1
    outer loop
      vertex 11.337060771882534 0.8888595327734947 0.4
      vertex 11.585786439478397 0.5857864394783974 0.4
      vertex 23.805778324604034 9.882379435002804 0.4
    endloop
  endfacet
  facet normal 0 0 1
    outer loop
      vertex 11.337060771882534 0.8888595327734947 0.4
      vertex 23.805778324604034 9.882379435002804 0.4
      vertex 11.152240931987762 1.234633132815361 0.4
    endloop
  endfacet
  facet normal 0 0 1
    outer loop
      vertex 11.152240931987762 1.234633132815361 0.4
      vertex 23.805778324604034 9.882379435002804 0.4
      vertex 11.03842943906784 1.6098193526268005 0.4
    endloop
  endfacet
  facet normal 0 0 1
    outer loop
      vertex 12.234633132815361 0.15224093198776245 0.4
      vertex 12.6098193526268 0.038429439067840576 0.4
      vertex 23.805778324604034 9.882379435002804 0.4
    endloop
  endfacet
  facet normal 0 0 1
    outer loop
      vertex 11.888859532773495 0.337060771882534 0.4
      vertex 12.234633132815361 0.15224093198776245 0.4
      vertex 23.805778324604034 9.882379435002804 0.4
    endloop
  endfacet
  facet normal 0 0 1
    outer loop
      vertex 12.6098193526268 0.038429439067840576 0.4
      vertex 13 0 0.4
      vertex 23.805778324604034 9.882379435002804 0.4
    endloop
  endfacet
  facet normal 0 0 1
    outer loop
      vertex 11 2 0.4
      vertex 23.805778324604034 9.882379435002804 0.4
      vertex 11 11.656703680753708 0.4
    endloop
  endfacet
  facet normal 0 0 1
    outer loop
      vertex 11.001805797219276 11.741673894226551 0.4
      vertex 11 11.656703680753708 0.4
      vertex 23.805778324604034 9.882379435002804 0.4
    endloop
  endfacet
  facet normal 0 0 1
    outer loop
      vertex 11.001805797219276 11.741673894226551 0.4
      vertex 23.805778324604034 9.882379435002804 0.4
      vertex 11.007219932973385 11.826490662992 0.4
    endloop
  endfacet
  facet normal 0 0 1
    outer loop
      vertex 11.016232632100582 11.911000832915306 0.4
      vertex 11.007219932973385 11.826490662992 0.4
      vertex 23.805778324604034 9.882379435002804 0.4
    endloop
  endfacet
  facet normal 0 0 1
    outer loop
      vertex 11.016232632100582 11.911000832915306 0.4
      vertex 23.805778324604034 9.882379435002804 0.4
      vertex 11.028827615082264 11.9950517937541 0.4
    endloop
  endfacet
  facet normal 0 0 1
    outer loop
      vertex 11.044982142746449 12.078491762280464 0.4
      vertex 11.028827615082264 11.9950517937541 0.4
      vertex 23.805778324604034 9.882379435002804 0.4
    endloop
  endfacet
  facet normal 0 0 1
    outer loop
      vertex 11.044982142746449 12.078491762280464 0.4
      vertex 23.805778324604034 9.882379435002804 0.4
      vertex 11.064667038619518 12.161170065402985 0.4
    endloop
  endfacet
  facet normal 0 0 1
    outer loop
      vertex 11.087846755981445 12.242937408387661 0.4
      vertex 11.064667038619518 12.161170065402985 0.4
      vertex 23.805778324604034 9.882379435002804 0.4
    endloop
  endfacet
  facet normal 0 0 1
    outer loop
      vertex 11.087846755981445 12.242937408387661 0.4
      vertex 23.805778324604034 9.882379435002804 0.4
      vertex 11.114479444921017 12.323646128177643 0.4
    endloop
  endfacet
  facet normal 0 0 1
    outer loop
      vertex 11.114479444921017 12.323646128177643 0.4
      vertex 23.805778324604034 9.882379435002804 0.4
      vertex 15.1563061773777 23.750340349972248 0.4
    endloop
  endfacet
  facet normal 0 0 1
    outer loop
      vertex 23.805778324604034 9.882379435002804 0.4
      vertex 15.287948027253151 24.001751080155373 0.4
      vertex 15.1563061773777 23.750340349972248 0.4
    endloop
  endfacet
  facet normal 0 0 1
    outer loop
      vertex 23.805778324604034 9.882379435002804 0.4
      vertex 15.484914861619473 24.20605720579624 0.4
      vertex 15.287948027253151 24.001751080155373 0.4
    endloop
  endfacet
  facet normal 0 0 1
    outer loop
      vertex 23.805778324604034 9.882379435002804 0.4
      vertex 15.73134358227253 24.346804551780224 0.4
      vertex 15.484914861619473 24.20605720579624 0.4
    endloop
  endfacet
  facet normal 0 0 1
    outer loop
      vertex 23.805778324604034 9.882379435002804 0.4
      vertex 16.007387571036816 24.412657752633095 0.4
      vertex 15.73134358227253 24.346804551780224 0.4
    endloop
  endfacet
  facet normal 0 0 1
    outer loop
      vertex 23.805778324604034 9.882379435002804 0.4
      vertex 16.290815092623234 24.3983132019639 0.4
      vertex 16.007387571036816 24.412657752633095 0.4
    endloop
  endfacet
  facet normal 0 0 1
    outer loop
      vertex 23.805778324604034 9.882379435002804 0.4
      vertex 16.558799773454666 24.30492615699768 0.4
      vertex 16.290815092623234 24.3983132019639 0.4
    endloop
  endfacet
  facet normal 0 0 1
    outer loop
      vertex 23.805778324604034 9.882379435002804 0.4
      vertex 16.789758943021297 24.140017725527287 0.4
      vertex 16.558799773454666 24.30492615699768 0.4
    endloop
  endfacet
  facet normal 0 0 1
    outer loop
      vertex 23.805778324604034 9.882379435002804 0.4
      vertex 16.965091861784458 23.91686912626028 0.4
      vertex 16.789758943021297 24.140017725527287 0.4
    endloop
  endfacet
  facet normal 0 0 1
    outer loop
      vertex 13 0 0.4
      vertex 24.33331572264433 9.00223646312952 0.4
      vertex 24.238728061318398 9.072387456893921 0.4
    endloop
  endfacet
  facet normal 0 0 1
    outer loop
      vertex 13 0 0.4
      vertex 24.151471860706806 9.151471860706806 0.4
      vertex 24.07238745689392 9.238728061318398 0.4
    endloop
  endfacet
  facet normal 0 0 1
    outer loop
      vertex 13 0 0.4
      vertex 24.238728061318398 9.072387456893921 0.4
      vertex 24.151471860706806 9.151471860706806 0.4
    endloop
  endfacet
  facet normal 0 0 1
    outer loop
      vertex 13 0 0.4
      vertex 24.540779881179333 8.89134456217289 0.4
      vertex 24.43432391434908 8.941694483160973 0.4
    endloop
  endfacet
  facet normal 0 0 1
    outer loop
      vertex 13 0 0.4
      vertex 24.43432391434908 8.941694483160973 0.4
      vertex 24.33331572264433 9.00223646312952 0.4
    endloop
  endfacet
  facet normal 0 0 1
    outer loop
      vertex 13 0 0.4
      vertex 24.76589161157608 8.823057666420937 0.4
      vertex 24.65165838599205 8.85167159885168 0.4
    endloop
  endfacet
  facet normal 0 0 1
    outer loop
      vertex 13 0 0.4
      vertex 24.65165838599205 8.85167159885168 0.4
      vertex 24.540779881179333 8.89134456217289 0.4
    endloop
  endfacet
  facet normal 0 0 1
    outer loop
      vertex 13 0 0.4
      vertex 23.85167159885168 9.65165838599205 0.4
      vertex 23.823057666420937 9.76589161157608 0.4
    endloop
  endfacet
  facet normal 0 0 1
    outer loop
      vertex 13 0 0.4
      vertex 23.823057666420937 9.76589161157608 0.4
      vertex 23.805778324604034 9.882379435002804 0.4
    endloop
  endfacet
  facet normal 0 0 1
    outer loop
      vertex 13 0 0.4
      vertex 24.07238745689392 9.238728061318398 0.4
      vertex 24.00223646312952 9.333315722644329 0.4
    endloop
  endfacet
  facet normal 0 0 1
    outer loop
      vertex 13 0 0.4
      vertex 24.00223646312952 9.333315722644329 0.4
      vertex 23.941694483160973 9.43432391434908 0.4
    endloop
  endfacet
  facet normal 0 0 1
    outer loop
      vertex 13 0 0.4
      vertex 23.941694483160973 9.43432391434908 0.4
      vertex 23.89134456217289 9.540779881179333 0.4
    endloop
  endfacet
  facet normal 0 0 1
    outer loop
      vertex 13 0 0.4
      vertex 23.89134456217289 9.540779881179333 0.4
      vertex 23.85167159885168 9.65165838599205 0.4
    endloop
  endfacet
  facet normal 0 0 1
    outer loop
      vertex 13 0 0.4
      vertex 25 8.799999997019768 0.4
      vertex 24.882379435002804 8.805778324604034 0.4
    endloop
  endfacet
  facet normal 0 0 1
    outer loop
      vertex 13 0 0.4
      vertex 24.882379435002804 8.805778324604034 0.4
      vertex 24.76589161157608 8.823057666420937 0.4
    endloop
  endfacet
  facet normal 0 0 1
    outer loop
      vertex 13 0 0.4
      vertex 25.23410838842392 8.823057666420937 0.4
      vertex 25.117620564997196 8.805778324604034 0.4
    endloop
  endfacet
  facet normal 0 0 1
    outer loop
      vertex 13 0 0.4
      vertex 25.117620564997196 8.805778324604034 0.4
      vertex 25 8.799999997019768 0.4
    endloop
  endfacet
  facet normal 0 0 1
    outer loop
      vertex 13 0 0.4
      vertex 25.34834161400795 8.85167159885168 0.4
      vertex 25.23410838842392 8.823057666420937 0.4
    endloop
  endfacet
  facet normal 0 0 1
    outer loop
      vertex 13 0 0.4
      vertex 25.459220118820667 8.89134456217289 0.4
      vertex 25.34834161400795 8.85167159885168 0.4
    endloop
  endfacet
  facet normal 0 0 1
    outer loop
      vertex 13 0 0.4
      vertex 25.56567608565092 8.941694483160973 0.4
      vertex 25.459220118820667 8.89134456217289 0.4
    endloop
  endfacet
  facet normal 0 0 1
    outer loop
      vertex 13 0 0.4
      vertex 25.66668427735567 9.00223646312952 0.4
      vertex 25.56567608565092 8.941694483160973 0.4
    endloop
  endfacet
  facet normal 0 0 1
    outer loop
      vertex 23.805778324604034 9.882379435002804 0.4
      vertex 23.799999997019768 10 0.4
      vertex 16.965091861784458 23.91686912626028 0.4
    endloop
  endfacet
  facet normal 0 0 1
    outer loop
      vertex 23.799999997019768 10 0.4
      vertex 23.805778324604034 10.117620564997196 0.4
      vertex 16.965091861784458 23.91686912626028 0.4
    endloop
  endfacet
  facet normal 0 0 1
    outer loop
      vertex 23.805778324604034 10.117620564997196 0.4
      vertex 23.823057666420937 10.23410838842392 0.4
      vertex 16.965091861784458 23.91686912626028 0.4
    endloop
  endfacet
  facet normal 0 0 1
    outer loop
      vertex 23.823057666420937 10.23410838842392 0.4
      vertex 23.85167159885168 10.34834161400795 0.4
      vertex 16.965091861784458 23.91686912626028 0.4
    endloop
  endfacet
  facet normal 0 0 1
    outer loop
      vertex 23.85167159885168 10.34834161400795 0.4
      vertex 23.89134456217289 10.459220118820667 0.4
      vertex 16.965091861784458 23.91686912626028 0.4
    endloop
  endfacet
  facet normal 0 0 1
    outer loop
      vertex 23.89134456217289 10.459220118820667 0.4
      vertex 23.941694483160973 10.56567608565092 0.4
      vertex 16.965091861784458 23.91686912626028 0.4
    endloop
  endfacet
  facet normal 0 0 1
    outer loop
      vertex 24.00223646312952 10.666684277355671 0.4
      vertex 24.07238745689392 10.761271938681602 0.4
      vertex 16.965091861784458 23.91686912626028 0.4
    endloop
  endfacet
  facet normal 0 0 1
    outer loop
      vertex 23.941694483160973 10.56567608565092 0.4
      vertex 24.00223646312952 10.666684277355671 0.4
      vertex 16.965091861784458 23.91686912626028 0.4
    endloop
  endfacet
  facet normal 0 0 1
    outer loop
      vertex 24.07238745689392 10.761271938681602 0.4
      vertex 24.151471860706806 10.848528139293194 0.4
      vertex 16.965091861784458 23.91686912626028 0.4
    endloop
  endfacet
  facet normal 0 0 1
    outer loop
      vertex 24.151471860706806 10.848528139293194 0.4
      vertex 24.238728061318398 10.927612543106079 0.4
      vertex 16.965091861784458 23.91686912626028 0.4
    endloop
  endfacet
  facet normal 0 0 1
    outer loop
      vertex 24.238728061318398 10.927612543106079 0.4
      vertex 24.33331572264433 10.99776353687048 0.4
      vertex 16.965091861784458 23.91686912626028 0.4
    endloop
  endfacet
  facet normal 0 0 1
    outer loop
      vertex 24.33331572264433 10.99776353687048 0.4
      vertex 24.40064249187708 11.03811764717102 0.4
      vertex 16.965091861784458 23.91686912626028 0.4
    endloop
  endfacet
  facet normal -0.5000000000373479 0.866025403762876 0
    outer loop
      vertex 26.03811764717102 10.59935750067234 0
      vertex 26.03811764717102 10.59935750067234 0.4
      vertex 134.27246104180813 73.08848480135202 0.4
    endloop
  endfacet
  facet normal 0 0 1
    outer loop
      vertex 13 0 0.4
      vertex 155 0 0.4
      vertex 25.66668427735567 9.00223646312952 0.4
    endloop
  endfacet
  facet normal 0 0 1
    outer loop
      vertex 25.66668427735567 9.00223646312952 0.4
      vertex 155 0 0.4
      vertex 25.761271938681602 9.072387456893921 0.4
    endloop
  endfacet
  facet normal 0 0 1
    outer loop
      vertex 25.761271938681602 9.072387456893921 0.4
      vertex 155 0 0.4
      vertex 25.848528139293194 9.151471860706806 0.4
    endloop
  endfacet
  facet normal 0 0 1
    outer loop
      vertex 26.058305516839027 10.56567608565092 0.4
      vertex 26.10865543782711 10.459220118820667 0.4
      vertex 134.47423162311316 72.75185092538595 0.4
    endloop
  endfacet
  facet normal 0 0 1
    outer loop
      vertex 26.176942333579063 10.23410838842392 0.4
      vertex 135.22040861099958 71.84263163805008 0.4
      vertex 26.14832840114832 10.34834161400795 0.4
    endloop
  endfacet
  facet normal 0 0 1
    outer loop
      vertex 26.10865543782711 10.459220118820667 0.4
      vertex 26.14832840114832 10.34834161400795 0.4
      vertex 134.824986577034 72.2789126187563 0.4
    endloop
  endfacet
  facet normal 0 0 1
    outer loop
      vertex 26.058305516839027 10.56567608565092 0.4
      vertex 134.27246104180813 73.08848480135202 0.4
      vertex 26.03811764717102 10.59935750067234 0.4
    endloop
  endfacet
  facet normal 0 0 1
    outer loop
      vertex 26.194221675395966 10.117620564997196 0.4
      vertex 135.6566895917058 71.44720960408449 0.4
      vertex 26.176942333579063 10.23410838842392 0.4
    endloop
  endfacet
  facet normal 0 0 1
    outer loop
      vertex 26.194221675395966 10.117620564997196 0.4
      vertex 26.200000002980232 10 0.4
      vertex 136.12962789833546 71.09645465016365 0.4
    endloop
  endfacet
  facet normal 0 0 1
    outer loop
      vertex 26.194221675395966 9.882379435002804 0.4
      vertex 136.63466887921095 70.79374473541975 0.4
      vertex 26.200000002980232 10 0.4
    endloop
  endfacet
  facet normal 0 0 1
    outer loop
      vertex 26.14832840114832 9.65165838599205 0.4
      vertex 137.7213412374258 70.34363031387329 0.4
      vertex 26.176942333579063 9.76589161157608 0.4
    endloop
  endfacet
  facet normal 0 0 1
    outer loop
      vertex 26.058305516839027 9.43432391434908 0.4
      vertex 138.87494646012783 70.1141639649868 0.4
      vertex 26.10865543782711 9.540779881179333 0.4
    endloop
  endfacet
  facet normal 0 0 1
    outer loop
      vertex 26.10865543782711 9.540779881179333 0.4
      vertex 138.29250736534595 70.20056064426899 0.4
      vertex 26.14832840114832 9.65165838599205 0.4
    endloop
  endfacet
  facet normal 0 0 1
    outer loop
      vertex 26.176942333579063 9.76589161157608 0.4
      vertex 137.16694870591164 70.54199513047934 0.4
      vertex 26.194221675395966 9.882379435002804 0.4
    endloop
  endfacet
  facet normal 0 0 1
    outer loop
      vertex 25.99776353687048 9.333315722644329 0.4
      vertex 139.46304930001497 70.08527232706547 0.4
      vertex 26.058305516839027 9.43432391434908 0.4
    endloop
  endfacet
  facet normal 0 0 1
    outer loop
      vertex 25.848528139293194 9.151471860706806 0.4
      vertex 140.05115213990211 70.1141639649868 0.4
      vertex 25.92761254310608 9.238728061318398 0.4
    endloop
  endfacet
  facet normal 0 0 1
    outer loop
      vertex 25.92761254310608 9.238728061318398 0.4
      vertex 140.05115213990211 70.1141639649868 0.4
      vertex 25.99776353687048 9.333315722644329 0.4
    endloop
  endfacet
  facet normal 0 0 -1
    outer loop
      vertex 25.848528139293194 9.151471860706806 0
      vertex 155.3901806473732 0.038429439067840576 0
      vertex 155 0 0
    endloop
  endfacet
  facet normal 0 0 -1
    outer loop
      vertex 25.848528139293194 9.151471860706806 0
      vertex 155.76536686718464 0.15224093198776245 0
      vertex 155.3901806473732 0.038429439067840576 0
    endloop
  endfacet
  facet normal 0 0 -1
    outer loop
      vertex 25.848528139293194 9.151471860706806 0
      vertex 156.1111404672265 0.337060771882534 0
      vertex 155.76536686718464 0.15224093198776245 0
    endloop
  endfacet
  facet normal 0 0 -1
    outer loop
      vertex 25.848528139293194 9.151471860706806 0
      vertex 156.4142135605216 0.5857864394783974 0
      vertex 156.1111404672265 0.337060771882534 0
    endloop
  endfacet
  facet normal 0 0 -1
    outer loop
      vertex 25.848528139293194 9.151471860706806 0
      vertex 156.66293922811747 0.8888595327734947 0
      vertex 156.4142135605216 0.5857864394783974 0
    endloop
  endfacet
  facet normal 0 0 -1
    outer loop
      vertex 25.848528139293194 9.151471860706806 0
      vertex 156.84775906801224 1.234633132815361 0
      vertex 156.66293922811747 0.8888595327734947 0
    endloop
  endfacet
  facet normal 0 0 -1
    outer loop
      vertex 25.848528139293194 9.151471860706806 0
      vertex 156.96157056093216 1.6098193526268005 0
      vertex 156.84775906801224 1.234633132815361 0
    endloop
  endfacet
  facet normal 0 0 -1
    outer loop
      vertex 25.848528139293194 9.151471860706806 0
      vertex 157 2 0
      vertex 156.96157056093216 1.6098193526268005 0
    endloop
  endfacet
  facet normal 0 0 -1
    outer loop
      vertex 25.848528139293194 9.151471860706806 0
      vertex 140.6335912272334 70.20056064426899 0
      vertex 157 2 0
    endloop
  endfacet
  facet normal 0 0 -1
    outer loop
      vertex 26.14832840114832 10.34834161400795 0
      vertex 134.824986577034 72.2789126187563 0
      vertex 135.22040861099958 71.84263163805008 0
    endloop
  endfacet
  facet normal 0 0 -1
    outer loop
      vertex 26.176942333579063 10.23410838842392 0
      vertex 135.22040861099958 71.84263163805008 0
      vertex 135.6566895917058 71.44720960408449 0
    endloop
  endfacet
  facet normal 0 0 -1
    outer loop
      vertex 26.194221675395966 10.117620564997196 0
      vertex 135.6566895917058 71.44720960408449 0
      vertex 136.12962789833546 71.09645465016365 0
    endloop
  endfacet
  facet normal 0 0 -1
    outer loop
      vertex 26.176942333579063 9.76589161157608 0
      vertex 137.16694870591164 70.54199513047934 0
      vertex 137.7213412374258 70.34363031387329 0
    endloop
  endfacet
  facet normal 0 0 -1
    outer loop
      vertex 26.200000002980232 10 0
      vertex 136.12962789833546 71.09645465016365 0
      vertex 136.63466887921095 70.79374473541975 0
    endloop
  endfacet
  facet normal 0 0 -1
    outer loop
      vertex 26.194221675395966 9.882379435002804 0
      vertex 136.63466887921095 70.79374473541975 0
      vertex 137.16694870591164 70.54199513047934 0
    endloop
  endfacet
  facet normal 0 0 -1
    outer loop
      vertex 26.10865543782711 10.459220118820667 0
      vertex 134.47423162311316 72.75185092538595 0
      vertex 134.824986577034 72.2789126187563 0
    endloop
  endfacet
  facet normal 0 0 -1
    outer loop
      vertex 26.058305516839027 10.56567608565092 0
      vertex 134.27246104180813 73.08848480135202 0
      vertex 134.47423162311316 72.75185092538595 0
    endloop
  endfacet
  facet normal 0 0 -1
    outer loop
      vertex 26.14832840114832 9.65165838599205 0
      vertex 137.7213412374258 70.34363031387329 0
      vertex 138.29250736534595 70.20056064426899 0
    endloop
  endfacet
  facet normal 0 0 -1
    outer loop
      vertex 26.10865543782711 9.540779881179333 0
      vertex 138.29250736534595 70.20056064426899 0
      vertex 138.87494646012783 70.1141639649868 0
    endloop
  endfacet
  facet normal 0 0 -1
    outer loop
      vertex 26.058305516839027 9.43432391434908 0
      vertex 138.87494646012783 70.1141639649868 0
      vertex 139.46304930001497 70.08527232706547 0
    endloop
  endfacet
  facet normal 0 0 -1
    outer loop
      vertex 25.99776353687048 9.333315722644329 0
      vertex 139.46304930001497 70.08527232706547 0
      vertex 140.05115213990211 70.1141639649868 0
    endloop
  endfacet
  facet normal 0 0 -1
    outer loop
      vertex 25.848528139293194 9.151471860706806 0
      vertex 140.05115213990211 70.1141639649868 0
      vertex 140.6335912272334 70.20056064426899 0
    endloop
  endfacet
  facet normal -0.5000000000373479 0.866025403762876 6.300501497527274e-15
    outer loop
      vertex 26.03811764717102 10.59935750067234 0
      vertex 134.27246104180813 73.08848480135202 0.4
      vertex 134.27246104180813 73.08848480135202 0
    endloop
  endfacet
  facet normal 0.09801713918082348 -0.9951847267853375 0
    outer loop
      vertex 155 0 0
      vertex 155.3901806473732 0.038429439067840576 0
      vertex 155 0 0.4
    endloop
  endfacet
  facet normal 0.29028467119332607 -0.9569403375708345 0
    outer loop
      vertex 155.3901806473732 0.038429439067840576 0
      vertex 155.76536686718464 0.15224093198776245 0
      vertex 155.3901806473732 0.038429439067840576 0.4
    endloop
  endfacet
  facet normal 0.47139673713269076 -0.8819212641844242 0
    outer loop
      vertex 155.76536686718464 0.15224093198776245 0
      vertex 156.1111404672265 0.337060771882534 0
      vertex 155.76536686718464 0.15224093198776245 0.4
    endloop
  endfacet
  facet normal 0.6343932961394977 -0.773010443534409 0
    outer loop
      vertex 156.1111404672265 0.337060771882534 0
      vertex 156.4142135605216 0.5857864394783974 0
      vertex 156.1111404672265 0.337060771882534 0.4
    endloop
  endfacet
  facet normal 0.773010443534409 -0.6343932961394977 0
    outer loop
      vertex 156.4142135605216 0.5857864394783974 0
      vertex 156.66293922811747 0.8888595327734947 0
      vertex 156.4142135605216 0.5857864394783974 0.4
    endloop
  endfacet
  facet normal 0.8819212641844242 -0.47139673713269076 0
    outer loop
      vertex 156.66293922811747 0.8888595327734947 0
      vertex 156.84775906801224 1.234633132815361 0
      vertex 156.66293922811747 0.8888595327734947 0.4
    endloop
  endfacet
  facet normal 0.9569403375708345 -0.29028467119332607 0
    outer loop
      vertex 156.84775906801224 1.234633132815361 0
      vertex 156.96157056093216 1.6098193526268005 0
      vertex 156.84775906801224 1.234633132815361 0.4
    endloop
  endfacet
  facet normal 0.9951847267853375 -0.09801713918082348 0
    outer loop
      vertex 156.96157056093216 1.6098193526268005 0
      vertex 157 2 0
      vertex 156.96157056093216 1.6098193526268005 0.4
    endloop
  endfacet
  facet normal 0 0 -1
    outer loop
      vertex 157 2 0
      vertex 140.6335912272334 70.20056064426899 0
      vertex 141.20475736260414 70.34363031387329 0
    endloop
  endfacet
  facet normal 0 0 -1
    outer loop
      vertex 157 2 0
      vertex 141.20475736260414 70.34363031387329 0
      vertex 141.7591498941183 70.54199513047934 0
    endloop
  endfacet
  facet normal 0 0 -1
    outer loop
      vertex 157 2 0
      vertex 141.7591498941183 70.54199513047934 0
      vertex 142.291429720819 70.79374473541975 0
    endloop
  endfacet
  facet normal 0 0 -1
    outer loop
      vertex 157 2 0
      vertex 142.291429720819 70.79374473541975 0
      vertex 142.7964706942439 71.09645465016365 0
    endloop
  endfacet
  facet normal 0 0 -1
    outer loop
      vertex 157 2 0
      vertex 142.7964706942439 71.09645465016365 0
      vertex 143.26940900087357 71.44720960408449 0
    endloop
  endfacet
  facet normal 0 0 -1
    outer loop
      vertex 157 2 0
      vertex 143.26940900087357 71.44720960408449 0
      vertex 143.70568998903036 71.84263163805008 0
    endloop
  endfacet
  facet normal 0 0 -1
    outer loop
      vertex 157 2 0
      vertex 143.70568998903036 71.84263163805008 0
      vertex 144.10111201554537 72.2789126187563 0
    endloop
  endfacet
  facet normal 0 0 -1
    outer loop
      vertex 157 2 0
      vertex 144.10111201554537 72.2789126187563 0
      vertex 144.4518669694662 72.75185092538595 0
    endloop
  endfacet
  facet normal 0 0 -1
    outer loop
      vertex 157 2 0
      vertex 144.4518669694662 72.75185092538595 0
      vertex 144.7545768842101 73.25689190626144 0
    endloop
  endfacet
  facet normal 0 0 -1
    outer loop
      vertex 157 2 0
      vertex 144.7545768842101 73.25689190626144 0
      vertex 145.0063264966011 73.78917173296213 0
    endloop
  endfacet
  facet normal 0 0 -1
    outer loop
      vertex 157 2 0
      vertex 145.0063264966011 73.78917173296213 0
      vertex 145.20469131320715 74.3435642644763 0
    endloop
  endfacet
  facet normal 0 0 -1
    outer loop
      vertex 157 2 0
      vertex 145.20469131320715 74.3435642644763 0
      vertex 145.34776098281145 74.91473039239645 0
    endloop
  endfacet
  facet normal 0 0 -1
    outer loop
      vertex 157 2 0
      vertex 145.34776098281145 74.91473039239645 0
      vertex 145.43415766209364 75.49716947972775 0
    endloop
  endfacet
  facet normal 0 0 -1
    outer loop
      vertex 157 2 0
      vertex 145.43415766209364 75.49716947972775 0
      vertex 145.46304930001497 76.08527232706547 0
    endloop
  endfacet
  facet normal 0 0 -1
    outer loop
      vertex 157 2 0
      vertex 145.46304930001497 76.08527232706547 0
      vertex 145.43415766209364 76.67337516695261 0
    endloop
  endfacet
  facet normal 0 0 -1
    outer loop
      vertex 157 2 0
      vertex 145.43415766209364 76.67337516695261 0
      vertex 145.34776098281145 77.2558142542839 0
    endloop
  endfacet
  facet normal 0 0 -1
    outer loop
      vertex 157 2 0
      vertex 145.34776098281145 77.2558142542839 0
      vertex 157 146.41486094146967 0
    endloop
  endfacet
  facet normal 0.8577286089272587 0.5141027459834363 0
    outer loop
      vertex 134.27246104180813 73.08848480135202 0
      vertex 134.47423162311316 72.75185092538595 0.4
      vertex 134.47423162311316 72.75185092538595 0
    endloop
  endfacet
  facet normal 0.803207531110111 0.5956993049920405 0
    outer loop
      vertex 134.824986577034 72.2789126187563 0
      vertex 134.47423162311316 72.75185092538595 0
      vertex 134.824986577034 72.2789126187563 0.4
    endloop
  endfacet
  facet normal 0.5141027444968869 0.8577286098182622 0
    outer loop
      vertex 136.12962789833546 71.09645465016365 0
      vertex 136.63466887921095 70.79374473541975 0.4
      vertex 136.63466887921095 70.79374473541975 0
    endloop
  endfacet
  facet normal 0.4275550878697023 0.9039892957534017 0
    outer loop
      vertex 136.63466887921095 70.79374473541975 0
      vertex 137.16694870591164 70.54199513047934 0.4
      vertex 137.16694870591164 70.54199513047934 0
    endloop
  endfacet
  facet normal 0.6715589569035322 0.7409511234910436 0
    outer loop
      vertex 135.22040861099958 71.84263163805008 0
      vertex 135.6566895917058 71.44720960408449 0.4
      vertex 135.6566895917058 71.44720960408449 0
    endloop
  endfacet
  facet normal 0.7409511234910436 0.6715589569035322 0
    outer loop
      vertex 135.22040861099958 71.84263163805008 0
      vertex 134.824986577034 72.2789126187563 0
      vertex 135.22040861099958 71.84263163805008 0.4
    endloop
  endfacet
  facet normal 0.5956993049920405 0.803207531110111 0
    outer loop
      vertex 136.12962789833546 71.09645465016365 0
      vertex 135.6566895917058 71.44720960408449 0
      vertex 136.12962789833546 71.09645465016365 0.4
    endloop
  endfacet
  facet normal 1 0 0
    outer loop
      vertex 157 2 0
      vertex 157 146.41486094146967 0
      vertex 157 2 0.4
    endloop
  endfacet
  facet normal 0.336889848839689 0.9415440668119424 0
    outer loop
      vertex 137.16694870591164 70.54199513047934 0
      vertex 137.7213412374258 70.34363031387329 0.4
      vertex 137.7213412374258 70.34363031387329 0
    endloop
  endfacet
  facet normal 0.2429801838302629 0.9700312522108819 0
    outer loop
      vertex 138.29250736534595 70.20056064426899 0
      vertex 137.7213412374258 70.34363031387329 0
      vertex 138.29250736534595 70.20056064426899 0.4
    endloop
  endfacet
  facet normal 0.14673047607854156 0.9891765097240051 0
    outer loop
      vertex 138.29250736534595 70.20056064426899 0
      vertex 138.87494646012783 70.1141639649868 0.4
      vertex 138.87494646012783 70.1141639649868 0
    endloop
  endfacet
  facet normal 0.049067671035838485 0.9987954563668773 0
    outer loop
      vertex 138.87494646012783 70.1141639649868 0
      vertex 139.46304930001497 70.08527232706547 0.4
      vertex 139.46304930001497 70.08527232706547 0
    endloop
  endfacet
  facet normal -0.049067671035838485 0.9987954563668773 0
    outer loop
      vertex 139.46304930001497 70.08527232706547 0
      vertex 140.05115213990211 70.1141639649868 0.4
      vertex 140.05115213990211 70.1141639649868 0
    endloop
  endfacet
  facet normal -0.14673047791511168 0.9891765094515755 0
    outer loop
      vertex 140.05115213990211 70.1141639649868 0
      vertex 140.6335912272334 70.20056064426899 0.4
      vertex 140.6335912272334 70.20056064426899 0
    endloop
  endfacet
  facet normal -0.24298018084783485 0.9700312529579412 0
    outer loop
      vertex 140.6335912272334 70.20056064426899 0
      vertex 141.20475736260414 70.34363031387329 0.4
      vertex 141.20475736260414 70.34363031387329 0
    endloop
  endfacet
  facet normal -0.336889848839689 0.9415440668119424 0
    outer loop
      vertex 141.20475736260414 70.34363031387329 0
      vertex 141.7591498941183 70.54199513047934 0.4
      vertex 141.7591498941183 70.54199513047934 0
    endloop
  endfacet
  facet normal -0.4275550878697023 0.9039892957534017 0
    outer loop
      vertex 141.7591498941183 70.54199513047934 0
      vertex 142.291429720819 70.79374473541975 0.4
      vertex 142.291429720819 70.79374473541975 0
    endloop
  endfacet
  facet normal -0.5141027500766173 0.8577286064739005 0
    outer loop
      vertex 142.291429720819 70.79374473541975 0
      vertex 142.7964706942439 71.09645465016365 0.4
      vertex 142.7964706942439 71.09645465016365 0
    endloop
  endfacet
  facet normal -0.5956993049920405 0.803207531110111 0
    outer loop
      vertex 142.7964706942439 71.09645465016365 0
      vertex 143.26940900087357 71.44720960408449 0.4
      vertex 143.26940900087357 71.44720960408449 0
    endloop
  endfacet
  facet normal -0.6715589506072077 0.7409511291976995 0
    outer loop
      vertex 143.26940900087357 71.44720960408449 0
      vertex 143.70568998903036 71.84263163805008 0.4
      vertex 143.70568998903036 71.84263163805008 0
    endloop
  endfacet
  facet normal -0.7409511297873682 0.6715589499566087 0
    outer loop
      vertex 143.70568998903036 71.84263163805008 0
      vertex 144.10111201554537 72.2789126187563 0.4
      vertex 144.10111201554537 72.2789126187563 0
    endloop
  endfacet
  facet normal -0.803207531110111 0.5956993049920405 0
    outer loop
      vertex 144.10111201554537 72.2789126187563 0
      vertex 144.4518669694662 72.75185092538595 0.4
      vertex 144.4518669694662 72.75185092538595 0
    endloop
  endfacet
  facet normal -0.8577286098182622 0.5141027444968869 0
    outer loop
      vertex 144.4518669694662 72.75185092538595 0
      vertex 144.7545768842101 73.25689190626144 0.4
      vertex 144.7545768842101 73.25689190626144 0
    endloop
  endfacet
  facet normal -0.9039892908627271 0.42755509821016496 0
    outer loop
      vertex 144.7545768842101 73.25689190626144 0
      vertex 145.0063264966011 73.78917173296213 0.4
      vertex 145.0063264966011 73.78917173296213 0
    endloop
  endfacet
  facet normal -0.9415440668119424 0.336889848839689 0
    outer loop
      vertex 145.0063264966011 73.78917173296213 0
      vertex 145.20469131320715 74.3435642644763 0.4
      vertex 145.20469131320715 74.3435642644763 0
    endloop
  endfacet
  facet normal -0.9700312522108819 0.2429801838302629 0
    outer loop
      vertex 145.20469131320715 74.3435642644763 0
      vertex 145.34776098281145 74.91473039239645 0.4
      vertex 145.34776098281145 74.91473039239645 0
    endloop
  endfacet
  facet normal -0.9891765094515755 0.14673047791511168 0
    outer loop
      vertex 145.34776098281145 74.91473039239645 0
      vertex 145.43415766209364 75.49716947972775 0.4
      vertex 145.43415766209364 75.49716947972775 0
    endloop
  endfacet
  facet normal -0.9987954563973426 0.049067670415704694 0
    outer loop
      vertex 145.43415766209364 75.49716947972775 0
      vertex 145.46304930001497 76.08527232706547 0.4
      vertex 145.46304930001497 76.08527232706547 0
    endloop
  endfacet
  facet normal -0.9987954563668773 -0.049067671035838485 0
    outer loop
      vertex 145.46304930001497 76.08527232706547 0
      vertex 145.43415766209364 76.67337516695261 0.4
      vertex 145.43415766209364 76.67337516695261 0
    endloop
  endfacet
  facet normal -0.9891765094515755 -0.14673047791511168 0
    outer loop
      vertex 145.43415766209364 76.67337516695261 0
      vertex 145.34776098281145 77.2558142542839 0.4
      vertex 145.34776098281145 77.2558142542839 0
    endloop
  endfacet
  facet normal -0.9700312529579412 -0.24298018084783485 0
    outer loop
      vertex 145.34776098281145 77.2558142542839 0
      vertex 145.20469131320715 77.82698038965464 0.4
      vertex 145.20469131320715 77.82698038965464 0
    endloop
  endfacet
  facet normal -0.9415440668119424 -0.336889848839689 0
    outer loop
      vertex 145.0063264966011 78.3813729211688 0
      vertex 145.20469131320715 77.82698038965464 0
      vertex 145.0063264966011 78.3813729211688 0.4
    endloop
  endfacet
  facet normal 0 -1 0
    outer loop
      vertex 13 0 0.4
      vertex 155 0 0
      vertex 155 0 0.4
    endloop
  endfacet
  facet normal 0 0 1
    outer loop
      vertex 25.848528139293194 9.151471860706806 0.4
      vertex 155 0 0.4
      vertex 155.3901806473732 0.038429439067840576 0.4
    endloop
  endfacet
  facet normal 0 0 1
    outer loop
      vertex 25.848528139293194 9.151471860706806 0.4
      vertex 155.3901806473732 0.038429439067840576 0.4
      vertex 155.76536686718464 0.15224093198776245 0.4
    endloop
  endfacet
  facet normal 0 0 1
    outer loop
      vertex 25.848528139293194 9.151471860706806 0.4
      vertex 155.76536686718464 0.15224093198776245 0.4
      vertex 156.1111404672265 0.337060771882534 0.4
    endloop
  endfacet
  facet normal 0 0 1
    outer loop
      vertex 25.848528139293194 9.151471860706806 0.4
      vertex 156.1111404672265 0.337060771882534 0.4
      vertex 156.4142135605216 0.5857864394783974 0.4
    endloop
  endfacet
  facet normal 0 0 1
    outer loop
      vertex 25.848528139293194 9.151471860706806 0.4
      vertex 156.4142135605216 0.5857864394783974 0.4
      vertex 156.66293922811747 0.8888595327734947 0.4
    endloop
  endfacet
  facet normal 0 0 1
    outer loop
      vertex 25.848528139293194 9.151471860706806 0.4
      vertex 156.66293922811747 0.8888595327734947 0.4
      vertex 156.84775906801224 1.234633132815361 0.4
    endloop
  endfacet
  facet normal 0 0 1
    outer loop
      vertex 25.848528139293194 9.151471860706806 0.4
      vertex 156.84775906801224 1.234633132815361 0.4
      vertex 156.96157056093216 1.6098193526268005 0.4
    endloop
  endfacet
  facet normal 0 0 1
    outer loop
      vertex 25.848528139293194 9.151471860706806 0.4
      vertex 156.96157056093216 1.6098193526268005 0.4
      vertex 157 2 0.4
    endloop
  endfacet
  facet normal 0 0 1
    outer loop
      vertex 25.848528139293194 9.151471860706806 0.4
      vertex 157 2 0.4
      vertex 140.6335912272334 70.20056064426899 0.4
    endloop
  endfacet
  facet normal 0 0 1
    outer loop
      vertex 26.14832840114832 10.34834161400795 0.4
      vertex 135.22040861099958 71.84263163805008 0.4
      vertex 134.824986577034 72.2789126187563 0.4
    endloop
  endfacet
  facet normal 0 0 1
    outer loop
      vertex 26.176942333579063 10.23410838842392 0.4
      vertex 135.6566895917058 71.44720960408449 0.4
      vertex 135.22040861099958 71.84263163805008 0.4
    endloop
  endfacet
  facet normal 0 0 1
    outer loop
      vertex 26.194221675395966 10.117620564997196 0.4
      vertex 136.12962789833546 71.09645465016365 0.4
      vertex 135.6566895917058 71.44720960408449 0.4
    endloop
  endfacet
  facet normal 0 0 1
    outer loop
      vertex 26.176942333579063 9.76589161157608 0.4
      vertex 137.7213412374258 70.34363031387329 0.4
      vertex 137.16694870591164 70.54199513047934 0.4
    endloop
  endfacet
  facet normal 0 0 1
    outer loop
      vertex 26.200000002980232 10 0.4
      vertex 136.63466887921095 70.79374473541975 0.4
      vertex 136.12962789833546 71.09645465016365 0.4
    endloop
  endfacet
  facet normal 0 0 1
    outer loop
      vertex 26.194221675395966 9.882379435002804 0.4
      vertex 137.16694870591164 70.54199513047934 0.4
      vertex 136.63466887921095 70.79374473541975 0.4
    endloop
  endfacet
  facet normal 0 0 1
    outer loop
      vertex 26.10865543782711 10.459220118820667 0.4
      vertex 134.824986577034 72.2789126187563 0.4
      vertex 134.47423162311316 72.75185092538595 0.4
    endloop
  endfacet
  facet normal 0 0 1
    outer loop
      vertex 26.058305516839027 10.56567608565092 0.4
      vertex 134.47423162311316 72.75185092538595 0.4
      vertex 134.27246104180813 73.08848480135202 0.4
    endloop
  endfacet
  facet normal 0 0 1
    outer loop
      vertex 26.14832840114832 9.65165838599205 0.4
      vertex 138.29250736534595 70.20056064426899 0.4
      vertex 137.7213412374258 70.34363031387329 0.4
    endloop
  endfacet
  facet normal 0 0 1
    outer loop
      vertex 26.10865543782711 9.540779881179333 0.4
      vertex 138.87494646012783 70.1141639649868 0.4
      vertex 138.29250736534595 70.20056064426899 0.4
    endloop
  endfacet
  facet normal 0 0 1
    outer loop
      vertex 26.058305516839027 9.43432391434908 0.4
      vertex 139.46304930001497 70.08527232706547 0.4
      vertex 138.87494646012783 70.1141639649868 0.4
    endloop
  endfacet
  facet normal 0 0 1
    outer loop
      vertex 25.99776353687048 9.333315722644329 0.4
      vertex 140.05115213990211 70.1141639649868 0.4
      vertex 139.46304930001497 70.08527232706547 0.4
    endloop
  endfacet
  facet normal 0 0 1
    outer loop
      vertex 25.848528139293194 9.151471860706806 0.4
      vertex 140.6335912272334 70.20056064426899 0.4
      vertex 140.05115213990211 70.1141639649868 0.4
    endloop
  endfacet
  facet normal 0.09801713918082348 -0.9951847267853375 0
    outer loop
      vertex 155.3901806473732 0.038429439067840576 0
      vertex 155.3901806473732 0.038429439067840576 0.4
      vertex 155 0 0.4
    endloop
  endfacet
  facet normal 0.29028467119332607 -0.9569403375708345 0
    outer loop
      vertex 155.76536686718464 0.15224093198776245 0
      vertex 155.76536686718464 0.15224093198776245 0.4
      vertex 155.3901806473732 0.038429439067840576 0.4
    endloop
  endfacet
  facet normal 0.47139673713269076 -0.8819212641844242 0
    outer loop
      vertex 156.1111404672265 0.337060771882534 0
      vertex 156.1111404672265 0.337060771882534 0.4
      vertex 155.76536686718464 0.15224093198776245 0.4
    endloop
  endfacet
  facet normal 0.6343932961394977 -0.773010443534409 0
    outer loop
      vertex 156.4142135605216 0.5857864394783974 0
      vertex 156.4142135605216 0.5857864394783974 0.4
      vertex 156.1111404672265 0.337060771882534 0.4
    endloop
  endfacet
  facet normal 0.773010443534409 -0.6343932961394977 0
    outer loop
      vertex 156.66293922811747 0.8888595327734947 0
      vertex 156.66293922811747 0.8888595327734947 0.4
      vertex 156.4142135605216 0.5857864394783974 0.4
    endloop
  endfacet
  facet normal 0.8819212641844242 -0.47139673713269076 0
    outer loop
      vertex 156.84775906801224 1.234633132815361 0
      vertex 156.84775906801224 1.234633132815361 0.4
      vertex 156.66293922811747 0.8888595327734947 0.4
    endloop
  endfacet
  facet normal 0.9569403375708345 -0.29028467119332607 0
    outer loop
      vertex 156.96157056093216 1.6098193526268005 0
      vertex 156.96157056093216 1.6098193526268005 0.4
      vertex 156.84775906801224 1.234633132815361 0.4
    endloop
  endfacet
  facet normal 0.9951847267853375 -0.09801713918082348 0
    outer loop
      vertex 157 2 0
      vertex 157 2 0.4
      vertex 156.96157056093216 1.6098193526268005 0.4
    endloop
  endfacet
  facet normal 0.803207531110111 0.5956993049920405 0
    outer loop
      vertex 134.47423162311316 72.75185092538595 0
      vertex 134.47423162311316 72.75185092538595 0.4
      vertex 134.824986577034 72.2789126187563 0.4
    endloop
  endfacet
  facet normal 0.8577286089272587 0.5141027459834363 0
    outer loop
      vertex 134.27246104180813 73.08848480135202 0
      vertex 134.27246104180813 73.08848480135202 0.4
      vertex 134.47423162311316 72.75185092538595 0.4
    endloop
  endfacet
  facet normal 0.5141027444968869 0.8577286098182622 0
    outer loop
      vertex 136.12962789833546 71.09645465016365 0
      vertex 136.12962789833546 71.09645465016365 0.4
      vertex 136.63466887921095 70.79374473541975 0.4
    endloop
  endfacet
  facet normal 0.336889848839689 0.9415440668119424 0
    outer loop
      vertex 137.16694870591164 70.54199513047934 0
      vertex 137.16694870591164 70.54199513047934 0.4
      vertex 137.7213412374258 70.34363031387329 0.4
    endloop
  endfacet
  facet normal 0.4275550878697023 0.9039892957534017 0
    outer loop
      vertex 136.63466887921095 70.79374473541975 0
      vertex 136.63466887921095 70.79374473541975 0.4
      vertex 137.16694870591164 70.54199513047934 0.4
    endloop
  endfacet
  facet normal 0.6715589569035322 0.7409511234910436 0
    outer loop
      vertex 135.22040861099958 71.84263163805008 0
      vertex 135.22040861099958 71.84263163805008 0.4
      vertex 135.6566895917058 71.44720960408449 0.4
    endloop
  endfacet
  facet normal 0.7409511234910436 0.6715589569035322 0
    outer loop
      vertex 134.824986577034 72.2789126187563 0
      vertex 134.824986577034 72.2789126187563 0.4
      vertex 135.22040861099958 71.84263163805008 0.4
    endloop
  endfacet
  facet normal 0.5956993049920405 0.803207531110111 0
    outer loop
      vertex 135.6566895917058 71.44720960408449 0
      vertex 135.6566895917058 71.44720960408449 0.4
      vertex 136.12962789833546 71.09645465016365 0.4
    endloop
  endfacet
  facet normal 0.2429801838302629 0.9700312522108819 0
    outer loop
      vertex 137.7213412374258 70.34363031387329 0
      vertex 137.7213412374258 70.34363031387329 0.4
      vertex 138.29250736534595 70.20056064426899 0.4
    endloop
  endfacet
  facet normal 0.14673047607854156 0.9891765097240051 0
    outer loop
      vertex 138.29250736534595 70.20056064426899 0
      vertex 138.29250736534595 70.20056064426899 0.4
      vertex 138.87494646012783 70.1141639649868 0.4
    endloop
  endfacet
  facet normal 0.049067671035838485 0.9987954563668773 0
    outer loop
      vertex 138.87494646012783 70.1141639649868 0
      vertex 138.87494646012783 70.1141639649868 0.4
      vertex 139.46304930001497 70.08527232706547 0.4
    endloop
  endfacet
  facet normal -0.049067671035838485 0.9987954563668773 0
    outer loop
      vertex 139.46304930001497 70.08527232706547 0
      vertex 139.46304930001497 70.08527232706547 0.4
      vertex 140.05115213990211 70.1141639649868 0.4
    endloop
  endfacet
  facet normal -0.14673047791511168 0.9891765094515755 0
    outer loop
      vertex 140.05115213990211 70.1141639649868 0
      vertex 140.05115213990211 70.1141639649868 0.4
      vertex 140.6335912272334 70.20056064426899 0.4
    endloop
  endfacet
  facet normal -0.24298018084783485 0.9700312529579412 0
    outer loop
      vertex 140.6335912272334 70.20056064426899 0
      vertex 140.6335912272334 70.20056064426899 0.4
      vertex 141.20475736260414 70.34363031387329 0.4
    endloop
  endfacet
  facet normal -0.336889848839689 0.9415440668119424 0
    outer loop
      vertex 141.20475736260414 70.34363031387329 0
      vertex 141.20475736260414 70.34363031387329 0.4
      vertex 141.7591498941183 70.54199513047934 0.4
    endloop
  endfacet
  facet normal -0.4275550878697023 0.9039892957534017 0
    outer loop
      vertex 141.7591498941183 70.54199513047934 0
      vertex 141.7591498941183 70.54199513047934 0.4
      vertex 142.291429720819 70.79374473541975 0.4
    endloop
  endfacet
  facet normal -0.5141027500766173 0.8577286064739005 0
    outer loop
      vertex 142.291429720819 70.79374473541975 0
      vertex 142.291429720819 70.79374473541975 0.4
      vertex 142.7964706942439 71.09645465016365 0.4
    endloop
  endfacet
  facet normal -0.5956993049920405 0.803207531110111 0
    outer loop
      vertex 142.7964706942439 71.09645465016365 0
      vertex 142.7964706942439 71.09645465016365 0.4
      vertex 143.26940900087357 71.44720960408449 0.4
    endloop
  endfacet
  facet normal -0.6715589506072077 0.7409511291976995 0
    outer loop
      vertex 143.26940900087357 71.44720960408449 0
      vertex 143.26940900087357 71.44720960408449 0.4
      vertex 143.70568998903036 71.84263163805008 0.4
    endloop
  endfacet
  facet normal -0.7409511297873682 0.6715589499566087 0
    outer loop
      vertex 143.70568998903036 71.84263163805008 0
      vertex 143.70568998903036 71.84263163805008 0.4
      vertex 144.10111201554537 72.2789126187563 0.4
    endloop
  endfacet
  facet normal -0.803207531110111 0.5956993049920405 0
    outer loop
      vertex 144.10111201554537 72.2789126187563 0
      vertex 144.10111201554537 72.2789126187563 0.4
      vertex 144.4518669694662 72.75185092538595 0.4
    endloop
  endfacet
  facet normal -0.8577286098182622 0.5141027444968869 0
    outer loop
      vertex 144.4518669694662 72.75185092538595 0
      vertex 144.4518669694662 72.75185092538595 0.4
      vertex 144.7545768842101 73.25689190626144 0.4
    endloop
  endfacet
  facet normal -0.9039892908627271 0.42755509821016496 0
    outer loop
      vertex 144.7545768842101 73.25689190626144 0
      vertex 144.7545768842101 73.25689190626144 0.4
      vertex 145.0063264966011 73.78917173296213 0.4
    endloop
  endfacet
  facet normal -0.9415440668119424 0.336889848839689 0
    outer loop
      vertex 145.0063264966011 73.78917173296213 0
      vertex 145.0063264966011 73.78917173296213 0.4
      vertex 145.20469131320715 74.3435642644763 0.4
    endloop
  endfacet
  facet normal -0.9700312522108819 0.2429801838302629 0
    outer loop
      vertex 145.20469131320715 74.3435642644763 0
      vertex 145.20469131320715 74.3435642644763 0.4
      vertex 145.34776098281145 74.91473039239645 0.4
    endloop
  endfacet
  facet normal -0.9891765094515755 0.14673047791511168 0
    outer loop
      vertex 145.34776098281145 74.91473039239645 0
      vertex 145.34776098281145 74.91473039239645 0.4
      vertex 145.43415766209364 75.49716947972775 0.4
    endloop
  endfacet
  facet normal -0.9987954563973426 0.049067670415704694 0
    outer loop
      vertex 145.43415766209364 75.49716947972775 0
      vertex 145.43415766209364 75.49716947972775 0.4
      vertex 145.46304930001497 76.08527232706547 0.4
    endloop
  endfacet
  facet normal -0.9987954563668773 -0.049067671035838485 0
    outer loop
      vertex 145.46304930001497 76.08527232706547 0
      vertex 145.46304930001497 76.08527232706547 0.4
      vertex 145.43415766209364 76.67337516695261 0.4
    endloop
  endfacet
  facet normal -0.9891765094515755 -0.14673047791511168 0
    outer loop
      vertex 145.43415766209364 76.67337516695261 0
      vertex 145.43415766209364 76.67337516695261 0.4
      vertex 145.34776098281145 77.2558142542839 0.4
    endloop
  endfacet
  facet normal -0.9700312529579412 -0.24298018084783485 0
    outer loop
      vertex 145.34776098281145 77.2558142542839 0
      vertex 145.34776098281145 77.2558142542839 0.4
      vertex 145.20469131320715 77.82698038965464 0.4
    endloop
  endfacet
  facet normal -0.9415440668119424 -0.336889848839689 0
    outer loop
      vertex 145.20469131320715 77.82698038965464 0
      vertex 145.20469131320715 77.82698038965464 0.4
      vertex 145.0063264966011 78.3813729211688 0.4
    endloop
  endfacet
  facet normal 0 0 1
    outer loop
      vertex 157 2 0.4
      vertex 141.20475736260414 70.34363031387329 0.4
      vertex 140.6335912272334 70.20056064426899 0.4
    endloop
  endfacet
  facet normal 0 0 1
    outer loop
      vertex 157 2 0.4
      vertex 141.7591498941183 70.54199513047934 0.4
      vertex 141.20475736260414 70.34363031387329 0.4
    endloop
  endfacet
  facet normal 0 0 1
    outer loop
      vertex 157 2 0.4
      vertex 142.291429720819 70.79374473541975 0.4
      vertex 141.7591498941183 70.54199513047934 0.4
    endloop
  endfacet
  facet normal 0 0 1
    outer loop
      vertex 157 2 0.4
      vertex 142.7964706942439 71.09645465016365 0.4
      vertex 142.291429720819 70.79374473541975 0.4
    endloop
  endfacet
  facet normal 0 0 1
    outer loop
      vertex 157 2 0.4
      vertex 143.26940900087357 71.44720960408449 0.4
      vertex 142.7964706942439 71.09645465016365 0.4
    endloop
  endfacet
  facet normal 0 0 1
    outer loop
      vertex 157 2 0.4
      vertex 143.70568998903036 71.84263163805008 0.4
      vertex 143.26940900087357 71.44720960408449 0.4
    endloop
  endfacet
  facet normal 0 0 1
    outer loop
      vertex 157 2 0.4
      vertex 144.10111201554537 72.2789126187563 0.4
      vertex 143.70568998903036 71.84263163805008 0.4
    endloop
  endfacet
  facet normal 0 0 1
    outer loop
      vertex 157 2 0.4
      vertex 144.4518669694662 72.75185092538595 0.4
      vertex 144.10111201554537 72.2789126187563 0.4
    endloop
  endfacet
  facet normal 0 0 1
    outer loop
      vertex 157 2 0.4
      vertex 144.7545768842101 73.25689190626144 0.4
      vertex 144.4518669694662 72.75185092538595 0.4
    endloop
  endfacet
  facet normal 0 0 1
    outer loop
      vertex 157 2 0.4
      vertex 145.0063264966011 73.78917173296213 0.4
      vertex 144.7545768842101 73.25689190626144 0.4
    endloop
  endfacet
  facet normal 0 0 1
    outer loop
      vertex 157 2 0.4
      vertex 145.20469131320715 74.3435642644763 0.4
      vertex 145.0063264966011 73.78917173296213 0.4
    endloop
  endfacet
  facet normal 0 0 1
    outer loop
      vertex 157 2 0.4
      vertex 145.34776098281145 74.91473039239645 0.4
      vertex 145.20469131320715 74.3435642644763 0.4
    endloop
  endfacet
  facet normal 0 0 1
    outer loop
      vertex 157 2 0.4
      vertex 145.43415766209364 75.49716947972775 0.4
      vertex 145.34776098281145 74.91473039239645 0.4
    endloop
  endfacet
  facet normal 0 0 1
    outer loop
      vertex 157 2 0.4
      vertex 145.46304930001497 76.08527232706547 0.4
      vertex 145.43415766209364 75.49716947972775 0.4
    endloop
  endfacet
  facet normal 0 0 1
    outer loop
      vertex 157 2 0.4
      vertex 145.43415766209364 76.67337516695261 0.4
      vertex 145.46304930001497 76.08527232706547 0.4
    endloop
  endfacet
  facet normal 0 0 1
    outer loop
      vertex 157 2 0.4
      vertex 145.34776098281145 77.2558142542839 0.4
      vertex 145.43415766209364 76.67337516695261 0.4
    endloop
  endfacet
  facet normal 0 0 1
    outer loop
      vertex 157 2 0.4
      vertex 157 146.41486094146967 0.4
      vertex 145.34776098281145 77.2558142542839 0.4
    endloop
  endfacet
  facet normal 0 0 -1
    outer loop
      vertex 140.29710637778044 82.01989681273699 0
      vertex 150.3068681359291 153.24305257201195 0
      vertex 140.6335912272334 81.96998400986195 0
    endloop
  endfacet
  facet normal 0 0 -1
    outer loop
      vertex 140.6335912272334 81.96998400986195 0
      vertex 150.3068681359291 153.24305257201195 0
      vertex 141.20475736260414 81.82691434025764 0
    endloop
  endfacet
  facet normal 0 0 -1
    outer loop
      vertex 141.20475736260414 81.82691434025764 0
      vertex 150.3068681359291 153.24305257201195 0
      vertex 141.7591498941183 81.6285495236516 0
    endloop
  endfacet
  facet normal 0 0 -1
    outer loop
      vertex 141.7591498941183 81.6285495236516 0
      vertex 150.3068681359291 153.24305257201195 0
      vertex 142.291429720819 81.3767999112606 0
    endloop
  endfacet
  facet normal 0 0 -1
    outer loop
      vertex 142.7964706942439 81.0740899965167 0
      vertex 142.291429720819 81.3767999112606 0
      vertex 150.3068681359291 153.24305257201195 0
    endloop
  endfacet
  facet normal 0 0 -1
    outer loop
      vertex 143.26940900087357 80.72333504259586 0
      vertex 150.3068681359291 153.24305257201195 0
      vertex 143.70568998903036 80.32791300863028 0
    endloop
  endfacet
  facet normal 0 0 -1
    outer loop
      vertex 142.7964706942439 81.0740899965167 0
      vertex 150.3068681359291 153.24305257201195 0
      vertex 143.26940900087357 80.72333504259586 0
    endloop
  endfacet
  facet normal 0 0 -1
    outer loop
      vertex 144.4518669694662 79.4186937212944 0
      vertex 150.3068681359291 153.24305257201195 0
      vertex 144.7545768842101 78.91365274786949 0
    endloop
  endfacet
  facet normal 0 0 -1
    outer loop
      vertex 144.4518669694662 79.4186937212944 0
      vertex 144.10111201554537 79.89163202792406 0
      vertex 150.3068681359291 153.24305257201195 0
    endloop
  endfacet
  facet normal 0 0 -1
    outer loop
      vertex 145.0063264966011 78.3813729211688 0
      vertex 150.3068681359291 153.24305257201195 0
      vertex 145.20469131320715 77.82698038965464 0
    endloop
  endfacet
  facet normal 0 0 -1
    outer loop
      vertex 145.0063264966011 78.3813729211688 0
      vertex 144.7545768842101 78.91365274786949 0
      vertex 150.3068681359291 153.24305257201195 0
    endloop
  endfacet
  facet normal 0 0 -1
    outer loop
      vertex 143.70568998903036 80.32791300863028 0
      vertex 150.3068681359291 153.24305257201195 0
      vertex 144.10111201554537 79.89163202792406 0
    endloop
  endfacet
  facet normal 0 0 -1
    outer loop
      vertex 145.34776098281145 77.2558142542839 0
      vertex 145.20469131320715 77.82698038965464 0
      vertex 157 146.41486094146967 0
    endloop
  endfacet
  facet normal -0.14673044695582152 -0.989176514043952 0
    outer loop
      vertex 140.29710637778044 82.01989681273699 0
      vertex 140.6335912272334 81.96998400986195 0
      vertex 140.29710637778044 82.01989681273699 0.4
    endloop
  endfacet
  facet normal -0.24298018084783485 -0.9700312529579412 0
    outer loop
      vertex 140.6335912272334 81.96998400986195 0
      vertex 141.20475736260414 81.82691434025764 0
      vertex 140.6335912272334 81.96998400986195 0.4
    endloop
  endfacet
  facet normal -0.336889848839689 -0.9415440668119424 0
    outer loop
      vertex 141.20475736260414 81.82691434025764 0
      vertex 141.7591498941183 81.6285495236516 0
      vertex 141.20475736260414 81.82691434025764 0.4
    endloop
  endfacet
  facet normal -0.42755509821016496 -0.9039892908627271 0
    outer loop
      vertex 141.7591498941183 81.6285495236516 0
      vertex 142.291429720819 81.3767999112606 0
      vertex 141.7591498941183 81.6285495236516 0.4
    endloop
  endfacet
  facet normal -0.6715589506072077 -0.7409511291976995 0
    outer loop
      vertex 143.26940900087357 80.72333504259586 0
      vertex 143.70568998903036 80.32791300863028 0
      vertex 143.26940900087357 80.72333504259586 0.4
    endloop
  endfacet
  facet normal -0.8577286064739005 -0.5141027500766173 0
    outer loop
      vertex 144.4518669694662 79.4186937212944 0
      vertex 144.7545768842101 78.91365274786949 0
      vertex 144.4518669694662 79.4186937212944 0.4
    endloop
  endfacet
  facet normal -0.7409511297873682 -0.6715589499566087 0
    outer loop
      vertex 143.70568998903036 80.32791300863028 0
      vertex 144.10111201554537 79.89163202792406 0
      vertex 143.70568998903036 80.32791300863028 0.4
    endloop
  endfacet
  facet normal -0.803207531110111 -0.5956993049920405 0
    outer loop
      vertex 144.4518669694662 79.4186937212944 0
      vertex 144.10111201554537 79.89163202792406 0.4
      vertex 144.10111201554537 79.89163202792406 0
    endloop
  endfacet
  facet normal -0.5141027500766173 -0.8577286064739005 0
    outer loop
      vertex 142.7964706942439 81.0740899965167 0
      vertex 142.291429720819 81.3767999112606 0.4
      vertex 142.291429720819 81.3767999112606 0
    endloop
  endfacet
  facet normal -0.5956993049920405 -0.803207531110111 0
    outer loop
      vertex 142.7964706942439 81.0740899965167 0
      vertex 143.26940900087357 80.72333504259586 0
      vertex 142.7964706942439 81.0740899965167 0.4
    endloop
  endfacet
  facet normal -0.9039892908627271 -0.42755509821016496 0
    outer loop
      vertex 145.0063264966011 78.3813729211688 0
      vertex 144.7545768842101 78.91365274786949 0.4
      vertex 144.7545768842101 78.91365274786949 0
    endloop
  endfacet
  facet normal 0 0 -1
    outer loop
      vertex 145.20469131320715 77.82698038965464 0
      vertex 150.3068681359291 153.24305257201195 0
      vertex 156.40668140351772 149.01635977625847 0
    endloop
  endfacet
  facet normal 0 0 -1
    outer loop
      vertex 145.20469131320715 77.82698038965464 0
      vertex 156.99057491123676 146.75103380531073 0
      vertex 157 146.41486094146967 0
    endloop
  endfacet
  facet normal 0 0 -1
    outer loop
      vertex 145.20469131320715 77.82698038965464 0
      vertex 156.84979010373354 147.74901077151299 0
      vertex 156.91535180062056 147.41915824264288 0
    endloop
  endfacet
  facet normal 0 0 -1
    outer loop
      vertex 145.20469131320715 77.82698038965464 0
      vertex 156.9623292684555 147.08615051954985 0
      vertex 156.99057491123676 146.75103380531073 0
    endloop
  endfacet
  facet normal 0 0 -1
    outer loop
      vertex 145.20469131320715 77.82698038965464 0
      vertex 156.91535180062056 147.41915824264288 0
      vertex 156.9623292684555 147.08615051954985 0
    endloop
  endfacet
  facet normal 0 0 -1
    outer loop
      vertex 145.20469131320715 77.82698038965464 0
      vertex 156.76585014164448 148.07467181235552 0
      vertex 156.84979010373354 147.74901077151299 0
    endloop
  endfacet
  facet normal 0 0 -1
    outer loop
      vertex 145.20469131320715 77.82698038965464 0
      vertex 156.54394721984863 148.70934328436852 0
      vertex 156.66379564255476 148.39511822909117 0
    endloop
  endfacet
  facet normal 0 0 -1
    outer loop
      vertex 145.20469131320715 77.82698038965464 0
      vertex 156.66379564255476 148.39511822909117 0
      vertex 156.76585014164448 148.07467181235552 0
    endloop
  endfacet
  facet normal 0 0 -1
    outer loop
      vertex 145.20469131320715 77.82698038965464 0
      vertex 156.40668140351772 149.01635977625847 0
      vertex 156.54394721984863 148.70934328436852 0
    endloop
  endfacet
  facet normal 0 0 -1
    outer loop
      vertex 150.49424746632576 153.85047645121813 0
      vertex 150.86276914924383 154.36842099577188 0
      vertex 151.97979121655226 154.9409083351493 0
    endloop
  endfacet
  facet normal 0 0 -1
    outer loop
      vertex 150.3068681359291 153.24305257201195 0
      vertex 150.49424746632576 153.85047645121813 0
      vertex 154.089631408453 153.83187264949083 0
    endloop
  endfacet
  facet normal 0 0 -1
    outer loop
      vertex 150.86276914924383 154.36842099577188 0
      vertex 151.3752056211233 154.7445641234517 0
      vertex 151.97979121655226 154.9409083351493 0
    endloop
  endfacet
  facet normal 0 0 -1
    outer loop
      vertex 150.49424746632576 153.85047645121813 0
      vertex 151.97979121655226 154.9409083351493 0
      vertex 152.615451477468 154.93761920183897 0
    endloop
  endfacet
  facet normal 0 0 -1
    outer loop
      vertex 150.3068681359291 153.24305257201195 0
      vertex 154.089631408453 153.83187264949083 0
      vertex 156.40668140351772 149.01635977625847 0
    endloop
  endfacet
  facet normal 0 0 -1
    outer loop
      vertex 150.49424746632576 153.85047645121813 0
      vertex 153.21797283738852 154.73502898216248 0
      vertex 153.72648937255144 154.35360307991505 0
    endloop
  endfacet
  facet normal 0 0 -1
    outer loop
      vertex 150.49424746632576 153.85047645121813 0
      vertex 153.72648937255144 154.35360307991505 0
      vertex 154.089631408453 153.83187264949083 0
    endloop
  endfacet
  facet normal 0 0 -1
    outer loop
      vertex 150.49424746632576 153.85047645121813 0
      vertex 152.615451477468 154.93761920183897 0
      vertex 153.21797283738852 154.73502898216248 0
    endloop
  endfacet
  facet normal -0.9902680687461659 0.13917310092736637 3.916948339111114e-16
    outer loop
      vertex 140.29710637778044 82.01989681273699 0
      vertex 150.3068681359291 153.24305257201195 0.4
      vertex 150.3068681359291 153.24305257201195 0
    endloop
  endfacet
  facet normal 0.999607210692876 0.028025422937190302 0
    outer loop
      vertex 157 146.41486094146967 0
      vertex 156.99057491123676 146.75103380531073 0
      vertex 157 146.41486094146967 0.4
    endloop
  endfacet
  facet normal 0.9964667506426488 0.08398818288117221 0
    outer loop
      vertex 156.99057491123676 146.75103380531073 0
      vertex 156.9623292684555 147.08615051954985 0
      vertex 156.99057491123676 146.75103380531073 0.4
    endloop
  endfacet
  facet normal -0.955566656527977 0.2947751090779939 0
    outer loop
      vertex 150.3068681359291 153.24305257201195 0
      vertex 150.49424746632576 153.85047645121813 0.4
      vertex 150.49424746632576 153.85047645121813 0
    endloop
  endfacet
  facet normal -0.8148025685859916 0.5797385395380149 0
    outer loop
      vertex 150.49424746632576 153.85047645121813 0
      vertex 150.86276914924383 154.36842099577188 0.4
      vertex 150.86276914924383 154.36842099577188 0
    endloop
  endfacet
  facet normal -0.5917281815257847 0.8061375559966103 0
    outer loop
      vertex 150.86276914924383 154.36842099577188 0
      vertex 151.3752056211233 154.7445641234517 0.4
      vertex 151.3752056211233 154.7445641234517 0
    endloop
  endfacet
  facet normal -0.30887817583828686 0.9511016099717277 0
    outer loop
      vertex 151.3752056211233 154.7445641234517 0
      vertex 151.97979121655226 154.9409083351493 0.4
      vertex 151.97979121655226 154.9409083351493 0
    endloop
  endfacet
  facet normal 0.990195693481117 0.13968710968249584 0
    outer loop
      vertex 156.9623292684555 147.08615051954985 0
      vertex 156.91535180062056 147.41915824264288 0
      vertex 156.9623292684555 147.08615051954985 0.4
    endloop
  endfacet
  facet normal 0.9808137463465808 0.19494715944990054 0
    outer loop
      vertex 156.91535180062056 147.41915824264288 0
      vertex 156.84979010373354 147.74901077151299 0
      vertex 156.91535180062056 147.41915824264288 0.4
    endloop
  endfacet
  facet normal 0.9683503751056468 0.24959477364871419 0
    outer loop
      vertex 156.84979010373354 147.74901077151299 0
      vertex 156.76585014164448 148.07467181235552 0
      vertex 156.84979010373354 147.74901077151299 0.4
    endloop
  endfacet
  facet normal 0.9528447507792596 0.3034582029084252 0
    outer loop
      vertex 156.76585014164448 148.07467181235552 0
      vertex 156.66379564255476 148.39511822909117 0
      vertex 156.76585014164448 148.07467181235552 0.4
    endloop
  endfacet
  facet normal 0.934345571891575 0.35636828181897123 0
    outer loop
      vertex 156.66379564255476 148.39511822909117 0
      vertex 156.54394721984863 148.70934328436852 0
      vertex 156.66379564255476 148.39511822909117 0.4
    endloop
  endfacet
  facet normal 0.9129109656180348 0.4081587544747108 0
    outer loop
      vertex 156.54394721984863 148.70934328436852 0
      vertex 156.40668140351772 149.01635977625847 0
      vertex 156.54394721984863 148.70934328436852 0.4
    endloop
  endfacet
  facet normal 0.9011135675468491 0.43358313895144757 0
    outer loop
      vertex 156.40668140351772 149.01635977625847 0
      vertex 154.089631408453 153.83187264949083 0
      vertex 156.40668140351772 149.01635977625847 0.4
    endloop
  endfacet
  facet normal 0.6000387625027045 0.7999709266556024 0
    outer loop
      vertex 153.21797283738852 154.73502898216248 0
      vertex 153.72648937255144 154.35360307991505 0.4
      vertex 153.72648937255144 154.35360307991505 0
    endloop
  endfacet
  facet normal 0.8207583228876111 0.5712755687150607 0
    outer loop
      vertex 154.089631408453 153.83187264949083 0
      vertex 153.72648937255144 154.35360307991505 0
      vertex 154.089631408453 153.83187264949083 0.4
    endloop
  endfacet
  facet normal 0.00517428803065304 0.9999866132820858 0
    outer loop
      vertex 151.97979121655226 154.9409083351493 0
      vertex 152.615451477468 154.93761920183897 0.4
      vertex 152.615451477468 154.93761920183897 0
    endloop
  endfacet
  facet normal 0.3187040624896585 0.9478542717910745 0
    outer loop
      vertex 152.615451477468 154.93761920183897 0
      vertex 153.21797283738852 154.73502898216248 0.4
      vertex 153.21797283738852 154.73502898216248 0
    endloop
  endfacet
  facet normal -0.14673044695582152 -0.989176514043952 0
    outer loop
      vertex 140.6335912272334 81.96998400986195 0
      vertex 140.6335912272334 81.96998400986195 0.4
      vertex 140.29710637778044 82.01989681273699 0.4
    endloop
  endfacet
  facet normal -0.24298018084783485 -0.9700312529579412 0
    outer loop
      vertex 141.20475736260414 81.82691434025764 0
      vertex 141.20475736260414 81.82691434025764 0.4
      vertex 140.6335912272334 81.96998400986195 0.4
    endloop
  endfacet
  facet normal -0.336889848839689 -0.9415440668119424 0
    outer loop
      vertex 141.7591498941183 81.6285495236516 0
      vertex 141.7591498941183 81.6285495236516 0.4
      vertex 141.20475736260414 81.82691434025764 0.4
    endloop
  endfacet
  facet normal -0.42755509821016496 -0.9039892908627271 0
    outer loop
      vertex 142.291429720819 81.3767999112606 0
      vertex 142.291429720819 81.3767999112606 0.4
      vertex 141.7591498941183 81.6285495236516 0.4
    endloop
  endfacet
  facet normal -0.5956993049920405 -0.803207531110111 0
    outer loop
      vertex 143.26940900087357 80.72333504259586 0
      vertex 143.26940900087357 80.72333504259586 0.4
      vertex 142.7964706942439 81.0740899965167 0.4
    endloop
  endfacet
  facet normal -0.8577286064739005 -0.5141027500766173 0
    outer loop
      vertex 144.7545768842101 78.91365274786949 0
      vertex 144.7545768842101 78.91365274786949 0.4
      vertex 144.4518669694662 79.4186937212944 0.4
    endloop
  endfacet
  facet normal -0.803207531110111 -0.5956993049920405 0
    outer loop
      vertex 144.4518669694662 79.4186937212944 0
      vertex 144.4518669694662 79.4186937212944 0.4
      vertex 144.10111201554537 79.89163202792406 0.4
    endloop
  endfacet
  facet normal -0.7409511297873682 -0.6715589499566087 0
    outer loop
      vertex 144.10111201554537 79.89163202792406 0
      vertex 144.10111201554537 79.89163202792406 0.4
      vertex 143.70568998903036 80.32791300863028 0.4
    endloop
  endfacet
  facet normal -0.6715589506072077 -0.7409511291976995 0
    outer loop
      vertex 143.70568998903036 80.32791300863028 0
      vertex 143.70568998903036 80.32791300863028 0.4
      vertex 143.26940900087357 80.72333504259586 0.4
    endloop
  endfacet
  facet normal -0.5141027500766173 -0.8577286064739005 0
    outer loop
      vertex 142.7964706942439 81.0740899965167 0
      vertex 142.7964706942439 81.0740899965167 0.4
      vertex 142.291429720819 81.3767999112606 0.4
    endloop
  endfacet
  facet normal -0.9039892908627271 -0.42755509821016496 0
    outer loop
      vertex 145.0063264966011 78.3813729211688 0
      vertex 145.0063264966011 78.3813729211688 0.4
      vertex 144.7545768842101 78.91365274786949 0.4
    endloop
  endfacet
  facet normal -0.9902680687461659 0.13917310092736637 0
    outer loop
      vertex 140.29710637778044 82.01989681273699 0
      vertex 140.29710637778044 82.01989681273699 0.4
      vertex 150.3068681359291 153.24305257201195 0.4
    endloop
  endfacet
  facet normal 1 0 0
    outer loop
      vertex 157 2 0.4
      vertex 157 146.41486094146967 0
      vertex 157 146.41486094146967 0.4
    endloop
  endfacet
  facet normal 0 0 1
    outer loop
      vertex 140.29710637778044 82.01989681273699 0.4
      vertex 140.6335912272334 81.96998400986195 0.4
      vertex 150.3068681359291 153.24305257201195 0.4
    endloop
  endfacet
  facet normal 0 0 1
    outer loop
      vertex 140.6335912272334 81.96998400986195 0.4
      vertex 141.20475736260414 81.82691434025764 0.4
      vertex 150.3068681359291 153.24305257201195 0.4
    endloop
  endfacet
  facet normal 0 0 1
    outer loop
      vertex 141.20475736260414 81.82691434025764 0.4
      vertex 141.7591498941183 81.6285495236516 0.4
      vertex 150.3068681359291 153.24305257201195 0.4
    endloop
  endfacet
  facet normal 0 0 1
    outer loop
      vertex 141.7591498941183 81.6285495236516 0.4
      vertex 142.291429720819 81.3767999112606 0.4
      vertex 150.3068681359291 153.24305257201195 0.4
    endloop
  endfacet
  facet normal 0 0 1
    outer loop
      vertex 142.7964706942439 81.0740899965167 0.4
      vertex 150.3068681359291 153.24305257201195 0.4
      vertex 142.291429720819 81.3767999112606 0.4
    endloop
  endfacet
  facet normal 0 0 1
    outer loop
      vertex 143.26940900087357 80.72333504259586 0.4
      vertex 143.70568998903036 80.32791300863028 0.4
      vertex 150.3068681359291 153.24305257201195 0.4
    endloop
  endfacet
  facet normal 0 0 1
    outer loop
      vertex 142.7964706942439 81.0740899965167 0.4
      vertex 143.26940900087357 80.72333504259586 0.4
      vertex 150.3068681359291 153.24305257201195 0.4
    endloop
  endfacet
  facet normal 0 0 1
    outer loop
      vertex 144.4518669694662 79.4186937212944 0.4
      vertex 144.7545768842101 78.91365274786949 0.4
      vertex 150.3068681359291 153.24305257201195 0.4
    endloop
  endfacet
  facet normal 0 0 1
    outer loop
      vertex 144.4518669694662 79.4186937212944 0.4
      vertex 150.3068681359291 153.24305257201195 0.4
      vertex 144.10111201554537 79.89163202792406 0.4
    endloop
  endfacet
  facet normal 0 0 1
    outer loop
      vertex 145.0063264966011 78.3813729211688 0.4
      vertex 145.20469131320715 77.82698038965464 0.4
      vertex 150.3068681359291 153.24305257201195 0.4
    endloop
  endfacet
  facet normal 0 0 1
    outer loop
      vertex 145.0063264966011 78.3813729211688 0.4
      vertex 150.3068681359291 153.24305257201195 0.4
      vertex 144.7545768842101 78.91365274786949 0.4
    endloop
  endfacet
  facet normal 0 0 1
    outer loop
      vertex 143.70568998903036 80.32791300863028 0.4
      vertex 144.10111201554537 79.89163202792406 0.4
      vertex 150.3068681359291 153.24305257201195 0.4
    endloop
  endfacet
  facet normal 0 0 1
    outer loop
      vertex 145.34776098281145 77.2558142542839 0.4
      vertex 157 146.41486094146967 0.4
      vertex 145.20469131320715 77.82698038965464 0.4
    endloop
  endfacet
  facet normal 0.999607210692876 0.028025422937190302 0
    outer loop
      vertex 156.99057491123676 146.75103380531073 0
      vertex 156.99057491123676 146.75103380531073 0.4
      vertex 157 146.41486094146967 0.4
    endloop
  endfacet
  facet normal 0.9964667506426488 0.08398818288117221 0
    outer loop
      vertex 156.9623292684555 147.08615051954985 0
      vertex 156.9623292684555 147.08615051954985 0.4
      vertex 156.99057491123676 146.75103380531073 0.4
    endloop
  endfacet
  facet normal -0.955566656527977 0.2947751090779939 0
    outer loop
      vertex 150.3068681359291 153.24305257201195 0
      vertex 150.3068681359291 153.24305257201195 0.4
      vertex 150.49424746632576 153.85047645121813 0.4
    endloop
  endfacet
  facet normal -0.8148025685859916 0.5797385395380149 0
    outer loop
      vertex 150.49424746632576 153.85047645121813 0
      vertex 150.49424746632576 153.85047645121813 0.4
      vertex 150.86276914924383 154.36842099577188 0.4
    endloop
  endfacet
  facet normal -0.5917281815257847 0.8061375559966103 0
    outer loop
      vertex 150.86276914924383 154.36842099577188 0
      vertex 150.86276914924383 154.36842099577188 0.4
      vertex 151.3752056211233 154.7445641234517 0.4
    endloop
  endfacet
  facet normal -0.30887817583828686 0.9511016099717277 0
    outer loop
      vertex 151.3752056211233 154.7445641234517 0
      vertex 151.3752056211233 154.7445641234517 0.4
      vertex 151.97979121655226 154.9409083351493 0.4
    endloop
  endfacet
  facet normal 0.990195693481117 0.13968710968249584 0
    outer loop
      vertex 156.91535180062056 147.41915824264288 0
      vertex 156.91535180062056 147.41915824264288 0.4
      vertex 156.9623292684555 147.08615051954985 0.4
    endloop
  endfacet
  facet normal 0.9808137463465808 0.19494715944990054 0
    outer loop
      vertex 156.84979010373354 147.74901077151299 0
      vertex 156.84979010373354 147.74901077151299 0.4
      vertex 156.91535180062056 147.41915824264288 0.4
    endloop
  endfacet
  facet normal 0.9683503751056468 0.24959477364871419 0
    outer loop
      vertex 156.76585014164448 148.07467181235552 0
      vertex 156.76585014164448 148.07467181235552 0.4
      vertex 156.84979010373354 147.74901077151299 0.4
    endloop
  endfacet
  facet normal 0.9528447507792596 0.3034582029084252 0
    outer loop
      vertex 156.66379564255476 148.39511822909117 0
      vertex 156.66379564255476 148.39511822909117 0.4
      vertex 156.76585014164448 148.07467181235552 0.4
    endloop
  endfacet
  facet normal 0.934345571891575 0.35636828181897123 0
    outer loop
      vertex 156.54394721984863 148.70934328436852 0
      vertex 156.54394721984863 148.70934328436852 0.4
      vertex 156.66379564255476 148.39511822909117 0.4
    endloop
  endfacet
  facet normal 0.9129109656180348 0.4081587544747108 0
    outer loop
      vertex 156.40668140351772 149.01635977625847 0
      vertex 156.40668140351772 149.01635977625847 0.4
      vertex 156.54394721984863 148.70934328436852 0.4
    endloop
  endfacet
  facet normal 0.8207583228876111 0.5712755687150607 0
    outer loop
      vertex 153.72648937255144 154.35360307991505 0
      vertex 153.72648937255144 154.35360307991505 0.4
      vertex 154.089631408453 153.83187264949083 0.4
    endloop
  endfacet
  facet normal 0.00517428803065304 0.9999866132820858 0
    outer loop
      vertex 151.97979121655226 154.9409083351493 0
      vertex 151.97979121655226 154.9409083351493 0.4
      vertex 152.615451477468 154.93761920183897 0.4
    endloop
  endfacet
  facet normal 0.3187040624896585 0.9478542717910745 0
    outer loop
      vertex 152.615451477468 154.93761920183897 0
      vertex 152.615451477468 154.93761920183897 0.4
      vertex 153.21797283738852 154.73502898216248 0.4
    endloop
  endfacet
  facet normal 0.6000387625027045 0.7999709266556024 0
    outer loop
      vertex 153.21797283738852 154.73502898216248 0
      vertex 153.21797283738852 154.73502898216248 0.4
      vertex 153.72648937255144 154.35360307991505 0.4
    endloop
  endfacet
  facet normal 0.9011135675468491 0.43358313895144757 0
    outer loop
      vertex 154.089631408453 153.83187264949083 0
      vertex 154.089631408453 153.83187264949083 0.4
      vertex 156.40668140351772 149.01635977625847 0.4
    endloop
  endfacet
  facet normal 0 0 1
    outer loop
      vertex 145.20469131320715 77.82698038965464 0.4
      vertex 156.40668140351772 149.01635977625847 0.4
      vertex 150.3068681359291 153.24305257201195 0.4
    endloop
  endfacet
  facet normal 0 0 1
    outer loop
      vertex 145.20469131320715 77.82698038965464 0.4
      vertex 157 146.41486094146967 0.4
      vertex 156.99057491123676 146.75103380531073 0.4
    endloop
  endfacet
  facet normal 0 0 1
    outer loop
      vertex 145.20469131320715 77.82698038965464 0.4
      vertex 156.91535180062056 147.41915824264288 0.4
      vertex 156.84979010373354 147.74901077151299 0.4
    endloop
  endfacet
  facet normal 0 0 1
    outer loop
      vertex 145.20469131320715 77.82698038965464 0.4
      vertex 156.99057491123676 146.75103380531073 0.4
      vertex 156.9623292684555 147.08615051954985 0.4
    endloop
  endfacet
  facet normal 0 0 1
    outer loop
      vertex 145.20469131320715 77.82698038965464 0.4
      vertex 156.9623292684555 147.08615051954985 0.4
      vertex 156.91535180062056 147.41915824264288 0.4
    endloop
  endfacet
  facet normal 0 0 1
    outer loop
      vertex 145.20469131320715 77.82698038965464 0.4
      vertex 156.84979010373354 147.74901077151299 0.4
      vertex 156.76585014164448 148.07467181235552 0.4
    endloop
  endfacet
  facet normal 0 0 1
    outer loop
      vertex 145.20469131320715 77.82698038965464 0.4
      vertex 156.66379564255476 148.39511822909117 0.4
      vertex 156.54394721984863 148.70934328436852 0.4
    endloop
  endfacet
  facet normal 0 0 1
    outer loop
      vertex 145.20469131320715 77.82698038965464 0.4
      vertex 156.76585014164448 148.07467181235552 0.4
      vertex 156.66379564255476 148.39511822909117 0.4
    endloop
  endfacet
  facet normal 0 0 1
    outer loop
      vertex 145.20469131320715 77.82698038965464 0.4
      vertex 156.54394721984863 148.70934328436852 0.4
      vertex 156.40668140351772 149.01635977625847 0.4
    endloop
  endfacet
  facet normal 0 0 1
    outer loop
      vertex 150.49424746632576 153.85047645121813 0.4
      vertex 151.97979121655226 154.9409083351493 0.4
      vertex 150.86276914924383 154.36842099577188 0.4
    endloop
  endfacet
  facet normal 0 0 1
    outer loop
      vertex 150.3068681359291 153.24305257201195 0.4
      vertex 154.089631408453 153.83187264949083 0.4
      vertex 150.49424746632576 153.85047645121813 0.4
    endloop
  endfacet
  facet normal 0 0 1
    outer loop
      vertex 150.86276914924383 154.36842099577188 0.4
      vertex 151.97979121655226 154.9409083351493 0.4
      vertex 151.3752056211233 154.7445641234517 0.4
    endloop
  endfacet
  facet normal 0 0 1
    outer loop
      vertex 150.49424746632576 153.85047645121813 0.4
      vertex 152.615451477468 154.93761920183897 0.4
      vertex 151.97979121655226 154.9409083351493 0.4
    endloop
  endfacet
  facet normal 0 0 1
    outer loop
      vertex 150.3068681359291 153.24305257201195 0.4
      vertex 156.40668140351772 149.01635977625847 0.4
      vertex 154.089631408453 153.83187264949083 0.4
    endloop
  endfacet
  facet normal 0 0 1
    outer loop
      vertex 150.49424746632576 153.85047645121813 0.4
      vertex 153.72648937255144 154.35360307991505 0.4
      vertex 153.21797283738852 154.73502898216248 0.4
    endloop
  endfacet
  facet normal 0 0 1
    outer loop
      vertex 150.49424746632576 153.85047645121813 0.4
      vertex 154.089631408453 153.83187264949083 0.4
      vertex 153.72648937255144 154.35360307991505 0.4
    endloop
  endfacet
  facet normal 0 0 1
    outer loop
      vertex 150.49424746632576 153.85047645121813 0.4
      vertex 153.21797283738852 154.73502898216248 0.4
      vertex 152.615451477468 154.93761920183897 0.4
    endloop
  endfacet
  facet normal 0 0 -1
    outer loop
      vertex 3.7820271626114845 2.205971017837527 0
      vertex 6.50575253367424 3.0905235487818743 0
      vertex 4.384548522531986 2.0033807981610323 0
    endloop
  endfacet
  facet normal 0 0 -1
    outer loop
      vertex 3.273510627448559 2.587396920084956 0
      vertex 2.9103685915470123 3.109127350509169 0
      vertex 6.50575253367424 3.0905235487818743 0
    endloop
  endfacet
  facet normal 0 0 -1
    outer loop
      vertex 3.273510627448559 2.587396920084956 0
      vertex 6.50575253367424 3.0905235487818743 0
      vertex 3.7820271626114845 2.205971017837527 0
    endloop
  endfacet
  facet normal 0 0 -1
    outer loop
      vertex 2.9103685915470123 3.109127350509169 0
      vertex 0.5933185964822769 7.924640223741534 0
      vertex 6.693131864070892 3.697947427988055 0
    endloop
  endfacet
  facet normal 0 0 -1
    outer loop
      vertex 4.384548522531986 2.0033807981610323 0
      vertex 6.50575253367424 3.0905235487818743 0
      vertex 5.0202087834477425 2.0000916648507143 0
    endloop
  endfacet
  facet normal 0 0 -1
    outer loop
      vertex 5.0202087834477425 2.0000916648507143 0
      vertex 6.137230850756168 2.5725790042281176 0
      vertex 5.624794378876686 2.1964358765482928 0
    endloop
  endfacet
  facet normal 0 0 -1
    outer loop
      vertex 2.9103685915470123 3.109127350509169 0
      vertex 6.693131864070892 3.697947427988055 0
      vertex 6.50575253367424 3.0905235487818743 0
    endloop
  endfacet
  facet normal 0 0 -1
    outer loop
      vertex 5.0202087834477425 2.0000916648507143 0
      vertex 6.50575253367424 3.0905235487818743 0
      vertex 6.137230850756168 2.5725790042281176 0
    endloop
  endfacet
  facet normal 0 0 -1
    outer loop
      vertex 0.5933185964822769 7.924640223741534 0
      vertex 0.4560527801513672 8.231656715631487 0
      vertex 11.79530868679285 79.11401961034537 0
    endloop
  endfacet
  facet normal 0 0 -1
    outer loop
      vertex 0.33620435744524 8.545881770908835 0
      vertex 0.23414985835552216 8.866328187644484 0
      vertex 11.79530868679285 79.11401961034537 0
    endloop
  endfacet
  facet normal 0 0 -1
    outer loop
      vertex 0.4560527801513672 8.231656715631487 0
      vertex 0.33620435744524 8.545881770908835 0
      vertex 11.79530868679285 79.11401961034537 0
    endloop
  endfacet
  facet normal 0 0 -1
    outer loop
      vertex 0.23414985835552216 8.866328187644484 0
      vertex 0.15020989626646042 9.191989228487017 0
      vertex 11.79530868679285 79.11401961034537 0
    endloop
  endfacet
  facet normal 0 0 -1
    outer loop
      vertex 0.08464819937944412 9.521841757357123 0
      vertex 0.03767073154449463 9.854849480450156 0
      vertex 11.79530868679285 79.11401961034537 0
    endloop
  endfacet
  facet normal 0 0 -1
    outer loop
      vertex 0.03767073154449463 9.854849480450156 0
      vertex 0.009425088763237 10.189966194689276 0
      vertex 11.79530868679285 79.11401961034537 0
    endloop
  endfacet
  facet normal 0 0 -1
    outer loop
      vertex 0.15020989626646042 9.191989228487017 0
      vertex 0.08464819937944412 9.521841757357123 0
      vertex 11.79530868679285 79.11401961034537 0
    endloop
  endfacet
  facet normal 0 0 -1
    outer loop
      vertex 0.009425088763237 10.189966194689276 0
      vertex 0 10.526139058530333 0
      vertex 11.79530868679285 79.11401961034537 0
    endloop
  endfacet
  facet normal 0 0 -1
    outer loop
      vertex 0.5933185964822769 7.924640223741534 0
      vertex 11.79530868679285 79.11401961034537 0
      vertex 6.693131864070892 3.697947427988055 0
    endloop
  endfacet
  facet normal -0.3187040624896585 -0.9478542717910745 0
    outer loop
      vertex 3.7820271626114845 2.205971017837527 0
      vertex 4.384548522531986 2.0033807981610323 0
      vertex 3.7820271626114845 2.205971017837527 0.4
    endloop
  endfacet
  facet normal -0.00517428803065304 -0.9999866132820858 0
    outer loop
      vertex 4.384548522531986 2.0033807981610323 0
      vertex 5.0202087834477425 2.0000916648507143 0
      vertex 4.384548522531986 2.0033807981610323 0.4
    endloop
  endfacet
  facet normal -0.8207583228876111 -0.5712755687150607 0
    outer loop
      vertex 3.273510627448559 2.587396920084956 0
      vertex 2.9103685915470123 3.109127350509169 0.4
      vertex 2.9103685915470123 3.109127350509169 0
    endloop
  endfacet
  facet normal -0.6000387625027045 -0.7999709266556024 0
    outer loop
      vertex 3.273510627448559 2.587396920084956 0
      vertex 3.7820271626114845 2.205971017837527 0
      vertex 3.273510627448559 2.587396920084956 0.4
    endloop
  endfacet
  facet normal -0.9011135675468491 -0.43358313895144757 1.558147164428243e-16
    outer loop
      vertex 2.9103685915470123 3.109127350509169 0
      vertex 0.5933185964822769 7.924640223741534 0.4
      vertex 0.5933185964822769 7.924640223741534 0
    endloop
  endfacet
  facet normal -0.9129109656180348 -0.4081587544747108 0
    outer loop
      vertex 0.5933185964822769 7.924640223741534 0
      vertex 0.4560527801513672 8.231656715631487 0.4
      vertex 0.4560527801513672 8.231656715631487 0
    endloop
  endfacet
  facet normal -0.934345571891575 -0.35636828181897123 0
    outer loop
      vertex 0.4560527801513672 8.231656715631487 0
      vertex 0.33620435744524 8.545881770908835 0.4
      vertex 0.33620435744524 8.545881770908835 0
    endloop
  endfacet
  facet normal -0.9528447507792596 -0.3034582029084252 0
    outer loop
      vertex 0.33620435744524 8.545881770908835 0
      vertex 0.23414985835552216 8.866328187644484 0.4
      vertex 0.23414985835552216 8.866328187644484 0
    endloop
  endfacet
  facet normal -0.9683503751056468 -0.24959477364871419 0
    outer loop
      vertex 0.23414985835552216 8.866328187644484 0
      vertex 0.15020989626646042 9.191989228487017 0.4
      vertex 0.15020989626646042 9.191989228487017 0
    endloop
  endfacet
  facet normal -0.9808137463465808 -0.19494715944990054 0
    outer loop
      vertex 0.15020989626646042 9.191989228487017 0
      vertex 0.08464819937944412 9.521841757357123 0.4
      vertex 0.08464819937944412 9.521841757357123 0
    endloop
  endfacet
  facet normal -0.990195693481117 -0.13968710968249584 0
    outer loop
      vertex 0.08464819937944412 9.521841757357123 0
      vertex 0.03767073154449463 9.854849480450156 0.4
      vertex 0.03767073154449463 9.854849480450156 0
    endloop
  endfacet
  facet normal 0.30887817583828686 -0.9511016099717277 0
    outer loop
      vertex 5.0202087834477425 2.0000916648507143 0
      vertex 5.624794378876686 2.1964358765482928 0
      vertex 5.0202087834477425 2.0000916648507143 0.4
    endloop
  endfacet
  facet normal 0.5917281815257847 -0.8061375559966103 0
    outer loop
      vertex 5.624794378876686 2.1964358765482928 0
      vertex 6.137230850756168 2.5725790042281176 0
      vertex 5.624794378876686 2.1964358765482928 0.4
    endloop
  endfacet
  facet normal 0.8148025685859916 -0.5797385395380149 0
    outer loop
      vertex 6.137230850756168 2.5725790042281176 0
      vertex 6.50575253367424 3.0905235487818743 0
      vertex 6.137230850756168 2.5725790042281176 0.4
    endloop
  endfacet
  facet normal 0.955566656527977 -0.2947751090779939 0
    outer loop
      vertex 6.50575253367424 3.0905235487818743 0
      vertex 6.693131864070892 3.697947427988055 0
      vertex 6.50575253367424 3.0905235487818743 0.4
    endloop
  endfacet
  facet normal -0.9964667506426488 -0.08398818288117221 0
    outer loop
      vertex 0.03767073154449463 9.854849480450156 0
      vertex 0.009425088763237 10.189966194689276 0.4
      vertex 0.009425088763237 10.189966194689276 0
    endloop
  endfacet
  facet normal -0.999607210692876 -0.028025422937190302 0
    outer loop
      vertex 0.009425088763237 10.189966194689276 0
      vertex 0 10.526139058530333 0.4
      vertex 0 10.526139058530333 0
    endloop
  endfacet
  facet normal 0.9902680687461659 -0.13917310092736637 0
    outer loop
      vertex 6.693131864070892 3.697947427988055 0
      vertex 16.702893622219563 74.92110318726301 0
      vertex 6.693131864070892 3.697947427988055 0.4
    endloop
  endfacet
  facet normal 0 0 -1
    outer loop
      vertex 0 10.526139058530333 0
      vertex 11.652239017188549 79.6851857457161 0
      vertex 11.79530868679285 79.11401961034537 0
    endloop
  endfacet
  facet normal 0 0 -1
    outer loop
      vertex 6.693131864070892 3.697947427988055 0
      vertex 12.898887984454632 77.04936797207594 0
      vertex 13.294310010969639 76.61308699136973 0
    endloop
  endfacet
  facet normal 0 0 -1
    outer loop
      vertex 6.693131864070892 3.697947427988055 0
      vertex 11.993673503398895 78.5596270788312 0
      vertex 12.24542311578989 78.02734725213051 0
    endloop
  endfacet
  facet normal 0 0 -1
    outer loop
      vertex 6.693131864070892 3.697947427988055 0
      vertex 11.79530868679285 79.11401961034537 0
      vertex 11.993673503398895 78.5596270788312 0
    endloop
  endfacet
  facet normal 0 0 -1
    outer loop
      vertex 6.693131864070892 3.697947427988055 0
      vertex 12.54813303053379 77.5223062787056 0
      vertex 12.898887984454632 77.04936797207594 0
    endloop
  endfacet
  facet normal 0 0 -1
    outer loop
      vertex 6.693131864070892 3.697947427988055 0
      vertex 12.24542311578989 78.02734725213051 0
      vertex 12.54813303053379 77.5223062787056 0
    endloop
  endfacet
  facet normal 0 0 -1
    outer loop
      vertex 6.693131864070892 3.697947427988055 0
      vertex 13.730590999126434 76.21766495740414 0
      vertex 14.203529305756092 75.8669100034833 0
    endloop
  endfacet
  facet normal 0 0 -1
    outer loop
      vertex 6.693131864070892 3.697947427988055 0
      vertex 13.294310010969639 76.61308699136973 0
      vertex 13.730590999126434 76.21766495740414 0
    endloop
  endfacet
  facet normal 0 0 -1
    outer loop
      vertex 6.693131864070892 3.697947427988055 0
      vertex 14.203529305756092 75.8669100034833 0
      vertex 14.708570279181004 75.5642000887394 0
    endloop
  endfacet
  facet normal 0 0 -1
    outer loop
      vertex 6.693131864070892 3.697947427988055 0
      vertex 14.708570279181004 75.5642000887394 0
      vertex 15.240850105881691 75.3124504763484 0
    endloop
  endfacet
  facet normal 0 0 -1
    outer loop
      vertex 6.693131864070892 3.697947427988055 0
      vertex 15.240850105881691 75.3124504763484 0
      vertex 15.795242637395859 75.11408565974236 0
    endloop
  endfacet
  facet normal 0 0 -1
    outer loop
      vertex 6.693131864070892 3.697947427988055 0
      vertex 15.795242637395859 75.11408565974236 0
      vertex 16.36640877276659 74.97101599013806 0
    endloop
  endfacet
  facet normal 0 0 -1
    outer loop
      vertex 6.693131864070892 3.697947427988055 0
      vertex 16.36640877276659 74.97101599013806 0
      vertex 16.702893622219563 74.92110318726301 0
    endloop
  endfacet
  facet normal 0.9039892908627271 0.42755509821016496 0
    outer loop
      vertex 12.24542311578989 78.02734725213051 0
      vertex 11.993673503398895 78.5596270788312 0
      vertex 12.24542311578989 78.02734725213051 0.4
    endloop
  endfacet
  facet normal 0.5956993049920405 0.803207531110111 0
    outer loop
      vertex 13.730590999126434 76.21766495740414 0
      vertex 14.203529305756092 75.8669100034833 0.4
      vertex 14.203529305756092 75.8669100034833 0
    endloop
  endfacet
  facet normal 0.5141027500766173 0.8577286064739005 0
    outer loop
      vertex 14.708570279181004 75.5642000887394 0
      vertex 14.203529305756092 75.8669100034833 0
      vertex 14.708570279181004 75.5642000887394 0.4
    endloop
  endfacet
  facet normal 0.803207531110111 0.5956993049920405 0
    outer loop
      vertex 12.898887984454632 77.04936797207594 0
      vertex 12.54813303053379 77.5223062787056 0
      vertex 12.898887984454632 77.04936797207594 0.4
    endloop
  endfacet
  facet normal 0.7409511297873682 0.6715589499566087 0
    outer loop
      vertex 12.898887984454632 77.04936797207594 0
      vertex 13.294310010969639 76.61308699136973 0.4
      vertex 13.294310010969639 76.61308699136973 0
    endloop
  endfacet
  facet normal 0.8577286064739005 0.5141027500766173 0
    outer loop
      vertex 12.24542311578989 78.02734725213051 0
      vertex 12.54813303053379 77.5223062787056 0.4
      vertex 12.54813303053379 77.5223062787056 0
    endloop
  endfacet
  facet normal 0.6715589506072077 0.7409511291976995 0
    outer loop
      vertex 13.294310010969639 76.61308699136973 0
      vertex 13.730590999126434 76.21766495740414 0.4
      vertex 13.730590999126434 76.21766495740414 0
    endloop
  endfacet
  facet normal 0.42755509821016496 0.9039892908627271 0
    outer loop
      vertex 14.708570279181004 75.5642000887394 0
      vertex 15.240850105881691 75.3124504763484 0.4
      vertex 15.240850105881691 75.3124504763484 0
    endloop
  endfacet
  facet normal 0.336889848839689 0.9415440668119424 0
    outer loop
      vertex 15.240850105881691 75.3124504763484 0
      vertex 15.795242637395859 75.11408565974236 0.4
      vertex 15.795242637395859 75.11408565974236 0
    endloop
  endfacet
  facet normal 0.24298018084783485 0.9700312529579412 0
    outer loop
      vertex 15.795242637395859 75.11408565974236 0
      vertex 16.36640877276659 74.97101599013806 0.4
      vertex 16.36640877276659 74.97101599013806 0
    endloop
  endfacet
  facet normal 0.14673044695582152 0.989176514043952 0
    outer loop
      vertex 16.36640877276659 74.97101599013806 0
      vertex 16.702893622219563 74.92110318726301 0.4
      vertex 16.702893622219563 74.92110318726301 0
    endloop
  endfacet
  facet normal -0.9011135675468491 -0.43358313895144757 0
    outer loop
      vertex 2.9103685915470123 3.109127350509169 0
      vertex 2.9103685915470123 3.109127350509169 0.4
      vertex 0.5933185964822769 7.924640223741534 0.4
    endloop
  endfacet
  facet normal -0.6000387625027045 -0.7999709266556024 0
    outer loop
      vertex 3.7820271626114845 2.205971017837527 0
      vertex 3.7820271626114845 2.205971017837527 0.4
      vertex 3.273510627448559 2.587396920084956 0.4
    endloop
  endfacet
  facet normal -0.3187040624896585 -0.9478542717910745 0
    outer loop
      vertex 4.384548522531986 2.0033807981610323 0
      vertex 4.384548522531986 2.0033807981610323 0.4
      vertex 3.7820271626114845 2.205971017837527 0.4
    endloop
  endfacet
  facet normal -0.00517428803065304 -0.9999866132820858 0
    outer loop
      vertex 5.0202087834477425 2.0000916648507143 0
      vertex 5.0202087834477425 2.0000916648507143 0.4
      vertex 4.384548522531986 2.0033807981610323 0.4
    endloop
  endfacet
  facet normal -0.8207583228876111 -0.5712755687150607 0
    outer loop
      vertex 3.273510627448559 2.587396920084956 0
      vertex 3.273510627448559 2.587396920084956 0.4
      vertex 2.9103685915470123 3.109127350509169 0.4
    endloop
  endfacet
  facet normal -0.9129109656180348 -0.4081587544747108 0
    outer loop
      vertex 0.5933185964822769 7.924640223741534 0
      vertex 0.5933185964822769 7.924640223741534 0.4
      vertex 0.4560527801513672 8.231656715631487 0.4
    endloop
  endfacet
  facet normal -0.934345571891575 -0.35636828181897123 0
    outer loop
      vertex 0.4560527801513672 8.231656715631487 0
      vertex 0.4560527801513672 8.231656715631487 0.4
      vertex 0.33620435744524 8.545881770908835 0.4
    endloop
  endfacet
  facet normal -0.9528447507792596 -0.3034582029084252 0
    outer loop
      vertex 0.33620435744524 8.545881770908835 0
      vertex 0.33620435744524 8.545881770908835 0.4
      vertex 0.23414985835552216 8.866328187644484 0.4
    endloop
  endfacet
  facet normal -0.9683503751056468 -0.24959477364871419 0
    outer loop
      vertex 0.23414985835552216 8.866328187644484 0
      vertex 0.23414985835552216 8.866328187644484 0.4
      vertex 0.15020989626646042 9.191989228487017 0.4
    endloop
  endfacet
  facet normal -0.9808137463465808 -0.19494715944990054 0
    outer loop
      vertex 0.15020989626646042 9.191989228487017 0
      vertex 0.15020989626646042 9.191989228487017 0.4
      vertex 0.08464819937944412 9.521841757357123 0.4
    endloop
  endfacet
  facet normal -0.990195693481117 -0.13968710968249584 0
    outer loop
      vertex 0.08464819937944412 9.521841757357123 0
      vertex 0.08464819937944412 9.521841757357123 0.4
      vertex 0.03767073154449463 9.854849480450156 0.4
    endloop
  endfacet
  facet normal 0.30887817583828686 -0.9511016099717277 0
    outer loop
      vertex 5.624794378876686 2.1964358765482928 0
      vertex 5.624794378876686 2.1964358765482928 0.4
      vertex 5.0202087834477425 2.0000916648507143 0.4
    endloop
  endfacet
  facet normal 0.5917281815257847 -0.8061375559966103 0
    outer loop
      vertex 6.137230850756168 2.5725790042281176 0
      vertex 6.137230850756168 2.5725790042281176 0.4
      vertex 5.624794378876686 2.1964358765482928 0.4
    endloop
  endfacet
  facet normal 0.8148025685859916 -0.5797385395380149 0
    outer loop
      vertex 6.50575253367424 3.0905235487818743 0
      vertex 6.50575253367424 3.0905235487818743 0.4
      vertex 6.137230850756168 2.5725790042281176 0.4
    endloop
  endfacet
  facet normal 0.955566656527977 -0.2947751090779939 0
    outer loop
      vertex 6.693131864070892 3.697947427988055 0
      vertex 6.693131864070892 3.697947427988055 0.4
      vertex 6.50575253367424 3.0905235487818743 0.4
    endloop
  endfacet
  facet normal -0.9964667506426488 -0.08398818288117221 0
    outer loop
      vertex 0.03767073154449463 9.854849480450156 0
      vertex 0.03767073154449463 9.854849480450156 0.4
      vertex 0.009425088763237 10.189966194689276 0.4
    endloop
  endfacet
  facet normal -0.999607210692876 -0.028025422937190302 0
    outer loop
      vertex 0.009425088763237 10.189966194689276 0
      vertex 0.009425088763237 10.189966194689276 0.4
      vertex 0 10.526139058530333 0.4
    endloop
  endfacet
  facet normal 0 0 1
    outer loop
      vertex 3.7820271626114845 2.205971017837527 0.4
      vertex 4.384548522531986 2.0033807981610323 0.4
      vertex 6.50575253367424 3.0905235487818743 0.4
    endloop
  endfacet
  facet normal 0 0 1
    outer loop
      vertex 3.273510627448559 2.587396920084956 0.4
      vertex 6.50575253367424 3.0905235487818743 0.4
      vertex 2.9103685915470123 3.109127350509169 0.4
    endloop
  endfacet
  facet normal 0 0 1
    outer loop
      vertex 3.273510627448559 2.587396920084956 0.4
      vertex 3.7820271626114845 2.205971017837527 0.4
      vertex 6.50575253367424 3.0905235487818743 0.4
    endloop
  endfacet
  facet normal 0 0 1
    outer loop
      vertex 2.9103685915470123 3.109127350509169 0.4
      vertex 6.693131864070892 3.697947427988055 0.4
      vertex 0.5933185964822769 7.924640223741534 0.4
    endloop
  endfacet
  facet normal 0 0 1
    outer loop
      vertex 4.384548522531986 2.0033807981610323 0.4
      vertex 5.0202087834477425 2.0000916648507143 0.4
      vertex 6.50575253367424 3.0905235487818743 0.4
    endloop
  endfacet
  facet normal 0 0 1
    outer loop
      vertex 5.0202087834477425 2.0000916648507143 0.4
      vertex 5.624794378876686 2.1964358765482928 0.4
      vertex 6.137230850756168 2.5725790042281176 0.4
    endloop
  endfacet
  facet normal 0 0 1
    outer loop
      vertex 2.9103685915470123 3.109127350509169 0.4
      vertex 6.50575253367424 3.0905235487818743 0.4
      vertex 6.693131864070892 3.697947427988055 0.4
    endloop
  endfacet
  facet normal 0 0 1
    outer loop
      vertex 5.0202087834477425 2.0000916648507143 0.4
      vertex 6.137230850756168 2.5725790042281176 0.4
      vertex 6.50575253367424 3.0905235487818743 0.4
    endloop
  endfacet
  facet normal 0 0 1
    outer loop
      vertex 0.5933185964822769 7.924640223741534 0.4
      vertex 11.79530868679285 79.11401961034537 0.4
      vertex 0.4560527801513672 8.231656715631487 0.4
    endloop
  endfacet
  facet normal 0 0 1
    outer loop
      vertex 0.33620435744524 8.545881770908835 0.4
      vertex 11.79530868679285 79.11401961034537 0.4
      vertex 0.23414985835552216 8.866328187644484 0.4
    endloop
  endfacet
  facet normal 0 0 1
    outer loop
      vertex 0.4560527801513672 8.231656715631487 0.4
      vertex 11.79530868679285 79.11401961034537 0.4
      vertex 0.33620435744524 8.545881770908835 0.4
    endloop
  endfacet
  facet normal 0 0 1
    outer loop
      vertex 0.23414985835552216 8.866328187644484 0.4
      vertex 11.79530868679285 79.11401961034537 0.4
      vertex 0.15020989626646042 9.191989228487017 0.4
    endloop
  endfacet
  facet normal 0 0 1
    outer loop
      vertex 0.08464819937944412 9.521841757357123 0.4
      vertex 11.79530868679285 79.11401961034537 0.4
      vertex 0.03767073154449463 9.854849480450156 0.4
    endloop
  endfacet
  facet normal 0 0 1
    outer loop
      vertex 0.03767073154449463 9.854849480450156 0.4
      vertex 11.79530868679285 79.11401961034537 0.4
      vertex 0.009425088763237 10.189966194689276 0.4
    endloop
  endfacet
  facet normal 0 0 1
    outer loop
      vertex 0.15020989626646042 9.191989228487017 0.4
      vertex 11.79530868679285 79.11401961034537 0.4
      vertex 0.08464819937944412 9.521841757357123 0.4
    endloop
  endfacet
  facet normal 0 0 1
    outer loop
      vertex 0.009425088763237 10.189966194689276 0.4
      vertex 11.79530868679285 79.11401961034537 0.4
      vertex 0 10.526139058530333 0.4
    endloop
  endfacet
  facet normal 0 0 1
    outer loop
      vertex 0.5933185964822769 7.924640223741534 0.4
      vertex 6.693131864070892 3.697947427988055 0.4
      vertex 11.79530868679285 79.11401961034537 0.4
    endloop
  endfacet
  facet normal -1 0 0
    outer loop
      vertex 0 10.526139058530333 0
      vertex 0 10.526139058530333 0.4
      vertex 0 154.941 0.4
    endloop
  endfacet
  facet normal 0.9902680687461659 -0.13917310092736637 0
    outer loop
      vertex 16.702893622219563 74.92110318726301 0
      vertex 16.702893622219563 74.92110318726301 0.4
      vertex 6.693131864070892 3.697947427988055 0.4
    endloop
  endfacet
  facet normal 0.9039892908627271 0.42755509821016496 0
    outer loop
      vertex 11.993673503398895 78.5596270788312 0
      vertex 11.993673503398895 78.5596270788312 0.4
      vertex 12.24542311578989 78.02734725213051 0.4
    endloop
  endfacet
  facet normal 0.5141027500766173 0.8577286064739005 0
    outer loop
      vertex 14.203529305756092 75.8669100034833 0
      vertex 14.203529305756092 75.8669100034833 0.4
      vertex 14.708570279181004 75.5642000887394 0.4
    endloop
  endfacet
  facet normal 0.6715589506072077 0.7409511291976995 0
    outer loop
      vertex 13.294310010969639 76.61308699136973 0
      vertex 13.294310010969639 76.61308699136973 0.4
      vertex 13.730590999126434 76.21766495740414 0.4
    endloop
  endfacet
  facet normal 0.7409511297873682 0.6715589499566087 0
    outer loop
      vertex 12.898887984454632 77.04936797207594 0
      vertex 12.898887984454632 77.04936797207594 0.4
      vertex 13.294310010969639 76.61308699136973 0.4
    endloop
  endfacet
  facet normal 0.803207531110111 0.5956993049920405 0
    outer loop
      vertex 12.54813303053379 77.5223062787056 0
      vertex 12.54813303053379 77.5223062787056 0.4
      vertex 12.898887984454632 77.04936797207594 0.4
    endloop
  endfacet
  facet normal 0.8577286064739005 0.5141027500766173 0
    outer loop
      vertex 12.24542311578989 78.02734725213051 0
      vertex 12.24542311578989 78.02734725213051 0.4
      vertex 12.54813303053379 77.5223062787056 0.4
    endloop
  endfacet
  facet normal 0.5956993049920405 0.803207531110111 0
    outer loop
      vertex 13.730590999126434 76.21766495740414 0
      vertex 13.730590999126434 76.21766495740414 0.4
      vertex 14.203529305756092 75.8669100034833 0.4
    endloop
  endfacet
  facet normal 0.42755509821016496 0.9039892908627271 0
    outer loop
      vertex 14.708570279181004 75.5642000887394 0
      vertex 14.708570279181004 75.5642000887394 0.4
      vertex 15.240850105881691 75.3124504763484 0.4
    endloop
  endfacet
  facet normal 0.336889848839689 0.9415440668119424 0
    outer loop
      vertex 15.240850105881691 75.3124504763484 0
      vertex 15.240850105881691 75.3124504763484 0.4
      vertex 15.795242637395859 75.11408565974236 0.4
    endloop
  endfacet
  facet normal 0.24298018084783485 0.9700312529579412 0
    outer loop
      vertex 15.795242637395859 75.11408565974236 0
      vertex 15.795242637395859 75.11408565974236 0.4
      vertex 16.36640877276659 74.97101599013806 0.4
    endloop
  endfacet
  facet normal 0.14673044695582152 0.989176514043952 0
    outer loop
      vertex 16.36640877276659 74.97101599013806 0
      vertex 16.36640877276659 74.97101599013806 0.4
      vertex 16.702893622219563 74.92110318726301 0.4
    endloop
  endfacet
  facet normal 0 0 1
    outer loop
      vertex 0 10.526139058530333 0.4
      vertex 11.79530868679285 79.11401961034537 0.4
      vertex 11.652239017188549 79.6851857457161 0.4
    endloop
  endfacet
  facet normal 0 0 1
    outer loop
      vertex 6.693131864070892 3.697947427988055 0.4
      vertex 13.294310010969639 76.61308699136973 0.4
      vertex 12.898887984454632 77.04936797207594 0.4
    endloop
  endfacet
  facet normal 0 0 1
    outer loop
      vertex 6.693131864070892 3.697947427988055 0.4
      vertex 12.24542311578989 78.02734725213051 0.4
      vertex 11.993673503398895 78.5596270788312 0.4
    endloop
  endfacet
  facet normal 0 0 1
    outer loop
      vertex 6.693131864070892 3.697947427988055 0.4
      vertex 11.993673503398895 78.5596270788312 0.4
      vertex 11.79530868679285 79.11401961034537 0.4
    endloop
  endfacet
  facet normal 0 0 1
    outer loop
      vertex 6.693131864070892 3.697947427988055 0.4
      vertex 12.898887984454632 77.04936797207594 0.4
      vertex 12.54813303053379 77.5223062787056 0.4
    endloop
  endfacet
  facet normal 0 0 1
    outer loop
      vertex 6.693131864070892 3.697947427988055 0.4
      vertex 12.54813303053379 77.5223062787056 0.4
      vertex 12.24542311578989 78.02734725213051 0.4
    endloop
  endfacet
  facet normal 0 0 1
    outer loop
      vertex 6.693131864070892 3.697947427988055 0.4
      vertex 14.203529305756092 75.8669100034833 0.4
      vertex 13.730590999126434 76.21766495740414 0.4
    endloop
  endfacet
  facet normal 0 0 1
    outer loop
      vertex 6.693131864070892 3.697947427988055 0.4
      vertex 13.730590999126434 76.21766495740414 0.4
      vertex 13.294310010969639 76.61308699136973 0.4
    endloop
  endfacet
  facet normal 0 0 1
    outer loop
      vertex 6.693131864070892 3.697947427988055 0.4
      vertex 14.708570279181004 75.5642000887394 0.4
      vertex 14.203529305756092 75.8669100034833 0.4
    endloop
  endfacet
  facet normal 0 0 1
    outer loop
      vertex 6.693131864070892 3.697947427988055 0.4
      vertex 15.240850105881691 75.3124504763484 0.4
      vertex 14.708570279181004 75.5642000887394 0.4
    endloop
  endfacet
  facet normal 0 0 1
    outer loop
      vertex 6.693131864070892 3.697947427988055 0.4
      vertex 15.795242637395859 75.11408565974236 0.4
      vertex 15.240850105881691 75.3124504763484 0.4
    endloop
  endfacet
  facet normal 0 0 1
    outer loop
      vertex 6.693131864070892 3.697947427988055 0.4
      vertex 16.36640877276659 74.97101599013806 0.4
      vertex 15.795242637395859 75.11408565974236 0.4
    endloop
  endfacet
  facet normal 0 0 1
    outer loop
      vertex 6.693131864070892 3.697947427988055 0.4
      vertex 16.702893622219563 74.92110318726301 0.4
      vertex 16.36640877276659 74.97101599013806 0.4
    endloop
  endfacet
  facet normal 0 0 -1
    outer loop
      vertex 0 10.526139058530333 0
      vertex 0 154.941 0
      vertex 11.652239017188549 79.6851857457161 0
    endloop
  endfacet
  facet normal 0 0 -1
    outer loop
      vertex 11.652239017188549 79.6851857457161 0
      vertex 0 154.941 0
      vertex 11.56584233790636 80.26762483304739 0
    endloop
  endfacet
  facet normal 0 0 -1
    outer loop
      vertex 11.56584233790636 80.26762483304739 0
      vertex 0 154.941 0
      vertex 11.536950699985027 80.85572767293453 0
    endloop
  endfacet
  facet normal 0 0 -1
    outer loop
      vertex 11.536950699985027 80.85572767293453 0
      vertex 0 154.941 0
      vertex 11.56584233790636 81.44383052027226 0
    endloop
  endfacet
  facet normal 0 0 -1
    outer loop
      vertex 11.56584233790636 81.44383052027226 0
      vertex 0 154.941 0
      vertex 11.652239017188549 82.02626960760355 0
    endloop
  endfacet
  facet normal 0 0 -1
    outer loop
      vertex 11.652239017188549 82.02626960760355 0
      vertex 0 154.941 0
      vertex 11.79530868679285 82.5974357355237 0
    endloop
  endfacet
  facet normal 0 0 -1
    outer loop
      vertex 11.79530868679285 82.5974357355237 0
      vertex 0 154.941 0
      vertex 11.993673503398895 83.15182826703787 0
    endloop
  endfacet
  facet normal 0 0 -1
    outer loop
      vertex 11.993673503398895 83.15182826703787 0
      vertex 0 154.941 0
      vertex 12.24542311578989 83.68410809373856 0
    endloop
  endfacet
  facet normal 0 0 -1
    outer loop
      vertex 12.24542311578989 83.68410809373856 0
      vertex 0 154.941 0
      vertex 12.54813303053379 84.18914907461405 0
    endloop
  endfacet
  facet normal 0 0 -1
    outer loop
      vertex 12.54813303053379 84.18914907461405 0
      vertex 0 154.941 0
      vertex 12.898887984454632 84.66208738124371 0
    endloop
  endfacet
  facet normal 0 0 -1
    outer loop
      vertex 12.898887984454632 84.66208738124371 0
      vertex 0 154.941 0
      vertex 13.294310010969639 85.09836836194992 0
    endloop
  endfacet
  facet normal 0 0 -1
    outer loop
      vertex 13.294310010969639 85.09836836194992 0
      vertex 0 154.941 0
      vertex 13.730590999126434 85.49379039591551 0
    endloop
  endfacet
  facet normal 0 0 -1
    outer loop
      vertex 13.730590999126434 85.49379039591551 0
      vertex 0 154.941 0
      vertex 14.203529305756092 85.84454534983635 0
    endloop
  endfacet
  facet normal 0 0 -1
    outer loop
      vertex 14.203529305756092 85.84454534983635 0
      vertex 0 154.941 0
      vertex 14.708570279181004 86.14725526458025 0
    endloop
  endfacet
  facet normal 0 0 -1
    outer loop
      vertex 14.708570279181004 86.14725526458025 0
      vertex 0 154.941 0
      vertex 15.240850105881691 86.39900486952067 0
    endloop
  endfacet
  facet normal 0 0 -1
    outer loop
      vertex 15.240850105881691 86.39900486952067 0
      vertex 0 154.941 0
      vertex 15.795242637395859 86.59736968612671 0
    endloop
  endfacet
  facet normal 0 0 -1
    outer loop
      vertex 15.795242637395859 86.59736968612671 0
      vertex 0 154.941 0
      vertex 16.36640877276659 86.74043935573101 0
    endloop
  endfacet
  facet normal 0.9415440668119424 0.336889848839689 0
    outer loop
      vertex 11.79530868679285 79.11401961034537 0
      vertex 11.993673503398895 78.5596270788312 0.4
      vertex 11.993673503398895 78.5596270788312 0
    endloop
  endfacet
  facet normal 0.9700312529579412 0.24298018084783485 0
    outer loop
      vertex 11.79530868679285 79.11401961034537 0
      vertex 11.652239017188549 79.6851857457161 0
      vertex 11.79530868679285 79.11401961034537 0.4
    endloop
  endfacet
  facet normal 0.9891765094515755 0.14673047791511168 0
    outer loop
      vertex 11.652239017188549 79.6851857457161 0
      vertex 11.56584233790636 80.26762483304739 0
      vertex 11.652239017188549 79.6851857457161 0.4
    endloop
  endfacet
  facet normal 0.9987954563668773 0.049067671035838485 0
    outer loop
      vertex 11.56584233790636 80.26762483304739 0
      vertex 11.536950699985027 80.85572767293453 0
      vertex 11.56584233790636 80.26762483304739 0.4
    endloop
  endfacet
  facet normal 0.9987954563973426 -0.049067670415704694 0
    outer loop
      vertex 11.536950699985027 80.85572767293453 0
      vertex 11.56584233790636 81.44383052027226 0
      vertex 11.536950699985027 80.85572767293453 0.4
    endloop
  endfacet
  facet normal 0.9891765094515755 -0.14673047791511168 0
    outer loop
      vertex 11.56584233790636 81.44383052027226 0
      vertex 11.652239017188549 82.02626960760355 0
      vertex 11.56584233790636 81.44383052027226 0.4
    endloop
  endfacet
  facet normal 0.9700312522108819 -0.2429801838302629 0
    outer loop
      vertex 11.652239017188549 82.02626960760355 0
      vertex 11.79530868679285 82.5974357355237 0
      vertex 11.652239017188549 82.02626960760355 0.4
    endloop
  endfacet
  facet normal 0.9415440668119424 -0.336889848839689 0
    outer loop
      vertex 11.79530868679285 82.5974357355237 0
      vertex 11.993673503398895 83.15182826703787 0
      vertex 11.79530868679285 82.5974357355237 0.4
    endloop
  endfacet
  facet normal 0.9039892908627271 -0.42755509821016496 0
    outer loop
      vertex 11.993673503398895 83.15182826703787 0
      vertex 12.24542311578989 83.68410809373856 0
      vertex 11.993673503398895 83.15182826703787 0.4
    endloop
  endfacet
  facet normal 0.8577286098182622 -0.5141027444968869 0
    outer loop
      vertex 12.24542311578989 83.68410809373856 0
      vertex 12.54813303053379 84.18914907461405 0
      vertex 12.24542311578989 83.68410809373856 0.4
    endloop
  endfacet
  facet normal 0.803207531110111 -0.5956993049920405 0
    outer loop
      vertex 12.54813303053379 84.18914907461405 0
      vertex 12.898887984454632 84.66208738124371 0
      vertex 12.54813303053379 84.18914907461405 0.4
    endloop
  endfacet
  facet normal 0.7409511297873682 -0.6715589499566087 0
    outer loop
      vertex 12.898887984454632 84.66208738124371 0
      vertex 13.294310010969639 85.09836836194992 0
      vertex 12.898887984454632 84.66208738124371 0.4
    endloop
  endfacet
  facet normal 0.6715589506072077 -0.7409511291976995 0
    outer loop
      vertex 13.294310010969639 85.09836836194992 0
      vertex 13.730590999126434 85.49379039591551 0
      vertex 13.294310010969639 85.09836836194992 0.4
    endloop
  endfacet
  facet normal 0.5956993049920405 -0.803207531110111 0
    outer loop
      vertex 13.730590999126434 85.49379039591551 0
      vertex 14.203529305756092 85.84454534983635 0
      vertex 13.730590999126434 85.49379039591551 0.4
    endloop
  endfacet
  facet normal 0.5141027500766173 -0.8577286064739005 0
    outer loop
      vertex 14.203529305756092 85.84454534983635 0
      vertex 14.708570279181004 86.14725526458025 0
      vertex 14.203529305756092 85.84454534983635 0.4
    endloop
  endfacet
  facet normal 0.4275550878697023 -0.9039892957534017 0
    outer loop
      vertex 14.708570279181004 86.14725526458025 0
      vertex 15.240850105881691 86.39900486952067 0
      vertex 14.708570279181004 86.14725526458025 0.4
    endloop
  endfacet
  facet normal 0.336889848839689 -0.9415440668119424 0
    outer loop
      vertex 15.240850105881691 86.39900486952067 0
      vertex 15.795242637395859 86.59736968612671 0
      vertex 15.240850105881691 86.39900486952067 0.4
    endloop
  endfacet
  facet normal 0.24298018084783485 -0.9700312529579412 0
    outer loop
      vertex 15.795242637395859 86.59736968612671 0
      vertex 16.36640877276659 86.74043935573101 0
      vertex 15.795242637395859 86.59736968612671 0.4
    endloop
  endfacet
  facet normal 0.14673047791511168 -0.9891765094515755 0
    outer loop
      vertex 16.36640877276659 86.74043935573101 0
      vertex 16.948847860097885 86.8268360350132 0
      vertex 16.36640877276659 86.74043935573101 0.4
    endloop
  endfacet
  facet normal 0.049067671035838485 -0.9987954563668773 0
    outer loop
      vertex 16.948847860097885 86.8268360350132 0
      vertex 17.536950699985027 86.85572767293453 0
      vertex 16.948847860097885 86.8268360350132 0.4
    endloop
  endfacet
  facet normal -0.049067671035838485 -0.9987954563668773 0
    outer loop
      vertex 17.536950699985027 86.85572767293453 0
      vertex 18.12505353987217 86.8268360350132 0
      vertex 17.536950699985027 86.85572767293453 0.4
    endloop
  endfacet
  facet normal -0.14673047607854156 -0.9891765097240051 0
    outer loop
      vertex 18.12505353987217 86.8268360350132 0
      vertex 18.707492634654045 86.74043935573101 0
      vertex 18.12505353987217 86.8268360350132 0.4
    endloop
  endfacet
  facet normal -0.2429801838302629 -0.9700312522108819 0
    outer loop
      vertex 19.278658762574196 86.59736968612671 0
      vertex 18.707492634654045 86.74043935573101 0.4
      vertex 18.707492634654045 86.74043935573101 0
    endloop
  endfacet
  facet normal -0.336889848839689 -0.9415440668119424 0
    outer loop
      vertex 19.278658762574196 86.59736968612671 0
      vertex 19.833051294088364 86.39900486952067 0
      vertex 19.278658762574196 86.59736968612671 0.4
    endloop
  endfacet
  facet normal -1 0 0
    outer loop
      vertex 0 10.526139058530333 0
      vertex 0 154.941 0.4
      vertex 0 154.941 0
    endloop
  endfacet
  facet normal -0.5956993049920405 -0.803207531110111 0
    outer loop
      vertex 21.3433104082942 85.49379039591551 0
      vertex 20.870372101664543 85.84454534983635 0.4
      vertex 20.870372101664543 85.84454534983635 0
    endloop
  endfacet
  facet normal -0.7409511234910436 -0.6715589569035322 0
    outer loop
      vertex 22.175013422966003 84.66208738124371 0
      vertex 21.779591389000416 85.09836836194992 0.4
      vertex 21.779591389000416 85.09836836194992 0
    endloop
  endfacet
  facet normal -0.6715589569035322 -0.7409511234910436 0
    outer loop
      vertex 21.3433104082942 85.49379039591551 0
      vertex 21.779591389000416 85.09836836194992 0
      vertex 21.3433104082942 85.49379039591551 0.4
    endloop
  endfacet
  facet normal -0.4275550878697023 -0.9039892957534017 0
    outer loop
      vertex 19.833051294088364 86.39900486952067 0
      vertex 20.36533112078905 86.14725526458025 0
      vertex 19.833051294088364 86.39900486952067 0.4
    endloop
  endfacet
  facet normal -0.5141027444968869 -0.8577286098182622 0
    outer loop
      vertex 20.36533112078905 86.14725526458025 0
      vertex 20.870372101664543 85.84454534983635 0
      vertex 20.36533112078905 86.14725526458025 0.4
    endloop
  endfacet
  facet normal -0.803207531110111 -0.5956993049920405 0
    outer loop
      vertex 22.525768376886845 84.18914907461405 0
      vertex 22.175013422966003 84.66208738124371 0.4
      vertex 22.175013422966003 84.66208738124371 0
    endloop
  endfacet
  facet normal -0.8577286089272587 -0.5141027459834363 0
    outer loop
      vertex 22.525768376886845 84.18914907461405 0
      vertex 22.72753895819187 83.85251519864798 0
      vertex 22.525768376886845 84.18914907461405 0.4
    endloop
  endfacet
  facet normal -0.9951847267853375 0.09801713918082348 0
    outer loop
      vertex 0 154.941 0
      vertex 0.038429439067840576 155.3311806473732 0.4
      vertex 0.038429439067840576 155.3311806473732 0
    endloop
  endfacet
  facet normal -0.9569403375708345 0.29028467119332607 0
    outer loop
      vertex 0.038429439067840576 155.3311806473732 0
      vertex 0.15224093198776245 155.70636686718464 0.4
      vertex 0.15224093198776245 155.70636686718464 0
    endloop
  endfacet
  facet normal -0.8819212641844242 0.47139673713269076 0
    outer loop
      vertex 0.15224093198776245 155.70636686718464 0
      vertex 0.337060771882534 156.0521404672265 0.4
      vertex 0.337060771882534 156.0521404672265 0
    endloop
  endfacet
  facet normal -0.773010443534409 0.6343932961394977 0
    outer loop
      vertex 0.337060771882534 156.0521404672265 0
      vertex 0.5857864394783974 156.3552135605216 0.4
      vertex 0.5857864394783974 156.3552135605216 0
    endloop
  endfacet
  facet normal -0.6343932961394977 0.773010443534409 0
    outer loop
      vertex 0.5857864394783974 156.3552135605216 0
      vertex 0.8888595327734947 156.60393922811747 0.4
      vertex 0.8888595327734947 156.60393922811747 0
    endloop
  endfacet
  facet normal -0.47139673713269076 0.8819212641844242 0
    outer loop
      vertex 0.8888595327734947 156.60393922811747 0
      vertex 1.234633132815361 156.78875906801224 0.4
      vertex 1.234633132815361 156.78875906801224 0
    endloop
  endfacet
  facet normal -0.29028467119332607 0.9569403375708345 0
    outer loop
      vertex 1.234633132815361 156.78875906801224 0
      vertex 1.6098193526268005 156.90257056093216 0.4
      vertex 1.6098193526268005 156.90257056093216 0
    endloop
  endfacet
  facet normal -0.09801713918082348 0.9951847267853375 0
    outer loop
      vertex 1.6098193526268005 156.90257056093216 0
      vertex 2 156.941 0.4
      vertex 2 156.941 0
    endloop
  endfacet
  facet normal 0 0 -1
    outer loop
      vertex 16.36640877276659 86.74043935573101 0
      vertex 131.1514718607068 147.7895281392932 0
      vertex 16.948847860097885 86.8268360350132 0
    endloop
  endfacet
  facet normal 0 0 -1
    outer loop
      vertex 16.948847860097885 86.8268360350132 0
      vertex 131.00223646312952 147.60768427735567 0
      vertex 17.536950699985027 86.85572767293453 0
    endloop
  endfacet
  facet normal 0 0 -1
    outer loop
      vertex 17.536950699985027 86.85572767293453 0
      vertex 130.94169448316097 147.50667608565092 0
      vertex 18.12505353987217 86.8268360350132 0
    endloop
  endfacet
  facet normal 0 0 -1
    outer loop
      vertex 18.12505353987217 86.8268360350132 0
      vertex 130.8913445621729 147.40022011882067 0
      vertex 18.707492634654045 86.74043935573101 0
    endloop
  endfacet
  facet normal 0 0 -1
    outer loop
      vertex 19.278658762574196 86.59736968612671 0
      vertex 18.707492634654045 86.74043935573101 0
      vertex 130.85167159885168 147.28934161400795 0
    endloop
  endfacet
  facet normal 0 0 -1
    outer loop
      vertex 22.525768376886845 84.18914907461405 0
      vertex 130.94169448316097 146.37532391434908 0
      vertex 22.72753895819187 83.85251519864798 0
    endloop
  endfacet
  facet normal 0 0 -1
    outer loop
      vertex 22.525768376886845 84.18914907461405 0
      vertex 22.175013422966003 84.66208738124371 0
      vertex 130.8913445621729 146.48177988117934 0
    endloop
  endfacet
  facet normal 0 0 -1
    outer loop
      vertex 19.833051294088364 86.39900486952067 0
      vertex 130.80577832460403 147.0586205649972 0
      vertex 20.36533112078905 86.14725526458025 0
    endloop
  endfacet
  facet normal 0 0 -1
    outer loop
      vertex 20.36533112078905 86.14725526458025 0
      vertex 130.79999999701977 146.941 0
      vertex 20.870372101664543 85.84454534983635 0
    endloop
  endfacet
  facet normal 0 0 -1
    outer loop
      vertex 19.278658762574196 86.59736968612671 0
      vertex 130.82305766642094 147.17510838842392 0
      vertex 19.833051294088364 86.39900486952067 0
    endloop
  endfacet
  facet normal 0 0 -1
    outer loop
      vertex 21.3433104082942 85.49379039591551 0
      vertex 20.870372101664543 85.84454534983635 0
      vertex 130.80577832460403 146.8233794350028 0
    endloop
  endfacet
  facet normal 0 0 -1
    outer loop
      vertex 21.3433104082942 85.49379039591551 0
      vertex 130.82305766642094 146.70689161157608 0
      vertex 21.779591389000416 85.09836836194992 0
    endloop
  endfacet
  facet normal 0 0 -1
    outer loop
      vertex 22.175013422966003 84.66208738124371 0
      vertex 21.779591389000416 85.09836836194992 0
      vertex 130.85167159885168 146.59265838599205 0
    endloop
  endfacet
  facet normal 0.5000000000373479 -0.866025403762876 0
    outer loop
      vertex 22.72753895819187 83.85251519864798 0
      vertex 130.96188235282898 146.34164249932766 0
      vertex 22.72753895819187 83.85251519864798 0.4
    endloop
  endfacet
  facet normal 0 0 -1
    outer loop
      vertex 16.36640877276659 86.74043935573101 0
      vertex 0 154.941 0
      vertex 131.1514718607068 147.7895281392932 0
    endloop
  endfacet
  facet normal 0 0 -1
    outer loop
      vertex 0 154.941 0
      vertex 0.038429439067840576 155.3311806473732 0
      vertex 131.1514718607068 147.7895281392932 0
    endloop
  endfacet
  facet normal 0 0 -1
    outer loop
      vertex 0.038429439067840576 155.3311806473732 0
      vertex 0.15224093198776245 155.70636686718464 0
      vertex 131.1514718607068 147.7895281392932 0
    endloop
  endfacet
  facet normal 0 0 -1
    outer loop
      vertex 0.15224093198776245 155.70636686718464 0
      vertex 0.337060771882534 156.0521404672265 0
      vertex 131.1514718607068 147.7895281392932 0
    endloop
  endfacet
  facet normal 0 0 -1
    outer loop
      vertex 0.337060771882534 156.0521404672265 0
      vertex 0.5857864394783974 156.3552135605216 0
      vertex 131.1514718607068 147.7895281392932 0
    endloop
  endfacet
  facet normal 0 0 -1
    outer loop
      vertex 0.5857864394783974 156.3552135605216 0
      vertex 0.8888595327734947 156.60393922811747 0
      vertex 131.1514718607068 147.7895281392932 0
    endloop
  endfacet
  facet normal 0 0 -1
    outer loop
      vertex 0.8888595327734947 156.60393922811747 0
      vertex 1.234633132815361 156.78875906801224 0
      vertex 131.1514718607068 147.7895281392932 0
    endloop
  endfacet
  facet normal 0 0 -1
    outer loop
      vertex 1.234633132815361 156.78875906801224 0
      vertex 1.6098193526268005 156.90257056093216 0
      vertex 131.1514718607068 147.7895281392932 0
    endloop
  endfacet
  facet normal 0 0 -1
    outer loop
      vertex 1.6098193526268005 156.90257056093216 0
      vertex 2 156.941 0
      vertex 131.1514718607068 147.7895281392932 0
    endloop
  endfacet
  facet normal 0.9415440668119424 0.336889848839689 0
    outer loop
      vertex 11.79530868679285 79.11401961034537 0
      vertex 11.79530868679285 79.11401961034537 0.4
      vertex 11.993673503398895 78.5596270788312 0.4
    endloop
  endfacet
  facet normal 0.9700312529579412 0.24298018084783485 0
    outer loop
      vertex 11.79530868679285 79.11401961034537 0.4
      vertex 11.652239017188549 79.6851857457161 0
      vertex 11.652239017188549 79.6851857457161 0.4
    endloop
  endfacet
  facet normal 0.9891765094515755 0.14673047791511168 0
    outer loop
      vertex 11.56584233790636 80.26762483304739 0
      vertex 11.56584233790636 80.26762483304739 0.4
      vertex 11.652239017188549 79.6851857457161 0.4
    endloop
  endfacet
  facet normal 0.9987954563668773 0.049067671035838485 0
    outer loop
      vertex 11.536950699985027 80.85572767293453 0
      vertex 11.536950699985027 80.85572767293453 0.4
      vertex 11.56584233790636 80.26762483304739 0.4
    endloop
  endfacet
  facet normal 0.9987954563973426 -0.049067670415704694 0
    outer loop
      vertex 11.56584233790636 81.44383052027226 0
      vertex 11.56584233790636 81.44383052027226 0.4
      vertex 11.536950699985027 80.85572767293453 0.4
    endloop
  endfacet
  facet normal 0.9891765094515755 -0.14673047791511168 0
    outer loop
      vertex 11.652239017188549 82.02626960760355 0
      vertex 11.652239017188549 82.02626960760355 0.4
      vertex 11.56584233790636 81.44383052027226 0.4
    endloop
  endfacet
  facet normal 0.9700312522108819 -0.2429801838302629 0
    outer loop
      vertex 11.79530868679285 82.5974357355237 0
      vertex 11.79530868679285 82.5974357355237 0.4
      vertex 11.652239017188549 82.02626960760355 0.4
    endloop
  endfacet
  facet normal 0.9415440668119424 -0.336889848839689 0
    outer loop
      vertex 11.993673503398895 83.15182826703787 0
      vertex 11.993673503398895 83.15182826703787 0.4
      vertex 11.79530868679285 82.5974357355237 0.4
    endloop
  endfacet
  facet normal 0.9039892908627271 -0.42755509821016496 0
    outer loop
      vertex 12.24542311578989 83.68410809373856 0
      vertex 12.24542311578989 83.68410809373856 0.4
      vertex 11.993673503398895 83.15182826703787 0.4
    endloop
  endfacet
  facet normal 0.8577286098182622 -0.5141027444968869 0
    outer loop
      vertex 12.54813303053379 84.18914907461405 0
      vertex 12.54813303053379 84.18914907461405 0.4
      vertex 12.24542311578989 83.68410809373856 0.4
    endloop
  endfacet
  facet normal 0.803207531110111 -0.5956993049920405 0
    outer loop
      vertex 12.898887984454632 84.66208738124371 0
      vertex 12.898887984454632 84.66208738124371 0.4
      vertex 12.54813303053379 84.18914907461405 0.4
    endloop
  endfacet
  facet normal 0.7409511297873682 -0.6715589499566087 0
    outer loop
      vertex 13.294310010969639 85.09836836194992 0
      vertex 13.294310010969639 85.09836836194992 0.4
      vertex 12.898887984454632 84.66208738124371 0.4
    endloop
  endfacet
  facet normal 0.6715589506072077 -0.7409511291976995 0
    outer loop
      vertex 13.730590999126434 85.49379039591551 0
      vertex 13.730590999126434 85.49379039591551 0.4
      vertex 13.294310010969639 85.09836836194992 0.4
    endloop
  endfacet
  facet normal 0.5956993049920405 -0.803207531110111 0
    outer loop
      vertex 14.203529305756092 85.84454534983635 0
      vertex 14.203529305756092 85.84454534983635 0.4
      vertex 13.730590999126434 85.49379039591551 0.4
    endloop
  endfacet
  facet normal 0.5141027500766173 -0.8577286064739005 0
    outer loop
      vertex 14.708570279181004 86.14725526458025 0
      vertex 14.708570279181004 86.14725526458025 0.4
      vertex 14.203529305756092 85.84454534983635 0.4
    endloop
  endfacet
  facet normal 0.4275550878697023 -0.9039892957534017 0
    outer loop
      vertex 15.240850105881691 86.39900486952067 0
      vertex 15.240850105881691 86.39900486952067 0.4
      vertex 14.708570279181004 86.14725526458025 0.4
    endloop
  endfacet
  facet normal 0.336889848839689 -0.9415440668119424 0
    outer loop
      vertex 15.795242637395859 86.59736968612671 0
      vertex 15.795242637395859 86.59736968612671 0.4
      vertex 15.240850105881691 86.39900486952067 0.4
    endloop
  endfacet
  facet normal 0.24298018084783485 -0.9700312529579412 0
    outer loop
      vertex 16.36640877276659 86.74043935573101 0
      vertex 16.36640877276659 86.74043935573101 0.4
      vertex 15.795242637395859 86.59736968612671 0.4
    endloop
  endfacet
  facet normal 0.14673047791511168 -0.9891765094515755 0
    outer loop
      vertex 16.948847860097885 86.8268360350132 0
      vertex 16.948847860097885 86.8268360350132 0.4
      vertex 16.36640877276659 86.74043935573101 0.4
    endloop
  endfacet
  facet normal 0.049067671035838485 -0.9987954563668773 0
    outer loop
      vertex 17.536950699985027 86.85572767293453 0
      vertex 17.536950699985027 86.85572767293453 0.4
      vertex 16.948847860097885 86.8268360350132 0.4
    endloop
  endfacet
  facet normal -0.049067671035838485 -0.9987954563668773 0
    outer loop
      vertex 18.12505353987217 86.8268360350132 0
      vertex 18.12505353987217 86.8268360350132 0.4
      vertex 17.536950699985027 86.85572767293453 0.4
    endloop
  endfacet
  facet normal -0.14673047607854156 -0.9891765097240051 0
    outer loop
      vertex 18.707492634654045 86.74043935573101 0
      vertex 18.707492634654045 86.74043935573101 0.4
      vertex 18.12505353987217 86.8268360350132 0.4
    endloop
  endfacet
  facet normal -0.2429801838302629 -0.9700312522108819 0
    outer loop
      vertex 19.278658762574196 86.59736968612671 0
      vertex 19.278658762574196 86.59736968612671 0.4
      vertex 18.707492634654045 86.74043935573101 0.4
    endloop
  endfacet
  facet normal -0.5956993049920405 -0.803207531110111 0
    outer loop
      vertex 21.3433104082942 85.49379039591551 0
      vertex 21.3433104082942 85.49379039591551 0.4
      vertex 20.870372101664543 85.84454534983635 0.4
    endloop
  endfacet
  facet normal -0.7409511234910436 -0.6715589569035322 0
    outer loop
      vertex 22.175013422966003 84.66208738124371 0
      vertex 22.175013422966003 84.66208738124371 0.4
      vertex 21.779591389000416 85.09836836194992 0.4
    endloop
  endfacet
  facet normal -0.6715589569035322 -0.7409511234910436 0
    outer loop
      vertex 21.779591389000416 85.09836836194992 0
      vertex 21.779591389000416 85.09836836194992 0.4
      vertex 21.3433104082942 85.49379039591551 0.4
    endloop
  endfacet
  facet normal -0.4275550878697023 -0.9039892957534017 0
    outer loop
      vertex 20.36533112078905 86.14725526458025 0
      vertex 20.36533112078905 86.14725526458025 0.4
      vertex 19.833051294088364 86.39900486952067 0.4
    endloop
  endfacet
  facet normal -0.336889848839689 -0.9415440668119424 0
    outer loop
      vertex 19.833051294088364 86.39900486952067 0
      vertex 19.833051294088364 86.39900486952067 0.4
      vertex 19.278658762574196 86.59736968612671 0.4
    endloop
  endfacet
  facet normal -0.5141027444968869 -0.8577286098182622 0
    outer loop
      vertex 20.870372101664543 85.84454534983635 0
      vertex 20.870372101664543 85.84454534983635 0.4
      vertex 20.36533112078905 86.14725526458025 0.4
    endloop
  endfacet
  facet normal -0.8577286089272587 -0.5141027459834363 0
    outer loop
      vertex 22.72753895819187 83.85251519864798 0
      vertex 22.72753895819187 83.85251519864798 0.4
      vertex 22.525768376886845 84.18914907461405 0.4
    endloop
  endfacet
  facet normal -0.803207531110111 -0.5956993049920405 0
    outer loop
      vertex 22.525768376886845 84.18914907461405 0
      vertex 22.525768376886845 84.18914907461405 0.4
      vertex 22.175013422966003 84.66208738124371 0.4
    endloop
  endfacet
  facet normal 0 0 1
    outer loop
      vertex 0 10.526139058530333 0.4
      vertex 11.652239017188549 79.6851857457161 0.4
      vertex 0 154.941 0.4
    endloop
  endfacet
  facet normal 0 0 1
    outer loop
      vertex 11.652239017188549 79.6851857457161 0.4
      vertex 11.56584233790636 80.26762483304739 0.4
      vertex 0 154.941 0.4
    endloop
  endfacet
  facet normal 0 0 1
    outer loop
      vertex 11.56584233790636 80.26762483304739 0.4
      vertex 11.536950699985027 80.85572767293453 0.4
      vertex 0 154.941 0.4
    endloop
  endfacet
  facet normal 0 0 1
    outer loop
      vertex 11.536950699985027 80.85572767293453 0.4
      vertex 11.56584233790636 81.44383052027226 0.4
      vertex 0 154.941 0.4
    endloop
  endfacet
  facet normal 0 0 1
    outer loop
      vertex 11.56584233790636 81.44383052027226 0.4
      vertex 11.652239017188549 82.02626960760355 0.4
      vertex 0 154.941 0.4
    endloop
  endfacet
  facet normal 0 0 1
    outer loop
      vertex 11.652239017188549 82.02626960760355 0.4
      vertex 11.79530868679285 82.5974357355237 0.4
      vertex 0 154.941 0.4
    endloop
  endfacet
  facet normal 0 0 1
    outer loop
      vertex 11.79530868679285 82.5974357355237 0.4
      vertex 11.993673503398895 83.15182826703787 0.4
      vertex 0 154.941 0.4
    endloop
  endfacet
  facet normal 0 0 1
    outer loop
      vertex 11.993673503398895 83.15182826703787 0.4
      vertex 12.24542311578989 83.68410809373856 0.4
      vertex 0 154.941 0.4
    endloop
  endfacet
  facet normal 0 0 1
    outer loop
      vertex 12.24542311578989 83.68410809373856 0.4
      vertex 12.54813303053379 84.18914907461405 0.4
      vertex 0 154.941 0.4
    endloop
  endfacet
  facet normal 0 0 1
    outer loop
      vertex 12.54813303053379 84.18914907461405 0.4
      vertex 12.898887984454632 84.66208738124371 0.4
      vertex 0 154.941 0.4
    endloop
  endfacet
  facet normal 0 0 1
    outer loop
      vertex 12.898887984454632 84.66208738124371 0.4
      vertex 13.294310010969639 85.09836836194992 0.4
      vertex 0 154.941 0.4
    endloop
  endfacet
  facet normal 0 0 1
    outer loop
      vertex 13.294310010969639 85.09836836194992 0.4
      vertex 13.730590999126434 85.49379039591551 0.4
      vertex 0 154.941 0.4
    endloop
  endfacet
  facet normal 0 0 1
    outer loop
      vertex 13.730590999126434 85.49379039591551 0.4
      vertex 14.203529305756092 85.84454534983635 0.4
      vertex 0 154.941 0.4
    endloop
  endfacet
  facet normal 0 0 1
    outer loop
      vertex 14.203529305756092 85.84454534983635 0.4
      vertex 14.708570279181004 86.14725526458025 0.4
      vertex 0 154.941 0.4
    endloop
  endfacet
  facet normal 0 0 1
    outer loop
      vertex 14.708570279181004 86.14725526458025 0.4
      vertex 15.240850105881691 86.39900486952067 0.4
      vertex 0 154.941 0.4
    endloop
  endfacet
  facet normal 0 0 1
    outer loop
      vertex 15.240850105881691 86.39900486952067 0.4
      vertex 15.795242637395859 86.59736968612671 0.4
      vertex 0 154.941 0.4
    endloop
  endfacet
  facet normal 0 0 1
    outer loop
      vertex 15.795242637395859 86.59736968612671 0.4
      vertex 16.36640877276659 86.74043935573101 0.4
      vertex 0 154.941 0.4
    endloop
  endfacet
  facet normal -0.9951847267853375 0.09801713918082348 0
    outer loop
      vertex 0 154.941 0
      vertex 0 154.941 0.4
      vertex 0.038429439067840576 155.3311806473732 0.4
    endloop
  endfacet
  facet normal -0.9569403375708345 0.29028467119332607 0
    outer loop
      vertex 0.038429439067840576 155.3311806473732 0
      vertex 0.038429439067840576 155.3311806473732 0.4
      vertex 0.15224093198776245 155.70636686718464 0.4
    endloop
  endfacet
  facet normal -0.8819212641844242 0.47139673713269076 0
    outer loop
      vertex 0.15224093198776245 155.70636686718464 0
      vertex 0.15224093198776245 155.70636686718464 0.4
      vertex 0.337060771882534 156.0521404672265 0.4
    endloop
  endfacet
  facet normal -0.773010443534409 0.6343932961394977 0
    outer loop
      vertex 0.337060771882534 156.0521404672265 0
      vertex 0.337060771882534 156.0521404672265 0.4
      vertex 0.5857864394783974 156.3552135605216 0.4
    endloop
  endfacet
  facet normal -0.6343932961394977 0.773010443534409 0
    outer loop
      vertex 0.5857864394783974 156.3552135605216 0
      vertex 0.5857864394783974 156.3552135605216 0.4
      vertex 0.8888595327734947 156.60393922811747 0.4
    endloop
  endfacet
  facet normal -0.47139673713269076 0.8819212641844242 0
    outer loop
      vertex 0.8888595327734947 156.60393922811747 0
      vertex 0.8888595327734947 156.60393922811747 0.4
      vertex 1.234633132815361 156.78875906801224 0.4
    endloop
  endfacet
  facet normal -0.29028467119332607 0.9569403375708345 0
    outer loop
      vertex 1.234633132815361 156.78875906801224 0
      vertex 1.234633132815361 156.78875906801224 0.4
      vertex 1.6098193526268005 156.90257056093216 0.4
    endloop
  endfacet
  facet normal -0.09801713918082348 0.9951847267853375 0
    outer loop
      vertex 1.6098193526268005 156.90257056093216 0
      vertex 1.6098193526268005 156.90257056093216 0.4
      vertex 2 156.941 0.4
    endloop
  endfacet
  facet normal 0 0 1
    outer loop
      vertex 16.36640877276659 86.74043935573101 0.4
      vertex 16.948847860097885 86.8268360350132 0.4
      vertex 131.1514718607068 147.7895281392932 0.4
    endloop
  endfacet
  facet normal 0 0 1
    outer loop
      vertex 16.948847860097885 86.8268360350132 0.4
      vertex 17.536950699985027 86.85572767293453 0.4
      vertex 131.00223646312952 147.60768427735567 0.4
    endloop
  endfacet
  facet normal 0 0 1
    outer loop
      vertex 17.536950699985027 86.85572767293453 0.4
      vertex 18.12505353987217 86.8268360350132 0.4
      vertex 130.94169448316097 147.50667608565092 0.4
    endloop
  endfacet
  facet normal 0 0 1
    outer loop
      vertex 18.12505353987217 86.8268360350132 0.4
      vertex 18.707492634654045 86.74043935573101 0.4
      vertex 130.8913445621729 147.40022011882067 0.4
    endloop
  endfacet
  facet normal 0 0 1
    outer loop
      vertex 19.278658762574196 86.59736968612671 0.4
      vertex 130.85167159885168 147.28934161400795 0.4
      vertex 18.707492634654045 86.74043935573101 0.4
    endloop
  endfacet
  facet normal 0 0 1
    outer loop
      vertex 22.525768376886845 84.18914907461405 0.4
      vertex 22.72753895819187 83.85251519864798 0.4
      vertex 130.94169448316097 146.37532391434908 0.4
    endloop
  endfacet
  facet normal 0 0 1
    outer loop
      vertex 22.525768376886845 84.18914907461405 0.4
      vertex 130.8913445621729 146.48177988117934 0.4
      vertex 22.175013422966003 84.66208738124371 0.4
    endloop
  endfacet
  facet normal 0 0 1
    outer loop
      vertex 19.833051294088364 86.39900486952067 0.4
      vertex 20.36533112078905 86.14725526458025 0.4
      vertex 130.80577832460403 147.0586205649972 0.4
    endloop
  endfacet
  facet normal 0 0 1
    outer loop
      vertex 20.36533112078905 86.14725526458025 0.4
      vertex 20.870372101664543 85.84454534983635 0.4
      vertex 130.79999999701977 146.941 0.4
    endloop
  endfacet
  facet normal 0 0 1
    outer loop
      vertex 19.278658762574196 86.59736968612671 0.4
      vertex 19.833051294088364 86.39900486952067 0.4
      vertex 130.82305766642094 147.17510838842392 0.4
    endloop
  endfacet
  facet normal 0 0 1
    outer loop
      vertex 21.3433104082942 85.49379039591551 0.4
      vertex 130.80577832460403 146.8233794350028 0.4
      vertex 20.870372101664543 85.84454534983635 0.4
    endloop
  endfacet
  facet normal 0 0 1
    outer loop
      vertex 21.3433104082942 85.49379039591551 0.4
      vertex 21.779591389000416 85.09836836194992 0.4
      vertex 130.82305766642094 146.70689161157608 0.4
    endloop
  endfacet
  facet normal 0 0 1
    outer loop
      vertex 22.175013422966003 84.66208738124371 0.4
      vertex 130.85167159885168 146.59265838599205 0.4
      vertex 21.779591389000416 85.09836836194992 0.4
    endloop
  endfacet
  facet normal 0 1 0
    outer loop
      vertex 2 156.941 0
      vertex 2 156.941 0.4
      vertex 144 156.941 0.4
    endloop
  endfacet
  facet normal 0 0 1
    outer loop
      vertex 16.36640877276659 86.74043935573101 0.4
      vertex 131.1514718607068 147.7895281392932 0.4
      vertex 0 154.941 0.4
    endloop
  endfacet
  facet normal 0 0 1
    outer loop
      vertex 0 154.941 0.4
      vertex 131.1514718607068 147.7895281392932 0.4
      vertex 0.038429439067840576 155.3311806473732 0.4
    endloop
  endfacet
  facet normal 0 0 1
    outer loop
      vertex 0.038429439067840576 155.3311806473732 0.4
      vertex 131.1514718607068 147.7895281392932 0.4
      vertex 0.15224093198776245 155.70636686718464 0.4
    endloop
  endfacet
  facet normal 0 0 1
    outer loop
      vertex 0.15224093198776245 155.70636686718464 0.4
      vertex 131.1514718607068 147.7895281392932 0.4
      vertex 0.337060771882534 156.0521404672265 0.4
    endloop
  endfacet
  facet normal 0 0 1
    outer loop
      vertex 0.337060771882534 156.0521404672265 0.4
      vertex 131.1514718607068 147.7895281392932 0.4
      vertex 0.5857864394783974 156.3552135605216 0.4
    endloop
  endfacet
  facet normal 0 0 1
    outer loop
      vertex 0.5857864394783974 156.3552135605216 0.4
      vertex 131.1514718607068 147.7895281392932 0.4
      vertex 0.8888595327734947 156.60393922811747 0.4
    endloop
  endfacet
  facet normal 0 0 1
    outer loop
      vertex 0.8888595327734947 156.60393922811747 0.4
      vertex 131.1514718607068 147.7895281392932 0.4
      vertex 1.234633132815361 156.78875906801224 0.4
    endloop
  endfacet
  facet normal 0 0 1
    outer loop
      vertex 1.234633132815361 156.78875906801224 0.4
      vertex 131.1514718607068 147.7895281392932 0.4
      vertex 1.6098193526268005 156.90257056093216 0.4
    endloop
  endfacet
  facet normal 0 0 1
    outer loop
      vertex 1.6098193526268005 156.90257056093216 0.4
      vertex 131.1514718607068 147.7895281392932 0.4
      vertex 2 156.941 0.4
    endloop
  endfacet
  facet normal 0 0 -1
    outer loop
      vertex 16.948847860097885 86.8268360350132 0
      vertex 131.07238745689392 147.7022719386816 0
      vertex 131.00223646312952 147.60768427735567 0
    endloop
  endfacet
  facet normal 0 0 -1
    outer loop
      vertex 16.948847860097885 86.8268360350132 0
      vertex 131.1514718607068 147.7895281392932 0
      vertex 131.07238745689392 147.7022719386816 0
    endloop
  endfacet
  facet normal 0 0 -1
    outer loop
      vertex 17.536950699985027 86.85572767293453 0
      vertex 131.00223646312952 147.60768427735567 0
      vertex 130.94169448316097 147.50667608565092 0
    endloop
  endfacet
  facet normal 0 0 -1
    outer loop
      vertex 19.833051294088364 86.39900486952067 0
      vertex 130.82305766642094 147.17510838842392 0
      vertex 130.80577832460403 147.0586205649972 0
    endloop
  endfacet
  facet normal 0 0 -1
    outer loop
      vertex 18.707492634654045 86.74043935573101 0
      vertex 130.8913445621729 147.40022011882067 0
      vertex 130.85167159885168 147.28934161400795 0
    endloop
  endfacet
  facet normal 0 0 -1
    outer loop
      vertex 18.12505353987217 86.8268360350132 0
      vertex 130.94169448316097 147.50667608565092 0
      vertex 130.8913445621729 147.40022011882067 0
    endloop
  endfacet
  facet normal 0 0 -1
    outer loop
      vertex 19.278658762574196 86.59736968612671 0
      vertex 130.85167159885168 147.28934161400795 0
      vertex 130.82305766642094 147.17510838842392 0
    endloop
  endfacet
  facet normal 0 0 -1
    outer loop
      vertex 20.36533112078905 86.14725526458025 0
      vertex 130.80577832460403 147.0586205649972 0
      vertex 130.79999999701977 146.941 0
    endloop
  endfacet
  facet normal 0 0 -1
    outer loop
      vertex 20.870372101664543 85.84454534983635 0
      vertex 130.79999999701977 146.941 0
      vertex 130.80577832460403 146.8233794350028 0
    endloop
  endfacet
  facet normal 0 0 -1
    outer loop
      vertex 21.3433104082942 85.49379039591551 0
      vertex 130.80577832460403 146.8233794350028 0
      vertex 130.82305766642094 146.70689161157608 0
    endloop
  endfacet
  facet normal 0 0 -1
    outer loop
      vertex 22.72753895819187 83.85251519864798 0
      vertex 130.94169448316097 146.37532391434908 0
      vertex 130.96188235282898 146.34164249932766 0
    endloop
  endfacet
  facet normal 0 0 -1
    outer loop
      vertex 22.175013422966003 84.66208738124371 0
      vertex 130.85167159885168 146.59265838599205 0
      vertex 130.8913445621729 146.48177988117934 0
    endloop
  endfacet
  facet normal 0 0 -1
    outer loop
      vertex 21.779591389000416 85.09836836194992 0
      vertex 130.82305766642094 146.70689161157608 0
      vertex 130.85167159885168 146.59265838599205 0
    endloop
  endfacet
  facet normal 0 0 -1
    outer loop
      vertex 22.525768376886845 84.18914907461405 0
      vertex 130.8913445621729 146.48177988117934 0
      vertex 130.94169448316097 146.37532391434908 0
    endloop
  endfacet
  facet normal 0 0 -1
    outer loop
      vertex 2 156.941 0
      vertex 131.2387280613184 147.86861254310608 0
      vertex 131.1514718607068 147.7895281392932 0
    endloop
  endfacet
  facet normal 0 0 -1
    outer loop
      vertex 2 156.941 0
      vertex 131.33331572264433 147.93876353687048 0
      vertex 131.2387280613184 147.86861254310608 0
    endloop
  endfacet
  facet normal 0 0 -1
    outer loop
      vertex 2 156.941 0
      vertex 144 156.941 0
      vertex 131.33331572264433 147.93876353687048 0
    endloop
  endfacet
  facet normal 0 1 0
    outer loop
      vertex 2 156.941 0
      vertex 144 156.941 0.4
      vertex 144 156.941 0
    endloop
  endfacet
  facet normal 0 0 -1
    outer loop
      vertex 140.03490813821554 133.02413087373972 0
      vertex 132.59935750812292 145.90288235282898 0
      vertex 132.66668427735567 145.94323646312952 0
    endloop
  endfacet
  facet normal 0 0 -1
    outer loop
      vertex 140.03490813821554 133.02413087373972 0
      vertex 132.66668427735567 145.94323646312952 0
      vertex 132.7612719386816 146.01338745689392 0
    endloop
  endfacet
  facet normal 0 0 -1
    outer loop
      vertex 140.03490813821554 133.02413087373972 0
      vertex 132.7612719386816 146.01338745689392 0
      vertex 132.8485281392932 146.0924718607068 0
    endloop
  endfacet
  facet normal 0 0 -1
    outer loop
      vertex 140.03490813821554 133.02413087373972 0
      vertex 132.8485281392932 146.0924718607068 0
      vertex 132.92761254310608 146.1797280613184 0
    endloop
  endfacet
  facet normal 0 0 -1
    outer loop
      vertex 140.03490813821554 133.02413087373972 0
      vertex 132.92761254310608 146.1797280613184 0
      vertex 132.99776353687048 146.27431572264433 0
    endloop
  endfacet
  facet normal 0 0 -1
    outer loop
      vertex 140.03490813821554 133.02413087373972 0
      vertex 132.99776353687048 146.27431572264433 0
      vertex 133.05830551683903 146.37532391434908 0
    endloop
  endfacet
  facet normal 0 0 -1
    outer loop
      vertex 140.03490813821554 133.02413087373972 0
      vertex 133.05830551683903 146.37532391434908 0
      vertex 133.1086554378271 146.48177988117934 0
    endloop
  endfacet
  facet normal 0 0 -1
    outer loop
      vertex 140.03490813821554 133.02413087373972 0
      vertex 133.1086554378271 146.48177988117934 0
      vertex 133.14832840114832 146.59265838599205 0
    endloop
  endfacet
  facet normal 0 0 -1
    outer loop
      vertex 140.03490813821554 133.02413087373972 0
      vertex 133.14832840114832 146.59265838599205 0
      vertex 133.17694233357906 146.70689161157608 0
    endloop
  endfacet
  facet normal 0 0 -1
    outer loop
      vertex 140.03490813821554 133.02413087373972 0
      vertex 133.17694233357906 146.70689161157608 0
      vertex 133.19422167539597 146.8233794350028 0
    endloop
  endfacet
  facet normal 0 0 -1
    outer loop
      vertex 140.03490813821554 133.02413087373972 0
      vertex 133.19422167539597 146.8233794350028 0
      vertex 133.20000000298023 146.941 0
    endloop
  endfacet
  facet normal 0 0 -1
    outer loop
      vertex 140.03490813821554 133.02413087373972 0
      vertex 133.20000000298023 146.941 0
      vertex 133.19422167539597 147.0586205649972 0
    endloop
  endfacet
  facet normal 0 0 -1
    outer loop
      vertex 131.33331572264433 147.93876353687048 0
      vertex 144 156.941 0
      vertex 131.43432391434908 147.99930551683903 0
    endloop
  endfacet
  facet normal 0 0 -1
    outer loop
      vertex 131.43432391434908 147.99930551683903 0
      vertex 144 156.941 0
      vertex 131.54077988117933 148.0496554378271 0
    endloop
  endfacet
  facet normal 0 0 -1
    outer loop
      vertex 131.54077988117933 148.0496554378271 0
      vertex 144 156.941 0
      vertex 131.65165838599205 148.08932840114832 0
    endloop
  endfacet
  facet normal 0 0 -1
    outer loop
      vertex 131.65165838599205 148.08932840114832 0
      vertex 144 156.941 0
      vertex 131.76589161157608 148.11794233357907 0
    endloop
  endfacet
  facet normal 0 0 -1
    outer loop
      vertex 131.76589161157608 148.11794233357907 0
      vertex 144 156.941 0
      vertex 131.8823794350028 148.13522167539597 0
    endloop
  endfacet
  facet normal 0 0 -1
    outer loop
      vertex 131.8823794350028 148.13522167539597 0
      vertex 144 156.941 0
      vertex 132 148.14100000298023 0
    endloop
  endfacet
  facet normal 0 0 -1
    outer loop
      vertex 132 148.14100000298023 0
      vertex 144 156.941 0
      vertex 132.1176205649972 148.13522167539597 0
    endloop
  endfacet
  facet normal 0 0 -1
    outer loop
      vertex 132.1176205649972 148.13522167539597 0
      vertex 144 156.941 0
      vertex 132.23410838842392 148.11794233357907 0
    endloop
  endfacet
  facet normal 0 0 -1
    outer loop
      vertex 133.1086554378271 147.40022011882067 0
      vertex 144 156.941 0
      vertex 133.14832840114832 147.28934161400795 0
    endloop
  endfacet
  facet normal 0 0 -1
    outer loop
      vertex 133.1086554378271 147.40022011882067 0
      vertex 133.05830551683903 147.50667608565092 0
      vertex 144 156.941 0
    endloop
  endfacet
  facet normal 0 0 -1
    outer loop
      vertex 133.05830551683903 147.50667608565092 0
      vertex 132.99776353687048 147.60768427735567 0
      vertex 144 156.941 0
    endloop
  endfacet
  facet normal 0 0 -1
    outer loop
      vertex 132.92761254310608 147.7022719386816 0
      vertex 144 156.941 0
      vertex 132.99776353687048 147.60768427735567 0
    endloop
  endfacet
  facet normal 0 0 -1
    outer loop
      vertex 133.19422167539597 147.0586205649972 0
      vertex 133.17694233357906 147.17510838842392 0
      vertex 144 156.941 0
    endloop
  endfacet
  facet normal 0 0 -1
    outer loop
      vertex 133.17694233357906 147.17510838842392 0
      vertex 133.14832840114832 147.28934161400795 0
      vertex 144 156.941 0
    endloop
  endfacet
  facet normal 0 0 -1
    outer loop
      vertex 132.34834161400795 148.08932840114832 0
      vertex 144 156.941 0
      vertex 132.45922011882067 148.0496554378271 0
    endloop
  endfacet
  facet normal 0 0 -1
    outer loop
      vertex 132.23410838842392 148.11794233357907 0
      vertex 144 156.941 0
      vertex 132.34834161400795 148.08932840114832 0
    endloop
  endfacet
  facet normal 0 0 -1
    outer loop
      vertex 132.56567608565092 147.99930551683903 0
      vertex 144 156.941 0
      vertex 132.66668427735567 147.93876353687048 0
    endloop
  endfacet
  facet normal 0 0 -1
    outer loop
      vertex 132.56567608565092 147.99930551683903 0
      vertex 132.45922011882067 148.0496554378271 0
      vertex 144 156.941 0
    endloop
  endfacet
  facet normal 0 0 -1
    outer loop
      vertex 132.8485281392932 147.7895281392932 0
      vertex 132.7612719386816 147.86861254310608 0
      vertex 144 156.941 0
    endloop
  endfacet
  facet normal 0 0 -1
    outer loop
      vertex 132.8485281392932 147.7895281392932 0
      vertex 144 156.941 0
      vertex 132.92761254310608 147.7022719386816 0
    endloop
  endfacet
  facet normal 0 0 -1
    outer loop
      vertex 132.66668427735567 147.93876353687048 0
      vertex 144 156.941 0
      vertex 132.7612719386816 147.86861254310608 0
    endloop
  endfacet
  facet normal 0 0 -1
    outer loop
      vertex 140.03490813821554 133.02413087373972 0
      vertex 133.19422167539597 147.0586205649972 0
      vertex 140.2102410569787 132.80098227447272 0
    endloop
  endfacet
  facet normal 0 0 -1
    outer loop
      vertex 140.44120022654533 132.63607384300232 0
      vertex 140.2102410569787 132.80098227447272 0
      vertex 133.19422167539597 147.0586205649972 0
    endloop
  endfacet
  facet normal 0 0 -1
    outer loop
      vertex 140.44120022654533 132.63607384300232 0
      vertex 133.19422167539597 147.0586205649972 0
      vertex 140.70918490737677 132.5426867980361 0
    endloop
  endfacet
  facet normal 0 0 -1
    outer loop
      vertex 140.70918490737677 132.5426867980361 0
      vertex 133.19422167539597 147.0586205649972 0
      vertex 140.99261242896318 132.5283422473669 0
    endloop
  endfacet
  facet normal 0 0 -1
    outer loop
      vertex 140.99261242896318 132.5283422473669 0
      vertex 133.19422167539597 147.0586205649972 0
      vertex 141.26865641772747 132.59419544821978 0
    endloop
  endfacet
  facet normal 0 0 -1
    outer loop
      vertex 141.26865641772747 132.59419544821978 0
      vertex 133.19422167539597 147.0586205649972 0
      vertex 141.51508513838053 132.73494279420376 0
    endloop
  endfacet
  facet normal 0 0 -1
    outer loop
      vertex 141.51508513838053 132.73494279420376 0
      vertex 133.19422167539597 147.0586205649972 0
      vertex 141.71205197274685 132.93924891984463 0
    endloop
  endfacet
  facet normal 0 0 -1
    outer loop
      vertex 141.71205197274685 132.93924891984463 0
      vertex 133.19422167539597 147.0586205649972 0
      vertex 141.8436938226223 133.19065965002775 0
    endloop
  endfacet
  facet normal 0 0 -1
    outer loop
      vertex 141.8436938226223 133.19065965002775 0
      vertex 133.19422167539597 147.0586205649972 0
      vertex 145.88552055507898 144.61735387182236 0
    endloop
  endfacet
  facet normal 0 0 -1
    outer loop
      vertex 133.19422167539597 147.0586205649972 0
      vertex 145.91215324401855 144.69806259161234 0
      vertex 145.88552055507898 144.61735387182236 0
    endloop
  endfacet
  facet normal 0 0 -1
    outer loop
      vertex 133.19422167539597 147.0586205649972 0
      vertex 145.95501785725355 144.86250823771954 0
      vertex 145.93533296138048 144.77982993459702 0
    endloop
  endfacet
  facet normal 0 0 -1
    outer loop
      vertex 133.19422167539597 147.0586205649972 0
      vertex 145.93533296138048 144.77982993459702 0
      vertex 145.91215324401855 144.69806259161234 0
    endloop
  endfacet
  facet normal 0 0 -1
    outer loop
      vertex 133.19422167539597 147.0586205649972 0
      vertex 145.98376736789942 145.0299991670847 0
      vertex 145.97117238491774 144.9459482062459 0
    endloop
  endfacet
  facet normal 0 0 -1
    outer loop
      vertex 133.19422167539597 147.0586205649972 0
      vertex 145.97117238491774 144.9459482062459 0
      vertex 145.95501785725355 144.86250823771954 0
    endloop
  endfacet
  facet normal 0 0 -1
    outer loop
      vertex 133.19422167539597 147.0586205649972 0
      vertex 145.99278006702662 145.114509337008 0
      vertex 145.98376736789942 145.0299991670847 0
    endloop
  endfacet
  facet normal 0 0 -1
    outer loop
      vertex 133.19422167539597 147.0586205649972 0
      vertex 146 145.2842963192463 0
      vertex 145.99819420278072 145.19932610577345 0
    endloop
  endfacet
  facet normal 0 0 -1
    outer loop
      vertex 133.19422167539597 147.0586205649972 0
      vertex 145.99819420278072 145.19932610577345 0
      vertex 145.99278006702662 145.114509337008 0
    endloop
  endfacet
  facet normal 0 0 -1
    outer loop
      vertex 133.19422167539597 147.0586205649972 0
      vertex 146 154.941 0
      vertex 146 145.2842963192463 0
    endloop
  endfacet
  facet normal 0 0 -1
    outer loop
      vertex 133.19422167539597 147.0586205649972 0
      vertex 144 156.941 0
      vertex 144.3901806473732 156.90257056093216 0
    endloop
  endfacet
  facet normal 0 0 -1
    outer loop
      vertex 133.19422167539597 147.0586205649972 0
      vertex 144.76536686718464 156.78875906801224 0
      vertex 145.1111404672265 156.60393922811747 0
    endloop
  endfacet
  facet normal 0 0 -1
    outer loop
      vertex 133.19422167539597 147.0586205649972 0
      vertex 144.3901806473732 156.90257056093216 0
      vertex 144.76536686718464 156.78875906801224 0
    endloop
  endfacet
  facet normal 0 0 -1
    outer loop
      vertex 133.19422167539597 147.0586205649972 0
      vertex 145.84775906801224 155.70636686718464 0
      vertex 145.96157056093216 155.3311806473732 0
    endloop
  endfacet
  facet normal 0 0 -1
    outer loop
      vertex 133.19422167539597 147.0586205649972 0
      vertex 145.66293922811747 156.0521404672265 0
      vertex 145.84775906801224 155.70636686718464 0
    endloop
  endfacet
  facet normal 0 0 -1
    outer loop
      vertex 133.19422167539597 147.0586205649972 0
      vertex 145.4142135605216 156.3552135605216 0
      vertex 145.66293922811747 156.0521404672265 0
    endloop
  endfacet
  facet normal 0 0 -1
    outer loop
      vertex 133.19422167539597 147.0586205649972 0
      vertex 145.96157056093216 155.3311806473732 0
      vertex 146 154.941 0
    endloop
  endfacet
  facet normal 0 0 -1
    outer loop
      vertex 133.19422167539597 147.0586205649972 0
      vertex 145.1111404672265 156.60393922811747 0
      vertex 145.4142135605216 156.3552135605216 0
    endloop
  endfacet
  facet normal 0.9415440653758272 0.3368898528533619 0
    outer loop
      vertex 130.85167159885168 146.59265838599205 0
      vertex 130.8913445621729 146.48177988117934 0.4
      vertex 130.8913445621729 146.48177988117934 0
    endloop
  endfacet
  facet normal 0.9039892980665184 0.42755508297902783 0
    outer loop
      vertex 130.94169448316097 146.37532391434908 0
      vertex 130.8913445621729 146.48177988117934 0
      vertex 130.94169448316097 146.37532391434908 0.4
    endloop
  endfacet
  facet normal 0.8577285380148522 0.5141028642936198 0
    outer loop
      vertex 130.96188235282898 146.34164249932766 0
      vertex 130.94169448316097 146.37532391434908 0
      vertex 130.96188235282898 146.34164249932766 0.4
    endloop
  endfacet
  facet normal 0.97003125519331 0.2429801719237427 0
    outer loop
      vertex 130.85167159885168 146.59265838599205 0
      vertex 130.82305766642094 146.70689161157608 0
      vertex 130.85167159885168 146.59265838599205 0.4
    endloop
  endfacet
  facet normal 0.9891765031950123 0.14673052009342874 0
    outer loop
      vertex 130.82305766642094 146.70689161157608 0
      vertex 130.80577832460403 146.8233794350028 0
      vertex 130.82305766642094 146.70689161157608 0.4
    endloop
  endfacet
  facet normal 0.9987954563059468 0.04906767227610612 0
    outer loop
      vertex 130.80577832460403 146.8233794350028 0
      vertex 130.79999999701977 146.941 0
      vertex 130.80577832460403 146.8233794350028 0.4
    endloop
  endfacet
  facet normal 0.9987954563059468 -0.04906767227610612 0
    outer loop
      vertex 130.79999999701977 146.941 0
      vertex 130.80577832460403 147.0586205649972 0
      vertex 130.79999999701977 146.941 0.4
    endloop
  endfacet
  facet normal 0.9891765031950123 -0.14673052009342874 0
    outer loop
      vertex 130.80577832460403 147.0586205649972 0
      vertex 130.82305766642094 147.17510838842392 0
      vertex 130.80577832460403 147.0586205649972 0.4
    endloop
  endfacet
  facet normal -0.8660254038772035 -0.4999999998393266 -3.732820471207525e-16
    outer loop
      vertex 140.03490813821554 133.02413087373972 0
      vertex 132.59935750812292 145.90288235282898 0.4
      vertex 132.59935750812292 145.90288235282898 0
    endloop
  endfacet
  facet normal -0.5956993213187598 0.8032075190013904 0
    outer loop
      vertex 132.66668427735567 145.94323646312952 0
      vertex 132.7612719386816 146.01338745689392 0.4
      vertex 132.7612719386816 146.01338745689392 0
    endloop
  endfacet
  facet normal -0.5141027236025143 0.8577286223418668 0
    outer loop
      vertex 132.66668427735567 145.94323646312952 0
      vertex 132.59935750812292 145.90288235282898 0
      vertex 132.66668427735567 145.94323646312952 0.4
    endloop
  endfacet
  facet normal -0.6715589241207113 0.7409511532036595 0
    outer loop
      vertex 132.7612719386816 146.01338745689392 0
      vertex 132.8485281392932 146.0924718607068 0.4
      vertex 132.8485281392932 146.0924718607068 0
    endloop
  endfacet
  facet normal -0.7409511532036595 0.6715589241207113 0
    outer loop
      vertex 132.8485281392932 146.0924718607068 0
      vertex 132.92761254310608 146.1797280613184 0.4
      vertex 132.92761254310608 146.1797280613184 0
    endloop
  endfacet
  facet normal -0.8032075190013904 0.5956993213187598 0
    outer loop
      vertex 132.92761254310608 146.1797280613184 0
      vertex 132.99776353687048 146.27431572264433 0.4
      vertex 132.99776353687048 146.27431572264433 0
    endloop
  endfacet
  facet normal -0.8577286109446379 0.5141027426176425 0
    outer loop
      vertex 132.99776353687048 146.27431572264433 0
      vertex 133.05830551683903 146.37532391434908 0.4
      vertex 133.05830551683903 146.37532391434908 0
    endloop
  endfacet
  facet normal -0.9039892980665184 0.42755508297902783 0
    outer loop
      vertex 133.1086554378271 146.48177988117934 0
      vertex 133.05830551683903 146.37532391434908 0
      vertex 133.1086554378271 146.48177988117934 0.4
    endloop
  endfacet
  facet normal -0.9415440653758272 0.3368898528533619 0
    outer loop
      vertex 133.1086554378271 146.48177988117934 0
      vertex 133.14832840114832 146.59265838599205 0.4
      vertex 133.14832840114832 146.59265838599205 0
    endloop
  endfacet
  facet normal -0.97003125519331 0.2429801719237427 0
    outer loop
      vertex 133.14832840114832 146.59265838599205 0
      vertex 133.17694233357906 146.70689161157608 0.4
      vertex 133.17694233357906 146.70689161157608 0
    endloop
  endfacet
  facet normal -0.9891765031950123 0.14673052009342874 0
    outer loop
      vertex 133.17694233357906 146.70689161157608 0
      vertex 133.19422167539597 146.8233794350028 0.4
      vertex 133.19422167539597 146.8233794350028 0
    endloop
  endfacet
  facet normal -0.9987954563059468 0.04906767227610612 0
    outer loop
      vertex 133.20000000298023 146.941 0
      vertex 133.19422167539597 146.8233794350028 0
      vertex 133.20000000298023 146.941 0.4
    endloop
  endfacet
  facet normal -0.9987954563059468 -0.04906767227610612 0
    outer loop
      vertex 133.20000000298023 146.941 0
      vertex 133.19422167539597 147.0586205649972 0.4
      vertex 133.19422167539597 147.0586205649972 0
    endloop
  endfacet
  facet normal 0.97003125519331 -0.2429801719237427 0
    outer loop
      vertex 130.82305766642094 147.17510838842392 0
      vertex 130.85167159885168 147.28934161400795 0
      vertex 130.82305766642094 147.17510838842392 0.4
    endloop
  endfacet
  facet normal 0.9415440653758272 -0.3368898528533619 0
    outer loop
      vertex 130.85167159885168 147.28934161400795 0
      vertex 130.8913445621729 147.40022011882067 0
      vertex 130.85167159885168 147.28934161400795 0.4
    endloop
  endfacet
  facet normal 0.9039892980665184 -0.42755508297902783 0
    outer loop
      vertex 130.8913445621729 147.40022011882067 0
      vertex 130.94169448316097 147.50667608565092 0
      vertex 130.8913445621729 147.40022011882067 0.4
    endloop
  endfacet
  facet normal 0.8577286109446379 -0.5141027426176425 0
    outer loop
      vertex 130.94169448316097 147.50667608565092 0
      vertex 131.00223646312952 147.60768427735567 0
      vertex 130.94169448316097 147.50667608565092 0.4
    endloop
  endfacet
  facet normal 0.8032075190013904 -0.5956993213187598 0
    outer loop
      vertex 131.00223646312952 147.60768427735567 0
      vertex 131.07238745689392 147.7022719386816 0
      vertex 131.00223646312952 147.60768427735567 0.4
    endloop
  endfacet
  facet normal 0.7409511532036595 -0.6715589241207113 0
    outer loop
      vertex 131.07238745689392 147.7022719386816 0
      vertex 131.1514718607068 147.7895281392932 0
      vertex 131.07238745689392 147.7022719386816 0.4
    endloop
  endfacet
  facet normal 0.6715589241207113 -0.7409511532036595 0
    outer loop
      vertex 131.1514718607068 147.7895281392932 0
      vertex 131.2387280613184 147.86861254310608 0
      vertex 131.1514718607068 147.7895281392932 0.4
    endloop
  endfacet
  facet normal 0.5956993213187598 -0.8032075190013904 0
    outer loop
      vertex 131.2387280613184 147.86861254310608 0
      vertex 131.33331572264433 147.93876353687048 0
      vertex 131.2387280613184 147.86861254310608 0.4
    endloop
  endfacet
  facet normal 0.5141027426176425 -0.8577286109446379 0
    outer loop
      vertex 131.33331572264433 147.93876353687048 0
      vertex 131.43432391434908 147.99930551683903 0
      vertex 131.33331572264433 147.93876353687048 0.4
    endloop
  endfacet
  facet normal 0.42755508297902783 -0.9039892980665184 0
    outer loop
      vertex 131.43432391434908 147.99930551683903 0
      vertex 131.54077988117933 148.0496554378271 0
      vertex 131.43432391434908 147.99930551683903 0.4
    endloop
  endfacet
  facet normal 0.3368898528533619 -0.9415440653758272 0
    outer loop
      vertex 131.54077988117933 148.0496554378271 0
      vertex 131.65165838599205 148.08932840114832 0
      vertex 131.54077988117933 148.0496554378271 0.4
    endloop
  endfacet
  facet normal 0.2429801719237427 -0.97003125519331 0
    outer loop
      vertex 131.65165838599205 148.08932840114832 0
      vertex 131.76589161157608 148.11794233357907 0
      vertex 131.65165838599205 148.08932840114832 0.4
    endloop
  endfacet
  facet normal 0.14673052009342874 -0.9891765031950123 0
    outer loop
      vertex 131.76589161157608 148.11794233357907 0
      vertex 131.8823794350028 148.13522167539597 0
      vertex 131.76589161157608 148.11794233357907 0.4
    endloop
  endfacet
  facet normal 0.04906767227610612 -0.9987954563059468 0
    outer loop
      vertex 131.8823794350028 148.13522167539597 0
      vertex 132 148.14100000298023 0
      vertex 131.8823794350028 148.13522167539597 0.4
    endloop
  endfacet
  facet normal -0.04906767227610612 -0.9987954563059468 0
    outer loop
      vertex 132 148.14100000298023 0
      vertex 132.1176205649972 148.13522167539597 0
      vertex 132 148.14100000298023 0.4
    endloop
  endfacet
  facet normal -0.14673052009342874 -0.9891765031950123 0
    outer loop
      vertex 132.1176205649972 148.13522167539597 0
      vertex 132.23410838842392 148.11794233357907 0
      vertex 132.1176205649972 148.13522167539597 0.4
    endloop
  endfacet
  facet normal -0.2429801719237427 -0.97003125519331 0
    outer loop
      vertex 132.23410838842392 148.11794233357907 0
      vertex 132.34834161400795 148.08932840114832 0
      vertex 132.23410838842392 148.11794233357907 0.4
    endloop
  endfacet
  facet normal -0.3368898528533619 -0.9415440653758272 0
    outer loop
      vertex 132.34834161400795 148.08932840114832 0
      vertex 132.45922011882067 148.0496554378271 0
      vertex 132.34834161400795 148.08932840114832 0.4
    endloop
  endfacet
  facet normal -0.9039892980665184 -0.42755508297902783 0
    outer loop
      vertex 133.1086554378271 147.40022011882067 0
      vertex 133.05830551683903 147.50667608565092 0.4
      vertex 133.05830551683903 147.50667608565092 0
    endloop
  endfacet
  facet normal -0.8577286109446379 -0.5141027426176425 0
    outer loop
      vertex 133.05830551683903 147.50667608565092 0
      vertex 132.99776353687048 147.60768427735567 0.4
      vertex 132.99776353687048 147.60768427735567 0
    endloop
  endfacet
  facet normal -0.8032075190013904 -0.5956993213187598 0
    outer loop
      vertex 132.92761254310608 147.7022719386816 0
      vertex 132.99776353687048 147.60768427735567 0
      vertex 132.92761254310608 147.7022719386816 0.4
    endloop
  endfacet
  facet normal -0.42755508297902783 -0.9039892980665184 0
    outer loop
      vertex 132.56567608565092 147.99930551683903 0
      vertex 132.45922011882067 148.0496554378271 0.4
      vertex 132.45922011882067 148.0496554378271 0
    endloop
  endfacet
  facet normal -0.5141027426176425 -0.8577286109446379 0
    outer loop
      vertex 132.56567608565092 147.99930551683903 0
      vertex 132.66668427735567 147.93876353687048 0
      vertex 132.56567608565092 147.99930551683903 0.4
    endloop
  endfacet
  facet normal -0.5956993213187598 -0.8032075190013904 0
    outer loop
      vertex 132.66668427735567 147.93876353687048 0
      vertex 132.7612719386816 147.86861254310608 0
      vertex 132.66668427735567 147.93876353687048 0.4
    endloop
  endfacet
  facet normal -0.6715589241207113 -0.7409511532036595 0
    outer loop
      vertex 132.8485281392932 147.7895281392932 0
      vertex 132.7612719386816 147.86861254310608 0.4
      vertex 132.7612719386816 147.86861254310608 0
    endloop
  endfacet
  facet normal -0.7409511532036595 -0.6715589241207113 0
    outer loop
      vertex 132.8485281392932 147.7895281392932 0
      vertex 132.92761254310608 147.7022719386816 0
      vertex 132.8485281392932 147.7895281392932 0.4
    endloop
  endfacet
  facet normal -0.97003125519331 -0.2429801719237427 0
    outer loop
      vertex 133.17694233357906 147.17510838842392 0
      vertex 133.14832840114832 147.28934161400795 0.4
      vertex 133.14832840114832 147.28934161400795 0
    endloop
  endfacet
  facet normal -0.9891765031950123 -0.14673052009342874 0
    outer loop
      vertex 133.19422167539597 147.0586205649972 0
      vertex 133.17694233357906 147.17510838842392 0.4
      vertex 133.17694233357906 147.17510838842392 0
    endloop
  endfacet
  facet normal -0.9415440653758272 -0.3368898528533619 0
    outer loop
      vertex 133.1086554378271 147.40022011882067 0
      vertex 133.14832840114832 147.28934161400795 0
      vertex 133.1086554378271 147.40022011882067 0.4
    endloop
  endfacet
  facet normal -0.7863151265693721 -0.6178256402320905 0
    outer loop
      vertex 140.03490813821554 133.02413087373972 0
      vertex 140.2102410569787 132.80098227447272 0
      vertex 140.03490813821554 133.02413087373972 0.4
    endloop
  endfacet
  facet normal -0.5810925785722698 -0.8138374623524223 0
    outer loop
      vertex 140.44120022654533 132.63607384300232 0
      vertex 140.2102410569787 132.80098227447272 0.4
      vertex 140.2102410569787 132.80098227447272 0
    endloop
  endfacet
  facet normal -0.3290706126739358 -0.9443053170846812 0
    outer loop
      vertex 140.44120022654533 132.63607384300232 0
      vertex 140.70918490737677 132.5426867980361 0
      vertex 140.44120022654533 132.63607384300232 0.4
    endloop
  endfacet
  facet normal -0.050546306211616904 -0.9987217184623359 0
    outer loop
      vertex 140.70918490737677 132.5426867980361 0
      vertex 140.99261242896318 132.5283422473669 0
      vertex 140.70918490737677 132.5426867980361 0.4
    endloop
  endfacet
  facet normal 0.23204881753346052 -0.9727041411864775 0
    outer loop
      vertex 140.99261242896318 132.5283422473669 0
      vertex 141.26865641772747 132.59419544821978 0
      vertex 140.99261242896318 132.5283422473669 0.4
    endloop
  endfacet
  facet normal 0.49595546434145293 -0.8683479587065623 0
    outer loop
      vertex 141.26865641772747 132.59419544821978 0
      vertex 141.51508513838053 132.73494279420376 0
      vertex 141.26865641772747 132.59419544821978 0.4
    endloop
  endfacet
  facet normal 0.7199193743733888 -0.6940577025016208 0
    outer loop
      vertex 141.51508513838053 132.73494279420376 0
      vertex 141.71205197274685 132.93924891984463 0
      vertex 141.51508513838053 132.73494279420376 0.4
    endloop
  endfacet
  facet normal 0.8859031970459901 -0.46387016013502497 0
    outer loop
      vertex 141.71205197274685 132.93924891984463 0
      vertex 141.8436938226223 133.19065965002775 0
      vertex 141.71205197274685 132.93924891984463 0.4
    endloop
  endfacet
  facet normal 0.9427602788651922 -0.33347122303734866 0
    outer loop
      vertex 141.8436938226223 133.19065965002775 0
      vertex 145.88552055507898 144.61735387182236 0
      vertex 141.8436938226223 133.19065965002775 0.4
    endloop
  endfacet
  facet normal 0.9496328108964728 -0.31336484242630636 0
    outer loop
      vertex 145.88552055507898 144.61735387182236 0
      vertex 145.91215324401855 144.69806259161234 0
      vertex 145.88552055507898 144.61735387182236 0.4
    endloop
  endfacet
  facet normal 0.9620887481956241 -0.2727365772964406 0
    outer loop
      vertex 145.91215324401855 144.69806259161234 0
      vertex 145.93533296138048 144.77982993459702 0
      vertex 145.91215324401855 144.69806259161234 0.4
    endloop
  endfacet
  facet normal 0.9728073133066135 -0.23161591304823653 0
    outer loop
      vertex 145.93533296138048 144.77982993459702 0
      vertex 145.95501785725355 144.86250823771954 0
      vertex 145.93533296138048 144.77982993459702 0.4
    endloop
  endfacet
  facet normal 0.9817691889319818 -0.19007698351941107 0
    outer loop
      vertex 145.95501785725355 144.86250823771954 0
      vertex 145.97117238491774 144.9459482062459 0
      vertex 145.95501785725355 144.86250823771954 0.4
    endloop
  endfacet
  facet normal 0.9889581963981167 -0.14819475623983416 0
    outer loop
      vertex 145.97117238491774 144.9459482062459 0
      vertex 145.98376736789942 145.0299991670847 0
      vertex 145.97117238491774 144.9459482062459 0.4
    endloop
  endfacet
  facet normal 0.9943613335230967 -0.10604498288070405 0
    outer loop
      vertex 145.98376736789942 145.0299991670847 0
      vertex 145.99278006702662 145.114509337008 0
      vertex 145.98376736789942 145.0299991670847 0.4
    endloop
  endfacet
  facet normal 0.9979688588734275 -0.06370366330807929 0
    outer loop
      vertex 145.99278006702662 145.114509337008 0
      vertex 145.99819420278072 145.19932610577345 0
      vertex 145.99278006702662 145.114509337008 0.4
    endloop
  endfacet
  facet normal 0.999774250153722 -0.021247322879902816 0
    outer loop
      vertex 145.99819420278072 145.19932610577345 0
      vertex 146 145.2842963192463 0
      vertex 145.99819420278072 145.19932610577345 0.4
    endloop
  endfacet
  facet normal 1 0 0
    outer loop
      vertex 146 145.2842963192463 0
      vertex 146 154.941 0
      vertex 146 145.2842963192463 0.4
    endloop
  endfacet
  facet normal 0.09801713918082348 0.9951847267853375 0
    outer loop
      vertex 144 156.941 0
      vertex 144.3901806473732 156.90257056093216 0.4
      vertex 144.3901806473732 156.90257056093216 0
    endloop
  endfacet
  facet normal 0.29028467119332607 0.9569403375708345 0
    outer loop
      vertex 144.3901806473732 156.90257056093216 0
      vertex 144.76536686718464 156.78875906801224 0.4
      vertex 144.76536686718464 156.78875906801224 0
    endloop
  endfacet
  facet normal 0.9569403375708345 0.29028467119332607 0
    outer loop
      vertex 145.96157056093216 155.3311806473732 0
      vertex 145.84775906801224 155.70636686718464 0
      vertex 145.96157056093216 155.3311806473732 0.4
    endloop
  endfacet
  facet normal 0.47139673713269076 0.8819212641844242 0
    outer loop
      vertex 144.76536686718464 156.78875906801224 0
      vertex 145.1111404672265 156.60393922811747 0.4
      vertex 145.1111404672265 156.60393922811747 0
    endloop
  endfacet
  facet normal 0.6343932961394977 0.773010443534409 0
    outer loop
      vertex 145.1111404672265 156.60393922811747 0
      vertex 145.4142135605216 156.3552135605216 0.4
      vertex 145.4142135605216 156.3552135605216 0
    endloop
  endfacet
  facet normal 0.773010443534409 0.6343932961394977 0
    outer loop
      vertex 145.4142135605216 156.3552135605216 0
      vertex 145.66293922811747 156.0521404672265 0.4
      vertex 145.66293922811747 156.0521404672265 0
    endloop
  endfacet
  facet normal 0.8819212641844242 0.47139673713269076 0
    outer loop
      vertex 145.84775906801224 155.70636686718464 0
      vertex 145.66293922811747 156.0521404672265 0
      vertex 145.84775906801224 155.70636686718464 0.4
    endloop
  endfacet
  facet normal 0.9951847267853375 0.09801713918082348 0
    outer loop
      vertex 146 154.941 0
      vertex 145.96157056093216 155.3311806473732 0
      vertex 146 154.941 0.4
    endloop
  endfacet
  facet normal 0.5000000000373479 -0.866025403762876 6.300501497527274e-15
    outer loop
      vertex 22.72753895819187 83.85251519864798 0.4
      vertex 130.96188235282898 146.34164249932766 0
      vertex 130.96188235282898 146.34164249932766 0.4
    endloop
  endfacet
  facet normal 0 0 1
    outer loop
      vertex 16.948847860097885 86.8268360350132 0.4
      vertex 131.00223646312952 147.60768427735567 0.4
      vertex 131.07238745689392 147.7022719386816 0.4
    endloop
  endfacet
  facet normal 0 0 1
    outer loop
      vertex 16.948847860097885 86.8268360350132 0.4
      vertex 131.07238745689392 147.7022719386816 0.4
      vertex 131.1514718607068 147.7895281392932 0.4
    endloop
  endfacet
  facet normal 0 0 1
    outer loop
      vertex 17.536950699985027 86.85572767293453 0.4
      vertex 130.94169448316097 147.50667608565092 0.4
      vertex 131.00223646312952 147.60768427735567 0.4
    endloop
  endfacet
  facet normal 0 0 1
    outer loop
      vertex 19.833051294088364 86.39900486952067 0.4
      vertex 130.80577832460403 147.0586205649972 0.4
      vertex 130.82305766642094 147.17510838842392 0.4
    endloop
  endfacet
  facet normal 0 0 1
    outer loop
      vertex 18.707492634654045 86.74043935573101 0.4
      vertex 130.85167159885168 147.28934161400795 0.4
      vertex 130.8913445621729 147.40022011882067 0.4
    endloop
  endfacet
  facet normal 0 0 1
    outer loop
      vertex 18.12505353987217 86.8268360350132 0.4
      vertex 130.8913445621729 147.40022011882067 0.4
      vertex 130.94169448316097 147.50667608565092 0.4
    endloop
  endfacet
  facet normal 0 0 1
    outer loop
      vertex 19.278658762574196 86.59736968612671 0.4
      vertex 130.82305766642094 147.17510838842392 0.4
      vertex 130.85167159885168 147.28934161400795 0.4
    endloop
  endfacet
  facet normal 0 0 1
    outer loop
      vertex 20.36533112078905 86.14725526458025 0.4
      vertex 130.79999999701977 146.941 0.4
      vertex 130.80577832460403 147.0586205649972 0.4
    endloop
  endfacet
  facet normal 0 0 1
    outer loop
      vertex 20.870372101664543 85.84454534983635 0.4
      vertex 130.80577832460403 146.8233794350028 0.4
      vertex 130.79999999701977 146.941 0.4
    endloop
  endfacet
  facet normal 0 0 1
    outer loop
      vertex 21.3433104082942 85.49379039591551 0.4
      vertex 130.82305766642094 146.70689161157608 0.4
      vertex 130.80577832460403 146.8233794350028 0.4
    endloop
  endfacet
  facet normal 0 0 1
    outer loop
      vertex 22.72753895819187 83.85251519864798 0.4
      vertex 130.96188235282898 146.34164249932766 0.4
      vertex 130.94169448316097 146.37532391434908 0.4
    endloop
  endfacet
  facet normal 0 0 1
    outer loop
      vertex 22.175013422966003 84.66208738124371 0.4
      vertex 130.8913445621729 146.48177988117934 0.4
      vertex 130.85167159885168 146.59265838599205 0.4
    endloop
  endfacet
  facet normal 0 0 1
    outer loop
      vertex 21.779591389000416 85.09836836194992 0.4
      vertex 130.85167159885168 146.59265838599205 0.4
      vertex 130.82305766642094 146.70689161157608 0.4
    endloop
  endfacet
  facet normal 0 0 1
    outer loop
      vertex 22.525768376886845 84.18914907461405 0.4
      vertex 130.94169448316097 146.37532391434908 0.4
      vertex 130.8913445621729 146.48177988117934 0.4
    endloop
  endfacet
  facet normal 0 0 1
    outer loop
      vertex 2 156.941 0.4
      vertex 131.1514718607068 147.7895281392932 0.4
      vertex 131.2387280613184 147.86861254310608 0.4
    endloop
  endfacet
  facet normal 0 0 1
    outer loop
      vertex 2 156.941 0.4
      vertex 131.2387280613184 147.86861254310608 0.4
      vertex 131.33331572264433 147.93876353687048 0.4
    endloop
  endfacet
  facet normal 0 0 1
    outer loop
      vertex 2 156.941 0.4
      vertex 131.33331572264433 147.93876353687048 0.4
      vertex 144 156.941 0.4
    endloop
  endfacet
  facet normal 0.9039892980665184 0.42755508297902783 0
    outer loop
      vertex 130.8913445621729 146.48177988117934 0
      vertex 130.8913445621729 146.48177988117934 0.4
      vertex 130.94169448316097 146.37532391434908 0.4
    endloop
  endfacet
  facet normal 0.8577285380148522 0.5141028642936198 0
    outer loop
      vertex 130.94169448316097 146.37532391434908 0
      vertex 130.94169448316097 146.37532391434908 0.4
      vertex 130.96188235282898 146.34164249932766 0.4
    endloop
  endfacet
  facet normal 0.9415440653758272 0.3368898528533619 0
    outer loop
      vertex 130.85167159885168 146.59265838599205 0
      vertex 130.85167159885168 146.59265838599205 0.4
      vertex 130.8913445621729 146.48177988117934 0.4
    endloop
  endfacet
  facet normal 0.97003125519331 0.2429801719237427 0
    outer loop
      vertex 130.82305766642094 146.70689161157608 0
      vertex 130.82305766642094 146.70689161157608 0.4
      vertex 130.85167159885168 146.59265838599205 0.4
    endloop
  endfacet
  facet normal 0.9891765031950123 0.14673052009342874 0
    outer loop
      vertex 130.80577832460403 146.8233794350028 0
      vertex 130.80577832460403 146.8233794350028 0.4
      vertex 130.82305766642094 146.70689161157608 0.4
    endloop
  endfacet
  facet normal 0.9987954563059468 0.04906767227610612 0
    outer loop
      vertex 130.79999999701977 146.941 0
      vertex 130.79999999701977 146.941 0.4
      vertex 130.80577832460403 146.8233794350028 0.4
    endloop
  endfacet
  facet normal 0.9987954563059468 -0.04906767227610612 0
    outer loop
      vertex 130.80577832460403 147.0586205649972 0
      vertex 130.80577832460403 147.0586205649972 0.4
      vertex 130.79999999701977 146.941 0.4
    endloop
  endfacet
  facet normal -0.5141027236025143 0.8577286223418668 0
    outer loop
      vertex 132.59935750812292 145.90288235282898 0
      vertex 132.59935750812292 145.90288235282898 0.4
      vertex 132.66668427735567 145.94323646312952 0.4
    endloop
  endfacet
  facet normal -0.5956993213187598 0.8032075190013904 0
    outer loop
      vertex 132.66668427735567 145.94323646312952 0
      vertex 132.66668427735567 145.94323646312952 0.4
      vertex 132.7612719386816 146.01338745689392 0.4
    endloop
  endfacet
  facet normal -0.6715589241207113 0.7409511532036595 0
    outer loop
      vertex 132.7612719386816 146.01338745689392 0
      vertex 132.7612719386816 146.01338745689392 0.4
      vertex 132.8485281392932 146.0924718607068 0.4
    endloop
  endfacet
  facet normal -0.7409511532036595 0.6715589241207113 0
    outer loop
      vertex 132.8485281392932 146.0924718607068 0
      vertex 132.8485281392932 146.0924718607068 0.4
      vertex 132.92761254310608 146.1797280613184 0.4
    endloop
  endfacet
  facet normal -0.8032075190013904 0.5956993213187598 0
    outer loop
      vertex 132.92761254310608 146.1797280613184 0
      vertex 132.92761254310608 146.1797280613184 0.4
      vertex 132.99776353687048 146.27431572264433 0.4
    endloop
  endfacet
  facet normal -0.8577286109446379 0.5141027426176425 0
    outer loop
      vertex 132.99776353687048 146.27431572264433 0
      vertex 132.99776353687048 146.27431572264433 0.4
      vertex 133.05830551683903 146.37532391434908 0.4
    endloop
  endfacet
  facet normal -0.9039892980665184 0.42755508297902783 0
    outer loop
      vertex 133.05830551683903 146.37532391434908 0
      vertex 133.05830551683903 146.37532391434908 0.4
      vertex 133.1086554378271 146.48177988117934 0.4
    endloop
  endfacet
  facet normal -0.9415440653758272 0.3368898528533619 0
    outer loop
      vertex 133.1086554378271 146.48177988117934 0
      vertex 133.1086554378271 146.48177988117934 0.4
      vertex 133.14832840114832 146.59265838599205 0.4
    endloop
  endfacet
  facet normal -0.97003125519331 0.2429801719237427 0
    outer loop
      vertex 133.14832840114832 146.59265838599205 0
      vertex 133.14832840114832 146.59265838599205 0.4
      vertex 133.17694233357906 146.70689161157608 0.4
    endloop
  endfacet
  facet normal -0.9891765031950123 0.14673052009342874 0
    outer loop
      vertex 133.17694233357906 146.70689161157608 0
      vertex 133.17694233357906 146.70689161157608 0.4
      vertex 133.19422167539597 146.8233794350028 0.4
    endloop
  endfacet
  facet normal -0.9987954563059468 0.04906767227610612 0
    outer loop
      vertex 133.19422167539597 146.8233794350028 0
      vertex 133.19422167539597 146.8233794350028 0.4
      vertex 133.20000000298023 146.941 0.4
    endloop
  endfacet
  facet normal -0.9891765031950123 -0.14673052009342874 0
    outer loop
      vertex 133.19422167539597 147.0586205649972 0
      vertex 133.19422167539597 147.0586205649972 0.4
      vertex 133.17694233357906 147.17510838842392 0.4
    endloop
  endfacet
  facet normal -0.9987954563059468 -0.04906767227610612 0
    outer loop
      vertex 133.20000000298023 146.941 0
      vertex 133.20000000298023 146.941 0.4
      vertex 133.19422167539597 147.0586205649972 0.4
    endloop
  endfacet
  facet normal 0.9891765031950123 -0.14673052009342874 0
    outer loop
      vertex 130.82305766642094 147.17510838842392 0
      vertex 130.82305766642094 147.17510838842392 0.4
      vertex 130.80577832460403 147.0586205649972 0.4
    endloop
  endfacet
  facet normal 0.97003125519331 -0.2429801719237427 0
    outer loop
      vertex 130.85167159885168 147.28934161400795 0
      vertex 130.85167159885168 147.28934161400795 0.4
      vertex 130.82305766642094 147.17510838842392 0.4
    endloop
  endfacet
  facet normal 0.9415440653758272 -0.3368898528533619 0
    outer loop
      vertex 130.8913445621729 147.40022011882067 0
      vertex 130.8913445621729 147.40022011882067 0.4
      vertex 130.85167159885168 147.28934161400795 0.4
    endloop
  endfacet
  facet normal 0.9039892980665184 -0.42755508297902783 0
    outer loop
      vertex 130.94169448316097 147.50667608565092 0
      vertex 130.94169448316097 147.50667608565092 0.4
      vertex 130.8913445621729 147.40022011882067 0.4
    endloop
  endfacet
  facet normal 0.8577286109446379 -0.5141027426176425 0
    outer loop
      vertex 131.00223646312952 147.60768427735567 0
      vertex 131.00223646312952 147.60768427735567 0.4
      vertex 130.94169448316097 147.50667608565092 0.4
    endloop
  endfacet
  facet normal 0.8032075190013904 -0.5956993213187598 0
    outer loop
      vertex 131.07238745689392 147.7022719386816 0
      vertex 131.07238745689392 147.7022719386816 0.4
      vertex 131.00223646312952 147.60768427735567 0.4
    endloop
  endfacet
  facet normal 0.7409511532036595 -0.6715589241207113 0
    outer loop
      vertex 131.1514718607068 147.7895281392932 0
      vertex 131.1514718607068 147.7895281392932 0.4
      vertex 131.07238745689392 147.7022719386816 0.4
    endloop
  endfacet
  facet normal 0.6715589241207113 -0.7409511532036595 0
    outer loop
      vertex 131.2387280613184 147.86861254310608 0
      vertex 131.2387280613184 147.86861254310608 0.4
      vertex 131.1514718607068 147.7895281392932 0.4
    endloop
  endfacet
  facet normal 0.5956993213187598 -0.8032075190013904 0
    outer loop
      vertex 131.33331572264433 147.93876353687048 0
      vertex 131.33331572264433 147.93876353687048 0.4
      vertex 131.2387280613184 147.86861254310608 0.4
    endloop
  endfacet
  facet normal 0.5141027426176425 -0.8577286109446379 0
    outer loop
      vertex 131.43432391434908 147.99930551683903 0
      vertex 131.43432391434908 147.99930551683903 0.4
      vertex 131.33331572264433 147.93876353687048 0.4
    endloop
  endfacet
  facet normal 0.42755508297902783 -0.9039892980665184 0
    outer loop
      vertex 131.54077988117933 148.0496554378271 0
      vertex 131.54077988117933 148.0496554378271 0.4
      vertex 131.43432391434908 147.99930551683903 0.4
    endloop
  endfacet
  facet normal 0.3368898528533619 -0.9415440653758272 0
    outer loop
      vertex 131.65165838599205 148.08932840114832 0
      vertex 131.65165838599205 148.08932840114832 0.4
      vertex 131.54077988117933 148.0496554378271 0.4
    endloop
  endfacet
  facet normal 0.2429801719237427 -0.97003125519331 0
    outer loop
      vertex 131.76589161157608 148.11794233357907 0
      vertex 131.76589161157608 148.11794233357907 0.4
      vertex 131.65165838599205 148.08932840114832 0.4
    endloop
  endfacet
  facet normal 0.14673052009342874 -0.9891765031950123 0
    outer loop
      vertex 131.8823794350028 148.13522167539597 0
      vertex 131.8823794350028 148.13522167539597 0.4
      vertex 131.76589161157608 148.11794233357907 0.4
    endloop
  endfacet
  facet normal 0.04906767227610612 -0.9987954563059468 0
    outer loop
      vertex 132 148.14100000298023 0
      vertex 132 148.14100000298023 0.4
      vertex 131.8823794350028 148.13522167539597 0.4
    endloop
  endfacet
  facet normal -0.04906767227610612 -0.9987954563059468 0
    outer loop
      vertex 132.1176205649972 148.13522167539597 0
      vertex 132.1176205649972 148.13522167539597 0.4
      vertex 132 148.14100000298023 0.4
    endloop
  endfacet
  facet normal -0.14673052009342874 -0.9891765031950123 0
    outer loop
      vertex 132.23410838842392 148.11794233357907 0
      vertex 132.23410838842392 148.11794233357907 0.4
      vertex 132.1176205649972 148.13522167539597 0.4
    endloop
  endfacet
  facet normal -0.2429801719237427 -0.97003125519331 0
    outer loop
      vertex 132.34834161400795 148.08932840114832 0
      vertex 132.34834161400795 148.08932840114832 0.4
      vertex 132.23410838842392 148.11794233357907 0.4
    endloop
  endfacet
  facet normal -0.3368898528533619 -0.9415440653758272 0
    outer loop
      vertex 132.45922011882067 148.0496554378271 0
      vertex 132.45922011882067 148.0496554378271 0.4
      vertex 132.34834161400795 148.08932840114832 0.4
    endloop
  endfacet
  facet normal -0.7409511532036595 -0.6715589241207113 0
    outer loop
      vertex 132.92761254310608 147.7022719386816 0
      vertex 132.92761254310608 147.7022719386816 0.4
      vertex 132.8485281392932 147.7895281392932 0.4
    endloop
  endfacet
  facet normal -0.8577286109446379 -0.5141027426176425 0
    outer loop
      vertex 133.05830551683903 147.50667608565092 0
      vertex 133.05830551683903 147.50667608565092 0.4
      vertex 132.99776353687048 147.60768427735567 0.4
    endloop
  endfacet
  facet normal -0.8032075190013904 -0.5956993213187598 0
    outer loop
      vertex 132.99776353687048 147.60768427735567 0
      vertex 132.99776353687048 147.60768427735567 0.4
      vertex 132.92761254310608 147.7022719386816 0.4
    endloop
  endfacet
  facet normal -0.42755508297902783 -0.9039892980665184 0
    outer loop
      vertex 132.56567608565092 147.99930551683903 0
      vertex 132.56567608565092 147.99930551683903 0.4
      vertex 132.45922011882067 148.0496554378271 0.4
    endloop
  endfacet
  facet normal -0.5956993213187598 -0.8032075190013904 0
    outer loop
      vertex 132.7612719386816 147.86861254310608 0
      vertex 132.7612719386816 147.86861254310608 0.4
      vertex 132.66668427735567 147.93876353687048 0.4
    endloop
  endfacet
  facet normal -0.5141027426176425 -0.8577286109446379 0
    outer loop
      vertex 132.66668427735567 147.93876353687048 0
      vertex 132.66668427735567 147.93876353687048 0.4
      vertex 132.56567608565092 147.99930551683903 0.4
    endloop
  endfacet
  facet normal -0.6715589241207113 -0.7409511532036595 0
    outer loop
      vertex 132.8485281392932 147.7895281392932 0
      vertex 132.8485281392932 147.7895281392932 0.4
      vertex 132.7612719386816 147.86861254310608 0.4
    endloop
  endfacet
  facet normal -0.97003125519331 -0.2429801719237427 0
    outer loop
      vertex 133.17694233357906 147.17510838842392 0
      vertex 133.17694233357906 147.17510838842392 0.4
      vertex 133.14832840114832 147.28934161400795 0.4
    endloop
  endfacet
  facet normal -0.9415440653758272 -0.3368898528533619 0
    outer loop
      vertex 133.14832840114832 147.28934161400795 0
      vertex 133.14832840114832 147.28934161400795 0.4
      vertex 133.1086554378271 147.40022011882067 0.4
    endloop
  endfacet
  facet normal -0.9039892980665184 -0.42755508297902783 0
    outer loop
      vertex 133.1086554378271 147.40022011882067 0
      vertex 133.1086554378271 147.40022011882067 0.4
      vertex 133.05830551683903 147.50667608565092 0.4
    endloop
  endfacet
  facet normal -0.8660254038772035 -0.4999999998393266 0
    outer loop
      vertex 140.03490813821554 133.02413087373972 0
      vertex 140.03490813821554 133.02413087373972 0.4
      vertex 132.59935750812292 145.90288235282898 0.4
    endloop
  endfacet
  facet normal -0.5810925785722698 -0.8138374623524223 0
    outer loop
      vertex 140.44120022654533 132.63607384300232 0
      vertex 140.44120022654533 132.63607384300232 0.4
      vertex 140.2102410569787 132.80098227447272 0.4
    endloop
  endfacet
  facet normal -0.7863151265693721 -0.6178256402320905 0
    outer loop
      vertex 140.2102410569787 132.80098227447272 0
      vertex 140.2102410569787 132.80098227447272 0.4
      vertex 140.03490813821554 133.02413087373972 0.4
    endloop
  endfacet
  facet normal -0.3290706126739358 -0.9443053170846812 0
    outer loop
      vertex 140.70918490737677 132.5426867980361 0
      vertex 140.70918490737677 132.5426867980361 0.4
      vertex 140.44120022654533 132.63607384300232 0.4
    endloop
  endfacet
  facet normal -0.050546306211616904 -0.9987217184623359 0
    outer loop
      vertex 140.99261242896318 132.5283422473669 0
      vertex 140.99261242896318 132.5283422473669 0.4
      vertex 140.70918490737677 132.5426867980361 0.4
    endloop
  endfacet
  facet normal 0.23204881753346052 -0.9727041411864775 0
    outer loop
      vertex 141.26865641772747 132.59419544821978 0
      vertex 141.26865641772747 132.59419544821978 0.4
      vertex 140.99261242896318 132.5283422473669 0.4
    endloop
  endfacet
  facet normal 0.49595546434145293 -0.8683479587065623 0
    outer loop
      vertex 141.51508513838053 132.73494279420376 0
      vertex 141.51508513838053 132.73494279420376 0.4
      vertex 141.26865641772747 132.59419544821978 0.4
    endloop
  endfacet
  facet normal 0.7199193743733888 -0.6940577025016208 0
    outer loop
      vertex 141.71205197274685 132.93924891984463 0
      vertex 141.71205197274685 132.93924891984463 0.4
      vertex 141.51508513838053 132.73494279420376 0.4
    endloop
  endfacet
  facet normal 0.8859031970459901 -0.46387016013502497 0
    outer loop
      vertex 141.8436938226223 133.19065965002775 0
      vertex 141.8436938226223 133.19065965002775 0.4
      vertex 141.71205197274685 132.93924891984463 0.4
    endloop
  endfacet
  facet normal 0.9427602788651922 -0.33347122303734866 0
    outer loop
      vertex 145.88552055507898 144.61735387182236 0
      vertex 145.88552055507898 144.61735387182236 0.4
      vertex 141.8436938226223 133.19065965002775 0.4
    endloop
  endfacet
  facet normal 0.9496328108964728 -0.31336484242630636 0
    outer loop
      vertex 145.91215324401855 144.69806259161234 0
      vertex 145.91215324401855 144.69806259161234 0.4
      vertex 145.88552055507898 144.61735387182236 0.4
    endloop
  endfacet
  facet normal 0.9620887481956241 -0.2727365772964406 0
    outer loop
      vertex 145.93533296138048 144.77982993459702 0
      vertex 145.93533296138048 144.77982993459702 0.4
      vertex 145.91215324401855 144.69806259161234 0.4
    endloop
  endfacet
  facet normal 0.9728073133066135 -0.23161591304823653 0
    outer loop
      vertex 145.95501785725355 144.86250823771954 0
      vertex 145.95501785725355 144.86250823771954 0.4
      vertex 145.93533296138048 144.77982993459702 0.4
    endloop
  endfacet
  facet normal 0.9817691889319818 -0.19007698351941107 0
    outer loop
      vertex 145.97117238491774 144.9459482062459 0
      vertex 145.97117238491774 144.9459482062459 0.4
      vertex 145.95501785725355 144.86250823771954 0.4
    endloop
  endfacet
  facet normal 0.9889581963981167 -0.14819475623983416 0
    outer loop
      vertex 145.98376736789942 145.0299991670847 0
      vertex 145.98376736789942 145.0299991670847 0.4
      vertex 145.97117238491774 144.9459482062459 0.4
    endloop
  endfacet
  facet normal 0.9943613335230967 -0.10604498288070405 0
    outer loop
      vertex 145.99278006702662 145.114509337008 0
      vertex 145.99278006702662 145.114509337008 0.4
      vertex 145.98376736789942 145.0299991670847 0.4
    endloop
  endfacet
  facet normal 0.9979688588734275 -0.06370366330807929 0
    outer loop
      vertex 145.99819420278072 145.19932610577345 0
      vertex 145.99819420278072 145.19932610577345 0.4
      vertex 145.99278006702662 145.114509337008 0.4
    endloop
  endfacet
  facet normal 0.999774250153722 -0.021247322879902816 0
    outer loop
      vertex 146 145.2842963192463 0
      vertex 146 145.2842963192463 0.4
      vertex 145.99819420278072 145.19932610577345 0.4
    endloop
  endfacet
  facet normal 1 0 0
    outer loop
      vertex 146 154.941 0
      vertex 146 154.941 0.4
      vertex 146 145.2842963192463 0.4
    endloop
  endfacet
  facet normal 0.09801713918082348 0.9951847267853375 0
    outer loop
      vertex 144 156.941 0
      vertex 144 156.941 0.4
      vertex 144.3901806473732 156.90257056093216 0.4
    endloop
  endfacet
  facet normal 0.29028467119332607 0.9569403375708345 0
    outer loop
      vertex 144.3901806473732 156.90257056093216 0
      vertex 144.3901806473732 156.90257056093216 0.4
      vertex 144.76536686718464 156.78875906801224 0.4
    endloop
  endfacet
  facet normal 0.9569403375708345 0.29028467119332607 0
    outer loop
      vertex 145.84775906801224 155.70636686718464 0
      vertex 145.84775906801224 155.70636686718464 0.4
      vertex 145.96157056093216 155.3311806473732 0.4
    endloop
  endfacet
  facet normal 0.47139673713269076 0.8819212641844242 0
    outer loop
      vertex 144.76536686718464 156.78875906801224 0
      vertex 144.76536686718464 156.78875906801224 0.4
      vertex 145.1111404672265 156.60393922811747 0.4
    endloop
  endfacet
  facet normal 0.6343932961394977 0.773010443534409 0
    outer loop
      vertex 145.1111404672265 156.60393922811747 0
      vertex 145.1111404672265 156.60393922811747 0.4
      vertex 145.4142135605216 156.3552135605216 0.4
    endloop
  endfacet
  facet normal 0.773010443534409 0.6343932961394977 0
    outer loop
      vertex 145.4142135605216 156.3552135605216 0
      vertex 145.4142135605216 156.3552135605216 0.4
      vertex 145.66293922811747 156.0521404672265 0.4
    endloop
  endfacet
  facet normal 0.8819212641844242 0.47139673713269076 0
    outer loop
      vertex 145.66293922811747 156.0521404672265 0
      vertex 145.66293922811747 156.0521404672265 0.4
      vertex 145.84775906801224 155.70636686718464 0.4
    endloop
  endfacet
  facet normal 0.9951847267853375 0.09801713918082348 0
    outer loop
      vertex 145.96157056093216 155.3311806473732 0
      vertex 145.96157056093216 155.3311806473732 0.4
      vertex 146 154.941 0.4
    endloop
  endfacet
  facet normal 0 0 1
    outer loop
      vertex 140.03490813821554 133.02413087373972 0.4
      vertex 132.66668427735567 145.94323646312952 0.4
      vertex 132.59935750812292 145.90288235282898 0.4
    endloop
  endfacet
  facet normal 0 0 1
    outer loop
      vertex 140.03490813821554 133.02413087373972 0.4
      vertex 132.7612719386816 146.01338745689392 0.4
      vertex 132.66668427735567 145.94323646312952 0.4
    endloop
  endfacet
  facet normal 0 0 1
    outer loop
      vertex 140.03490813821554 133.02413087373972 0.4
      vertex 132.8485281392932 146.0924718607068 0.4
      vertex 132.7612719386816 146.01338745689392 0.4
    endloop
  endfacet
  facet normal 0 0 1
    outer loop
      vertex 140.03490813821554 133.02413087373972 0.4
      vertex 132.92761254310608 146.1797280613184 0.4
      vertex 132.8485281392932 146.0924718607068 0.4
    endloop
  endfacet
  facet normal 0 0 1
    outer loop
      vertex 140.03490813821554 133.02413087373972 0.4
      vertex 132.99776353687048 146.27431572264433 0.4
      vertex 132.92761254310608 146.1797280613184 0.4
    endloop
  endfacet
  facet normal 0 0 1
    outer loop
      vertex 140.03490813821554 133.02413087373972 0.4
      vertex 133.05830551683903 146.37532391434908 0.4
      vertex 132.99776353687048 146.27431572264433 0.4
    endloop
  endfacet
  facet normal 0 0 1
    outer loop
      vertex 140.03490813821554 133.02413087373972 0.4
      vertex 133.1086554378271 146.48177988117934 0.4
      vertex 133.05830551683903 146.37532391434908 0.4
    endloop
  endfacet
  facet normal 0 0 1
    outer loop
      vertex 140.03490813821554 133.02413087373972 0.4
      vertex 133.14832840114832 146.59265838599205 0.4
      vertex 133.1086554378271 146.48177988117934 0.4
    endloop
  endfacet
  facet normal 0 0 1
    outer loop
      vertex 140.03490813821554 133.02413087373972 0.4
      vertex 133.17694233357906 146.70689161157608 0.4
      vertex 133.14832840114832 146.59265838599205 0.4
    endloop
  endfacet
  facet normal 0 0 1
    outer loop
      vertex 140.03490813821554 133.02413087373972 0.4
      vertex 133.19422167539597 146.8233794350028 0.4
      vertex 133.17694233357906 146.70689161157608 0.4
    endloop
  endfacet
  facet normal 0 0 1
    outer loop
      vertex 140.03490813821554 133.02413087373972 0.4
      vertex 133.20000000298023 146.941 0.4
      vertex 133.19422167539597 146.8233794350028 0.4
    endloop
  endfacet
  facet normal 0 0 1
    outer loop
      vertex 140.03490813821554 133.02413087373972 0.4
      vertex 133.19422167539597 147.0586205649972 0.4
      vertex 133.20000000298023 146.941 0.4
    endloop
  endfacet
  facet normal 0 0 1
    outer loop
      vertex 131.33331572264433 147.93876353687048 0.4
      vertex 131.43432391434908 147.99930551683903 0.4
      vertex 144 156.941 0.4
    endloop
  endfacet
  facet normal 0 0 1
    outer loop
      vertex 131.43432391434908 147.99930551683903 0.4
      vertex 131.54077988117933 148.0496554378271 0.4
      vertex 144 156.941 0.4
    endloop
  endfacet
  facet normal 0 0 1
    outer loop
      vertex 131.54077988117933 148.0496554378271 0.4
      vertex 131.65165838599205 148.08932840114832 0.4
      vertex 144 156.941 0.4
    endloop
  endfacet
  facet normal 0 0 1
    outer loop
      vertex 131.65165838599205 148.08932840114832 0.4
      vertex 131.76589161157608 148.11794233357907 0.4
      vertex 144 156.941 0.4
    endloop
  endfacet
  facet normal 0 0 1
    outer loop
      vertex 131.76589161157608 148.11794233357907 0.4
      vertex 131.8823794350028 148.13522167539597 0.4
      vertex 144 156.941 0.4
    endloop
  endfacet
  facet normal 0 0 1
    outer loop
      vertex 131.8823794350028 148.13522167539597 0.4
      vertex 132 148.14100000298023 0.4
      vertex 144 156.941 0.4
    endloop
  endfacet
  facet normal 0 0 1
    outer loop
      vertex 132 148.14100000298023 0.4
      vertex 132.1176205649972 148.13522167539597 0.4
      vertex 144 156.941 0.4
    endloop
  endfacet
  facet normal 0 0 1
    outer loop
      vertex 132.1176205649972 148.13522167539597 0.4
      vertex 132.23410838842392 148.11794233357907 0.4
      vertex 144 156.941 0.4
    endloop
  endfacet
  facet normal 0 0 1
    outer loop
      vertex 133.1086554378271 147.40022011882067 0.4
      vertex 133.14832840114832 147.28934161400795 0.4
      vertex 144 156.941 0.4
    endloop
  endfacet
  facet normal 0 0 1
    outer loop
      vertex 133.1086554378271 147.40022011882067 0.4
      vertex 144 156.941 0.4
      vertex 133.05830551683903 147.50667608565092 0.4
    endloop
  endfacet
  facet normal 0 0 1
    outer loop
      vertex 133.05830551683903 147.50667608565092 0.4
      vertex 144 156.941 0.4
      vertex 132.99776353687048 147.60768427735567 0.4
    endloop
  endfacet
  facet normal 0 0 1
    outer loop
      vertex 132.92761254310608 147.7022719386816 0.4
      vertex 132.99776353687048 147.60768427735567 0.4
      vertex 144 156.941 0.4
    endloop
  endfacet
  facet normal 0 0 1
    outer loop
      vertex 133.19422167539597 147.0586205649972 0.4
      vertex 144 156.941 0.4
      vertex 133.17694233357906 147.17510838842392 0.4
    endloop
  endfacet
  facet normal 0 0 1
    outer loop
      vertex 133.17694233357906 147.17510838842392 0.4
      vertex 144 156.941 0.4
      vertex 133.14832840114832 147.28934161400795 0.4
    endloop
  endfacet
  facet normal 0 0 1
    outer loop
      vertex 132.34834161400795 148.08932840114832 0.4
      vertex 132.45922011882067 148.0496554378271 0.4
      vertex 144 156.941 0.4
    endloop
  endfacet
  facet normal 0 0 1
    outer loop
      vertex 132.23410838842392 148.11794233357907 0.4
      vertex 132.34834161400795 148.08932840114832 0.4
      vertex 144 156.941 0.4
    endloop
  endfacet
  facet normal 0 0 1
    outer loop
      vertex 132.56567608565092 147.99930551683903 0.4
      vertex 132.66668427735567 147.93876353687048 0.4
      vertex 144 156.941 0.4
    endloop
  endfacet
  facet normal 0 0 1
    outer loop
      vertex 132.56567608565092 147.99930551683903 0.4
      vertex 144 156.941 0.4
      vertex 132.45922011882067 148.0496554378271 0.4
    endloop
  endfacet
  facet normal 0 0 1
    outer loop
      vertex 132.8485281392932 147.7895281392932 0.4
      vertex 144 156.941 0.4
      vertex 132.7612719386816 147.86861254310608 0.4
    endloop
  endfacet
  facet normal 0 0 1
    outer loop
      vertex 132.8485281392932 147.7895281392932 0.4
      vertex 132.92761254310608 147.7022719386816 0.4
      vertex 144 156.941 0.4
    endloop
  endfacet
  facet normal 0 0 1
    outer loop
      vertex 132.66668427735567 147.93876353687048 0.4
      vertex 132.7612719386816 147.86861254310608 0.4
      vertex 144 156.941 0.4
    endloop
  endfacet
  facet normal 0 0 1
    outer loop
      vertex 140.03490813821554 133.02413087373972 0.4
      vertex 140.2102410569787 132.80098227447272 0.4
      vertex 133.19422167539597 147.0586205649972 0.4
    endloop
  endfacet
  facet normal 0 0 1
    outer loop
      vertex 140.44120022654533 132.63607384300232 0.4
      vertex 133.19422167539597 147.0586205649972 0.4
      vertex 140.2102410569787 132.80098227447272 0.4
    endloop
  endfacet
  facet normal 0 0 1
    outer loop
      vertex 140.44120022654533 132.63607384300232 0.4
      vertex 140.70918490737677 132.5426867980361 0.4
      vertex 133.19422167539597 147.0586205649972 0.4
    endloop
  endfacet
  facet normal 0 0 1
    outer loop
      vertex 140.70918490737677 132.5426867980361 0.4
      vertex 140.99261242896318 132.5283422473669 0.4
      vertex 133.19422167539597 147.0586205649972 0.4
    endloop
  endfacet
  facet normal 0 0 1
    outer loop
      vertex 140.99261242896318 132.5283422473669 0.4
      vertex 141.26865641772747 132.59419544821978 0.4
      vertex 133.19422167539597 147.0586205649972 0.4
    endloop
  endfacet
  facet normal 0 0 1
    outer loop
      vertex 141.26865641772747 132.59419544821978 0.4
      vertex 141.51508513838053 132.73494279420376 0.4
      vertex 133.19422167539597 147.0586205649972 0.4
    endloop
  endfacet
  facet normal 0 0 1
    outer loop
      vertex 141.51508513838053 132.73494279420376 0.4
      vertex 141.71205197274685 132.93924891984463 0.4
      vertex 133.19422167539597 147.0586205649972 0.4
    endloop
  endfacet
  facet normal 0 0 1
    outer loop
      vertex 141.71205197274685 132.93924891984463 0.4
      vertex 141.8436938226223 133.19065965002775 0.4
      vertex 133.19422167539597 147.0586205649972 0.4
    endloop
  endfacet
  facet normal 0 0 1
    outer loop
      vertex 141.8436938226223 133.19065965002775 0.4
      vertex 145.88552055507898 144.61735387182236 0.4
      vertex 133.19422167539597 147.0586205649972 0.4
    endloop
  endfacet
  facet normal 0 0 1
    outer loop
      vertex 133.19422167539597 147.0586205649972 0.4
      vertex 145.88552055507898 144.61735387182236 0.4
      vertex 145.91215324401855 144.69806259161234 0.4
    endloop
  endfacet
  facet normal 0 0 1
    outer loop
      vertex 133.19422167539597 147.0586205649972 0.4
      vertex 145.93533296138048 144.77982993459702 0.4
      vertex 145.95501785725355 144.86250823771954 0.4
    endloop
  endfacet
  facet normal 0 0 1
    outer loop
      vertex 133.19422167539597 147.0586205649972 0.4
      vertex 145.91215324401855 144.69806259161234 0.4
      vertex 145.93533296138048 144.77982993459702 0.4
    endloop
  endfacet
  facet normal 0 0 1
    outer loop
      vertex 133.19422167539597 147.0586205649972 0.4
      vertex 145.97117238491774 144.9459482062459 0.4
      vertex 145.98376736789942 145.0299991670847 0.4
    endloop
  endfacet
  facet normal 0 0 1
    outer loop
      vertex 133.19422167539597 147.0586205649972 0.4
      vertex 145.95501785725355 144.86250823771954 0.4
      vertex 145.97117238491774 144.9459482062459 0.4
    endloop
  endfacet
  facet normal 0 0 1
    outer loop
      vertex 133.19422167539597 147.0586205649972 0.4
      vertex 145.98376736789942 145.0299991670847 0.4
      vertex 145.99278006702662 145.114509337008 0.4
    endloop
  endfacet
  facet normal 0 0 1
    outer loop
      vertex 133.19422167539597 147.0586205649972 0.4
      vertex 145.99819420278072 145.19932610577345 0.4
      vertex 146 145.2842963192463 0.4
    endloop
  endfacet
  facet normal 0 0 1
    outer loop
      vertex 133.19422167539597 147.0586205649972 0.4
      vertex 145.99278006702662 145.114509337008 0.4
      vertex 145.99819420278072 145.19932610577345 0.4
    endloop
  endfacet
  facet normal 0 0 1
    outer loop
      vertex 133.19422167539597 147.0586205649972 0.4
      vertex 146 145.2842963192463 0.4
      vertex 146 154.941 0.4
    endloop
  endfacet
  facet normal 0 0 1
    outer loop
      vertex 133.19422167539597 147.0586205649972 0.4
      vertex 144.3901806473732 156.90257056093216 0.4
      vertex 144 156.941 0.4
    endloop
  endfacet
  facet normal 0 0 1
    outer loop
      vertex 133.19422167539597 147.0586205649972 0.4
      vertex 145.1111404672265 156.60393922811747 0.4
      vertex 144.76536686718464 156.78875906801224 0.4
    endloop
  endfacet
  facet normal 0 0 1
    outer loop
      vertex 133.19422167539597 147.0586205649972 0.4
      vertex 144.76536686718464 156.78875906801224 0.4
      vertex 144.3901806473732 156.90257056093216 0.4
    endloop
  endfacet
  facet normal 0 0 1
    outer loop
      vertex 133.19422167539597 147.0586205649972 0.4
      vertex 145.96157056093216 155.3311806473732 0.4
      vertex 145.84775906801224 155.70636686718464 0.4
    endloop
  endfacet
  facet normal 0 0 1
    outer loop
      vertex 133.19422167539597 147.0586205649972 0.4
      vertex 145.84775906801224 155.70636686718464 0.4
      vertex 145.66293922811747 156.0521404672265 0.4
    endloop
  endfacet
  facet normal 0 0 1
    outer loop
      vertex 133.19422167539597 147.0586205649972 0.4
      vertex 145.66293922811747 156.0521404672265 0.4
      vertex 145.4142135605216 156.3552135605216 0.4
    endloop
  endfacet
  facet normal 0 0 1
    outer loop
      vertex 133.19422167539597 147.0586205649972 0.4
      vertex 146 154.941 0.4
      vertex 145.96157056093216 155.3311806473732 0.4
    endloop
  endfacet
  facet normal 0 0 1
    outer loop
      vertex 133.19422167539597 147.0586205649972 0.4
      vertex 145.4142135605216 156.3552135605216 0.4
      vertex 145.1111404672265 156.60393922811747 0.4
    endloop
  endfacet
endsolid OpenSCAD_Model
