solid OpenSCAD_Model
  facet normal 0.29028467119332607 -0.9569403375708345 0
    outer loop
      vertex 144.76536686718464 0.15224093198776245 0
      vertex 144.3901806473732 0.038429439067840576 0.4
      vertex 144.3901806473732 0.038429439067840576 0
    endloop
  endfacet
  facet normal 0.29028467119332607 -0.9569403375708345 0
    outer loop
      vertex 144.76536686718464 0.15224093198776245 0
      vertex 144.76536686718464 0.15224093198776245 0.4
      vertex 144.3901806473732 0.038429439067840576 0.4
    endloop
  endfacet
  facet normal 0.47139673713269076 -0.8819212641844242 0
    outer loop
      vertex 145.1111404672265 0.337060771882534 0
      vertex 144.76536686718464 0.15224093198776245 0.4
      vertex 144.76536686718464 0.15224093198776245 0
    endloop
  endfacet
  facet normal 0.47139673713269076 -0.8819212641844242 0
    outer loop
      vertex 145.1111404672265 0.337060771882534 0
      vertex 145.1111404672265 0.337060771882534 0.4
      vertex 144.76536686718464 0.15224093198776245 0.4
    endloop
  endfacet
  facet normal 0.6343932961394977 -0.773010443534409 0
    outer loop
      vertex 145.4142135605216 0.5857864394783974 0
      vertex 145.1111404672265 0.337060771882534 0.4
      vertex 145.1111404672265 0.337060771882534 0
    endloop
  endfacet
  facet normal 0.6343932961394977 -0.773010443534409 0
    outer loop
      vertex 145.4142135605216 0.5857864394783974 0
      vertex 145.4142135605216 0.5857864394783974 0.4
      vertex 145.1111404672265 0.337060771882534 0.4
    endloop
  endfacet
  facet normal 0.773010443534409 -0.6343932961394977 0
    outer loop
      vertex 145.66293922811747 0.8888595327734947 0
      vertex 145.4142135605216 0.5857864394783974 0.4
      vertex 145.4142135605216 0.5857864394783974 0
    endloop
  endfacet
  facet normal 0.773010443534409 -0.6343932961394977 0
    outer loop
      vertex 145.66293922811747 0.8888595327734947 0
      vertex 145.66293922811747 0.8888595327734947 0.4
      vertex 145.4142135605216 0.5857864394783974 0.4
    endloop
  endfacet
  facet normal 0.8819212641844242 -0.47139673713269076 0
    outer loop
      vertex 145.84775906801224 1.234633132815361 0
      vertex 145.66293922811747 0.8888595327734947 0.4
      vertex 145.66293922811747 0.8888595327734947 0
    endloop
  endfacet
  facet normal 0.8819212641844242 -0.47139673713269076 0
    outer loop
      vertex 145.84775906801224 1.234633132815361 0
      vertex 145.84775906801224 1.234633132815361 0.4
      vertex 145.66293922811747 0.8888595327734947 0.4
    endloop
  endfacet
  facet normal 0.9569403375708345 -0.29028467119332607 0
    outer loop
      vertex 145.96157056093216 1.6098193526268005 0
      vertex 145.84775906801224 1.234633132815361 0.4
      vertex 145.84775906801224 1.234633132815361 0
    endloop
  endfacet
  facet normal 0.9569403375708345 -0.29028467119332607 0
    outer loop
      vertex 145.96157056093216 1.6098193526268005 0
      vertex 145.96157056093216 1.6098193526268005 0.4
      vertex 145.84775906801224 1.234633132815361 0.4
    endloop
  endfacet
  facet normal 0.9951847267853375 -0.09801713918082348 0
    outer loop
      vertex 146 2 0
      vertex 145.96157056093216 1.6098193526268005 0.4
      vertex 145.96157056093216 1.6098193526268005 0
    endloop
  endfacet
  facet normal 0.9951847267853375 -0.09801713918082348 0
    outer loop
      vertex 146 2 0
      vertex 146 2 0.4
      vertex 145.96157056093216 1.6098193526268005 0.4
    endloop
  endfacet
  facet normal 1 0 0
    outer loop
      vertex 146 146.41486094146967 0
      vertex 146 2 0.4
      vertex 146 2 0
    endloop
  endfacet
  facet normal 1 0 0
    outer loop
      vertex 146 146.41486094146967 0
      vertex 146 146.41486094146967 0.4
      vertex 146 2 0.4
    endloop
  endfacet
  facet normal 0.999607210692876 0.028025422937190302 0
    outer loop
      vertex 145.99057491123676 146.75103380531073 0
      vertex 146 146.41486094146967 0.4
      vertex 146 146.41486094146967 0
    endloop
  endfacet
  facet normal 0.999607210692876 0.028025422937190302 0
    outer loop
      vertex 145.99057491123676 146.75103380531073 0
      vertex 145.99057491123676 146.75103380531073 0.4
      vertex 146 146.41486094146967 0.4
    endloop
  endfacet
  facet normal 0.9964667506426488 0.08398818288117221 0
    outer loop
      vertex 145.9623292684555 147.08615051954985 0
      vertex 145.99057491123676 146.75103380531073 0.4
      vertex 145.99057491123676 146.75103380531073 0
    endloop
  endfacet
  facet normal 0.9964667506426488 0.08398818288117221 0
    outer loop
      vertex 145.9623292684555 147.08615051954985 0
      vertex 145.9623292684555 147.08615051954985 0.4
      vertex 145.99057491123676 146.75103380531073 0.4
    endloop
  endfacet
  facet normal 0.990195693481117 0.13968710968249584 0
    outer loop
      vertex 145.91535180062056 147.41915824264288 0
      vertex 145.9623292684555 147.08615051954985 0.4
      vertex 145.9623292684555 147.08615051954985 0
    endloop
  endfacet
  facet normal 0.990195693481117 0.13968710968249584 0
    outer loop
      vertex 145.91535180062056 147.41915824264288 0
      vertex 145.91535180062056 147.41915824264288 0.4
      vertex 145.9623292684555 147.08615051954985 0.4
    endloop
  endfacet
  facet normal 0.9808137463465808 0.19494715944990054 0
    outer loop
      vertex 145.84979010373354 147.74901077151299 0
      vertex 145.91535180062056 147.41915824264288 0.4
      vertex 145.91535180062056 147.41915824264288 0
    endloop
  endfacet
  facet normal 0.9808137463465808 0.19494715944990054 0
    outer loop
      vertex 145.84979010373354 147.74901077151299 0
      vertex 145.84979010373354 147.74901077151299 0.4
      vertex 145.91535180062056 147.41915824264288 0.4
    endloop
  endfacet
  facet normal 0.9683503751056468 0.24959477364871419 0
    outer loop
      vertex 145.76585014164448 148.07467181235552 0
      vertex 145.84979010373354 147.74901077151299 0.4
      vertex 145.84979010373354 147.74901077151299 0
    endloop
  endfacet
  facet normal 0.9683503751056468 0.24959477364871419 0
    outer loop
      vertex 145.76585014164448 148.07467181235552 0
      vertex 145.76585014164448 148.07467181235552 0.4
      vertex 145.84979010373354 147.74901077151299 0.4
    endloop
  endfacet
  facet normal 0.9528447507792596 0.3034582029084252 0
    outer loop
      vertex 145.66379564255476 148.39511822909117 0
      vertex 145.76585014164448 148.07467181235552 0.4
      vertex 145.76585014164448 148.07467181235552 0
    endloop
  endfacet
  facet normal 0.9528447507792596 0.3034582029084252 0
    outer loop
      vertex 145.66379564255476 148.39511822909117 0
      vertex 145.66379564255476 148.39511822909117 0.4
      vertex 145.76585014164448 148.07467181235552 0.4
    endloop
  endfacet
  facet normal 0.934345571891575 0.35636828181897123 0
    outer loop
      vertex 145.54394721984863 148.70934328436852 0
      vertex 145.66379564255476 148.39511822909117 0.4
      vertex 145.66379564255476 148.39511822909117 0
    endloop
  endfacet
  facet normal 0.934345571891575 0.35636828181897123 0
    outer loop
      vertex 145.54394721984863 148.70934328436852 0
      vertex 145.54394721984863 148.70934328436852 0.4
      vertex 145.66379564255476 148.39511822909117 0.4
    endloop
  endfacet
  facet normal 0.9129109656180348 0.4081587544747108 0
    outer loop
      vertex 145.40668140351772 149.01635977625847 0
      vertex 145.54394721984863 148.70934328436852 0.4
      vertex 145.54394721984863 148.70934328436852 0
    endloop
  endfacet
  facet normal 0.9129109656180348 0.4081587544747108 0
    outer loop
      vertex 145.40668140351772 149.01635977625847 0
      vertex 145.40668140351772 149.01635977625847 0.4
      vertex 145.54394721984863 148.70934328436852 0.4
    endloop
  endfacet
  facet normal 0.9011135675468491 0.43358313895144757 1.558147164428243e-16
    outer loop
      vertex 143.089631408453 153.83187264949083 0
      vertex 145.40668140351772 149.01635977625847 0.4
      vertex 145.40668140351772 149.01635977625847 0
    endloop
  endfacet
  facet normal 0.9011135675468491 0.43358313895144757 0
    outer loop
      vertex 143.089631408453 153.83187264949083 0
      vertex 143.089631408453 153.83187264949083 0.4
      vertex 145.40668140351772 149.01635977625847 0.4
    endloop
  endfacet
  facet normal 0.8207583228876111 0.5712755687150607 0
    outer loop
      vertex 142.72648937255144 154.35360307991505 0
      vertex 143.089631408453 153.83187264949083 0.4
      vertex 143.089631408453 153.83187264949083 0
    endloop
  endfacet
  facet normal 0.8207583228876111 0.5712755687150607 0
    outer loop
      vertex 142.72648937255144 154.35360307991505 0
      vertex 142.72648937255144 154.35360307991505 0.4
      vertex 143.089631408453 153.83187264949083 0.4
    endloop
  endfacet
  facet normal 0.6000387625027045 0.7999709266556024 0
    outer loop
      vertex 142.21797283738852 154.73502898216248 0
      vertex 142.72648937255144 154.35360307991505 0.4
      vertex 142.72648937255144 154.35360307991505 0
    endloop
  endfacet
  facet normal 0.6000387625027045 0.7999709266556024 0
    outer loop
      vertex 142.21797283738852 154.73502898216248 0
      vertex 142.21797283738852 154.73502898216248 0.4
      vertex 142.72648937255144 154.35360307991505 0.4
    endloop
  endfacet
  facet normal 0.3187040624896585 0.9478542717910745 0
    outer loop
      vertex 141.615451477468 154.93761920183897 0
      vertex 142.21797283738852 154.73502898216248 0.4
      vertex 142.21797283738852 154.73502898216248 0
    endloop
  endfacet
  facet normal 0.3187040624896585 0.9478542717910745 0
    outer loop
      vertex 141.615451477468 154.93761920183897 0
      vertex 141.615451477468 154.93761920183897 0.4
      vertex 142.21797283738852 154.73502898216248 0.4
    endloop
  endfacet
  facet normal 0.00517428803065304 0.9999866132820858 0
    outer loop
      vertex 140.97979121655226 154.9409083351493 0
      vertex 141.615451477468 154.93761920183897 0.4
      vertex 141.615451477468 154.93761920183897 0
    endloop
  endfacet
  facet normal 0.00517428803065304 0.9999866132820858 0
    outer loop
      vertex 140.97979121655226 154.9409083351493 0
      vertex 140.97979121655226 154.9409083351493 0.4
      vertex 141.615451477468 154.93761920183897 0.4
    endloop
  endfacet
  facet normal -0.30887817583828686 0.9511016099717277 0
    outer loop
      vertex 140.3752056211233 154.7445641234517 0
      vertex 140.97979121655226 154.9409083351493 0.4
      vertex 140.97979121655226 154.9409083351493 0
    endloop
  endfacet
  facet normal -0.30887817583828686 0.9511016099717277 0
    outer loop
      vertex 140.3752056211233 154.7445641234517 0
      vertex 140.3752056211233 154.7445641234517 0.4
      vertex 140.97979121655226 154.9409083351493 0.4
    endloop
  endfacet
  facet normal -0.5917281815257847 0.8061375559966103 0
    outer loop
      vertex 139.86276914924383 154.36842099577188 0
      vertex 140.3752056211233 154.7445641234517 0.4
      vertex 140.3752056211233 154.7445641234517 0
    endloop
  endfacet
  facet normal -0.5917281815257847 0.8061375559966103 0
    outer loop
      vertex 139.86276914924383 154.36842099577188 0
      vertex 139.86276914924383 154.36842099577188 0.4
      vertex 140.3752056211233 154.7445641234517 0.4
    endloop
  endfacet
  facet normal -0.8148025685859916 0.5797385395380149 0
    outer loop
      vertex 139.49424746632576 153.85047645121813 0
      vertex 139.86276914924383 154.36842099577188 0.4
      vertex 139.86276914924383 154.36842099577188 0
    endloop
  endfacet
  facet normal -0.8148025685859916 0.5797385395380149 0
    outer loop
      vertex 139.49424746632576 153.85047645121813 0
      vertex 139.49424746632576 153.85047645121813 0.4
      vertex 139.86276914924383 154.36842099577188 0.4
    endloop
  endfacet
  facet normal -0.955566656527977 0.2947751090779939 0
    outer loop
      vertex 139.3068681359291 153.24305257201195 0
      vertex 139.49424746632576 153.85047645121813 0.4
      vertex 139.49424746632576 153.85047645121813 0
    endloop
  endfacet
  facet normal -0.955566656527977 0.2947751090779939 0
    outer loop
      vertex 139.3068681359291 153.24305257201195 0
      vertex 139.3068681359291 153.24305257201195 0.4
      vertex 139.49424746632576 153.85047645121813 0.4
    endloop
  endfacet
  facet normal -0.9902680687461659 0.13917310092736637 3.916948339111114e-16
    outer loop
      vertex 129.29710637778044 82.01989681273699 0
      vertex 139.3068681359291 153.24305257201195 0.4
      vertex 139.3068681359291 153.24305257201195 0
    endloop
  endfacet
  facet normal -0.9902680687461659 0.13917310092736637 0
    outer loop
      vertex 129.29710637778044 82.01989681273699 0
      vertex 129.29710637778044 82.01989681273699 0.4
      vertex 139.3068681359291 153.24305257201195 0.4
    endloop
  endfacet
  facet normal -0.14673044695582152 -0.989176514043952 0
    outer loop
      vertex 129.6335912272334 81.96998400986195 0
      vertex 129.29710637778044 82.01989681273699 0.4
      vertex 129.29710637778044 82.01989681273699 0
    endloop
  endfacet
  facet normal -0.14673044695582152 -0.989176514043952 0
    outer loop
      vertex 129.6335912272334 81.96998400986195 0
      vertex 129.6335912272334 81.96998400986195 0.4
      vertex 129.29710637778044 82.01989681273699 0.4
    endloop
  endfacet
  facet normal -0.24298018084783485 -0.9700312529579412 0
    outer loop
      vertex 130.20475736260414 81.82691434025764 0
      vertex 129.6335912272334 81.96998400986195 0.4
      vertex 129.6335912272334 81.96998400986195 0
    endloop
  endfacet
  facet normal -0.24298018084783485 -0.9700312529579412 0
    outer loop
      vertex 130.20475736260414 81.82691434025764 0
      vertex 130.20475736260414 81.82691434025764 0.4
      vertex 129.6335912272334 81.96998400986195 0.4
    endloop
  endfacet
  facet normal -0.336889848839689 -0.9415440668119424 0
    outer loop
      vertex 130.7591498941183 81.6285495236516 0
      vertex 130.20475736260414 81.82691434025764 0.4
      vertex 130.20475736260414 81.82691434025764 0
    endloop
  endfacet
  facet normal -0.336889848839689 -0.9415440668119424 0
    outer loop
      vertex 130.7591498941183 81.6285495236516 0
      vertex 130.7591498941183 81.6285495236516 0.4
      vertex 130.20475736260414 81.82691434025764 0.4
    endloop
  endfacet
  facet normal -0.42755509821016496 -0.9039892908627271 0
    outer loop
      vertex 131.291429720819 81.3767999112606 0
      vertex 130.7591498941183 81.6285495236516 0.4
      vertex 130.7591498941183 81.6285495236516 0
    endloop
  endfacet
  facet normal -0.42755509821016496 -0.9039892908627271 0
    outer loop
      vertex 131.291429720819 81.3767999112606 0
      vertex 131.291429720819 81.3767999112606 0.4
      vertex 130.7591498941183 81.6285495236516 0.4
    endloop
  endfacet
  facet normal -0.5141027500766173 -0.8577286064739005 0
    outer loop
      vertex 131.7964706942439 81.0740899965167 0
      vertex 131.291429720819 81.3767999112606 0.4
      vertex 131.291429720819 81.3767999112606 0
    endloop
  endfacet
  facet normal -0.5141027500766173 -0.8577286064739005 0
    outer loop
      vertex 131.7964706942439 81.0740899965167 0
      vertex 131.7964706942439 81.0740899965167 0.4
      vertex 131.291429720819 81.3767999112606 0.4
    endloop
  endfacet
  facet normal -0.5956993049920405 -0.803207531110111 0
    outer loop
      vertex 132.26940900087357 80.72333504259586 0
      vertex 131.7964706942439 81.0740899965167 0.4
      vertex 131.7964706942439 81.0740899965167 0
    endloop
  endfacet
  facet normal -0.5956993049920405 -0.803207531110111 0
    outer loop
      vertex 132.26940900087357 80.72333504259586 0
      vertex 132.26940900087357 80.72333504259586 0.4
      vertex 131.7964706942439 81.0740899965167 0.4
    endloop
  endfacet
  facet normal -0.6715589506072077 -0.7409511291976995 0
    outer loop
      vertex 132.70568998903036 80.32791300863028 0
      vertex 132.26940900087357 80.72333504259586 0.4
      vertex 132.26940900087357 80.72333504259586 0
    endloop
  endfacet
  facet normal -0.6715589506072077 -0.7409511291976995 0
    outer loop
      vertex 132.70568998903036 80.32791300863028 0
      vertex 132.70568998903036 80.32791300863028 0.4
      vertex 132.26940900087357 80.72333504259586 0.4
    endloop
  endfacet
  facet normal -0.7409511297873682 -0.6715589499566087 0
    outer loop
      vertex 133.10111201554537 79.89163202792406 0
      vertex 132.70568998903036 80.32791300863028 0.4
      vertex 132.70568998903036 80.32791300863028 0
    endloop
  endfacet
  facet normal -0.7409511297873682 -0.6715589499566087 0
    outer loop
      vertex 133.10111201554537 79.89163202792406 0
      vertex 133.10111201554537 79.89163202792406 0.4
      vertex 132.70568998903036 80.32791300863028 0.4
    endloop
  endfacet
  facet normal -0.803207531110111 -0.5956993049920405 0
    outer loop
      vertex 133.4518669694662 79.4186937212944 0
      vertex 133.10111201554537 79.89163202792406 0.4
      vertex 133.10111201554537 79.89163202792406 0
    endloop
  endfacet
  facet normal -0.803207531110111 -0.5956993049920405 0
    outer loop
      vertex 133.4518669694662 79.4186937212944 0
      vertex 133.4518669694662 79.4186937212944 0.4
      vertex 133.10111201554537 79.89163202792406 0.4
    endloop
  endfacet
  facet normal -0.8577286064739005 -0.5141027500766173 0
    outer loop
      vertex 133.7545768842101 78.91365274786949 0
      vertex 133.4518669694662 79.4186937212944 0.4
      vertex 133.4518669694662 79.4186937212944 0
    endloop
  endfacet
  facet normal -0.8577286064739005 -0.5141027500766173 0
    outer loop
      vertex 133.7545768842101 78.91365274786949 0
      vertex 133.7545768842101 78.91365274786949 0.4
      vertex 133.4518669694662 79.4186937212944 0.4
    endloop
  endfacet
  facet normal -0.9039892908627271 -0.42755509821016496 0
    outer loop
      vertex 134.0063264966011 78.3813729211688 0
      vertex 133.7545768842101 78.91365274786949 0.4
      vertex 133.7545768842101 78.91365274786949 0
    endloop
  endfacet
  facet normal -0.9039892908627271 -0.42755509821016496 0
    outer loop
      vertex 134.0063264966011 78.3813729211688 0
      vertex 134.0063264966011 78.3813729211688 0.4
      vertex 133.7545768842101 78.91365274786949 0.4
    endloop
  endfacet
  facet normal -0.9415440668119424 -0.336889848839689 0
    outer loop
      vertex 134.20469131320715 77.82698038965464 0
      vertex 134.0063264966011 78.3813729211688 0.4
      vertex 134.0063264966011 78.3813729211688 0
    endloop
  endfacet
  facet normal -0.9415440668119424 -0.336889848839689 0
    outer loop
      vertex 134.20469131320715 77.82698038965464 0
      vertex 134.20469131320715 77.82698038965464 0.4
      vertex 134.0063264966011 78.3813729211688 0.4
    endloop
  endfacet
  facet normal -0.9700312529579412 -0.24298018084783485 0
    outer loop
      vertex 134.34776098281145 77.2558142542839 0
      vertex 134.20469131320715 77.82698038965464 0.4
      vertex 134.20469131320715 77.82698038965464 0
    endloop
  endfacet
  facet normal -0.9700312529579412 -0.24298018084783485 0
    outer loop
      vertex 134.34776098281145 77.2558142542839 0
      vertex 134.34776098281145 77.2558142542839 0.4
      vertex 134.20469131320715 77.82698038965464 0.4
    endloop
  endfacet
  facet normal -0.9891765094515755 -0.14673047791511168 0
    outer loop
      vertex 134.43415766209364 76.67337516695261 0
      vertex 134.34776098281145 77.2558142542839 0.4
      vertex 134.34776098281145 77.2558142542839 0
    endloop
  endfacet
  facet normal -0.9891765094515755 -0.14673047791511168 0
    outer loop
      vertex 134.43415766209364 76.67337516695261 0
      vertex 134.43415766209364 76.67337516695261 0.4
      vertex 134.34776098281145 77.2558142542839 0.4
    endloop
  endfacet
  facet normal -0.9987954563668773 -0.049067671035838485 0
    outer loop
      vertex 134.46304930001497 76.08527232706547 0
      vertex 134.43415766209364 76.67337516695261 0.4
      vertex 134.43415766209364 76.67337516695261 0
    endloop
  endfacet
  facet normal -0.9987954563668773 -0.049067671035838485 0
    outer loop
      vertex 134.46304930001497 76.08527232706547 0
      vertex 134.46304930001497 76.08527232706547 0.4
      vertex 134.43415766209364 76.67337516695261 0.4
    endloop
  endfacet
  facet normal -0.9987954563973426 0.049067670415704694 0
    outer loop
      vertex 134.43415766209364 75.49716947972775 0
      vertex 134.46304930001497 76.08527232706547 0.4
      vertex 134.46304930001497 76.08527232706547 0
    endloop
  endfacet
  facet normal -0.9987954563973426 0.049067670415704694 0
    outer loop
      vertex 134.43415766209364 75.49716947972775 0
      vertex 134.43415766209364 75.49716947972775 0.4
      vertex 134.46304930001497 76.08527232706547 0.4
    endloop
  endfacet
  facet normal -0.9891765094515755 0.14673047791511168 0
    outer loop
      vertex 134.34776098281145 74.91473039239645 0
      vertex 134.43415766209364 75.49716947972775 0.4
      vertex 134.43415766209364 75.49716947972775 0
    endloop
  endfacet
  facet normal -0.9891765094515755 0.14673047791511168 0
    outer loop
      vertex 134.34776098281145 74.91473039239645 0
      vertex 134.34776098281145 74.91473039239645 0.4
      vertex 134.43415766209364 75.49716947972775 0.4
    endloop
  endfacet
  facet normal -0.9700312522108819 0.2429801838302629 0
    outer loop
      vertex 134.20469131320715 74.3435642644763 0
      vertex 134.34776098281145 74.91473039239645 0.4
      vertex 134.34776098281145 74.91473039239645 0
    endloop
  endfacet
  facet normal -0.9700312522108819 0.2429801838302629 0
    outer loop
      vertex 134.20469131320715 74.3435642644763 0
      vertex 134.20469131320715 74.3435642644763 0.4
      vertex 134.34776098281145 74.91473039239645 0.4
    endloop
  endfacet
  facet normal -0.9415440668119424 0.336889848839689 0
    outer loop
      vertex 134.0063264966011 73.78917173296213 0
      vertex 134.20469131320715 74.3435642644763 0.4
      vertex 134.20469131320715 74.3435642644763 0
    endloop
  endfacet
  facet normal -0.9415440668119424 0.336889848839689 0
    outer loop
      vertex 134.0063264966011 73.78917173296213 0
      vertex 134.0063264966011 73.78917173296213 0.4
      vertex 134.20469131320715 74.3435642644763 0.4
    endloop
  endfacet
  facet normal -0.9039892908627271 0.42755509821016496 0
    outer loop
      vertex 133.7545768842101 73.25689190626144 0
      vertex 134.0063264966011 73.78917173296213 0.4
      vertex 134.0063264966011 73.78917173296213 0
    endloop
  endfacet
  facet normal -0.9039892908627271 0.42755509821016496 0
    outer loop
      vertex 133.7545768842101 73.25689190626144 0
      vertex 133.7545768842101 73.25689190626144 0.4
      vertex 134.0063264966011 73.78917173296213 0.4
    endloop
  endfacet
  facet normal -0.8577286098182622 0.5141027444968869 0
    outer loop
      vertex 133.4518669694662 72.75185092538595 0
      vertex 133.7545768842101 73.25689190626144 0.4
      vertex 133.7545768842101 73.25689190626144 0
    endloop
  endfacet
  facet normal -0.8577286098182622 0.5141027444968869 0
    outer loop
      vertex 133.4518669694662 72.75185092538595 0
      vertex 133.4518669694662 72.75185092538595 0.4
      vertex 133.7545768842101 73.25689190626144 0.4
    endloop
  endfacet
  facet normal -0.803207531110111 0.5956993049920405 0
    outer loop
      vertex 133.10111201554537 72.2789126187563 0
      vertex 133.4518669694662 72.75185092538595 0.4
      vertex 133.4518669694662 72.75185092538595 0
    endloop
  endfacet
  facet normal -0.803207531110111 0.5956993049920405 0
    outer loop
      vertex 133.10111201554537 72.2789126187563 0
      vertex 133.10111201554537 72.2789126187563 0.4
      vertex 133.4518669694662 72.75185092538595 0.4
    endloop
  endfacet
  facet normal -0.7409511297873682 0.6715589499566087 0
    outer loop
      vertex 132.70568998903036 71.84263163805008 0
      vertex 133.10111201554537 72.2789126187563 0.4
      vertex 133.10111201554537 72.2789126187563 0
    endloop
  endfacet
  facet normal -0.7409511297873682 0.6715589499566087 0
    outer loop
      vertex 132.70568998903036 71.84263163805008 0
      vertex 132.70568998903036 71.84263163805008 0.4
      vertex 133.10111201554537 72.2789126187563 0.4
    endloop
  endfacet
  facet normal -0.6715589506072077 0.7409511291976995 0
    outer loop
      vertex 132.26940900087357 71.44720960408449 0
      vertex 132.70568998903036 71.84263163805008 0.4
      vertex 132.70568998903036 71.84263163805008 0
    endloop
  endfacet
  facet normal -0.6715589506072077 0.7409511291976995 0
    outer loop
      vertex 132.26940900087357 71.44720960408449 0
      vertex 132.26940900087357 71.44720960408449 0.4
      vertex 132.70568998903036 71.84263163805008 0.4
    endloop
  endfacet
  facet normal -0.5956993049920405 0.803207531110111 0
    outer loop
      vertex 131.7964706942439 71.09645465016365 0
      vertex 132.26940900087357 71.44720960408449 0.4
      vertex 132.26940900087357 71.44720960408449 0
    endloop
  endfacet
  facet normal -0.5956993049920405 0.803207531110111 0
    outer loop
      vertex 131.7964706942439 71.09645465016365 0
      vertex 131.7964706942439 71.09645465016365 0.4
      vertex 132.26940900087357 71.44720960408449 0.4
    endloop
  endfacet
  facet normal -0.5141027500766173 0.8577286064739005 0
    outer loop
      vertex 131.291429720819 70.79374473541975 0
      vertex 131.7964706942439 71.09645465016365 0.4
      vertex 131.7964706942439 71.09645465016365 0
    endloop
  endfacet
  facet normal -0.5141027500766173 0.8577286064739005 0
    outer loop
      vertex 131.291429720819 70.79374473541975 0
      vertex 131.291429720819 70.79374473541975 0.4
      vertex 131.7964706942439 71.09645465016365 0.4
    endloop
  endfacet
  facet normal -0.4275550878697023 0.9039892957534017 0
    outer loop
      vertex 130.7591498941183 70.54199513047934 0
      vertex 131.291429720819 70.79374473541975 0.4
      vertex 131.291429720819 70.79374473541975 0
    endloop
  endfacet
  facet normal -0.4275550878697023 0.9039892957534017 0
    outer loop
      vertex 130.7591498941183 70.54199513047934 0
      vertex 130.7591498941183 70.54199513047934 0.4
      vertex 131.291429720819 70.79374473541975 0.4
    endloop
  endfacet
  facet normal -0.336889848839689 0.9415440668119424 0
    outer loop
      vertex 130.20475736260414 70.34363031387329 0
      vertex 130.7591498941183 70.54199513047934 0.4
      vertex 130.7591498941183 70.54199513047934 0
    endloop
  endfacet
  facet normal -0.336889848839689 0.9415440668119424 0
    outer loop
      vertex 130.20475736260414 70.34363031387329 0
      vertex 130.20475736260414 70.34363031387329 0.4
      vertex 130.7591498941183 70.54199513047934 0.4
    endloop
  endfacet
  facet normal -0.24298018084783485 0.9700312529579412 0
    outer loop
      vertex 129.6335912272334 70.20056064426899 0
      vertex 130.20475736260414 70.34363031387329 0.4
      vertex 130.20475736260414 70.34363031387329 0
    endloop
  endfacet
  facet normal -0.24298018084783485 0.9700312529579412 0
    outer loop
      vertex 129.6335912272334 70.20056064426899 0
      vertex 129.6335912272334 70.20056064426899 0.4
      vertex 130.20475736260414 70.34363031387329 0.4
    endloop
  endfacet
  facet normal -0.14673047791511168 0.9891765094515755 0
    outer loop
      vertex 129.05115213990211 70.1141639649868 0
      vertex 129.6335912272334 70.20056064426899 0.4
      vertex 129.6335912272334 70.20056064426899 0
    endloop
  endfacet
  facet normal -0.14673047791511168 0.9891765094515755 0
    outer loop
      vertex 129.05115213990211 70.1141639649868 0
      vertex 129.05115213990211 70.1141639649868 0.4
      vertex 129.6335912272334 70.20056064426899 0.4
    endloop
  endfacet
  facet normal -0.049067671035838485 0.9987954563668773 0
    outer loop
      vertex 128.46304930001497 70.08527232706547 0
      vertex 129.05115213990211 70.1141639649868 0.4
      vertex 129.05115213990211 70.1141639649868 0
    endloop
  endfacet
  facet normal -0.049067671035838485 0.9987954563668773 0
    outer loop
      vertex 128.46304930001497 70.08527232706547 0
      vertex 128.46304930001497 70.08527232706547 0.4
      vertex 129.05115213990211 70.1141639649868 0.4
    endloop
  endfacet
  facet normal 0.049067671035838485 0.9987954563668773 0
    outer loop
      vertex 127.87494646012783 70.1141639649868 0
      vertex 128.46304930001497 70.08527232706547 0.4
      vertex 128.46304930001497 70.08527232706547 0
    endloop
  endfacet
  facet normal 0.049067671035838485 0.9987954563668773 0
    outer loop
      vertex 127.87494646012783 70.1141639649868 0
      vertex 127.87494646012783 70.1141639649868 0.4
      vertex 128.46304930001497 70.08527232706547 0.4
    endloop
  endfacet
  facet normal 0.14673047607854156 0.9891765097240051 0
    outer loop
      vertex 127.29250736534595 70.20056064426899 0
      vertex 127.87494646012783 70.1141639649868 0.4
      vertex 127.87494646012783 70.1141639649868 0
    endloop
  endfacet
  facet normal 0.14673047607854156 0.9891765097240051 0
    outer loop
      vertex 127.29250736534595 70.20056064426899 0
      vertex 127.29250736534595 70.20056064426899 0.4
      vertex 127.87494646012783 70.1141639649868 0.4
    endloop
  endfacet
  facet normal 0.2429801838302629 0.9700312522108819 0
    outer loop
      vertex 126.7213412374258 70.34363031387329 0
      vertex 127.29250736534595 70.20056064426899 0.4
      vertex 127.29250736534595 70.20056064426899 0
    endloop
  endfacet
  facet normal 0.2429801838302629 0.9700312522108819 0
    outer loop
      vertex 126.7213412374258 70.34363031387329 0
      vertex 126.7213412374258 70.34363031387329 0.4
      vertex 127.29250736534595 70.20056064426899 0.4
    endloop
  endfacet
  facet normal 0.336889848839689 0.9415440668119424 0
    outer loop
      vertex 126.16694870591164 70.54199513047934 0
      vertex 126.7213412374258 70.34363031387329 0.4
      vertex 126.7213412374258 70.34363031387329 0
    endloop
  endfacet
  facet normal 0.336889848839689 0.9415440668119424 0
    outer loop
      vertex 126.16694870591164 70.54199513047934 0
      vertex 126.16694870591164 70.54199513047934 0.4
      vertex 126.7213412374258 70.34363031387329 0.4
    endloop
  endfacet
  facet normal 0.4275550878697023 0.9039892957534017 0
    outer loop
      vertex 125.63466887921095 70.79374473541975 0
      vertex 126.16694870591164 70.54199513047934 0.4
      vertex 126.16694870591164 70.54199513047934 0
    endloop
  endfacet
  facet normal 0.4275550878697023 0.9039892957534017 0
    outer loop
      vertex 125.63466887921095 70.79374473541975 0
      vertex 125.63466887921095 70.79374473541975 0.4
      vertex 126.16694870591164 70.54199513047934 0.4
    endloop
  endfacet
  facet normal 0.5141027444968869 0.8577286098182622 0
    outer loop
      vertex 125.12962789833546 71.09645465016365 0
      vertex 125.63466887921095 70.79374473541975 0.4
      vertex 125.63466887921095 70.79374473541975 0
    endloop
  endfacet
  facet normal 0.5141027444968869 0.8577286098182622 0
    outer loop
      vertex 125.12962789833546 71.09645465016365 0
      vertex 125.12962789833546 71.09645465016365 0.4
      vertex 125.63466887921095 70.79374473541975 0.4
    endloop
  endfacet
  facet normal 0.5956993049920405 0.803207531110111 0
    outer loop
      vertex 124.6566895917058 71.44720960408449 0
      vertex 125.12962789833546 71.09645465016365 0.4
      vertex 125.12962789833546 71.09645465016365 0
    endloop
  endfacet
  facet normal 0.5956993049920405 0.803207531110111 0
    outer loop
      vertex 124.6566895917058 71.44720960408449 0
      vertex 124.6566895917058 71.44720960408449 0.4
      vertex 125.12962789833546 71.09645465016365 0.4
    endloop
  endfacet
  facet normal 0.6715589569035322 0.7409511234910436 0
    outer loop
      vertex 124.22040861099958 71.84263163805008 0
      vertex 124.6566895917058 71.44720960408449 0.4
      vertex 124.6566895917058 71.44720960408449 0
    endloop
  endfacet
  facet normal 0.6715589569035322 0.7409511234910436 0
    outer loop
      vertex 124.22040861099958 71.84263163805008 0
      vertex 124.22040861099958 71.84263163805008 0.4
      vertex 124.6566895917058 71.44720960408449 0.4
    endloop
  endfacet
  facet normal 0.7409511234910436 0.6715589569035322 0
    outer loop
      vertex 123.824986577034 72.2789126187563 0
      vertex 124.22040861099958 71.84263163805008 0.4
      vertex 124.22040861099958 71.84263163805008 0
    endloop
  endfacet
  facet normal 0.7409511234910436 0.6715589569035322 0
    outer loop
      vertex 123.824986577034 72.2789126187563 0
      vertex 123.824986577034 72.2789126187563 0.4
      vertex 124.22040861099958 71.84263163805008 0.4
    endloop
  endfacet
  facet normal 0.803207531110111 0.5956993049920405 0
    outer loop
      vertex 123.47423162311316 72.75185092538595 0
      vertex 123.824986577034 72.2789126187563 0.4
      vertex 123.824986577034 72.2789126187563 0
    endloop
  endfacet
  facet normal 0.803207531110111 0.5956993049920405 0
    outer loop
      vertex 123.47423162311316 72.75185092538595 0
      vertex 123.47423162311316 72.75185092538595 0.4
      vertex 123.824986577034 72.2789126187563 0.4
    endloop
  endfacet
  facet normal 0.8577286089272587 0.5141027459834363 0
    outer loop
      vertex 123.27246104180813 73.08848480135202 0
      vertex 123.47423162311316 72.75185092538595 0.4
      vertex 123.47423162311316 72.75185092538595 0
    endloop
  endfacet
  facet normal 0.8577286089272587 0.5141027459834363 0
    outer loop
      vertex 123.27246104180813 73.08848480135202 0
      vertex 123.27246104180813 73.08848480135202 0.4
      vertex 123.47423162311316 72.75185092538595 0.4
    endloop
  endfacet
  facet normal -0.5000000000373479 0.866025403762876 6.300501497527274e-15
    outer loop
      vertex 15.03811764717102 10.59935750067234 0
      vertex 123.27246104180813 73.08848480135202 0.4
      vertex 123.27246104180813 73.08848480135202 0
    endloop
  endfacet
  facet normal -0.5000000000373479 0.866025403762876 0
    outer loop
      vertex 15.03811764717102 10.59935750067234 0
      vertex 15.03811764717102 10.59935750067234 0.4
      vertex 123.27246104180813 73.08848480135202 0.4
    endloop
  endfacet
  facet normal -0.8577285380148522 -0.5141028642936198 0
    outer loop
      vertex 15.058305516839027 10.56567608565092 0
      vertex 15.03811764717102 10.59935750067234 0.4
      vertex 15.03811764717102 10.59935750067234 0
    endloop
  endfacet
  facet normal -0.8577285380148522 -0.5141028642936198 0
    outer loop
      vertex 15.058305516839027 10.56567608565092 0
      vertex 15.058305516839027 10.56567608565092 0.4
      vertex 15.03811764717102 10.59935750067234 0.4
    endloop
  endfacet
  facet normal -0.9039892980665184 -0.42755508297902783 0
    outer loop
      vertex 15.10865543782711 10.459220118820667 0
      vertex 15.058305516839027 10.56567608565092 0.4
      vertex 15.058305516839027 10.56567608565092 0
    endloop
  endfacet
  facet normal -0.9039892980665184 -0.42755508297902783 0
    outer loop
      vertex 15.10865543782711 10.459220118820667 0
      vertex 15.10865543782711 10.459220118820667 0.4
      vertex 15.058305516839027 10.56567608565092 0.4
    endloop
  endfacet
  facet normal -0.9415440653758272 -0.3368898528533619 0
    outer loop
      vertex 15.14832840114832 10.34834161400795 0
      vertex 15.10865543782711 10.459220118820667 0.4
      vertex 15.10865543782711 10.459220118820667 0
    endloop
  endfacet
  facet normal -0.9415440653758272 -0.3368898528533619 0
    outer loop
      vertex 15.14832840114832 10.34834161400795 0
      vertex 15.14832840114832 10.34834161400795 0.4
      vertex 15.10865543782711 10.459220118820667 0.4
    endloop
  endfacet
  facet normal -0.97003125519331 -0.2429801719237427 0
    outer loop
      vertex 15.176942333579063 10.23410838842392 0
      vertex 15.14832840114832 10.34834161400795 0.4
      vertex 15.14832840114832 10.34834161400795 0
    endloop
  endfacet
  facet normal -0.97003125519331 -0.2429801719237427 0
    outer loop
      vertex 15.176942333579063 10.23410838842392 0
      vertex 15.176942333579063 10.23410838842392 0.4
      vertex 15.14832840114832 10.34834161400795 0.4
    endloop
  endfacet
  facet normal -0.9891765031950123 -0.14673052009342874 0
    outer loop
      vertex 15.194221675395966 10.117620564997196 0
      vertex 15.176942333579063 10.23410838842392 0.4
      vertex 15.176942333579063 10.23410838842392 0
    endloop
  endfacet
  facet normal -0.9891765031950123 -0.14673052009342874 0
    outer loop
      vertex 15.194221675395966 10.117620564997196 0
      vertex 15.194221675395966 10.117620564997196 0.4
      vertex 15.176942333579063 10.23410838842392 0.4
    endloop
  endfacet
  facet normal -0.9987954563059468 -0.04906767227610612 0
    outer loop
      vertex 15.200000002980232 10 0
      vertex 15.194221675395966 10.117620564997196 0.4
      vertex 15.194221675395966 10.117620564997196 0
    endloop
  endfacet
  facet normal -0.9987954563059468 -0.04906767227610612 0
    outer loop
      vertex 15.200000002980232 10 0
      vertex 15.200000002980232 10 0.4
      vertex 15.194221675395966 10.117620564997196 0.4
    endloop
  endfacet
  facet normal -0.9987954563059468 0.04906767227610612 0
    outer loop
      vertex 15.194221675395966 9.882379435002804 0
      vertex 15.200000002980232 10 0.4
      vertex 15.200000002980232 10 0
    endloop
  endfacet
  facet normal -0.9987954563059468 0.04906767227610612 0
    outer loop
      vertex 15.194221675395966 9.882379435002804 0
      vertex 15.194221675395966 9.882379435002804 0.4
      vertex 15.200000002980232 10 0.4
    endloop
  endfacet
  facet normal -0.9891765031950123 0.14673052009342874 0
    outer loop
      vertex 15.176942333579063 9.76589161157608 0
      vertex 15.194221675395966 9.882379435002804 0.4
      vertex 15.194221675395966 9.882379435002804 0
    endloop
  endfacet
  facet normal -0.9891765031950123 0.14673052009342874 0
    outer loop
      vertex 15.176942333579063 9.76589161157608 0
      vertex 15.176942333579063 9.76589161157608 0.4
      vertex 15.194221675395966 9.882379435002804 0.4
    endloop
  endfacet
  facet normal -0.97003125519331 0.2429801719237427 0
    outer loop
      vertex 15.14832840114832 9.65165838599205 0
      vertex 15.176942333579063 9.76589161157608 0.4
      vertex 15.176942333579063 9.76589161157608 0
    endloop
  endfacet
  facet normal -0.97003125519331 0.2429801719237427 0
    outer loop
      vertex 15.14832840114832 9.65165838599205 0
      vertex 15.14832840114832 9.65165838599205 0.4
      vertex 15.176942333579063 9.76589161157608 0.4
    endloop
  endfacet
  facet normal -0.9415440653758272 0.3368898528533619 0
    outer loop
      vertex 15.10865543782711 9.540779881179333 0
      vertex 15.14832840114832 9.65165838599205 0.4
      vertex 15.14832840114832 9.65165838599205 0
    endloop
  endfacet
  facet normal -0.9415440653758272 0.3368898528533619 0
    outer loop
      vertex 15.10865543782711 9.540779881179333 0
      vertex 15.10865543782711 9.540779881179333 0.4
      vertex 15.14832840114832 9.65165838599205 0.4
    endloop
  endfacet
  facet normal -0.9039892980665184 0.42755508297902783 0
    outer loop
      vertex 15.058305516839027 9.43432391434908 0
      vertex 15.10865543782711 9.540779881179333 0.4
      vertex 15.10865543782711 9.540779881179333 0
    endloop
  endfacet
  facet normal -0.9039892980665184 0.42755508297902783 0
    outer loop
      vertex 15.058305516839027 9.43432391434908 0
      vertex 15.058305516839027 9.43432391434908 0.4
      vertex 15.10865543782711 9.540779881179333 0.4
    endloop
  endfacet
  facet normal -0.8577286109446379 0.5141027426176425 0
    outer loop
      vertex 14.99776353687048 9.333315722644329 0
      vertex 15.058305516839027 9.43432391434908 0.4
      vertex 15.058305516839027 9.43432391434908 0
    endloop
  endfacet
  facet normal -0.8577286109446379 0.5141027426176425 0
    outer loop
      vertex 14.99776353687048 9.333315722644329 0
      vertex 14.99776353687048 9.333315722644329 0.4
      vertex 15.058305516839027 9.43432391434908 0.4
    endloop
  endfacet
  facet normal -0.8032075190013904 0.5956993213187598 0
    outer loop
      vertex 14.927612543106079 9.238728061318398 0
      vertex 14.99776353687048 9.333315722644329 0.4
      vertex 14.99776353687048 9.333315722644329 0
    endloop
  endfacet
  facet normal -0.8032075190013904 0.5956993213187598 0
    outer loop
      vertex 14.927612543106079 9.238728061318398 0
      vertex 14.927612543106079 9.238728061318398 0.4
      vertex 14.99776353687048 9.333315722644329 0.4
    endloop
  endfacet
  facet normal -0.7409511532036595 0.6715589241207113 0
    outer loop
      vertex 14.848528139293194 9.151471860706806 0
      vertex 14.927612543106079 9.238728061318398 0.4
      vertex 14.927612543106079 9.238728061318398 0
    endloop
  endfacet
  facet normal -0.7409511532036595 0.6715589241207113 0
    outer loop
      vertex 14.848528139293194 9.151471860706806 0
      vertex 14.848528139293194 9.151471860706806 0.4
      vertex 14.927612543106079 9.238728061318398 0.4
    endloop
  endfacet
  facet normal -0.6715589241207113 0.7409511532036595 0
    outer loop
      vertex 14.761271938681602 9.072387456893921 0
      vertex 14.848528139293194 9.151471860706806 0.4
      vertex 14.848528139293194 9.151471860706806 0
    endloop
  endfacet
  facet normal -0.6715589241207113 0.7409511532036595 0
    outer loop
      vertex 14.761271938681602 9.072387456893921 0
      vertex 14.761271938681602 9.072387456893921 0.4
      vertex 14.848528139293194 9.151471860706806 0.4
    endloop
  endfacet
  facet normal -0.5956993213187598 0.8032075190013904 0
    outer loop
      vertex 14.666684277355671 9.00223646312952 0
      vertex 14.761271938681602 9.072387456893921 0.4
      vertex 14.761271938681602 9.072387456893921 0
    endloop
  endfacet
  facet normal -0.5956993213187598 0.8032075190013904 0
    outer loop
      vertex 14.666684277355671 9.00223646312952 0
      vertex 14.666684277355671 9.00223646312952 0.4
      vertex 14.761271938681602 9.072387456893921 0.4
    endloop
  endfacet
  facet normal -0.5141027426176425 0.8577286109446379 0
    outer loop
      vertex 14.56567608565092 8.941694483160973 0
      vertex 14.666684277355671 9.00223646312952 0.4
      vertex 14.666684277355671 9.00223646312952 0
    endloop
  endfacet
  facet normal -0.5141027426176425 0.8577286109446379 0
    outer loop
      vertex 14.56567608565092 8.941694483160973 0
      vertex 14.56567608565092 8.941694483160973 0.4
      vertex 14.666684277355671 9.00223646312952 0.4
    endloop
  endfacet
  facet normal -0.42755508297902783 0.9039892980665184 0
    outer loop
      vertex 14.459220118820667 8.89134456217289 0
      vertex 14.56567608565092 8.941694483160973 0.4
      vertex 14.56567608565092 8.941694483160973 0
    endloop
  endfacet
  facet normal -0.42755508297902783 0.9039892980665184 0
    outer loop
      vertex 14.459220118820667 8.89134456217289 0
      vertex 14.459220118820667 8.89134456217289 0.4
      vertex 14.56567608565092 8.941694483160973 0.4
    endloop
  endfacet
  facet normal -0.3368898528533619 0.9415440653758272 0
    outer loop
      vertex 14.34834161400795 8.85167159885168 0
      vertex 14.459220118820667 8.89134456217289 0.4
      vertex 14.459220118820667 8.89134456217289 0
    endloop
  endfacet
  facet normal -0.3368898528533619 0.9415440653758272 0
    outer loop
      vertex 14.34834161400795 8.85167159885168 0
      vertex 14.34834161400795 8.85167159885168 0.4
      vertex 14.459220118820667 8.89134456217289 0.4
    endloop
  endfacet
  facet normal -0.2429801719237427 0.97003125519331 0
    outer loop
      vertex 14.23410838842392 8.823057666420937 0
      vertex 14.34834161400795 8.85167159885168 0.4
      vertex 14.34834161400795 8.85167159885168 0
    endloop
  endfacet
  facet normal -0.2429801719237427 0.97003125519331 0
    outer loop
      vertex 14.23410838842392 8.823057666420937 0
      vertex 14.23410838842392 8.823057666420937 0.4
      vertex 14.34834161400795 8.85167159885168 0.4
    endloop
  endfacet
  facet normal -0.14673052009342874 0.9891765031950123 0
    outer loop
      vertex 14.117620564997196 8.805778324604034 0
      vertex 14.23410838842392 8.823057666420937 0.4
      vertex 14.23410838842392 8.823057666420937 0
    endloop
  endfacet
  facet normal -0.14673052009342874 0.9891765031950123 0
    outer loop
      vertex 14.117620564997196 8.805778324604034 0
      vertex 14.117620564997196 8.805778324604034 0.4
      vertex 14.23410838842392 8.823057666420937 0.4
    endloop
  endfacet
  facet normal -0.04906767227610612 0.9987954563059468 0
    outer loop
      vertex 14 8.799999997019768 0
      vertex 14.117620564997196 8.805778324604034 0.4
      vertex 14.117620564997196 8.805778324604034 0
    endloop
  endfacet
  facet normal -0.04906767227610612 0.9987954563059468 0
    outer loop
      vertex 14 8.799999997019768 0
      vertex 14 8.799999997019768 0.4
      vertex 14.117620564997196 8.805778324604034 0.4
    endloop
  endfacet
  facet normal 0.04906767227610612 0.9987954563059468 0
    outer loop
      vertex 13.882379435002804 8.805778324604034 0
      vertex 14 8.799999997019768 0.4
      vertex 14 8.799999997019768 0
    endloop
  endfacet
  facet normal 0.04906767227610612 0.9987954563059468 0
    outer loop
      vertex 13.882379435002804 8.805778324604034 0
      vertex 13.882379435002804 8.805778324604034 0.4
      vertex 14 8.799999997019768 0.4
    endloop
  endfacet
  facet normal 0.14673052009342874 0.9891765031950123 0
    outer loop
      vertex 13.76589161157608 8.823057666420937 0
      vertex 13.882379435002804 8.805778324604034 0.4
      vertex 13.882379435002804 8.805778324604034 0
    endloop
  endfacet
  facet normal 0.14673052009342874 0.9891765031950123 0
    outer loop
      vertex 13.76589161157608 8.823057666420937 0
      vertex 13.76589161157608 8.823057666420937 0.4
      vertex 13.882379435002804 8.805778324604034 0.4
    endloop
  endfacet
  facet normal 0.2429801719237427 0.97003125519331 0
    outer loop
      vertex 13.65165838599205 8.85167159885168 0
      vertex 13.76589161157608 8.823057666420937 0.4
      vertex 13.76589161157608 8.823057666420937 0
    endloop
  endfacet
  facet normal 0.2429801719237427 0.97003125519331 0
    outer loop
      vertex 13.65165838599205 8.85167159885168 0
      vertex 13.65165838599205 8.85167159885168 0.4
      vertex 13.76589161157608 8.823057666420937 0.4
    endloop
  endfacet
  facet normal 0.3368898528533619 0.9415440653758272 0
    outer loop
      vertex 13.540779881179333 8.89134456217289 0
      vertex 13.65165838599205 8.85167159885168 0.4
      vertex 13.65165838599205 8.85167159885168 0
    endloop
  endfacet
  facet normal 0.3368898528533619 0.9415440653758272 0
    outer loop
      vertex 13.540779881179333 8.89134456217289 0
      vertex 13.540779881179333 8.89134456217289 0.4
      vertex 13.65165838599205 8.85167159885168 0.4
    endloop
  endfacet
  facet normal 0.42755508297902783 0.9039892980665184 0
    outer loop
      vertex 13.43432391434908 8.941694483160973 0
      vertex 13.540779881179333 8.89134456217289 0.4
      vertex 13.540779881179333 8.89134456217289 0
    endloop
  endfacet
  facet normal 0.42755508297902783 0.9039892980665184 0
    outer loop
      vertex 13.43432391434908 8.941694483160973 0
      vertex 13.43432391434908 8.941694483160973 0.4
      vertex 13.540779881179333 8.89134456217289 0.4
    endloop
  endfacet
  facet normal 0.5141027426176425 0.8577286109446379 0
    outer loop
      vertex 13.333315722644329 9.00223646312952 0
      vertex 13.43432391434908 8.941694483160973 0.4
      vertex 13.43432391434908 8.941694483160973 0
    endloop
  endfacet
  facet normal 0.5141027426176425 0.8577286109446379 0
    outer loop
      vertex 13.333315722644329 9.00223646312952 0
      vertex 13.333315722644329 9.00223646312952 0.4
      vertex 13.43432391434908 8.941694483160973 0.4
    endloop
  endfacet
  facet normal 0.5956993213187598 0.8032075190013904 0
    outer loop
      vertex 13.238728061318398 9.072387456893921 0
      vertex 13.333315722644329 9.00223646312952 0.4
      vertex 13.333315722644329 9.00223646312952 0
    endloop
  endfacet
  facet normal 0.5956993213187598 0.8032075190013904 0
    outer loop
      vertex 13.238728061318398 9.072387456893921 0
      vertex 13.238728061318398 9.072387456893921 0.4
      vertex 13.333315722644329 9.00223646312952 0.4
    endloop
  endfacet
  facet normal 0.6715589241207113 0.7409511532036595 0
    outer loop
      vertex 13.151471860706806 9.151471860706806 0
      vertex 13.238728061318398 9.072387456893921 0.4
      vertex 13.238728061318398 9.072387456893921 0
    endloop
  endfacet
  facet normal 0.6715589241207113 0.7409511532036595 0
    outer loop
      vertex 13.151471860706806 9.151471860706806 0
      vertex 13.151471860706806 9.151471860706806 0.4
      vertex 13.238728061318398 9.072387456893921 0.4
    endloop
  endfacet
  facet normal 0.7409511532036595 0.6715589241207113 0
    outer loop
      vertex 13.072387456893921 9.238728061318398 0
      vertex 13.151471860706806 9.151471860706806 0.4
      vertex 13.151471860706806 9.151471860706806 0
    endloop
  endfacet
  facet normal 0.7409511532036595 0.6715589241207113 0
    outer loop
      vertex 13.072387456893921 9.238728061318398 0
      vertex 13.072387456893921 9.238728061318398 0.4
      vertex 13.151471860706806 9.151471860706806 0.4
    endloop
  endfacet
  facet normal 0.8032075190013904 0.5956993213187598 0
    outer loop
      vertex 13.00223646312952 9.333315722644329 0
      vertex 13.072387456893921 9.238728061318398 0.4
      vertex 13.072387456893921 9.238728061318398 0
    endloop
  endfacet
  facet normal 0.8032075190013904 0.5956993213187598 0
    outer loop
      vertex 13.00223646312952 9.333315722644329 0
      vertex 13.00223646312952 9.333315722644329 0.4
      vertex 13.072387456893921 9.238728061318398 0.4
    endloop
  endfacet
  facet normal 0.8577286109446379 0.5141027426176425 0
    outer loop
      vertex 12.941694483160973 9.43432391434908 0
      vertex 13.00223646312952 9.333315722644329 0.4
      vertex 13.00223646312952 9.333315722644329 0
    endloop
  endfacet
  facet normal 0.8577286109446379 0.5141027426176425 0
    outer loop
      vertex 12.941694483160973 9.43432391434908 0
      vertex 12.941694483160973 9.43432391434908 0.4
      vertex 13.00223646312952 9.333315722644329 0.4
    endloop
  endfacet
  facet normal 0.9039892980665184 0.42755508297902783 0
    outer loop
      vertex 12.89134456217289 9.540779881179333 0
      vertex 12.941694483160973 9.43432391434908 0.4
      vertex 12.941694483160973 9.43432391434908 0
    endloop
  endfacet
  facet normal 0.9039892980665184 0.42755508297902783 0
    outer loop
      vertex 12.89134456217289 9.540779881179333 0
      vertex 12.89134456217289 9.540779881179333 0.4
      vertex 12.941694483160973 9.43432391434908 0.4
    endloop
  endfacet
  facet normal 0.9415440653758272 0.3368898528533619 0
    outer loop
      vertex 12.85167159885168 9.65165838599205 0
      vertex 12.89134456217289 9.540779881179333 0.4
      vertex 12.89134456217289 9.540779881179333 0
    endloop
  endfacet
  facet normal 0.9415440653758272 0.3368898528533619 0
    outer loop
      vertex 12.85167159885168 9.65165838599205 0
      vertex 12.85167159885168 9.65165838599205 0.4
      vertex 12.89134456217289 9.540779881179333 0.4
    endloop
  endfacet
  facet normal 0.97003125519331 0.2429801719237427 0
    outer loop
      vertex 12.823057666420937 9.76589161157608 0
      vertex 12.85167159885168 9.65165838599205 0.4
      vertex 12.85167159885168 9.65165838599205 0
    endloop
  endfacet
  facet normal 0.97003125519331 0.2429801719237427 0
    outer loop
      vertex 12.823057666420937 9.76589161157608 0
      vertex 12.823057666420937 9.76589161157608 0.4
      vertex 12.85167159885168 9.65165838599205 0.4
    endloop
  endfacet
  facet normal 0.9891765031950123 0.14673052009342874 0
    outer loop
      vertex 12.805778324604034 9.882379435002804 0
      vertex 12.823057666420937 9.76589161157608 0.4
      vertex 12.823057666420937 9.76589161157608 0
    endloop
  endfacet
  facet normal 0.9891765031950123 0.14673052009342874 0
    outer loop
      vertex 12.805778324604034 9.882379435002804 0
      vertex 12.805778324604034 9.882379435002804 0.4
      vertex 12.823057666420937 9.76589161157608 0.4
    endloop
  endfacet
  facet normal 0.9987954563059468 0.04906767227610612 0
    outer loop
      vertex 12.799999997019768 10 0
      vertex 12.805778324604034 9.882379435002804 0.4
      vertex 12.805778324604034 9.882379435002804 0
    endloop
  endfacet
  facet normal 0.9987954563059468 0.04906767227610612 0
    outer loop
      vertex 12.799999997019768 10 0
      vertex 12.799999997019768 10 0.4
      vertex 12.805778324604034 9.882379435002804 0.4
    endloop
  endfacet
  facet normal 0.9987954563059468 -0.04906767227610612 0
    outer loop
      vertex 12.805778324604034 10.117620564997196 0
      vertex 12.799999997019768 10 0.4
      vertex 12.799999997019768 10 0
    endloop
  endfacet
  facet normal 0.9987954563059468 -0.04906767227610612 0
    outer loop
      vertex 12.805778324604034 10.117620564997196 0
      vertex 12.805778324604034 10.117620564997196 0.4
      vertex 12.799999997019768 10 0.4
    endloop
  endfacet
  facet normal 0.9891765031950123 -0.14673052009342874 0
    outer loop
      vertex 12.823057666420937 10.23410838842392 0
      vertex 12.805778324604034 10.117620564997196 0.4
      vertex 12.805778324604034 10.117620564997196 0
    endloop
  endfacet
  facet normal 0.9891765031950123 -0.14673052009342874 0
    outer loop
      vertex 12.823057666420937 10.23410838842392 0
      vertex 12.823057666420937 10.23410838842392 0.4
      vertex 12.805778324604034 10.117620564997196 0.4
    endloop
  endfacet
  facet normal 0.97003125519331 -0.2429801719237427 0
    outer loop
      vertex 12.85167159885168 10.34834161400795 0
      vertex 12.823057666420937 10.23410838842392 0.4
      vertex 12.823057666420937 10.23410838842392 0
    endloop
  endfacet
  facet normal 0.97003125519331 -0.2429801719237427 0
    outer loop
      vertex 12.85167159885168 10.34834161400795 0
      vertex 12.85167159885168 10.34834161400795 0.4
      vertex 12.823057666420937 10.23410838842392 0.4
    endloop
  endfacet
  facet normal 0.9415440653758272 -0.3368898528533619 0
    outer loop
      vertex 12.89134456217289 10.459220118820667 0
      vertex 12.85167159885168 10.34834161400795 0.4
      vertex 12.85167159885168 10.34834161400795 0
    endloop
  endfacet
  facet normal 0.9415440653758272 -0.3368898528533619 0
    outer loop
      vertex 12.89134456217289 10.459220118820667 0
      vertex 12.89134456217289 10.459220118820667 0.4
      vertex 12.85167159885168 10.34834161400795 0.4
    endloop
  endfacet
  facet normal 0.9039892980665184 -0.42755508297902783 0
    outer loop
      vertex 12.941694483160973 10.56567608565092 0
      vertex 12.89134456217289 10.459220118820667 0.4
      vertex 12.89134456217289 10.459220118820667 0
    endloop
  endfacet
  facet normal 0.9039892980665184 -0.42755508297902783 0
    outer loop
      vertex 12.941694483160973 10.56567608565092 0
      vertex 12.941694483160973 10.56567608565092 0.4
      vertex 12.89134456217289 10.459220118820667 0.4
    endloop
  endfacet
  facet normal 0.8577286109446379 -0.5141027426176425 0
    outer loop
      vertex 13.00223646312952 10.666684277355671 0
      vertex 12.941694483160973 10.56567608565092 0.4
      vertex 12.941694483160973 10.56567608565092 0
    endloop
  endfacet
  facet normal 0.8577286109446379 -0.5141027426176425 0
    outer loop
      vertex 13.00223646312952 10.666684277355671 0
      vertex 13.00223646312952 10.666684277355671 0.4
      vertex 12.941694483160973 10.56567608565092 0.4
    endloop
  endfacet
  facet normal 0.8032075190013904 -0.5956993213187598 0
    outer loop
      vertex 13.072387456893921 10.761271938681602 0
      vertex 13.00223646312952 10.666684277355671 0.4
      vertex 13.00223646312952 10.666684277355671 0
    endloop
  endfacet
  facet normal 0.8032075190013904 -0.5956993213187598 0
    outer loop
      vertex 13.072387456893921 10.761271938681602 0
      vertex 13.072387456893921 10.761271938681602 0.4
      vertex 13.00223646312952 10.666684277355671 0.4
    endloop
  endfacet
  facet normal 0.7409511532036595 -0.6715589241207113 0
    outer loop
      vertex 13.151471860706806 10.848528139293194 0
      vertex 13.072387456893921 10.761271938681602 0.4
      vertex 13.072387456893921 10.761271938681602 0
    endloop
  endfacet
  facet normal 0.7409511532036595 -0.6715589241207113 0
    outer loop
      vertex 13.151471860706806 10.848528139293194 0
      vertex 13.151471860706806 10.848528139293194 0.4
      vertex 13.072387456893921 10.761271938681602 0.4
    endloop
  endfacet
  facet normal 0.6715589241207113 -0.7409511532036595 0
    outer loop
      vertex 13.238728061318398 10.927612543106079 0
      vertex 13.151471860706806 10.848528139293194 0.4
      vertex 13.151471860706806 10.848528139293194 0
    endloop
  endfacet
  facet normal 0.6715589241207113 -0.7409511532036595 0
    outer loop
      vertex 13.238728061318398 10.927612543106079 0
      vertex 13.238728061318398 10.927612543106079 0.4
      vertex 13.151471860706806 10.848528139293194 0.4
    endloop
  endfacet
  facet normal 0.5956993213187598 -0.8032075190013904 0
    outer loop
      vertex 13.333315722644329 10.99776353687048 0
      vertex 13.238728061318398 10.927612543106079 0.4
      vertex 13.238728061318398 10.927612543106079 0
    endloop
  endfacet
  facet normal 0.5956993213187598 -0.8032075190013904 0
    outer loop
      vertex 13.333315722644329 10.99776353687048 0
      vertex 13.333315722644329 10.99776353687048 0.4
      vertex 13.238728061318398 10.927612543106079 0.4
    endloop
  endfacet
  facet normal 0.5141027236025143 -0.8577286223418668 0
    outer loop
      vertex 13.400642491877079 11.03811764717102 0
      vertex 13.333315722644329 10.99776353687048 0.4
      vertex 13.333315722644329 10.99776353687048 0
    endloop
  endfacet
  facet normal 0.5141027236025143 -0.8577286223418668 0
    outer loop
      vertex 13.400642491877079 11.03811764717102 0
      vertex 13.400642491877079 11.03811764717102 0.4
      vertex 13.333315722644329 10.99776353687048 0.4
    endloop
  endfacet
  facet normal 0.8660254038772035 0.4999999998393266 -3.732820471207525e-16
    outer loop
      vertex 5.965091861784458 23.91686912626028 0
      vertex 13.400642491877079 11.03811764717102 0.4
      vertex 13.400642491877079 11.03811764717102 0
    endloop
  endfacet
  facet normal 0.8660254038772035 0.4999999998393266 0
    outer loop
      vertex 5.965091861784458 23.91686912626028 0
      vertex 5.965091861784458 23.91686912626028 0.4
      vertex 13.400642491877079 11.03811764717102 0.4
    endloop
  endfacet
  facet normal 0.7863151265693721 0.6178256402320905 0
    outer loop
      vertex 5.7897589430212975 24.140017725527287 0
      vertex 5.965091861784458 23.91686912626028 0.4
      vertex 5.965091861784458 23.91686912626028 0
    endloop
  endfacet
  facet normal 0.7863151265693721 0.6178256402320905 0
    outer loop
      vertex 5.7897589430212975 24.140017725527287 0
      vertex 5.7897589430212975 24.140017725527287 0.4
      vertex 5.965091861784458 23.91686912626028 0.4
    endloop
  endfacet
  facet normal 0.5810925785722698 0.8138374623524223 0
    outer loop
      vertex 5.558799773454666 24.30492615699768 0
      vertex 5.7897589430212975 24.140017725527287 0.4
      vertex 5.7897589430212975 24.140017725527287 0
    endloop
  endfacet
  facet normal 0.5810925785722698 0.8138374623524223 0
    outer loop
      vertex 5.558799773454666 24.30492615699768 0
      vertex 5.558799773454666 24.30492615699768 0.4
      vertex 5.7897589430212975 24.140017725527287 0.4
    endloop
  endfacet
  facet normal 0.3290706126739358 0.9443053170846812 0
    outer loop
      vertex 5.290815092623234 24.3983132019639 0
      vertex 5.558799773454666 24.30492615699768 0.4
      vertex 5.558799773454666 24.30492615699768 0
    endloop
  endfacet
  facet normal 0.3290706126739358 0.9443053170846812 0
    outer loop
      vertex 5.290815092623234 24.3983132019639 0
      vertex 5.290815092623234 24.3983132019639 0.4
      vertex 5.558799773454666 24.30492615699768 0.4
    endloop
  endfacet
  facet normal 0.050546306211616904 0.9987217184623359 0
    outer loop
      vertex 5.007387571036816 24.412657752633095 0
      vertex 5.290815092623234 24.3983132019639 0.4
      vertex 5.290815092623234 24.3983132019639 0
    endloop
  endfacet
  facet normal 0.050546306211616904 0.9987217184623359 0
    outer loop
      vertex 5.007387571036816 24.412657752633095 0
      vertex 5.007387571036816 24.412657752633095 0.4
      vertex 5.290815092623234 24.3983132019639 0.4
    endloop
  endfacet
  facet normal -0.23204881753346052 0.9727041411864775 0
    outer loop
      vertex 4.73134358227253 24.346804551780224 0
      vertex 5.007387571036816 24.412657752633095 0.4
      vertex 5.007387571036816 24.412657752633095 0
    endloop
  endfacet
  facet normal -0.23204881753346052 0.9727041411864775 0
    outer loop
      vertex 4.73134358227253 24.346804551780224 0
      vertex 4.73134358227253 24.346804551780224 0.4
      vertex 5.007387571036816 24.412657752633095 0.4
    endloop
  endfacet
  facet normal -0.49595546434145293 0.8683479587065623 0
    outer loop
      vertex 4.4849148616194725 24.20605720579624 0
      vertex 4.73134358227253 24.346804551780224 0.4
      vertex 4.73134358227253 24.346804551780224 0
    endloop
  endfacet
  facet normal -0.49595546434145293 0.8683479587065623 0
    outer loop
      vertex 4.4849148616194725 24.20605720579624 0
      vertex 4.4849148616194725 24.20605720579624 0.4
      vertex 4.73134358227253 24.346804551780224 0.4
    endloop
  endfacet
  facet normal -0.7199193743733888 0.6940577025016208 0
    outer loop
      vertex 4.287948027253151 24.001751080155373 0
      vertex 4.4849148616194725 24.20605720579624 0.4
      vertex 4.4849148616194725 24.20605720579624 0
    endloop
  endfacet
  facet normal -0.7199193743733888 0.6940577025016208 0
    outer loop
      vertex 4.287948027253151 24.001751080155373 0
      vertex 4.287948027253151 24.001751080155373 0.4
      vertex 4.4849148616194725 24.20605720579624 0.4
    endloop
  endfacet
  facet normal -0.8859031970459901 0.46387016013502497 0
    outer loop
      vertex 4.156306177377701 23.750340349972248 0
      vertex 4.287948027253151 24.001751080155373 0.4
      vertex 4.287948027253151 24.001751080155373 0
    endloop
  endfacet
  facet normal -0.8859031970459901 0.46387016013502497 0
    outer loop
      vertex 4.156306177377701 23.750340349972248 0
      vertex 4.156306177377701 23.750340349972248 0.4
      vertex 4.287948027253151 24.001751080155373 0.4
    endloop
  endfacet
  facet normal -0.9427602788651922 0.33347122303734866 -2.633472267173903e-16
    outer loop
      vertex 0.1144794449210167 12.323646128177643 0
      vertex 4.156306177377701 23.750340349972248 0.4
      vertex 4.156306177377701 23.750340349972248 0
    endloop
  endfacet
  facet normal -0.9427602788651922 0.33347122303734866 0
    outer loop
      vertex 0.1144794449210167 12.323646128177643 0
      vertex 0.1144794449210167 12.323646128177643 0.4
      vertex 4.156306177377701 23.750340349972248 0.4
    endloop
  endfacet
  facet normal -0.9496328108964728 0.31336484242630636 0
    outer loop
      vertex 0.08784675598144531 12.242937408387661 0
      vertex 0.1144794449210167 12.323646128177643 0.4
      vertex 0.1144794449210167 12.323646128177643 0
    endloop
  endfacet
  facet normal -0.9496328108964728 0.31336484242630636 0
    outer loop
      vertex 0.08784675598144531 12.242937408387661 0
      vertex 0.08784675598144531 12.242937408387661 0.4
      vertex 0.1144794449210167 12.323646128177643 0.4
    endloop
  endfacet
  facet normal -0.9620887481956241 0.2727365772964406 0
    outer loop
      vertex 0.06466703861951828 12.161170065402985 0
      vertex 0.08784675598144531 12.242937408387661 0.4
      vertex 0.08784675598144531 12.242937408387661 0
    endloop
  endfacet
  facet normal -0.9620887481956241 0.2727365772964406 0
    outer loop
      vertex 0.06466703861951828 12.161170065402985 0
      vertex 0.06466703861951828 12.161170065402985 0.4
      vertex 0.08784675598144531 12.242937408387661 0.4
    endloop
  endfacet
  facet normal -0.9728073133066135 0.23161591304823653 0
    outer loop
      vertex 0.04498214274644852 12.078491762280464 0
      vertex 0.06466703861951828 12.161170065402985 0.4
      vertex 0.06466703861951828 12.161170065402985 0
    endloop
  endfacet
  facet normal -0.9728073133066135 0.23161591304823653 0
    outer loop
      vertex 0.04498214274644852 12.078491762280464 0
      vertex 0.04498214274644852 12.078491762280464 0.4
      vertex 0.06466703861951828 12.161170065402985 0.4
    endloop
  endfacet
  facet normal -0.9817691889319818 0.19007698351941107 0
    outer loop
      vertex 0.028827615082263947 11.9950517937541 0
      vertex 0.04498214274644852 12.078491762280464 0.4
      vertex 0.04498214274644852 12.078491762280464 0
    endloop
  endfacet
  facet normal -0.9817691889319818 0.19007698351941107 0
    outer loop
      vertex 0.028827615082263947 11.9950517937541 0
      vertex 0.028827615082263947 11.9950517937541 0.4
      vertex 0.04498214274644852 12.078491762280464 0.4
    endloop
  endfacet
  facet normal -0.9889581963981167 0.14819475623983416 0
    outer loop
      vertex 0.016232632100582123 11.911000832915306 0
      vertex 0.028827615082263947 11.9950517937541 0.4
      vertex 0.028827615082263947 11.9950517937541 0
    endloop
  endfacet
  facet normal -0.9889581963981167 0.14819475623983416 0
    outer loop
      vertex 0.016232632100582123 11.911000832915306 0
      vertex 0.016232632100582123 11.911000832915306 0.4
      vertex 0.028827615082263947 11.9950517937541 0.4
    endloop
  endfacet
  facet normal -0.9943613335230967 0.10604498288070405 0
    outer loop
      vertex 0.007219932973384857 11.826490662992 0
      vertex 0.016232632100582123 11.911000832915306 0.4
      vertex 0.016232632100582123 11.911000832915306 0
    endloop
  endfacet
  facet normal -0.9943613335230967 0.10604498288070405 0
    outer loop
      vertex 0.007219932973384857 11.826490662992 0
      vertex 0.007219932973384857 11.826490662992 0.4
      vertex 0.016232632100582123 11.911000832915306 0.4
    endloop
  endfacet
  facet normal -0.9979688588734275 0.06370366330807929 0
    outer loop
      vertex 0.0018057972192764282 11.741673894226551 0
      vertex 0.007219932973384857 11.826490662992 0.4
      vertex 0.007219932973384857 11.826490662992 0
    endloop
  endfacet
  facet normal -0.9979688588734275 0.06370366330807929 0
    outer loop
      vertex 0.0018057972192764282 11.741673894226551 0
      vertex 0.0018057972192764282 11.741673894226551 0.4
      vertex 0.007219932973384857 11.826490662992 0.4
    endloop
  endfacet
  facet normal -0.999774250153722 0.021247322879902816 0
    outer loop
      vertex 0 11.656703680753708 0
      vertex 0.0018057972192764282 11.741673894226551 0.4
      vertex 0.0018057972192764282 11.741673894226551 0
    endloop
  endfacet
  facet normal -0.999774250153722 0.021247322879902816 0
    outer loop
      vertex 0 11.656703680753708 0
      vertex 0 11.656703680753708 0.4
      vertex 0.0018057972192764282 11.741673894226551 0.4
    endloop
  endfacet
  facet normal -1 0 0
    outer loop
      vertex 0 2 0
      vertex 0 11.656703680753708 0.4
      vertex 0 11.656703680753708 0
    endloop
  endfacet
  facet normal -1 0 0
    outer loop
      vertex 0 2 0
      vertex 0 2 0.4
      vertex 0 11.656703680753708 0.4
    endloop
  endfacet
  facet normal -0.9951847267853375 -0.09801713918082348 0
    outer loop
      vertex 0.038429439067840576 1.6098193526268005 0
      vertex 0 2 0.4
      vertex 0 2 0
    endloop
  endfacet
  facet normal -0.9951847267853375 -0.09801713918082348 0
    outer loop
      vertex 0.038429439067840576 1.6098193526268005 0
      vertex 0.038429439067840576 1.6098193526268005 0.4
      vertex 0 2 0.4
    endloop
  endfacet
  facet normal -0.9569403375708345 -0.29028467119332607 0
    outer loop
      vertex 0.15224093198776245 1.234633132815361 0
      vertex 0.038429439067840576 1.6098193526268005 0.4
      vertex 0.038429439067840576 1.6098193526268005 0
    endloop
  endfacet
  facet normal -0.9569403375708345 -0.29028467119332607 0
    outer loop
      vertex 0.15224093198776245 1.234633132815361 0
      vertex 0.15224093198776245 1.234633132815361 0.4
      vertex 0.038429439067840576 1.6098193526268005 0.4
    endloop
  endfacet
  facet normal -0.8819212641844242 -0.47139673713269076 0
    outer loop
      vertex 0.337060771882534 0.8888595327734947 0
      vertex 0.15224093198776245 1.234633132815361 0.4
      vertex 0.15224093198776245 1.234633132815361 0
    endloop
  endfacet
  facet normal -0.8819212641844242 -0.47139673713269076 0
    outer loop
      vertex 0.337060771882534 0.8888595327734947 0
      vertex 0.337060771882534 0.8888595327734947 0.4
      vertex 0.15224093198776245 1.234633132815361 0.4
    endloop
  endfacet
  facet normal -0.773010443534409 -0.6343932961394977 0
    outer loop
      vertex 0.5857864394783974 0.5857864394783974 0
      vertex 0.337060771882534 0.8888595327734947 0.4
      vertex 0.337060771882534 0.8888595327734947 0
    endloop
  endfacet
  facet normal -0.773010443534409 -0.6343932961394977 0
    outer loop
      vertex 0.5857864394783974 0.5857864394783974 0
      vertex 0.5857864394783974 0.5857864394783974 0.4
      vertex 0.337060771882534 0.8888595327734947 0.4
    endloop
  endfacet
  facet normal -0.6343932961394977 -0.773010443534409 0
    outer loop
      vertex 0.8888595327734947 0.337060771882534 0
      vertex 0.5857864394783974 0.5857864394783974 0.4
      vertex 0.5857864394783974 0.5857864394783974 0
    endloop
  endfacet
  facet normal -0.6343932961394977 -0.773010443534409 0
    outer loop
      vertex 0.8888595327734947 0.337060771882534 0
      vertex 0.8888595327734947 0.337060771882534 0.4
      vertex 0.5857864394783974 0.5857864394783974 0.4
    endloop
  endfacet
  facet normal -0.47139673713269076 -0.8819212641844242 0
    outer loop
      vertex 1.234633132815361 0.15224093198776245 0
      vertex 0.8888595327734947 0.337060771882534 0.4
      vertex 0.8888595327734947 0.337060771882534 0
    endloop
  endfacet
  facet normal -0.47139673713269076 -0.8819212641844242 0
    outer loop
      vertex 1.234633132815361 0.15224093198776245 0
      vertex 1.234633132815361 0.15224093198776245 0.4
      vertex 0.8888595327734947 0.337060771882534 0.4
    endloop
  endfacet
  facet normal -0.29028467119332607 -0.9569403375708345 0
    outer loop
      vertex 1.6098193526268005 0.038429439067840576 0
      vertex 1.234633132815361 0.15224093198776245 0.4
      vertex 1.234633132815361 0.15224093198776245 0
    endloop
  endfacet
  facet normal -0.29028467119332607 -0.9569403375708345 0
    outer loop
      vertex 1.6098193526268005 0.038429439067840576 0
      vertex 1.6098193526268005 0.038429439067840576 0.4
      vertex 1.234633132815361 0.15224093198776245 0.4
    endloop
  endfacet
  facet normal -0.09801713918082348 -0.9951847267853375 0
    outer loop
      vertex 2 0 0
      vertex 1.6098193526268005 0.038429439067840576 0.4
      vertex 1.6098193526268005 0.038429439067840576 0
    endloop
  endfacet
  facet normal -0.09801713918082348 -0.9951847267853375 0
    outer loop
      vertex 2 0 0
      vertex 2 0 0.4
      vertex 1.6098193526268005 0.038429439067840576 0.4
    endloop
  endfacet
  facet normal 0 -1 0
    outer loop
      vertex 144 0 0
      vertex 2 0 0.4
      vertex 2 0 0
    endloop
  endfacet
  facet normal 0 -1 0
    outer loop
      vertex 144 0 0
      vertex 144 0 0.4
      vertex 2 0 0.4
    endloop
  endfacet
  facet normal 0.09801713918082348 -0.9951847267853375 0
    outer loop
      vertex 144.3901806473732 0.038429439067840576 0
      vertex 144 0 0.4
      vertex 144 0 0
    endloop
  endfacet
  facet normal 0.09801713918082348 -0.9951847267853375 0
    outer loop
      vertex 144.3901806473732 0.038429439067840576 0
      vertex 144.3901806473732 0.038429439067840576 0.4
      vertex 144 0 0.4
    endloop
  endfacet
  facet normal 0 0 1
    outer loop
      vertex 123.27246104180813 73.08848480135202 0.4
      vertex 15.03811764717102 10.59935750067234 0.4
      vertex 15.058305516839027 10.56567608565092 0.4
    endloop
  endfacet
  facet normal 0 0 1
    outer loop
      vertex 123.47423162311316 72.75185092538595 0.4
      vertex 123.27246104180813 73.08848480135202 0.4
      vertex 15.058305516839027 10.56567608565092 0.4
    endloop
  endfacet
  facet normal 0 0 1
    outer loop
      vertex 13.333315722644329 10.99776353687048 0.4
      vertex 13.400642491877079 11.03811764717102 0.4
      vertex 5.965091861784458 23.91686912626028 0.4
    endloop
  endfacet
  facet normal 0 0 1
    outer loop
      vertex 123.47423162311316 72.75185092538595 0.4
      vertex 15.058305516839027 10.56567608565092 0.4
      vertex 15.10865543782711 10.459220118820667 0.4
    endloop
  endfacet
  facet normal 0 0 1
    outer loop
      vertex 123.824986577034 72.2789126187563 0.4
      vertex 123.47423162311316 72.75185092538595 0.4
      vertex 15.10865543782711 10.459220118820667 0.4
    endloop
  endfacet
  facet normal 0 0 1
    outer loop
      vertex 13.238728061318398 10.927612543106079 0.4
      vertex 13.333315722644329 10.99776353687048 0.4
      vertex 5.965091861784458 23.91686912626028 0.4
    endloop
  endfacet
  facet normal 0 0 1
    outer loop
      vertex 123.824986577034 72.2789126187563 0.4
      vertex 15.10865543782711 10.459220118820667 0.4
      vertex 15.14832840114832 10.34834161400795 0.4
    endloop
  endfacet
  facet normal 0 0 1
    outer loop
      vertex 124.22040861099958 71.84263163805008 0.4
      vertex 123.824986577034 72.2789126187563 0.4
      vertex 15.14832840114832 10.34834161400795 0.4
    endloop
  endfacet
  facet normal 0 0 1
    outer loop
      vertex 13.151471860706806 10.848528139293194 0.4
      vertex 13.238728061318398 10.927612543106079 0.4
      vertex 5.965091861784458 23.91686912626028 0.4
    endloop
  endfacet
  facet normal 0 0 1
    outer loop
      vertex 139.3068681359291 153.24305257201195 0.4
      vertex 129.29710637778044 82.01989681273699 0.4
      vertex 129.6335912272334 81.96998400986195 0.4
    endloop
  endfacet
  facet normal 0 0 1
    outer loop
      vertex 139.3068681359291 153.24305257201195 0.4
      vertex 129.6335912272334 81.96998400986195 0.4
      vertex 130.20475736260414 81.82691434025764 0.4
    endloop
  endfacet
  facet normal 0 0 1
    outer loop
      vertex 139.3068681359291 153.24305257201195 0.4
      vertex 130.20475736260414 81.82691434025764 0.4
      vertex 130.7591498941183 81.6285495236516 0.4
    endloop
  endfacet
  facet normal 0 0 1
    outer loop
      vertex 124.22040861099958 71.84263163805008 0.4
      vertex 15.14832840114832 10.34834161400795 0.4
      vertex 15.176942333579063 10.23410838842392 0.4
    endloop
  endfacet
  facet normal 0 0 1
    outer loop
      vertex 124.6566895917058 71.44720960408449 0.4
      vertex 124.22040861099958 71.84263163805008 0.4
      vertex 15.176942333579063 10.23410838842392 0.4
    endloop
  endfacet
  facet normal 0 0 1
    outer loop
      vertex 139.3068681359291 153.24305257201195 0.4
      vertex 130.7591498941183 81.6285495236516 0.4
      vertex 131.291429720819 81.3767999112606 0.4
    endloop
  endfacet
  facet normal 0 0 1
    outer loop
      vertex 13.072387456893921 10.761271938681602 0.4
      vertex 13.151471860706806 10.848528139293194 0.4
      vertex 5.965091861784458 23.91686912626028 0.4
    endloop
  endfacet
  facet normal 0 0 1
    outer loop
      vertex 124.6566895917058 71.44720960408449 0.4
      vertex 15.176942333579063 10.23410838842392 0.4
      vertex 15.194221675395966 10.117620564997196 0.4
    endloop
  endfacet
  facet normal 0 0 1
    outer loop
      vertex 125.12962789833546 71.09645465016365 0.4
      vertex 124.6566895917058 71.44720960408449 0.4
      vertex 15.194221675395966 10.117620564997196 0.4
    endloop
  endfacet
  facet normal 0 0 1
    outer loop
      vertex 139.3068681359291 153.24305257201195 0.4
      vertex 131.291429720819 81.3767999112606 0.4
      vertex 131.7964706942439 81.0740899965167 0.4
    endloop
  endfacet
  facet normal 0 0 1
    outer loop
      vertex 13.00223646312952 10.666684277355671 0.4
      vertex 13.072387456893921 10.761271938681602 0.4
      vertex 5.965091861784458 23.91686912626028 0.4
    endloop
  endfacet
  facet normal 0 0 1
    outer loop
      vertex 125.12962789833546 71.09645465016365 0.4
      vertex 15.194221675395966 10.117620564997196 0.4
      vertex 15.200000002980232 10 0.4
    endloop
  endfacet
  facet normal 0 0 1
    outer loop
      vertex 125.63466887921095 70.79374473541975 0.4
      vertex 125.12962789833546 71.09645465016365 0.4
      vertex 15.200000002980232 10 0.4
    endloop
  endfacet
  facet normal 0 0 1
    outer loop
      vertex 139.3068681359291 153.24305257201195 0.4
      vertex 131.7964706942439 81.0740899965167 0.4
      vertex 132.26940900087357 80.72333504259586 0.4
    endloop
  endfacet
  facet normal 0 0 1
    outer loop
      vertex 12.941694483160973 10.56567608565092 0.4
      vertex 13.00223646312952 10.666684277355671 0.4
      vertex 5.965091861784458 23.91686912626028 0.4
    endloop
  endfacet
  facet normal 0 0 1
    outer loop
      vertex 125.63466887921095 70.79374473541975 0.4
      vertex 15.200000002980232 10 0.4
      vertex 15.194221675395966 9.882379435002804 0.4
    endloop
  endfacet
  facet normal 0 0 1
    outer loop
      vertex 126.16694870591164 70.54199513047934 0.4
      vertex 125.63466887921095 70.79374473541975 0.4
      vertex 15.194221675395966 9.882379435002804 0.4
    endloop
  endfacet
  facet normal 0 0 1
    outer loop
      vertex 139.3068681359291 153.24305257201195 0.4
      vertex 132.26940900087357 80.72333504259586 0.4
      vertex 132.70568998903036 80.32791300863028 0.4
    endloop
  endfacet
  facet normal 0 0 1
    outer loop
      vertex 12.89134456217289 10.459220118820667 0.4
      vertex 12.941694483160973 10.56567608565092 0.4
      vertex 5.965091861784458 23.91686912626028 0.4
    endloop
  endfacet
  facet normal 0 0 1
    outer loop
      vertex 126.16694870591164 70.54199513047934 0.4
      vertex 15.194221675395966 9.882379435002804 0.4
      vertex 15.176942333579063 9.76589161157608 0.4
    endloop
  endfacet
  facet normal 0 0 1
    outer loop
      vertex 126.7213412374258 70.34363031387329 0.4
      vertex 126.16694870591164 70.54199513047934 0.4
      vertex 15.176942333579063 9.76589161157608 0.4
    endloop
  endfacet
  facet normal 0 0 1
    outer loop
      vertex 126.7213412374258 70.34363031387329 0.4
      vertex 15.176942333579063 9.76589161157608 0.4
      vertex 15.14832840114832 9.65165838599205 0.4
    endloop
  endfacet
  facet normal 0 0 1
    outer loop
      vertex 139.3068681359291 153.24305257201195 0.4
      vertex 132.70568998903036 80.32791300863028 0.4
      vertex 133.10111201554537 79.89163202792406 0.4
    endloop
  endfacet
  facet normal 0 0 1
    outer loop
      vertex 12.85167159885168 10.34834161400795 0.4
      vertex 12.89134456217289 10.459220118820667 0.4
      vertex 5.965091861784458 23.91686912626028 0.4
    endloop
  endfacet
  facet normal 0 0 1
    outer loop
      vertex 127.29250736534595 70.20056064426899 0.4
      vertex 126.7213412374258 70.34363031387329 0.4
      vertex 15.14832840114832 9.65165838599205 0.4
    endloop
  endfacet
  facet normal 0 0 1
    outer loop
      vertex 127.29250736534595 70.20056064426899 0.4
      vertex 15.14832840114832 9.65165838599205 0.4
      vertex 15.10865543782711 9.540779881179333 0.4
    endloop
  endfacet
  facet normal 0 0 1
    outer loop
      vertex 139.3068681359291 153.24305257201195 0.4
      vertex 133.10111201554537 79.89163202792406 0.4
      vertex 133.4518669694662 79.4186937212944 0.4
    endloop
  endfacet
  facet normal 0 0 1
    outer loop
      vertex 12.823057666420937 10.23410838842392 0.4
      vertex 12.85167159885168 10.34834161400795 0.4
      vertex 5.965091861784458 23.91686912626028 0.4
    endloop
  endfacet
  facet normal 0 0 1
    outer loop
      vertex 127.87494646012783 70.1141639649868 0.4
      vertex 127.29250736534595 70.20056064426899 0.4
      vertex 15.10865543782711 9.540779881179333 0.4
    endloop
  endfacet
  facet normal 0 0 1
    outer loop
      vertex 127.87494646012783 70.1141639649868 0.4
      vertex 15.10865543782711 9.540779881179333 0.4
      vertex 15.058305516839027 9.43432391434908 0.4
    endloop
  endfacet
  facet normal 0 0 1
    outer loop
      vertex 139.3068681359291 153.24305257201195 0.4
      vertex 133.4518669694662 79.4186937212944 0.4
      vertex 133.7545768842101 78.91365274786949 0.4
    endloop
  endfacet
  facet normal 0 0 1
    outer loop
      vertex 12.805778324604034 10.117620564997196 0.4
      vertex 12.823057666420937 10.23410838842392 0.4
      vertex 5.965091861784458 23.91686912626028 0.4
    endloop
  endfacet
  facet normal 0 0 1
    outer loop
      vertex 128.46304930001497 70.08527232706547 0.4
      vertex 127.87494646012783 70.1141639649868 0.4
      vertex 15.058305516839027 9.43432391434908 0.4
    endloop
  endfacet
  facet normal 0 0 1
    outer loop
      vertex 128.46304930001497 70.08527232706547 0.4
      vertex 15.058305516839027 9.43432391434908 0.4
      vertex 14.99776353687048 9.333315722644329 0.4
    endloop
  endfacet
  facet normal 0 0 1
    outer loop
      vertex 139.3068681359291 153.24305257201195 0.4
      vertex 133.7545768842101 78.91365274786949 0.4
      vertex 134.0063264966011 78.3813729211688 0.4
    endloop
  endfacet
  facet normal 0 0 1
    outer loop
      vertex 12.799999997019768 10 0.4
      vertex 12.805778324604034 10.117620564997196 0.4
      vertex 5.965091861784458 23.91686912626028 0.4
    endloop
  endfacet
  facet normal 0 0 1
    outer loop
      vertex 129.05115213990211 70.1141639649868 0.4
      vertex 128.46304930001497 70.08527232706547 0.4
      vertex 14.99776353687048 9.333315722644329 0.4
    endloop
  endfacet
  facet normal 0 0 1
    outer loop
      vertex 129.05115213990211 70.1141639649868 0.4
      vertex 14.99776353687048 9.333315722644329 0.4
      vertex 14.927612543106079 9.238728061318398 0.4
    endloop
  endfacet
  facet normal 0 0 1
    outer loop
      vertex 139.3068681359291 153.24305257201195 0.4
      vertex 134.0063264966011 78.3813729211688 0.4
      vertex 134.20469131320715 77.82698038965464 0.4
    endloop
  endfacet
  facet normal 0 0 1
    outer loop
      vertex 12.805778324604034 9.882379435002804 0.4
      vertex 12.799999997019768 10 0.4
      vertex 5.965091861784458 23.91686912626028 0.4
    endloop
  endfacet
  facet normal 0 0 1
    outer loop
      vertex 129.05115213990211 70.1141639649868 0.4
      vertex 14.927612543106079 9.238728061318398 0.4
      vertex 14.848528139293194 9.151471860706806 0.4
    endloop
  endfacet
  facet normal 0 0 1
    outer loop
      vertex 129.6335912272334 70.20056064426899 0.4
      vertex 129.05115213990211 70.1141639649868 0.4
      vertex 14.848528139293194 9.151471860706806 0.4
    endloop
  endfacet
  facet normal 0 0 1
    outer loop
      vertex 140.97979121655226 154.9409083351493 0.4
      vertex 140.3752056211233 154.7445641234517 0.4
      vertex 139.86276914924383 154.36842099577188 0.4
    endloop
  endfacet
  facet normal 0 0 1
    outer loop
      vertex 140.97979121655226 154.9409083351493 0.4
      vertex 139.86276914924383 154.36842099577188 0.4
      vertex 139.49424746632576 153.85047645121813 0.4
    endloop
  endfacet
  facet normal 0 0 1
    outer loop
      vertex 141.615451477468 154.93761920183897 0.4
      vertex 140.97979121655226 154.9409083351493 0.4
      vertex 139.49424746632576 153.85047645121813 0.4
    endloop
  endfacet
  facet normal 0 0 1
    outer loop
      vertex 142.21797283738852 154.73502898216248 0.4
      vertex 141.615451477468 154.93761920183897 0.4
      vertex 139.49424746632576 153.85047645121813 0.4
    endloop
  endfacet
  facet normal 0 0 1
    outer loop
      vertex 142.72648937255144 154.35360307991505 0.4
      vertex 142.21797283738852 154.73502898216248 0.4
      vertex 139.49424746632576 153.85047645121813 0.4
    endloop
  endfacet
  facet normal 0 0 1
    outer loop
      vertex 143.089631408453 153.83187264949083 0.4
      vertex 142.72648937255144 154.35360307991505 0.4
      vertex 139.49424746632576 153.85047645121813 0.4
    endloop
  endfacet
  facet normal 0 0 1
    outer loop
      vertex 143.089631408453 153.83187264949083 0.4
      vertex 139.49424746632576 153.85047645121813 0.4
      vertex 139.3068681359291 153.24305257201195 0.4
    endloop
  endfacet
  facet normal 0 0 1
    outer loop
      vertex 145.40668140351772 149.01635977625847 0.4
      vertex 143.089631408453 153.83187264949083 0.4
      vertex 139.3068681359291 153.24305257201195 0.4
    endloop
  endfacet
  facet normal 0 0 1
    outer loop
      vertex 145.40668140351772 149.01635977625847 0.4
      vertex 139.3068681359291 153.24305257201195 0.4
      vertex 134.20469131320715 77.82698038965464 0.4
    endloop
  endfacet
  facet normal 0 0 1
    outer loop
      vertex 145.54394721984863 148.70934328436852 0.4
      vertex 145.40668140351772 149.01635977625847 0.4
      vertex 134.20469131320715 77.82698038965464 0.4
    endloop
  endfacet
  facet normal 0 0 1
    outer loop
      vertex 145.66379564255476 148.39511822909117 0.4
      vertex 145.54394721984863 148.70934328436852 0.4
      vertex 134.20469131320715 77.82698038965464 0.4
    endloop
  endfacet
  facet normal 0 0 1
    outer loop
      vertex 145.76585014164448 148.07467181235552 0.4
      vertex 145.66379564255476 148.39511822909117 0.4
      vertex 134.20469131320715 77.82698038965464 0.4
    endloop
  endfacet
  facet normal 0 0 1
    outer loop
      vertex 145.84979010373354 147.74901077151299 0.4
      vertex 145.76585014164448 148.07467181235552 0.4
      vertex 134.20469131320715 77.82698038965464 0.4
    endloop
  endfacet
  facet normal 0 0 1
    outer loop
      vertex 145.91535180062056 147.41915824264288 0.4
      vertex 145.84979010373354 147.74901077151299 0.4
      vertex 134.20469131320715 77.82698038965464 0.4
    endloop
  endfacet
  facet normal 0 0 1
    outer loop
      vertex 145.9623292684555 147.08615051954985 0.4
      vertex 145.91535180062056 147.41915824264288 0.4
      vertex 134.20469131320715 77.82698038965464 0.4
    endloop
  endfacet
  facet normal 0 0 1
    outer loop
      vertex 145.99057491123676 146.75103380531073 0.4
      vertex 145.9623292684555 147.08615051954985 0.4
      vertex 134.20469131320715 77.82698038965464 0.4
    endloop
  endfacet
  facet normal 0 0 1
    outer loop
      vertex 146 146.41486094146967 0.4
      vertex 145.99057491123676 146.75103380531073 0.4
      vertex 134.20469131320715 77.82698038965464 0.4
    endloop
  endfacet
  facet normal 0 0 1
    outer loop
      vertex 146 146.41486094146967 0.4
      vertex 134.20469131320715 77.82698038965464 0.4
      vertex 134.34776098281145 77.2558142542839 0.4
    endloop
  endfacet
  facet normal 0 0 1
    outer loop
      vertex 146 2 0.4
      vertex 146 146.41486094146967 0.4
      vertex 134.34776098281145 77.2558142542839 0.4
    endloop
  endfacet
  facet normal 0 0 1
    outer loop
      vertex 146 2 0.4
      vertex 134.34776098281145 77.2558142542839 0.4
      vertex 134.43415766209364 76.67337516695261 0.4
    endloop
  endfacet
  facet normal 0 0 1
    outer loop
      vertex 146 2 0.4
      vertex 134.43415766209364 76.67337516695261 0.4
      vertex 134.46304930001497 76.08527232706547 0.4
    endloop
  endfacet
  facet normal 0 0 1
    outer loop
      vertex 146 2 0.4
      vertex 134.46304930001497 76.08527232706547 0.4
      vertex 134.43415766209364 75.49716947972775 0.4
    endloop
  endfacet
  facet normal 0 0 1
    outer loop
      vertex 146 2 0.4
      vertex 134.43415766209364 75.49716947972775 0.4
      vertex 134.34776098281145 74.91473039239645 0.4
    endloop
  endfacet
  facet normal 0 0 1
    outer loop
      vertex 146 2 0.4
      vertex 134.34776098281145 74.91473039239645 0.4
      vertex 134.20469131320715 74.3435642644763 0.4
    endloop
  endfacet
  facet normal 0 0 1
    outer loop
      vertex 146 2 0.4
      vertex 134.20469131320715 74.3435642644763 0.4
      vertex 134.0063264966011 73.78917173296213 0.4
    endloop
  endfacet
  facet normal 0 0 1
    outer loop
      vertex 146 2 0.4
      vertex 134.0063264966011 73.78917173296213 0.4
      vertex 133.7545768842101 73.25689190626144 0.4
    endloop
  endfacet
  facet normal 0 0 1
    outer loop
      vertex 146 2 0.4
      vertex 133.7545768842101 73.25689190626144 0.4
      vertex 133.4518669694662 72.75185092538595 0.4
    endloop
  endfacet
  facet normal 0 0 1
    outer loop
      vertex 146 2 0.4
      vertex 133.4518669694662 72.75185092538595 0.4
      vertex 133.10111201554537 72.2789126187563 0.4
    endloop
  endfacet
  facet normal 0 0 1
    outer loop
      vertex 146 2 0.4
      vertex 133.10111201554537 72.2789126187563 0.4
      vertex 132.70568998903036 71.84263163805008 0.4
    endloop
  endfacet
  facet normal 0 0 1
    outer loop
      vertex 146 2 0.4
      vertex 132.70568998903036 71.84263163805008 0.4
      vertex 132.26940900087357 71.44720960408449 0.4
    endloop
  endfacet
  facet normal 0 0 1
    outer loop
      vertex 146 2 0.4
      vertex 132.26940900087357 71.44720960408449 0.4
      vertex 131.7964706942439 71.09645465016365 0.4
    endloop
  endfacet
  facet normal 0 0 1
    outer loop
      vertex 146 2 0.4
      vertex 131.7964706942439 71.09645465016365 0.4
      vertex 131.291429720819 70.79374473541975 0.4
    endloop
  endfacet
  facet normal 0 0 1
    outer loop
      vertex 146 2 0.4
      vertex 131.291429720819 70.79374473541975 0.4
      vertex 130.7591498941183 70.54199513047934 0.4
    endloop
  endfacet
  facet normal 0 0 1
    outer loop
      vertex 146 2 0.4
      vertex 130.7591498941183 70.54199513047934 0.4
      vertex 130.20475736260414 70.34363031387329 0.4
    endloop
  endfacet
  facet normal 0 0 1
    outer loop
      vertex 146 2 0.4
      vertex 130.20475736260414 70.34363031387329 0.4
      vertex 129.6335912272334 70.20056064426899 0.4
    endloop
  endfacet
  facet normal 0 0 1
    outer loop
      vertex 146 2 0.4
      vertex 129.6335912272334 70.20056064426899 0.4
      vertex 14.848528139293194 9.151471860706806 0.4
    endloop
  endfacet
  facet normal 0 0 1
    outer loop
      vertex 145.96157056093216 1.6098193526268005 0.4
      vertex 146 2 0.4
      vertex 14.848528139293194 9.151471860706806 0.4
    endloop
  endfacet
  facet normal 0 0 1
    outer loop
      vertex 145.84775906801224 1.234633132815361 0.4
      vertex 145.96157056093216 1.6098193526268005 0.4
      vertex 14.848528139293194 9.151471860706806 0.4
    endloop
  endfacet
  facet normal 0 0 1
    outer loop
      vertex 145.66293922811747 0.8888595327734947 0.4
      vertex 145.84775906801224 1.234633132815361 0.4
      vertex 14.848528139293194 9.151471860706806 0.4
    endloop
  endfacet
  facet normal 0 0 1
    outer loop
      vertex 145.4142135605216 0.5857864394783974 0.4
      vertex 145.66293922811747 0.8888595327734947 0.4
      vertex 14.848528139293194 9.151471860706806 0.4
    endloop
  endfacet
  facet normal 0 0 1
    outer loop
      vertex 145.1111404672265 0.337060771882534 0.4
      vertex 145.4142135605216 0.5857864394783974 0.4
      vertex 14.848528139293194 9.151471860706806 0.4
    endloop
  endfacet
  facet normal 0 0 1
    outer loop
      vertex 144.76536686718464 0.15224093198776245 0.4
      vertex 145.1111404672265 0.337060771882534 0.4
      vertex 14.848528139293194 9.151471860706806 0.4
    endloop
  endfacet
  facet normal 0 0 1
    outer loop
      vertex 144.3901806473732 0.038429439067840576 0.4
      vertex 144.76536686718464 0.15224093198776245 0.4
      vertex 14.848528139293194 9.151471860706806 0.4
    endloop
  endfacet
  facet normal 0 0 1
    outer loop
      vertex 144 0 0.4
      vertex 144.3901806473732 0.038429439067840576 0.4
      vertex 14.848528139293194 9.151471860706806 0.4
    endloop
  endfacet
  facet normal 0 0 1
    outer loop
      vertex 144 0 0.4
      vertex 14.848528139293194 9.151471860706806 0.4
      vertex 14.761271938681602 9.072387456893921 0.4
    endloop
  endfacet
  facet normal 0 0 1
    outer loop
      vertex 144 0 0.4
      vertex 14.761271938681602 9.072387456893921 0.4
      vertex 14.666684277355671 9.00223646312952 0.4
    endloop
  endfacet
  facet normal 0 0 1
    outer loop
      vertex 2 0 0.4
      vertex 144 0 0.4
      vertex 14.666684277355671 9.00223646312952 0.4
    endloop
  endfacet
  facet normal 0 0 1
    outer loop
      vertex 2 0 0.4
      vertex 14.666684277355671 9.00223646312952 0.4
      vertex 14.56567608565092 8.941694483160973 0.4
    endloop
  endfacet
  facet normal 0 0 1
    outer loop
      vertex 2 0 0.4
      vertex 14.56567608565092 8.941694483160973 0.4
      vertex 14.459220118820667 8.89134456217289 0.4
    endloop
  endfacet
  facet normal 0 0 1
    outer loop
      vertex 2 0 0.4
      vertex 14.459220118820667 8.89134456217289 0.4
      vertex 14.34834161400795 8.85167159885168 0.4
    endloop
  endfacet
  facet normal 0 0 1
    outer loop
      vertex 2 0 0.4
      vertex 14.34834161400795 8.85167159885168 0.4
      vertex 14.23410838842392 8.823057666420937 0.4
    endloop
  endfacet
  facet normal 0 0 1
    outer loop
      vertex 2 0 0.4
      vertex 14.23410838842392 8.823057666420937 0.4
      vertex 14.117620564997196 8.805778324604034 0.4
    endloop
  endfacet
  facet normal 0 0 1
    outer loop
      vertex 2 0 0.4
      vertex 14.117620564997196 8.805778324604034 0.4
      vertex 14 8.799999997019768 0.4
    endloop
  endfacet
  facet normal 0 0 1
    outer loop
      vertex 2 0 0.4
      vertex 14 8.799999997019768 0.4
      vertex 13.882379435002804 8.805778324604034 0.4
    endloop
  endfacet
  facet normal 0 0 1
    outer loop
      vertex 2 0 0.4
      vertex 13.882379435002804 8.805778324604034 0.4
      vertex 13.76589161157608 8.823057666420937 0.4
    endloop
  endfacet
  facet normal 0 0 1
    outer loop
      vertex 2 0 0.4
      vertex 13.76589161157608 8.823057666420937 0.4
      vertex 13.65165838599205 8.85167159885168 0.4
    endloop
  endfacet
  facet normal 0 0 1
    outer loop
      vertex 2 0 0.4
      vertex 13.65165838599205 8.85167159885168 0.4
      vertex 13.540779881179333 8.89134456217289 0.4
    endloop
  endfacet
  facet normal 0 0 1
    outer loop
      vertex 2 0 0.4
      vertex 13.540779881179333 8.89134456217289 0.4
      vertex 13.43432391434908 8.941694483160973 0.4
    endloop
  endfacet
  facet normal 0 0 1
    outer loop
      vertex 2 0 0.4
      vertex 13.43432391434908 8.941694483160973 0.4
      vertex 13.333315722644329 9.00223646312952 0.4
    endloop
  endfacet
  facet normal 0 0 1
    outer loop
      vertex 2 0 0.4
      vertex 13.333315722644329 9.00223646312952 0.4
      vertex 13.238728061318398 9.072387456893921 0.4
    endloop
  endfacet
  facet normal 0 0 1
    outer loop
      vertex 2 0 0.4
      vertex 13.238728061318398 9.072387456893921 0.4
      vertex 13.151471860706806 9.151471860706806 0.4
    endloop
  endfacet
  facet normal 0 0 1
    outer loop
      vertex 2 0 0.4
      vertex 13.151471860706806 9.151471860706806 0.4
      vertex 13.072387456893921 9.238728061318398 0.4
    endloop
  endfacet
  facet normal 0 0 1
    outer loop
      vertex 2 0 0.4
      vertex 13.072387456893921 9.238728061318398 0.4
      vertex 13.00223646312952 9.333315722644329 0.4
    endloop
  endfacet
  facet normal 0 0 1
    outer loop
      vertex 2 0 0.4
      vertex 13.00223646312952 9.333315722644329 0.4
      vertex 12.941694483160973 9.43432391434908 0.4
    endloop
  endfacet
  facet normal 0 0 1
    outer loop
      vertex 2 0 0.4
      vertex 12.941694483160973 9.43432391434908 0.4
      vertex 12.89134456217289 9.540779881179333 0.4
    endloop
  endfacet
  facet normal 0 0 1
    outer loop
      vertex 2 0 0.4
      vertex 12.89134456217289 9.540779881179333 0.4
      vertex 12.85167159885168 9.65165838599205 0.4
    endloop
  endfacet
  facet normal 0 0 1
    outer loop
      vertex 2 0 0.4
      vertex 12.85167159885168 9.65165838599205 0.4
      vertex 12.823057666420937 9.76589161157608 0.4
    endloop
  endfacet
  facet normal 0 0 1
    outer loop
      vertex 2 0 0.4
      vertex 12.823057666420937 9.76589161157608 0.4
      vertex 12.805778324604034 9.882379435002804 0.4
    endloop
  endfacet
  facet normal 0 0 1
    outer loop
      vertex 1.6098193526268005 0.038429439067840576 0.4
      vertex 2 0 0.4
      vertex 12.805778324604034 9.882379435002804 0.4
    endloop
  endfacet
  facet normal 0 0 1
    outer loop
      vertex 1.234633132815361 0.15224093198776245 0.4
      vertex 1.6098193526268005 0.038429439067840576 0.4
      vertex 12.805778324604034 9.882379435002804 0.4
    endloop
  endfacet
  facet normal 0 0 1
    outer loop
      vertex 0.8888595327734947 0.337060771882534 0.4
      vertex 1.234633132815361 0.15224093198776245 0.4
      vertex 12.805778324604034 9.882379435002804 0.4
    endloop
  endfacet
  facet normal 0 0 1
    outer loop
      vertex 0.5857864394783974 0.5857864394783974 0.4
      vertex 0.8888595327734947 0.337060771882534 0.4
      vertex 12.805778324604034 9.882379435002804 0.4
    endloop
  endfacet
  facet normal 0 0 1
    outer loop
      vertex 0.337060771882534 0.8888595327734947 0.4
      vertex 0.5857864394783974 0.5857864394783974 0.4
      vertex 12.805778324604034 9.882379435002804 0.4
    endloop
  endfacet
  facet normal 0 0 1
    outer loop
      vertex 0.15224093198776245 1.234633132815361 0.4
      vertex 0.337060771882534 0.8888595327734947 0.4
      vertex 12.805778324604034 9.882379435002804 0.4
    endloop
  endfacet
  facet normal 0 0 1
    outer loop
      vertex 0.038429439067840576 1.6098193526268005 0.4
      vertex 0.15224093198776245 1.234633132815361 0.4
      vertex 12.805778324604034 9.882379435002804 0.4
    endloop
  endfacet
  facet normal 0 0 1
    outer loop
      vertex 0 2 0.4
      vertex 0.038429439067840576 1.6098193526268005 0.4
      vertex 12.805778324604034 9.882379435002804 0.4
    endloop
  endfacet
  facet normal 0 0 1
    outer loop
      vertex 0 11.656703680753708 0.4
      vertex 0 2 0.4
      vertex 12.805778324604034 9.882379435002804 0.4
    endloop
  endfacet
  facet normal 0 0 1
    outer loop
      vertex 0.0018057972192764282 11.741673894226551 0.4
      vertex 0 11.656703680753708 0.4
      vertex 12.805778324604034 9.882379435002804 0.4
    endloop
  endfacet
  facet normal 0 0 1
    outer loop
      vertex 0.007219932973384857 11.826490662992 0.4
      vertex 0.0018057972192764282 11.741673894226551 0.4
      vertex 12.805778324604034 9.882379435002804 0.4
    endloop
  endfacet
  facet normal 0 0 1
    outer loop
      vertex 0.016232632100582123 11.911000832915306 0.4
      vertex 0.007219932973384857 11.826490662992 0.4
      vertex 12.805778324604034 9.882379435002804 0.4
    endloop
  endfacet
  facet normal 0 0 1
    outer loop
      vertex 0.028827615082263947 11.9950517937541 0.4
      vertex 0.016232632100582123 11.911000832915306 0.4
      vertex 12.805778324604034 9.882379435002804 0.4
    endloop
  endfacet
  facet normal 0 0 1
    outer loop
      vertex 0.04498214274644852 12.078491762280464 0.4
      vertex 0.028827615082263947 11.9950517937541 0.4
      vertex 12.805778324604034 9.882379435002804 0.4
    endloop
  endfacet
  facet normal 0 0 1
    outer loop
      vertex 0.06466703861951828 12.161170065402985 0.4
      vertex 0.04498214274644852 12.078491762280464 0.4
      vertex 12.805778324604034 9.882379435002804 0.4
    endloop
  endfacet
  facet normal 0 0 1
    outer loop
      vertex 0.08784675598144531 12.242937408387661 0.4
      vertex 0.06466703861951828 12.161170065402985 0.4
      vertex 12.805778324604034 9.882379435002804 0.4
    endloop
  endfacet
  facet normal 0 0 1
    outer loop
      vertex 0.1144794449210167 12.323646128177643 0.4
      vertex 0.08784675598144531 12.242937408387661 0.4
      vertex 12.805778324604034 9.882379435002804 0.4
    endloop
  endfacet
  facet normal 0 0 1
    outer loop
      vertex 4.156306177377701 23.750340349972248 0.4
      vertex 0.1144794449210167 12.323646128177643 0.4
      vertex 12.805778324604034 9.882379435002804 0.4
    endloop
  endfacet
  facet normal 0 0 1
    outer loop
      vertex 4.287948027253151 24.001751080155373 0.4
      vertex 4.156306177377701 23.750340349972248 0.4
      vertex 12.805778324604034 9.882379435002804 0.4
    endloop
  endfacet
  facet normal 0 0 1
    outer loop
      vertex 4.4849148616194725 24.20605720579624 0.4
      vertex 4.287948027253151 24.001751080155373 0.4
      vertex 12.805778324604034 9.882379435002804 0.4
    endloop
  endfacet
  facet normal 0 0 1
    outer loop
      vertex 4.73134358227253 24.346804551780224 0.4
      vertex 4.4849148616194725 24.20605720579624 0.4
      vertex 12.805778324604034 9.882379435002804 0.4
    endloop
  endfacet
  facet normal 0 0 1
    outer loop
      vertex 5.007387571036816 24.412657752633095 0.4
      vertex 4.73134358227253 24.346804551780224 0.4
      vertex 12.805778324604034 9.882379435002804 0.4
    endloop
  endfacet
  facet normal 0 0 1
    outer loop
      vertex 5.290815092623234 24.3983132019639 0.4
      vertex 5.007387571036816 24.412657752633095 0.4
      vertex 12.805778324604034 9.882379435002804 0.4
    endloop
  endfacet
  facet normal 0 0 1
    outer loop
      vertex 5.558799773454666 24.30492615699768 0.4
      vertex 5.290815092623234 24.3983132019639 0.4
      vertex 12.805778324604034 9.882379435002804 0.4
    endloop
  endfacet
  facet normal 0 0 1
    outer loop
      vertex 5.7897589430212975 24.140017725527287 0.4
      vertex 5.558799773454666 24.30492615699768 0.4
      vertex 12.805778324604034 9.882379435002804 0.4
    endloop
  endfacet
  facet normal 0 0 1
    outer loop
      vertex 5.7897589430212975 24.140017725527287 0.4
      vertex 12.805778324604034 9.882379435002804 0.4
      vertex 5.965091861784458 23.91686912626028 0.4
    endloop
  endfacet
  facet normal 0 0 -1
    outer loop
      vertex 15.058305516839027 10.56567608565092 0
      vertex 15.03811764717102 10.59935750067234 0
      vertex 123.27246104180813 73.08848480135202 0
    endloop
  endfacet
  facet normal 0 0 -1
    outer loop
      vertex 15.058305516839027 10.56567608565092 0
      vertex 123.27246104180813 73.08848480135202 0
      vertex 123.47423162311316 72.75185092538595 0
    endloop
  endfacet
  facet normal 0 0 -1
    outer loop
      vertex 5.965091861784458 23.91686912626028 0
      vertex 13.400642491877079 11.03811764717102 0
      vertex 13.333315722644329 10.99776353687048 0
    endloop
  endfacet
  facet normal 0 0 -1
    outer loop
      vertex 15.10865543782711 10.459220118820667 0
      vertex 15.058305516839027 10.56567608565092 0
      vertex 123.47423162311316 72.75185092538595 0
    endloop
  endfacet
  facet normal 0 0 -1
    outer loop
      vertex 15.10865543782711 10.459220118820667 0
      vertex 123.47423162311316 72.75185092538595 0
      vertex 123.824986577034 72.2789126187563 0
    endloop
  endfacet
  facet normal 0 0 -1
    outer loop
      vertex 5.965091861784458 23.91686912626028 0
      vertex 13.333315722644329 10.99776353687048 0
      vertex 13.238728061318398 10.927612543106079 0
    endloop
  endfacet
  facet normal 0 0 -1
    outer loop
      vertex 15.14832840114832 10.34834161400795 0
      vertex 15.10865543782711 10.459220118820667 0
      vertex 123.824986577034 72.2789126187563 0
    endloop
  endfacet
  facet normal 0 0 -1
    outer loop
      vertex 15.14832840114832 10.34834161400795 0
      vertex 123.824986577034 72.2789126187563 0
      vertex 124.22040861099958 71.84263163805008 0
    endloop
  endfacet
  facet normal 0 0 -1
    outer loop
      vertex 5.965091861784458 23.91686912626028 0
      vertex 13.238728061318398 10.927612543106079 0
      vertex 13.151471860706806 10.848528139293194 0
    endloop
  endfacet
  facet normal 0 0 -1
    outer loop
      vertex 129.6335912272334 81.96998400986195 0
      vertex 129.29710637778044 82.01989681273699 0
      vertex 139.3068681359291 153.24305257201195 0
    endloop
  endfacet
  facet normal 0 0 -1
    outer loop
      vertex 130.20475736260414 81.82691434025764 0
      vertex 129.6335912272334 81.96998400986195 0
      vertex 139.3068681359291 153.24305257201195 0
    endloop
  endfacet
  facet normal 0 0 -1
    outer loop
      vertex 130.7591498941183 81.6285495236516 0
      vertex 130.20475736260414 81.82691434025764 0
      vertex 139.3068681359291 153.24305257201195 0
    endloop
  endfacet
  facet normal 0 0 -1
    outer loop
      vertex 15.176942333579063 10.23410838842392 0
      vertex 15.14832840114832 10.34834161400795 0
      vertex 124.22040861099958 71.84263163805008 0
    endloop
  endfacet
  facet normal 0 0 -1
    outer loop
      vertex 15.176942333579063 10.23410838842392 0
      vertex 124.22040861099958 71.84263163805008 0
      vertex 124.6566895917058 71.44720960408449 0
    endloop
  endfacet
  facet normal 0 0 -1
    outer loop
      vertex 131.291429720819 81.3767999112606 0
      vertex 130.7591498941183 81.6285495236516 0
      vertex 139.3068681359291 153.24305257201195 0
    endloop
  endfacet
  facet normal 0 0 -1
    outer loop
      vertex 5.965091861784458 23.91686912626028 0
      vertex 13.151471860706806 10.848528139293194 0
      vertex 13.072387456893921 10.761271938681602 0
    endloop
  endfacet
  facet normal 0 0 -1
    outer loop
      vertex 15.194221675395966 10.117620564997196 0
      vertex 15.176942333579063 10.23410838842392 0
      vertex 124.6566895917058 71.44720960408449 0
    endloop
  endfacet
  facet normal 0 0 -1
    outer loop
      vertex 15.194221675395966 10.117620564997196 0
      vertex 124.6566895917058 71.44720960408449 0
      vertex 125.12962789833546 71.09645465016365 0
    endloop
  endfacet
  facet normal 0 0 -1
    outer loop
      vertex 131.7964706942439 81.0740899965167 0
      vertex 131.291429720819 81.3767999112606 0
      vertex 139.3068681359291 153.24305257201195 0
    endloop
  endfacet
  facet normal 0 0 -1
    outer loop
      vertex 5.965091861784458 23.91686912626028 0
      vertex 13.072387456893921 10.761271938681602 0
      vertex 13.00223646312952 10.666684277355671 0
    endloop
  endfacet
  facet normal 0 0 -1
    outer loop
      vertex 15.200000002980232 10 0
      vertex 15.194221675395966 10.117620564997196 0
      vertex 125.12962789833546 71.09645465016365 0
    endloop
  endfacet
  facet normal 0 0 -1
    outer loop
      vertex 15.200000002980232 10 0
      vertex 125.12962789833546 71.09645465016365 0
      vertex 125.63466887921095 70.79374473541975 0
    endloop
  endfacet
  facet normal 0 0 -1
    outer loop
      vertex 132.26940900087357 80.72333504259586 0
      vertex 131.7964706942439 81.0740899965167 0
      vertex 139.3068681359291 153.24305257201195 0
    endloop
  endfacet
  facet normal 0 0 -1
    outer loop
      vertex 5.965091861784458 23.91686912626028 0
      vertex 13.00223646312952 10.666684277355671 0
      vertex 12.941694483160973 10.56567608565092 0
    endloop
  endfacet
  facet normal 0 0 -1
    outer loop
      vertex 15.194221675395966 9.882379435002804 0
      vertex 15.200000002980232 10 0
      vertex 125.63466887921095 70.79374473541975 0
    endloop
  endfacet
  facet normal 0 0 -1
    outer loop
      vertex 15.194221675395966 9.882379435002804 0
      vertex 125.63466887921095 70.79374473541975 0
      vertex 126.16694870591164 70.54199513047934 0
    endloop
  endfacet
  facet normal 0 0 -1
    outer loop
      vertex 132.70568998903036 80.32791300863028 0
      vertex 132.26940900087357 80.72333504259586 0
      vertex 139.3068681359291 153.24305257201195 0
    endloop
  endfacet
  facet normal 0 0 -1
    outer loop
      vertex 5.965091861784458 23.91686912626028 0
      vertex 12.941694483160973 10.56567608565092 0
      vertex 12.89134456217289 10.459220118820667 0
    endloop
  endfacet
  facet normal 0 0 -1
    outer loop
      vertex 15.176942333579063 9.76589161157608 0
      vertex 15.194221675395966 9.882379435002804 0
      vertex 126.16694870591164 70.54199513047934 0
    endloop
  endfacet
  facet normal 0 0 -1
    outer loop
      vertex 15.176942333579063 9.76589161157608 0
      vertex 126.16694870591164 70.54199513047934 0
      vertex 126.7213412374258 70.34363031387329 0
    endloop
  endfacet
  facet normal 0 0 -1
    outer loop
      vertex 15.14832840114832 9.65165838599205 0
      vertex 15.176942333579063 9.76589161157608 0
      vertex 126.7213412374258 70.34363031387329 0
    endloop
  endfacet
  facet normal 0 0 -1
    outer loop
      vertex 133.10111201554537 79.89163202792406 0
      vertex 132.70568998903036 80.32791300863028 0
      vertex 139.3068681359291 153.24305257201195 0
    endloop
  endfacet
  facet normal 0 0 -1
    outer loop
      vertex 5.965091861784458 23.91686912626028 0
      vertex 12.89134456217289 10.459220118820667 0
      vertex 12.85167159885168 10.34834161400795 0
    endloop
  endfacet
  facet normal 0 0 -1
    outer loop
      vertex 15.14832840114832 9.65165838599205 0
      vertex 126.7213412374258 70.34363031387329 0
      vertex 127.29250736534595 70.20056064426899 0
    endloop
  endfacet
  facet normal 0 0 -1
    outer loop
      vertex 15.10865543782711 9.540779881179333 0
      vertex 15.14832840114832 9.65165838599205 0
      vertex 127.29250736534595 70.20056064426899 0
    endloop
  endfacet
  facet normal 0 0 -1
    outer loop
      vertex 133.4518669694662 79.4186937212944 0
      vertex 133.10111201554537 79.89163202792406 0
      vertex 139.3068681359291 153.24305257201195 0
    endloop
  endfacet
  facet normal 0 0 -1
    outer loop
      vertex 5.965091861784458 23.91686912626028 0
      vertex 12.85167159885168 10.34834161400795 0
      vertex 12.823057666420937 10.23410838842392 0
    endloop
  endfacet
  facet normal 0 0 -1
    outer loop
      vertex 15.10865543782711 9.540779881179333 0
      vertex 127.29250736534595 70.20056064426899 0
      vertex 127.87494646012783 70.1141639649868 0
    endloop
  endfacet
  facet normal 0 0 -1
    outer loop
      vertex 15.058305516839027 9.43432391434908 0
      vertex 15.10865543782711 9.540779881179333 0
      vertex 127.87494646012783 70.1141639649868 0
    endloop
  endfacet
  facet normal 0 0 -1
    outer loop
      vertex 133.7545768842101 78.91365274786949 0
      vertex 133.4518669694662 79.4186937212944 0
      vertex 139.3068681359291 153.24305257201195 0
    endloop
  endfacet
  facet normal 0 0 -1
    outer loop
      vertex 5.965091861784458 23.91686912626028 0
      vertex 12.823057666420937 10.23410838842392 0
      vertex 12.805778324604034 10.117620564997196 0
    endloop
  endfacet
  facet normal 0 0 -1
    outer loop
      vertex 15.058305516839027 9.43432391434908 0
      vertex 127.87494646012783 70.1141639649868 0
      vertex 128.46304930001497 70.08527232706547 0
    endloop
  endfacet
  facet normal 0 0 -1
    outer loop
      vertex 14.99776353687048 9.333315722644329 0
      vertex 15.058305516839027 9.43432391434908 0
      vertex 128.46304930001497 70.08527232706547 0
    endloop
  endfacet
  facet normal 0 0 -1
    outer loop
      vertex 134.0063264966011 78.3813729211688 0
      vertex 133.7545768842101 78.91365274786949 0
      vertex 139.3068681359291 153.24305257201195 0
    endloop
  endfacet
  facet normal 0 0 -1
    outer loop
      vertex 5.965091861784458 23.91686912626028 0
      vertex 12.805778324604034 10.117620564997196 0
      vertex 12.799999997019768 10 0
    endloop
  endfacet
  facet normal 0 0 -1
    outer loop
      vertex 14.99776353687048 9.333315722644329 0
      vertex 128.46304930001497 70.08527232706547 0
      vertex 129.05115213990211 70.1141639649868 0
    endloop
  endfacet
  facet normal 0 0 -1
    outer loop
      vertex 14.927612543106079 9.238728061318398 0
      vertex 14.99776353687048 9.333315722644329 0
      vertex 129.05115213990211 70.1141639649868 0
    endloop
  endfacet
  facet normal 0 0 -1
    outer loop
      vertex 134.20469131320715 77.82698038965464 0
      vertex 134.0063264966011 78.3813729211688 0
      vertex 139.3068681359291 153.24305257201195 0
    endloop
  endfacet
  facet normal 0 0 -1
    outer loop
      vertex 5.965091861784458 23.91686912626028 0
      vertex 12.799999997019768 10 0
      vertex 12.805778324604034 9.882379435002804 0
    endloop
  endfacet
  facet normal 0 0 -1
    outer loop
      vertex 14.848528139293194 9.151471860706806 0
      vertex 14.927612543106079 9.238728061318398 0
      vertex 129.05115213990211 70.1141639649868 0
    endloop
  endfacet
  facet normal 0 0 -1
    outer loop
      vertex 14.848528139293194 9.151471860706806 0
      vertex 129.05115213990211 70.1141639649868 0
      vertex 129.6335912272334 70.20056064426899 0
    endloop
  endfacet
  facet normal 0 0 -1
    outer loop
      vertex 139.86276914924383 154.36842099577188 0
      vertex 140.3752056211233 154.7445641234517 0
      vertex 140.97979121655226 154.9409083351493 0
    endloop
  endfacet
  facet normal 0 0 -1
    outer loop
      vertex 139.49424746632576 153.85047645121813 0
      vertex 139.86276914924383 154.36842099577188 0
      vertex 140.97979121655226 154.9409083351493 0
    endloop
  endfacet
  facet normal 0 0 -1
    outer loop
      vertex 139.49424746632576 153.85047645121813 0
      vertex 140.97979121655226 154.9409083351493 0
      vertex 141.615451477468 154.93761920183897 0
    endloop
  endfacet
  facet normal 0 0 -1
    outer loop
      vertex 139.49424746632576 153.85047645121813 0
      vertex 141.615451477468 154.93761920183897 0
      vertex 142.21797283738852 154.73502898216248 0
    endloop
  endfacet
  facet normal 0 0 -1
    outer loop
      vertex 139.49424746632576 153.85047645121813 0
      vertex 142.21797283738852 154.73502898216248 0
      vertex 142.72648937255144 154.35360307991505 0
    endloop
  endfacet
  facet normal 0 0 -1
    outer loop
      vertex 139.49424746632576 153.85047645121813 0
      vertex 142.72648937255144 154.35360307991505 0
      vertex 143.089631408453 153.83187264949083 0
    endloop
  endfacet
  facet normal 0 0 -1
    outer loop
      vertex 139.3068681359291 153.24305257201195 0
      vertex 139.49424746632576 153.85047645121813 0
      vertex 143.089631408453 153.83187264949083 0
    endloop
  endfacet
  facet normal 0 0 -1
    outer loop
      vertex 139.3068681359291 153.24305257201195 0
      vertex 143.089631408453 153.83187264949083 0
      vertex 145.40668140351772 149.01635977625847 0
    endloop
  endfacet
  facet normal 0 0 -1
    outer loop
      vertex 134.20469131320715 77.82698038965464 0
      vertex 139.3068681359291 153.24305257201195 0
      vertex 145.40668140351772 149.01635977625847 0
    endloop
  endfacet
  facet normal 0 0 -1
    outer loop
      vertex 134.20469131320715 77.82698038965464 0
      vertex 145.40668140351772 149.01635977625847 0
      vertex 145.54394721984863 148.70934328436852 0
    endloop
  endfacet
  facet normal 0 0 -1
    outer loop
      vertex 134.20469131320715 77.82698038965464 0
      vertex 145.54394721984863 148.70934328436852 0
      vertex 145.66379564255476 148.39511822909117 0
    endloop
  endfacet
  facet normal 0 0 -1
    outer loop
      vertex 134.20469131320715 77.82698038965464 0
      vertex 145.66379564255476 148.39511822909117 0
      vertex 145.76585014164448 148.07467181235552 0
    endloop
  endfacet
  facet normal 0 0 -1
    outer loop
      vertex 134.20469131320715 77.82698038965464 0
      vertex 145.76585014164448 148.07467181235552 0
      vertex 145.84979010373354 147.74901077151299 0
    endloop
  endfacet
  facet normal 0 0 -1
    outer loop
      vertex 134.20469131320715 77.82698038965464 0
      vertex 145.84979010373354 147.74901077151299 0
      vertex 145.91535180062056 147.41915824264288 0
    endloop
  endfacet
  facet normal 0 0 -1
    outer loop
      vertex 134.20469131320715 77.82698038965464 0
      vertex 145.91535180062056 147.41915824264288 0
      vertex 145.9623292684555 147.08615051954985 0
    endloop
  endfacet
  facet normal 0 0 -1
    outer loop
      vertex 134.20469131320715 77.82698038965464 0
      vertex 145.9623292684555 147.08615051954985 0
      vertex 145.99057491123676 146.75103380531073 0
    endloop
  endfacet
  facet normal 0 0 -1
    outer loop
      vertex 134.20469131320715 77.82698038965464 0
      vertex 145.99057491123676 146.75103380531073 0
      vertex 146 146.41486094146967 0
    endloop
  endfacet
  facet normal 0 0 -1
    outer loop
      vertex 134.34776098281145 77.2558142542839 0
      vertex 134.20469131320715 77.82698038965464 0
      vertex 146 146.41486094146967 0
    endloop
  endfacet
  facet normal 0 0 -1
    outer loop
      vertex 134.34776098281145 77.2558142542839 0
      vertex 146 146.41486094146967 0
      vertex 146 2 0
    endloop
  endfacet
  facet normal 0 0 -1
    outer loop
      vertex 134.43415766209364 76.67337516695261 0
      vertex 134.34776098281145 77.2558142542839 0
      vertex 146 2 0
    endloop
  endfacet
  facet normal 0 0 -1
    outer loop
      vertex 134.46304930001497 76.08527232706547 0
      vertex 134.43415766209364 76.67337516695261 0
      vertex 146 2 0
    endloop
  endfacet
  facet normal 0 0 -1
    outer loop
      vertex 134.43415766209364 75.49716947972775 0
      vertex 134.46304930001497 76.08527232706547 0
      vertex 146 2 0
    endloop
  endfacet
  facet normal 0 0 -1
    outer loop
      vertex 134.34776098281145 74.91473039239645 0
      vertex 134.43415766209364 75.49716947972775 0
      vertex 146 2 0
    endloop
  endfacet
  facet normal 0 0 -1
    outer loop
      vertex 134.20469131320715 74.3435642644763 0
      vertex 134.34776098281145 74.91473039239645 0
      vertex 146 2 0
    endloop
  endfacet
  facet normal 0 0 -1
    outer loop
      vertex 134.0063264966011 73.78917173296213 0
      vertex 134.20469131320715 74.3435642644763 0
      vertex 146 2 0
    endloop
  endfacet
  facet normal 0 0 -1
    outer loop
      vertex 133.7545768842101 73.25689190626144 0
      vertex 134.0063264966011 73.78917173296213 0
      vertex 146 2 0
    endloop
  endfacet
  facet normal 0 0 -1
    outer loop
      vertex 133.4518669694662 72.75185092538595 0
      vertex 133.7545768842101 73.25689190626144 0
      vertex 146 2 0
    endloop
  endfacet
  facet normal 0 0 -1
    outer loop
      vertex 133.10111201554537 72.2789126187563 0
      vertex 133.4518669694662 72.75185092538595 0
      vertex 146 2 0
    endloop
  endfacet
  facet normal 0 0 -1
    outer loop
      vertex 132.70568998903036 71.84263163805008 0
      vertex 133.10111201554537 72.2789126187563 0
      vertex 146 2 0
    endloop
  endfacet
  facet normal 0 0 -1
    outer loop
      vertex 132.26940900087357 71.44720960408449 0
      vertex 132.70568998903036 71.84263163805008 0
      vertex 146 2 0
    endloop
  endfacet
  facet normal 0 0 -1
    outer loop
      vertex 131.7964706942439 71.09645465016365 0
      vertex 132.26940900087357 71.44720960408449 0
      vertex 146 2 0
    endloop
  endfacet
  facet normal 0 0 -1
    outer loop
      vertex 131.291429720819 70.79374473541975 0
      vertex 131.7964706942439 71.09645465016365 0
      vertex 146 2 0
    endloop
  endfacet
  facet normal 0 0 -1
    outer loop
      vertex 130.7591498941183 70.54199513047934 0
      vertex 131.291429720819 70.79374473541975 0
      vertex 146 2 0
    endloop
  endfacet
  facet normal 0 0 -1
    outer loop
      vertex 130.20475736260414 70.34363031387329 0
      vertex 130.7591498941183 70.54199513047934 0
      vertex 146 2 0
    endloop
  endfacet
  facet normal 0 0 -1
    outer loop
      vertex 129.6335912272334 70.20056064426899 0
      vertex 130.20475736260414 70.34363031387329 0
      vertex 146 2 0
    endloop
  endfacet
  facet normal 0 0 -1
    outer loop
      vertex 14.848528139293194 9.151471860706806 0
      vertex 129.6335912272334 70.20056064426899 0
      vertex 146 2 0
    endloop
  endfacet
  facet normal 0 0 -1
    outer loop
      vertex 14.848528139293194 9.151471860706806 0
      vertex 146 2 0
      vertex 145.96157056093216 1.6098193526268005 0
    endloop
  endfacet
  facet normal 0 0 -1
    outer loop
      vertex 14.848528139293194 9.151471860706806 0
      vertex 145.96157056093216 1.6098193526268005 0
      vertex 145.84775906801224 1.234633132815361 0
    endloop
  endfacet
  facet normal 0 0 -1
    outer loop
      vertex 14.848528139293194 9.151471860706806 0
      vertex 145.84775906801224 1.234633132815361 0
      vertex 145.66293922811747 0.8888595327734947 0
    endloop
  endfacet
  facet normal 0 0 -1
    outer loop
      vertex 14.848528139293194 9.151471860706806 0
      vertex 145.66293922811747 0.8888595327734947 0
      vertex 145.4142135605216 0.5857864394783974 0
    endloop
  endfacet
  facet normal 0 0 -1
    outer loop
      vertex 14.848528139293194 9.151471860706806 0
      vertex 145.4142135605216 0.5857864394783974 0
      vertex 145.1111404672265 0.337060771882534 0
    endloop
  endfacet
  facet normal 0 0 -1
    outer loop
      vertex 14.848528139293194 9.151471860706806 0
      vertex 145.1111404672265 0.337060771882534 0
      vertex 144.76536686718464 0.15224093198776245 0
    endloop
  endfacet
  facet normal 0 0 -1
    outer loop
      vertex 14.848528139293194 9.151471860706806 0
      vertex 144.76536686718464 0.15224093198776245 0
      vertex 144.3901806473732 0.038429439067840576 0
    endloop
  endfacet
  facet normal 0 0 -1
    outer loop
      vertex 14.848528139293194 9.151471860706806 0
      vertex 144.3901806473732 0.038429439067840576 0
      vertex 144 0 0
    endloop
  endfacet
  facet normal 0 0 -1
    outer loop
      vertex 14.761271938681602 9.072387456893921 0
      vertex 14.848528139293194 9.151471860706806 0
      vertex 144 0 0
    endloop
  endfacet
  facet normal 0 0 -1
    outer loop
      vertex 14.666684277355671 9.00223646312952 0
      vertex 14.761271938681602 9.072387456893921 0
      vertex 144 0 0
    endloop
  endfacet
  facet normal 0 0 -1
    outer loop
      vertex 14.666684277355671 9.00223646312952 0
      vertex 144 0 0
      vertex 2 0 0
    endloop
  endfacet
  facet normal 0 0 -1
    outer loop
      vertex 14.56567608565092 8.941694483160973 0
      vertex 14.666684277355671 9.00223646312952 0
      vertex 2 0 0
    endloop
  endfacet
  facet normal 0 0 -1
    outer loop
      vertex 14.459220118820667 8.89134456217289 0
      vertex 14.56567608565092 8.941694483160973 0
      vertex 2 0 0
    endloop
  endfacet
  facet normal 0 0 -1
    outer loop
      vertex 14.34834161400795 8.85167159885168 0
      vertex 14.459220118820667 8.89134456217289 0
      vertex 2 0 0
    endloop
  endfacet
  facet normal 0 0 -1
    outer loop
      vertex 14.23410838842392 8.823057666420937 0
      vertex 14.34834161400795 8.85167159885168 0
      vertex 2 0 0
    endloop
  endfacet
  facet normal 0 0 -1
    outer loop
      vertex 14.117620564997196 8.805778324604034 0
      vertex 14.23410838842392 8.823057666420937 0
      vertex 2 0 0
    endloop
  endfacet
  facet normal 0 0 -1
    outer loop
      vertex 14 8.799999997019768 0
      vertex 14.117620564997196 8.805778324604034 0
      vertex 2 0 0
    endloop
  endfacet
  facet normal 0 0 -1
    outer loop
      vertex 13.882379435002804 8.805778324604034 0
      vertex 14 8.799999997019768 0
      vertex 2 0 0
    endloop
  endfacet
  facet normal 0 0 -1
    outer loop
      vertex 13.76589161157608 8.823057666420937 0
      vertex 13.882379435002804 8.805778324604034 0
      vertex 2 0 0
    endloop
  endfacet
  facet normal 0 0 -1
    outer loop
      vertex 13.65165838599205 8.85167159885168 0
      vertex 13.76589161157608 8.823057666420937 0
      vertex 2 0 0
    endloop
  endfacet
  facet normal 0 0 -1
    outer loop
      vertex 13.540779881179333 8.89134456217289 0
      vertex 13.65165838599205 8.85167159885168 0
      vertex 2 0 0
    endloop
  endfacet
  facet normal 0 0 -1
    outer loop
      vertex 13.43432391434908 8.941694483160973 0
      vertex 13.540779881179333 8.89134456217289 0
      vertex 2 0 0
    endloop
  endfacet
  facet normal 0 0 -1
    outer loop
      vertex 13.333315722644329 9.00223646312952 0
      vertex 13.43432391434908 8.941694483160973 0
      vertex 2 0 0
    endloop
  endfacet
  facet normal 0 0 -1
    outer loop
      vertex 13.238728061318398 9.072387456893921 0
      vertex 13.333315722644329 9.00223646312952 0
      vertex 2 0 0
    endloop
  endfacet
  facet normal 0 0 -1
    outer loop
      vertex 13.151471860706806 9.151471860706806 0
      vertex 13.238728061318398 9.072387456893921 0
      vertex 2 0 0
    endloop
  endfacet
  facet normal 0 0 -1
    outer loop
      vertex 13.072387456893921 9.238728061318398 0
      vertex 13.151471860706806 9.151471860706806 0
      vertex 2 0 0
    endloop
  endfacet
  facet normal 0 0 -1
    outer loop
      vertex 13.00223646312952 9.333315722644329 0
      vertex 13.072387456893921 9.238728061318398 0
      vertex 2 0 0
    endloop
  endfacet
  facet normal 0 0 -1
    outer loop
      vertex 12.941694483160973 9.43432391434908 0
      vertex 13.00223646312952 9.333315722644329 0
      vertex 2 0 0
    endloop
  endfacet
  facet normal 0 0 -1
    outer loop
      vertex 12.89134456217289 9.540779881179333 0
      vertex 12.941694483160973 9.43432391434908 0
      vertex 2 0 0
    endloop
  endfacet
  facet normal 0 0 -1
    outer loop
      vertex 12.85167159885168 9.65165838599205 0
      vertex 12.89134456217289 9.540779881179333 0
      vertex 2 0 0
    endloop
  endfacet
  facet normal 0 0 -1
    outer loop
      vertex 12.823057666420937 9.76589161157608 0
      vertex 12.85167159885168 9.65165838599205 0
      vertex 2 0 0
    endloop
  endfacet
  facet normal 0 0 -1
    outer loop
      vertex 12.805778324604034 9.882379435002804 0
      vertex 12.823057666420937 9.76589161157608 0
      vertex 2 0 0
    endloop
  endfacet
  facet normal 0 0 -1
    outer loop
      vertex 12.805778324604034 9.882379435002804 0
      vertex 2 0 0
      vertex 1.6098193526268005 0.038429439067840576 0
    endloop
  endfacet
  facet normal 0 0 -1
    outer loop
      vertex 12.805778324604034 9.882379435002804 0
      vertex 1.6098193526268005 0.038429439067840576 0
      vertex 1.234633132815361 0.15224093198776245 0
    endloop
  endfacet
  facet normal 0 0 -1
    outer loop
      vertex 12.805778324604034 9.882379435002804 0
      vertex 1.234633132815361 0.15224093198776245 0
      vertex 0.8888595327734947 0.337060771882534 0
    endloop
  endfacet
  facet normal 0 0 -1
    outer loop
      vertex 12.805778324604034 9.882379435002804 0
      vertex 0.8888595327734947 0.337060771882534 0
      vertex 0.5857864394783974 0.5857864394783974 0
    endloop
  endfacet
  facet normal 0 0 -1
    outer loop
      vertex 12.805778324604034 9.882379435002804 0
      vertex 0.5857864394783974 0.5857864394783974 0
      vertex 0.337060771882534 0.8888595327734947 0
    endloop
  endfacet
  facet normal 0 0 -1
    outer loop
      vertex 12.805778324604034 9.882379435002804 0
      vertex 0.337060771882534 0.8888595327734947 0
      vertex 0.15224093198776245 1.234633132815361 0
    endloop
  endfacet
  facet normal 0 0 -1
    outer loop
      vertex 12.805778324604034 9.882379435002804 0
      vertex 0.15224093198776245 1.234633132815361 0
      vertex 0.038429439067840576 1.6098193526268005 0
    endloop
  endfacet
  facet normal 0 0 -1
    outer loop
      vertex 12.805778324604034 9.882379435002804 0
      vertex 0.038429439067840576 1.6098193526268005 0
      vertex 0 2 0
    endloop
  endfacet
  facet normal 0 0 -1
    outer loop
      vertex 12.805778324604034 9.882379435002804 0
      vertex 0 2 0
      vertex 0 11.656703680753708 0
    endloop
  endfacet
  facet normal 0 0 -1
    outer loop
      vertex 12.805778324604034 9.882379435002804 0
      vertex 0 11.656703680753708 0
      vertex 0.0018057972192764282 11.741673894226551 0
    endloop
  endfacet
  facet normal 0 0 -1
    outer loop
      vertex 12.805778324604034 9.882379435002804 0
      vertex 0.0018057972192764282 11.741673894226551 0
      vertex 0.007219932973384857 11.826490662992 0
    endloop
  endfacet
  facet normal 0 0 -1
    outer loop
      vertex 12.805778324604034 9.882379435002804 0
      vertex 0.007219932973384857 11.826490662992 0
      vertex 0.016232632100582123 11.911000832915306 0
    endloop
  endfacet
  facet normal 0 0 -1
    outer loop
      vertex 12.805778324604034 9.882379435002804 0
      vertex 0.016232632100582123 11.911000832915306 0
      vertex 0.028827615082263947 11.9950517937541 0
    endloop
  endfacet
  facet normal 0 0 -1
    outer loop
      vertex 12.805778324604034 9.882379435002804 0
      vertex 0.028827615082263947 11.9950517937541 0
      vertex 0.04498214274644852 12.078491762280464 0
    endloop
  endfacet
  facet normal 0 0 -1
    outer loop
      vertex 12.805778324604034 9.882379435002804 0
      vertex 0.04498214274644852 12.078491762280464 0
      vertex 0.06466703861951828 12.161170065402985 0
    endloop
  endfacet
  facet normal 0 0 -1
    outer loop
      vertex 12.805778324604034 9.882379435002804 0
      vertex 0.06466703861951828 12.161170065402985 0
      vertex 0.08784675598144531 12.242937408387661 0
    endloop
  endfacet
  facet normal 0 0 -1
    outer loop
      vertex 12.805778324604034 9.882379435002804 0
      vertex 0.08784675598144531 12.242937408387661 0
      vertex 0.1144794449210167 12.323646128177643 0
    endloop
  endfacet
  facet normal 0 0 -1
    outer loop
      vertex 12.805778324604034 9.882379435002804 0
      vertex 0.1144794449210167 12.323646128177643 0
      vertex 4.156306177377701 23.750340349972248 0
    endloop
  endfacet
  facet normal 0 0 -1
    outer loop
      vertex 12.805778324604034 9.882379435002804 0
      vertex 4.156306177377701 23.750340349972248 0
      vertex 4.287948027253151 24.001751080155373 0
    endloop
  endfacet
  facet normal 0 0 -1
    outer loop
      vertex 12.805778324604034 9.882379435002804 0
      vertex 4.287948027253151 24.001751080155373 0
      vertex 4.4849148616194725 24.20605720579624 0
    endloop
  endfacet
  facet normal 0 0 -1
    outer loop
      vertex 12.805778324604034 9.882379435002804 0
      vertex 4.4849148616194725 24.20605720579624 0
      vertex 4.73134358227253 24.346804551780224 0
    endloop
  endfacet
  facet normal 0 0 -1
    outer loop
      vertex 12.805778324604034 9.882379435002804 0
      vertex 4.73134358227253 24.346804551780224 0
      vertex 5.007387571036816 24.412657752633095 0
    endloop
  endfacet
  facet normal 0 0 -1
    outer loop
      vertex 12.805778324604034 9.882379435002804 0
      vertex 5.007387571036816 24.412657752633095 0
      vertex 5.290815092623234 24.3983132019639 0
    endloop
  endfacet
  facet normal 0 0 -1
    outer loop
      vertex 12.805778324604034 9.882379435002804 0
      vertex 5.290815092623234 24.3983132019639 0
      vertex 5.558799773454666 24.30492615699768 0
    endloop
  endfacet
  facet normal 0 0 -1
    outer loop
      vertex 12.805778324604034 9.882379435002804 0
      vertex 5.558799773454666 24.30492615699768 0
      vertex 5.7897589430212975 24.140017725527287 0
    endloop
  endfacet
  facet normal 0 0 -1
    outer loop
      vertex 5.965091861784458 23.91686912626028 0
      vertex 12.805778324604034 9.882379435002804 0
      vertex 5.7897589430212975 24.140017725527287 0
    endloop
  endfacet
endsolid OpenSCAD_Model
