solid OpenSCAD_Model
  facet normal -1 0 0
    outer loop
      vertex 0 -5 6
      vertex 0 -0.8 6
      vertex 0 -5 0
    endloop
  endfacet
  facet normal -1 0 0
    outer loop
      vertex 0 -0.8 6
      vertex 0 0.8 6
      vertex 0 -5 0
    endloop
  endfacet
  facet normal 0 0 1
    outer loop
      vertex 0 -5 6
      vertex 10 -0.8 6
      vertex 0 -0.8 6
    endloop
  endfacet
  facet normal 0 0 1
    outer loop
      vertex 0 -5 6
      vertex 10 -2 6
      vertex 10 -0.8 6
    endloop
  endfacet
  facet normal 0 -1 0
    outer loop
      vertex 0 -5 0
      vertex 84 -5 0
      vertex 0 -5 6
    endloop
  endfacet
  facet normal 0 0 1
    outer loop
      vertex 0 -5 6
      vertex 84 -5 6
      vertex 10 -2 6
    endloop
  endfacet
  facet normal -1 0 0
    outer loop
      vertex 0 -5 0
      vertex 0 5 6
      vertex 0 5 0
    endloop
  endfacet
  facet normal -1 0 0
    outer loop
      vertex 0 -5 0
      vertex 0 0.8 6
      vertex 0 5 6
    endloop
  endfacet
  facet normal 0 0 1
    outer loop
      vertex 10 2 6
      vertex 0 5 6
      vertex 0 0.8 6
    endloop
  endfacet
  facet normal 0 0 1
    outer loop
      vertex 10 2 6
      vertex 0 0.8 6
      vertex 10 0.8 6
    endloop
  endfacet
  facet normal 0 0 -1
    outer loop
      vertex 0 -5 0
      vertex 0 5 0
      vertex 84 5 0
    endloop
  endfacet
  facet normal 0 0 1
    outer loop
      vertex 10 2 6
      vertex 84 2.2 6
      vertex 0 5 6
    endloop
  endfacet
  facet normal 0 1 0
    outer loop
      vertex 0 5 0
      vertex 0 5 6
      vertex 84 5 6
    endloop
  endfacet
  facet normal 0 0 -1
    outer loop
      vertex 0 -5 0
      vertex 84 5 0
      vertex 84 -5 0
    endloop
  endfacet
  facet normal 0 -1 0
    outer loop
      vertex 0 -5 6
      vertex 84 -5 0
      vertex 84 -5 6
    endloop
  endfacet
  facet normal 0 0 1
    outer loop
      vertex 10 -2 6
      vertex 84 -5 6
      vertex 84 -4.775 6
    endloop
  endfacet
  facet normal 0 0 1
    outer loop
      vertex 10 -2 6
      vertex 84 -4.775 6
      vertex 84 -2 6
    endloop
  endfacet
  facet normal 0 1 0
    outer loop
      vertex 0 5 0
      vertex 84 5 6
      vertex 84 5 0
    endloop
  endfacet
  facet normal 0 0 1
    outer loop
      vertex 10 2 6
      vertex 84 2 6
      vertex 84 2.2 6
    endloop
  endfacet
  facet normal 0 0 1
    outer loop
      vertex 0 5 6
      vertex 84 2.2 6
      vertex 84 5 6
    endloop
  endfacet
  facet normal 1 0 0
    outer loop
      vertex 10 -2 3.5
      vertex 10 -0.8 5.99
      vertex 10 -2 6
    endloop
  endfacet
  facet normal 1 0 0
    outer loop
      vertex 10 -2 3.5
      vertex 10 0.8 5.99
      vertex 10 -0.8 5.99
    endloop
  endfacet
  facet normal 1 0 0
    outer loop
      vertex 10 -2 6
      vertex 10 -0.8 5.99
      vertex 10 -0.8 6
    endloop
  endfacet
  facet normal 0 0 1
    outer loop
      vertex 10 -2 3.5
      vertex 84 -2 3.5
      vertex 10 2 3.5
    endloop
  endfacet
  facet normal 0 1 0
    outer loop
      vertex 10 -2 3.5
      vertex 10 -2 6
      vertex 84 -2 6
    endloop
  endfacet
  facet normal 1 0 0
    outer loop
      vertex 10 -2 3.5
      vertex 10 2 3.5
      vertex 10 2 6
    endloop
  endfacet
  facet normal 1 0 0
    outer loop
      vertex 10 -2 3.5
      vertex 10 2 6
      vertex 10 0.8 5.99
    endloop
  endfacet
  facet normal 1 0 0
    outer loop
      vertex 10 2 6
      vertex 10 0.8 6
      vertex 10 0.8 5.99
    endloop
  endfacet
  facet normal 0 -1 0
    outer loop
      vertex 10 2 3.5
      vertex 84 2 3.5
      vertex 10 2 6
    endloop
  endfacet
  facet normal 0 1 0
    outer loop
      vertex 10 -2 3.5
      vertex 84 -2 6
      vertex 84 -2 3.5
    endloop
  endfacet
  facet normal 0 0 1
    outer loop
      vertex 10 2 3.5
      vertex 84 -2 3.5
      vertex 84 2 3.5
    endloop
  endfacet
  facet normal 0 -1 0
    outer loop
      vertex 10 2 6
      vertex 84 2 3.5
      vertex 84 2 6
    endloop
  endfacet
  facet normal -0.44228869021902695 -0.8968727415326756 0
    outer loop
      vertex 100.41 -8.699804838824466 9
      vertex 100.41 -8.699804838824466 10.75
      vertex 100.26 -8.62583302491977 9
    endloop
  endfacet
  facet normal -0.5555702330195753 -0.8314696123025632 8.675938932157755e-19
    outer loop
      vertex 100.11861014228866 -8.531359342378606 9
      vertex 100.26 -8.62583302491977 9
      vertex 100.26 -8.62583302491977 10.75
    endloop
  endfacet
  facet normal -0.6593458151000646 -0.7518398074789812 0
    outer loop
      vertex 100.11861014228866 -8.531359342378606 9
      vertex 100.11861014228866 -8.531359342378606 10.75
      vertex 99.99076118445748 -8.419238815542512 9
    endloop
  endfacet
  facet normal -0.7518398074789766 -0.6593458151000698 -5.669999507303878e-19
    outer loop
      vertex 99.99076118445748 -8.419238815542512 9
      vertex 99.87864065762139 -8.291389857711337 10.75
      vertex 99.87864065762139 -8.291389857711337 9
    endloop
  endfacet
  facet normal -0.8314696123025471 -0.5555702330195994 0
    outer loop
      vertex 99.78416697508023 -8.15 9
      vertex 99.87864065762139 -8.291389857711337 9
      vertex 99.78416697508023 -8.15 10.75
    endloop
  endfacet
  facet normal 0.44228869021899325 -0.8968727415326921 -1.2396834840631886e-18
    outer loop
      vertex 101.41 -8.699804838824466 9
      vertex 101.56 -8.62583302491977 9
      vertex 101.56 -8.62583302491977 10.75
    endloop
  endfacet
  facet normal 0.555570233019614 -0.8314696123025375 -4.502552455468616e-19
    outer loop
      vertex 101.56 -8.62583302491977 9
      vertex 101.70138985771133 -8.531359342378606 9
      vertex 101.70138985771133 -8.531359342378606 10.75
    endloop
  endfacet
  facet normal 0.6593458151000646 -0.7518398074789812 -5.323024084264702e-19
    outer loop
      vertex 101.70138985771133 -8.531359342378606 9
      vertex 101.82923881554251 -8.419238815542512 9
      vertex 101.82923881554251 -8.419238815542512 10.75
    endloop
  endfacet
  facet normal 0.7518398074789766 -0.6593458151000698 0
    outer loop
      vertex 101.82923881554251 -8.419238815542512 9
      vertex 101.9413593423786 -8.291389857711337 9
      vertex 101.82923881554251 -8.419238815542512 10.75
    endloop
  endfacet
  facet normal 0.8314696123025471 -0.5555702330195994 0
    outer loop
      vertex 101.9413593423786 -8.291389857711337 9
      vertex 102.03583302491977 -8.15 9
      vertex 101.9413593423786 -8.291389857711337 10.75
    endloop
  endfacet
  facet normal -0.5555702330195753 -0.8314696123025632 0
    outer loop
      vertex 100.11861014228866 -8.531359342378606 9
      vertex 100.26 -8.62583302491977 10.75
      vertex 100.11861014228866 -8.531359342378606 10.75
    endloop
  endfacet
  facet normal -0.44228869021902695 -0.8968727415326756 0
    outer loop
      vertex 100.26 -8.62583302491977 9
      vertex 100.41 -8.699804838824466 10.75
      vertex 100.26 -8.62583302491977 10.75
    endloop
  endfacet
  facet normal -0.6593458151000646 -0.7518398074789812 0
    outer loop
      vertex 99.99076118445748 -8.419238815542512 9
      vertex 100.11861014228866 -8.531359342378606 10.75
      vertex 99.99076118445748 -8.419238815542512 10.75
    endloop
  endfacet
  facet normal -0.7518398074789766 -0.6593458151000698 0
    outer loop
      vertex 99.99076118445748 -8.419238815542512 9
      vertex 99.99076118445748 -8.419238815542512 10.75
      vertex 99.87864065762139 -8.291389857711337 10.75
    endloop
  endfacet
  facet normal -0.8314696123025471 -0.5555702330195994 0
    outer loop
      vertex 99.87864065762139 -8.291389857711337 9
      vertex 99.87864065762139 -8.291389857711337 10.75
      vertex 99.78416697508023 -8.15 10.75
    endloop
  endfacet
  facet normal 0.44228869021899325 -0.8968727415326921 0
    outer loop
      vertex 101.41 -8.699804838824466 9
      vertex 101.56 -8.62583302491977 10.75
      vertex 101.41 -8.699804838824466 10.75
    endloop
  endfacet
  facet normal 0.555570233019614 -0.8314696123025375 0
    outer loop
      vertex 101.56 -8.62583302491977 9
      vertex 101.70138985771133 -8.531359342378606 10.75
      vertex 101.56 -8.62583302491977 10.75
    endloop
  endfacet
  facet normal 0.6593458151000646 -0.7518398074789812 0
    outer loop
      vertex 101.70138985771133 -8.531359342378606 9
      vertex 101.82923881554251 -8.419238815542512 10.75
      vertex 101.70138985771133 -8.531359342378606 10.75
    endloop
  endfacet
  facet normal 0.7518398074789766 -0.6593458151000698 0
    outer loop
      vertex 101.9413593423786 -8.291389857711337 9
      vertex 101.9413593423786 -8.291389857711337 10.75
      vertex 101.82923881554251 -8.419238815542512 10.75
    endloop
  endfacet
  facet normal 0.8314696123025471 -0.5555702330195994 0
    outer loop
      vertex 102.03583302491977 -8.15 9
      vertex 102.03583302491977 -8.15 10.75
      vertex 101.9413593423786 -8.291389857711337 10.75
    endloop
  endfacet
  facet normal -0.8968727415327084 -0.44228869021896094 -3.0258159464249916e-19
    outer loop
      vertex 99.78416697508023 -8.15 9
      vertex 99.70895660773533 -7.9974884620746165 10.75
      vertex 99.70895660773533 -7.9974884620746165 9
    endloop
  endfacet
  facet normal -0.9469301294951032 -0.3214394653031687 -7.012384532526285e-19
    outer loop
      vertex 99.70895660773533 -7.9974884620746165 9
      vertex 99.65429642582421 -7.8364647586332765 10.75
      vertex 99.65429642582421 -7.8364647586332765 9
    endloop
  endfacet
  facet normal -0.9807852804032267 -0.19509032201614754 1.2624573935385113e-18
    outer loop
      vertex 99.65429642582421 -7.8364647586332765 9
      vertex 99.62112168021405 -7.669684049886067 10.75
      vertex 99.62112168021405 -7.669684049886067 9
    endloop
  endfacet
  facet normal -0.9978589232386037 -0.06540312923014117 -3.309388416178877e-19
    outer loop
      vertex 99.62112168021405 -7.669684049886067 9
      vertex 99.61 -7.5 10.75
      vertex 99.61 -7.5 9
    endloop
  endfacet
  facet normal -0.9978589232386037 0.06540312923014117 3.309388416178877e-19
    outer loop
      vertex 99.61 -7.5 9
      vertex 99.62112168021405 -7.330315950113933 10.75
      vertex 99.62112168021405 -7.330315950113933 9
    endloop
  endfacet
  facet normal 0.896872741532675 -0.4422886902190281 0
    outer loop
      vertex 102.03583302491977 -8.15 9
      vertex 102.11104339226468 -7.9974884620746165 9
      vertex 102.03583302491977 -8.15 10.75
    endloop
  endfacet
  facet normal 0.9469301294951032 -0.3214394653031687 0
    outer loop
      vertex 102.11104339226468 -7.9974884620746165 9
      vertex 102.1657035741758 -7.8364647586332765 9
      vertex 102.11104339226468 -7.9974884620746165 10.75
    endloop
  endfacet
  facet normal 0.9807852804032425 -0.19509032201606713 0
    outer loop
      vertex 102.1657035741758 -7.8364647586332765 9
      vertex 102.19887831978595 -7.669684049886067 9
      vertex 102.1657035741758 -7.8364647586332765 10.75
    endloop
  endfacet
  facet normal 0.9978589232385982 -0.06540312923022437 0
    outer loop
      vertex 102.19887831978595 -7.669684049886067 9
      vertex 102.21000000000001 -7.5 9
      vertex 102.19887831978595 -7.669684049886067 10.75
    endloop
  endfacet
  facet normal 0.9978589232385982 0.06540312923022437 0
    outer loop
      vertex 102.21000000000001 -7.5 9
      vertex 102.19887831978595 -7.330315950113933 9
      vertex 102.21000000000001 -7.5 10.75
    endloop
  endfacet
  facet normal -0.9807852804032267 0.19509032201614754 -1.2624573935385113e-18
    outer loop
      vertex 99.62112168021405 -7.330315950113933 9
      vertex 99.65429642582421 -7.1635352413667235 10.75
      vertex 99.65429642582421 -7.1635352413667235 9
    endloop
  endfacet
  facet normal -0.9469301294951032 0.3214394653031687 7.012384532526285e-19
    outer loop
      vertex 99.65429642582421 -7.1635352413667235 9
      vertex 99.70895660773533 -7.0025115379253835 10.75
      vertex 99.70895660773533 -7.0025115379253835 9
    endloop
  endfacet
  facet normal -0.8968727415327084 0.44228869021896094 3.0258159464249916e-19
    outer loop
      vertex 99.70895660773533 -7.0025115379253835 9
      vertex 99.78416697508023 -6.85 10.75
      vertex 99.78416697508023 -6.85 9
    endloop
  endfacet
  facet normal -0.8314696123025471 0.5555702330195994 8.505809321505394e-19
    outer loop
      vertex 99.78416697508023 -6.85 9
      vertex 99.87864065762139 -6.708610142288663 10.75
      vertex 99.87864065762139 -6.708610142288663 9
    endloop
  endfacet
  facet normal -0.7518398074789766 0.6593458151000698 5.669999507303878e-19
    outer loop
      vertex 99.87864065762139 -6.708610142288663 9
      vertex 99.99076118445748 -6.580761184457488 10.75
      vertex 99.99076118445748 -6.580761184457488 9
    endloop
  endfacet
  facet normal -0.6593458151000646 0.7518398074789812 0
    outer loop
      vertex 99.99076118445748 -6.580761184457488 9
      vertex 99.99076118445748 -6.580761184457488 10.75
      vertex 100.11861014228866 -6.468640657621394 9
    endloop
  endfacet
  facet normal 0.9807852804032425 0.19509032201606713 0
    outer loop
      vertex 102.19887831978595 -7.330315950113933 9
      vertex 102.1657035741758 -7.1635352413667235 9
      vertex 102.19887831978595 -7.330315950113933 10.75
    endloop
  endfacet
  facet normal 0.9469301294951032 0.3214394653031687 0
    outer loop
      vertex 102.1657035741758 -7.1635352413667235 9
      vertex 102.11104339226468 -7.0025115379253835 9
      vertex 102.1657035741758 -7.1635352413667235 10.75
    endloop
  endfacet
  facet normal 0.896872741532675 0.4422886902190281 0
    outer loop
      vertex 102.11104339226468 -7.0025115379253835 9
      vertex 102.03583302491977 -6.85 9
      vertex 102.11104339226468 -7.0025115379253835 10.75
    endloop
  endfacet
  facet normal 0.6593458151000646 0.7518398074789812 5.323024084264702e-19
    outer loop
      vertex 101.82923881554251 -6.580761184457488 9
      vertex 101.70138985771133 -6.468640657621394 9
      vertex 101.70138985771133 -6.468640657621394 10.75
    endloop
  endfacet
  facet normal 0.8314696123025471 0.5555702330195994 0
    outer loop
      vertex 102.03583302491977 -6.85 9
      vertex 101.9413593423786 -6.708610142288663 9
      vertex 102.03583302491977 -6.85 10.75
    endloop
  endfacet
  facet normal 0.7518398074789766 0.6593458151000698 -5.669999507303878e-19
    outer loop
      vertex 101.82923881554251 -6.580761184457488 9
      vertex 101.9413593423786 -6.708610142288663 10.75
      vertex 101.9413593423786 -6.708610142288663 9
    endloop
  endfacet
  facet normal -0.8968727415327084 -0.44228869021896094 0
    outer loop
      vertex 99.78416697508023 -8.15 9
      vertex 99.78416697508023 -8.15 10.75
      vertex 99.70895660773533 -7.9974884620746165 10.75
    endloop
  endfacet
  facet normal -0.9469301294951032 -0.3214394653031687 0
    outer loop
      vertex 99.70895660773533 -7.9974884620746165 9
      vertex 99.70895660773533 -7.9974884620746165 10.75
      vertex 99.65429642582421 -7.8364647586332765 10.75
    endloop
  endfacet
  facet normal -0.9807852804032267 -0.19509032201614754 0
    outer loop
      vertex 99.65429642582421 -7.8364647586332765 9
      vertex 99.65429642582421 -7.8364647586332765 10.75
      vertex 99.62112168021405 -7.669684049886067 10.75
    endloop
  endfacet
  facet normal -0.9978589232386037 -0.06540312923014117 0
    outer loop
      vertex 99.62112168021405 -7.669684049886067 9
      vertex 99.62112168021405 -7.669684049886067 10.75
      vertex 99.61 -7.5 10.75
    endloop
  endfacet
  facet normal -0.9978589232386037 0.06540312923014117 0
    outer loop
      vertex 99.61 -7.5 9
      vertex 99.61 -7.5 10.75
      vertex 99.62112168021405 -7.330315950113933 10.75
    endloop
  endfacet
  facet normal 0.896872741532675 -0.4422886902190281 0
    outer loop
      vertex 102.11104339226468 -7.9974884620746165 9
      vertex 102.11104339226468 -7.9974884620746165 10.75
      vertex 102.03583302491977 -8.15 10.75
    endloop
  endfacet
  facet normal 0.9469301294951032 -0.3214394653031687 0
    outer loop
      vertex 102.1657035741758 -7.8364647586332765 9
      vertex 102.1657035741758 -7.8364647586332765 10.75
      vertex 102.11104339226468 -7.9974884620746165 10.75
    endloop
  endfacet
  facet normal 0.9807852804032425 -0.19509032201606713 0
    outer loop
      vertex 102.19887831978595 -7.669684049886067 9
      vertex 102.19887831978595 -7.669684049886067 10.75
      vertex 102.1657035741758 -7.8364647586332765 10.75
    endloop
  endfacet
  facet normal 0.9978589232385982 -0.06540312923022437 0
    outer loop
      vertex 102.21000000000001 -7.5 9
      vertex 102.21000000000001 -7.5 10.75
      vertex 102.19887831978595 -7.669684049886067 10.75
    endloop
  endfacet
  facet normal 0.9978589232385982 0.06540312923022437 0
    outer loop
      vertex 102.19887831978595 -7.330315950113933 9
      vertex 102.19887831978595 -7.330315950113933 10.75
      vertex 102.21000000000001 -7.5 10.75
    endloop
  endfacet
  facet normal -0.9807852804032267 0.19509032201614754 0
    outer loop
      vertex 99.62112168021405 -7.330315950113933 9
      vertex 99.62112168021405 -7.330315950113933 10.75
      vertex 99.65429642582421 -7.1635352413667235 10.75
    endloop
  endfacet
  facet normal -0.9469301294951032 0.3214394653031687 0
    outer loop
      vertex 99.65429642582421 -7.1635352413667235 9
      vertex 99.65429642582421 -7.1635352413667235 10.75
      vertex 99.70895660773533 -7.0025115379253835 10.75
    endloop
  endfacet
  facet normal -0.8968727415327084 0.44228869021896094 0
    outer loop
      vertex 99.70895660773533 -7.0025115379253835 9
      vertex 99.70895660773533 -7.0025115379253835 10.75
      vertex 99.78416697508023 -6.85 10.75
    endloop
  endfacet
  facet normal -0.8314696123025471 0.5555702330195994 0
    outer loop
      vertex 99.78416697508023 -6.85 9
      vertex 99.78416697508023 -6.85 10.75
      vertex 99.87864065762139 -6.708610142288663 10.75
    endloop
  endfacet
  facet normal -0.7518398074789766 0.6593458151000698 0
    outer loop
      vertex 99.87864065762139 -6.708610142288663 9
      vertex 99.87864065762139 -6.708610142288663 10.75
      vertex 99.99076118445748 -6.580761184457488 10.75
    endloop
  endfacet
  facet normal -0.6593458151000646 0.7518398074789812 -5.323024084264702e-19
    outer loop
      vertex 99.99076118445748 -6.580761184457488 10.75
      vertex 100.11861014228866 -6.468640657621394 10.75
      vertex 100.11861014228866 -6.468640657621394 9
    endloop
  endfacet
  facet normal 0.9807852804032425 0.19509032201606713 0
    outer loop
      vertex 102.1657035741758 -7.1635352413667235 9
      vertex 102.1657035741758 -7.1635352413667235 10.75
      vertex 102.19887831978595 -7.330315950113933 10.75
    endloop
  endfacet
  facet normal 0.9469301294951032 0.3214394653031687 0
    outer loop
      vertex 102.11104339226468 -7.0025115379253835 9
      vertex 102.11104339226468 -7.0025115379253835 10.75
      vertex 102.1657035741758 -7.1635352413667235 10.75
    endloop
  endfacet
  facet normal 0.6593458151000646 0.7518398074789812 0
    outer loop
      vertex 101.82923881554251 -6.580761184457488 9
      vertex 101.70138985771133 -6.468640657621394 10.75
      vertex 101.82923881554251 -6.580761184457488 10.75
    endloop
  endfacet
  facet normal 0.896872741532675 0.4422886902190281 0
    outer loop
      vertex 102.03583302491977 -6.85 9
      vertex 102.03583302491977 -6.85 10.75
      vertex 102.11104339226468 -7.0025115379253835 10.75
    endloop
  endfacet
  facet normal 0.8314696123025471 0.5555702330195994 0
    outer loop
      vertex 101.9413593423786 -6.708610142288663 9
      vertex 101.9413593423786 -6.708610142288663 10.75
      vertex 102.03583302491977 -6.85 10.75
    endloop
  endfacet
  facet normal 0.7518398074789766 0.6593458151000698 0
    outer loop
      vertex 101.82923881554251 -6.580761184457488 9
      vertex 101.82923881554251 -6.580761184457488 10.75
      vertex 101.9413593423786 -6.708610142288663 10.75
    endloop
  endfacet
  facet normal -0.555570233019579 0.8314696123025609 0
    outer loop
      vertex 100.11861014228866 -6.468640657621394 9
      vertex 100.11861014228866 -6.468640657621394 10.75
      vertex 100.26 -6.37416697508023 9
    endloop
  endfacet
  facet normal -0.44228869021902273 0.8968727415326778 0
    outer loop
      vertex 100.26 -6.37416697508023 9
      vertex 100.26 -6.37416697508023 10.75
      vertex 100.41 -6.300195161175534 9
    endloop
  endfacet
  facet normal 0.5555702330196175 0.831469612302535 -1.832560934228053e-18
    outer loop
      vertex 101.70138985771133 -6.468640657621394 9
      vertex 101.56 -6.37416697508023 9
      vertex 101.56 -6.37416697508023 10.75
    endloop
  endfacet
  facet normal 0.44228869021898903 0.8968727415326944 0
    outer loop
      vertex 101.41 -6.300195161175534 9
      vertex 101.41 -6.300195161175534 10.75
      vertex 101.56 -6.37416697508023 9
    endloop
  endfacet
  facet normal -0.555570233019579 0.8314696123025609 0
    outer loop
      vertex 100.26 -6.37416697508023 9
      vertex 100.11861014228866 -6.468640657621394 10.75
      vertex 100.26 -6.37416697508023 10.75
    endloop
  endfacet
  facet normal -0.44228869021902273 0.8968727415326778 0
    outer loop
      vertex 100.41 -6.300195161175534 9
      vertex 100.26 -6.37416697508023 10.75
      vertex 100.41 -6.300195161175534 10.75
    endloop
  endfacet
  facet normal 0.5555702330196175 0.831469612302535 0
    outer loop
      vertex 101.70138985771133 -6.468640657621394 9
      vertex 101.56 -6.37416697508023 10.75
      vertex 101.70138985771133 -6.468640657621394 10.75
    endloop
  endfacet
  facet normal 0.44228869021898903 0.8968727415326944 0
    outer loop
      vertex 101.56 -6.37416697508023 9
      vertex 101.41 -6.300195161175534 10.75
      vertex 101.56 -6.37416697508023 10.75
    endloop
  endfacet
  facet normal -0.44228869021902273 -0.8968727415326778 0
    outer loop
      vertex 100.41 6.300195161175534 9
      vertex 100.41 6.300195161175534 10.75
      vertex 100.26 6.37416697508023 9
    endloop
  endfacet
  facet normal -0.555570233019579 -0.8314696123025609 -1.4152222866013958e-18
    outer loop
      vertex 100.11861014228866 6.468640657621394 9
      vertex 100.26 6.37416697508023 9
      vertex 100.26 6.37416697508023 10.75
    endloop
  endfacet
  facet normal 0.44228869021898903 -0.8968727415326944 -5.429209383252884e-20
    outer loop
      vertex 101.41 6.300195161175534 9
      vertex 101.56 6.37416697508023 9
      vertex 101.56 6.37416697508023 10.75
    endloop
  endfacet
  facet normal 0.5555702330196175 -0.831469612302535 1.832560934228053e-18
    outer loop
      vertex 101.56 6.37416697508023 9
      vertex 101.70138985771133 6.468640657621394 9
      vertex 101.70138985771133 6.468640657621394 10.75
    endloop
  endfacet
  facet normal -0.555570233019579 -0.8314696123025609 0
    outer loop
      vertex 100.11861014228866 6.468640657621394 9
      vertex 100.26 6.37416697508023 10.75
      vertex 100.11861014228866 6.468640657621394 10.75
    endloop
  endfacet
  facet normal -0.44228869021902273 -0.8968727415326778 0
    outer loop
      vertex 100.26 6.37416697508023 9
      vertex 100.41 6.300195161175534 10.75
      vertex 100.26 6.37416697508023 10.75
    endloop
  endfacet
  facet normal 0.44228869021898903 -0.8968727415326944 0
    outer loop
      vertex 101.41 6.300195161175534 9
      vertex 101.56 6.37416697508023 10.75
      vertex 101.41 6.300195161175534 10.75
    endloop
  endfacet
  facet normal 0.5555702330196175 -0.831469612302535 0
    outer loop
      vertex 101.56 6.37416697508023 9
      vertex 101.70138985771133 6.468640657621394 10.75
      vertex 101.56 6.37416697508023 10.75
    endloop
  endfacet
  facet normal -0.6593458151000646 -0.7518398074789812 0
    outer loop
      vertex 100.11861014228866 6.468640657621394 9
      vertex 100.11861014228866 6.468640657621394 10.75
      vertex 99.99076118445748 6.580761184457488 9
    endloop
  endfacet
  facet normal -0.7518398074789766 -0.6593458151000698 -5.669999507303878e-19
    outer loop
      vertex 99.99076118445748 6.580761184457488 9
      vertex 99.87864065762139 6.708610142288663 10.75
      vertex 99.87864065762139 6.708610142288663 9
    endloop
  endfacet
  facet normal -0.8314696123025471 -0.5555702330195994 0
    outer loop
      vertex 99.78416697508023 6.85 9
      vertex 99.87864065762139 6.708610142288663 9
      vertex 99.78416697508023 6.85 10.75
    endloop
  endfacet
  facet normal -0.8968727415327084 -0.44228869021896094 -3.0258159464249916e-19
    outer loop
      vertex 99.78416697508023 6.85 9
      vertex 99.70895660773533 7.0025115379253835 10.75
      vertex 99.70895660773533 7.0025115379253835 9
    endloop
  endfacet
  facet normal -0.9469301294951032 -0.3214394653031687 -7.012384532526285e-19
    outer loop
      vertex 99.70895660773533 7.0025115379253835 9
      vertex 99.65429642582421 7.1635352413667235 10.75
      vertex 99.65429642582421 7.1635352413667235 9
    endloop
  endfacet
  facet normal -0.9807852804032267 -0.19509032201614754 1.2624573935385113e-18
    outer loop
      vertex 99.65429642582421 7.1635352413667235 9
      vertex 99.62112168021405 7.330315950113933 10.75
      vertex 99.62112168021405 7.330315950113933 9
    endloop
  endfacet
  facet normal 0.6593458151000646 -0.7518398074789812 -5.323024084264702e-19
    outer loop
      vertex 101.70138985771133 6.468640657621394 9
      vertex 101.82923881554251 6.580761184457488 9
      vertex 101.82923881554251 6.580761184457488 10.75
    endloop
  endfacet
  facet normal 0.7518398074789766 -0.6593458151000698 0
    outer loop
      vertex 101.82923881554251 6.580761184457488 9
      vertex 101.9413593423786 6.708610142288663 9
      vertex 101.82923881554251 6.580761184457488 10.75
    endloop
  endfacet
  facet normal 0.8314696123025471 -0.5555702330195994 0
    outer loop
      vertex 101.9413593423786 6.708610142288663 9
      vertex 102.03583302491977 6.85 9
      vertex 101.9413593423786 6.708610142288663 10.75
    endloop
  endfacet
  facet normal 0.896872741532675 -0.4422886902190281 0
    outer loop
      vertex 102.03583302491977 6.85 9
      vertex 102.11104339226468 7.0025115379253835 9
      vertex 102.03583302491977 6.85 10.75
    endloop
  endfacet
  facet normal 0.9469301294951032 -0.3214394653031687 0
    outer loop
      vertex 102.11104339226468 7.0025115379253835 9
      vertex 102.1657035741758 7.1635352413667235 9
      vertex 102.11104339226468 7.0025115379253835 10.75
    endloop
  endfacet
  facet normal 0.9807852804032425 -0.19509032201606713 0
    outer loop
      vertex 102.1657035741758 7.1635352413667235 9
      vertex 102.19887831978595 7.330315950113933 9
      vertex 102.1657035741758 7.1635352413667235 10.75
    endloop
  endfacet
  facet normal -0.9978589232386037 -0.06540312923014117 -3.309388416178877e-19
    outer loop
      vertex 99.62112168021405 7.330315950113933 9
      vertex 99.61 7.5 10.75
      vertex 99.61 7.5 9
    endloop
  endfacet
  facet normal -0.9978589232386037 0.06540312923014117 3.309388416178877e-19
    outer loop
      vertex 99.61 7.5 9
      vertex 99.62112168021405 7.669684049886067 10.75
      vertex 99.62112168021405 7.669684049886067 9
    endloop
  endfacet
  facet normal -0.9807852804032267 0.19509032201614754 -1.2624573935385113e-18
    outer loop
      vertex 99.62112168021405 7.669684049886067 9
      vertex 99.65429642582421 7.8364647586332765 10.75
      vertex 99.65429642582421 7.8364647586332765 9
    endloop
  endfacet
  facet normal -0.9469301294951032 0.3214394653031687 7.012384532526285e-19
    outer loop
      vertex 99.65429642582421 7.8364647586332765 9
      vertex 99.70895660773533 7.9974884620746165 10.75
      vertex 99.70895660773533 7.9974884620746165 9
    endloop
  endfacet
  facet normal -0.8968727415327084 0.44228869021896094 3.0258159464249916e-19
    outer loop
      vertex 99.70895660773533 7.9974884620746165 9
      vertex 99.78416697508023 8.15 10.75
      vertex 99.78416697508023 8.15 9
    endloop
  endfacet
  facet normal 0.9978589232385982 -0.06540312923022437 0
    outer loop
      vertex 102.19887831978595 7.330315950113933 9
      vertex 102.21000000000001 7.5 9
      vertex 102.19887831978595 7.330315950113933 10.75
    endloop
  endfacet
  facet normal 0.9978589232385982 0.06540312923022437 0
    outer loop
      vertex 102.21000000000001 7.5 9
      vertex 102.19887831978595 7.669684049886067 9
      vertex 102.21000000000001 7.5 10.75
    endloop
  endfacet
  facet normal 0.9807852804032425 0.19509032201606713 0
    outer loop
      vertex 102.19887831978595 7.669684049886067 9
      vertex 102.1657035741758 7.8364647586332765 9
      vertex 102.19887831978595 7.669684049886067 10.75
    endloop
  endfacet
  facet normal 0.9469301294951032 0.3214394653031687 0
    outer loop
      vertex 102.1657035741758 7.8364647586332765 9
      vertex 102.11104339226468 7.9974884620746165 9
      vertex 102.1657035741758 7.8364647586332765 10.75
    endloop
  endfacet
  facet normal 0.896872741532675 0.4422886902190281 0
    outer loop
      vertex 102.11104339226468 7.9974884620746165 9
      vertex 102.03583302491977 8.15 9
      vertex 102.11104339226468 7.9974884620746165 10.75
    endloop
  endfacet
  facet normal -0.6593458151000646 -0.7518398074789812 5.323024084264702e-19
    outer loop
      vertex 100.11861014228866 6.468640657621394 10.75
      vertex 99.99076118445748 6.580761184457488 10.75
      vertex 99.99076118445748 6.580761184457488 9
    endloop
  endfacet
  facet normal -0.7518398074789766 -0.6593458151000698 0
    outer loop
      vertex 99.99076118445748 6.580761184457488 9
      vertex 99.99076118445748 6.580761184457488 10.75
      vertex 99.87864065762139 6.708610142288663 10.75
    endloop
  endfacet
  facet normal -0.8968727415327084 -0.44228869021896094 0
    outer loop
      vertex 99.78416697508023 6.85 9
      vertex 99.78416697508023 6.85 10.75
      vertex 99.70895660773533 7.0025115379253835 10.75
    endloop
  endfacet
  facet normal -0.8314696123025471 -0.5555702330195994 0
    outer loop
      vertex 99.87864065762139 6.708610142288663 9
      vertex 99.87864065762139 6.708610142288663 10.75
      vertex 99.78416697508023 6.85 10.75
    endloop
  endfacet
  facet normal -0.9469301294951032 -0.3214394653031687 0
    outer loop
      vertex 99.70895660773533 7.0025115379253835 9
      vertex 99.70895660773533 7.0025115379253835 10.75
      vertex 99.65429642582421 7.1635352413667235 10.75
    endloop
  endfacet
  facet normal -0.9807852804032267 -0.19509032201614754 0
    outer loop
      vertex 99.65429642582421 7.1635352413667235 9
      vertex 99.65429642582421 7.1635352413667235 10.75
      vertex 99.62112168021405 7.330315950113933 10.75
    endloop
  endfacet
  facet normal 0.6593458151000646 -0.7518398074789812 0
    outer loop
      vertex 101.70138985771133 6.468640657621394 9
      vertex 101.82923881554251 6.580761184457488 10.75
      vertex 101.70138985771133 6.468640657621394 10.75
    endloop
  endfacet
  facet normal 0.7518398074789766 -0.6593458151000698 0
    outer loop
      vertex 101.9413593423786 6.708610142288663 9
      vertex 101.9413593423786 6.708610142288663 10.75
      vertex 101.82923881554251 6.580761184457488 10.75
    endloop
  endfacet
  facet normal 0.8314696123025471 -0.5555702330195994 0
    outer loop
      vertex 102.03583302491977 6.85 9
      vertex 102.03583302491977 6.85 10.75
      vertex 101.9413593423786 6.708610142288663 10.75
    endloop
  endfacet
  facet normal 0.896872741532675 -0.4422886902190281 0
    outer loop
      vertex 102.11104339226468 7.0025115379253835 9
      vertex 102.11104339226468 7.0025115379253835 10.75
      vertex 102.03583302491977 6.85 10.75
    endloop
  endfacet
  facet normal 0.9469301294951032 -0.3214394653031687 0
    outer loop
      vertex 102.1657035741758 7.1635352413667235 9
      vertex 102.1657035741758 7.1635352413667235 10.75
      vertex 102.11104339226468 7.0025115379253835 10.75
    endloop
  endfacet
  facet normal 0.9807852804032425 -0.19509032201606713 0
    outer loop
      vertex 102.19887831978595 7.330315950113933 9
      vertex 102.19887831978595 7.330315950113933 10.75
      vertex 102.1657035741758 7.1635352413667235 10.75
    endloop
  endfacet
  facet normal -0.9978589232386037 -0.06540312923014117 0
    outer loop
      vertex 99.62112168021405 7.330315950113933 9
      vertex 99.62112168021405 7.330315950113933 10.75
      vertex 99.61 7.5 10.75
    endloop
  endfacet
  facet normal -0.9978589232386037 0.06540312923014117 0
    outer loop
      vertex 99.61 7.5 9
      vertex 99.61 7.5 10.75
      vertex 99.62112168021405 7.669684049886067 10.75
    endloop
  endfacet
  facet normal -0.9807852804032267 0.19509032201614754 0
    outer loop
      vertex 99.62112168021405 7.669684049886067 9
      vertex 99.62112168021405 7.669684049886067 10.75
      vertex 99.65429642582421 7.8364647586332765 10.75
    endloop
  endfacet
  facet normal -0.9469301294951032 0.3214394653031687 0
    outer loop
      vertex 99.65429642582421 7.8364647586332765 9
      vertex 99.65429642582421 7.8364647586332765 10.75
      vertex 99.70895660773533 7.9974884620746165 10.75
    endloop
  endfacet
  facet normal -0.8968727415327084 0.44228869021896094 0
    outer loop
      vertex 99.70895660773533 7.9974884620746165 9
      vertex 99.70895660773533 7.9974884620746165 10.75
      vertex 99.78416697508023 8.15 10.75
    endloop
  endfacet
  facet normal 0.9978589232385982 -0.06540312923022437 0
    outer loop
      vertex 102.21000000000001 7.5 9
      vertex 102.21000000000001 7.5 10.75
      vertex 102.19887831978595 7.330315950113933 10.75
    endloop
  endfacet
  facet normal 0.9978589232385982 0.06540312923022437 0
    outer loop
      vertex 102.19887831978595 7.669684049886067 9
      vertex 102.19887831978595 7.669684049886067 10.75
      vertex 102.21000000000001 7.5 10.75
    endloop
  endfacet
  facet normal 0.9807852804032425 0.19509032201606713 0
    outer loop
      vertex 102.1657035741758 7.8364647586332765 9
      vertex 102.1657035741758 7.8364647586332765 10.75
      vertex 102.19887831978595 7.669684049886067 10.75
    endloop
  endfacet
  facet normal 0.9469301294951032 0.3214394653031687 0
    outer loop
      vertex 102.11104339226468 7.9974884620746165 9
      vertex 102.11104339226468 7.9974884620746165 10.75
      vertex 102.1657035741758 7.8364647586332765 10.75
    endloop
  endfacet
  facet normal 0.896872741532675 0.4422886902190281 0
    outer loop
      vertex 102.03583302491977 8.15 9
      vertex 102.03583302491977 8.15 10.75
      vertex 102.11104339226468 7.9974884620746165 10.75
    endloop
  endfacet
  facet normal -0.8314696123025471 0.5555702330195994 8.505809321505394e-19
    outer loop
      vertex 99.78416697508023 8.15 9
      vertex 99.87864065762139 8.291389857711337 10.75
      vertex 99.87864065762139 8.291389857711337 9
    endloop
  endfacet
  facet normal -0.7518398074789766 0.6593458151000698 5.669999507303878e-19
    outer loop
      vertex 99.87864065762139 8.291389857711337 9
      vertex 99.99076118445748 8.419238815542512 10.75
      vertex 99.99076118445748 8.419238815542512 9
    endloop
  endfacet
  facet normal -0.6593458151000646 0.7518398074789812 0
    outer loop
      vertex 99.99076118445748 8.419238815542512 9
      vertex 99.99076118445748 8.419238815542512 10.75
      vertex 100.11861014228866 8.531359342378606 9
    endloop
  endfacet
  facet normal -0.5555702330195753 0.8314696123025632 0
    outer loop
      vertex 100.11861014228866 8.531359342378606 9
      vertex 100.11861014228866 8.531359342378606 10.75
      vertex 100.26 8.62583302491977 9
    endloop
  endfacet
  facet normal -0.44228869021902695 0.8968727415326756 0
    outer loop
      vertex 100.26 8.62583302491977 9
      vertex 100.26 8.62583302491977 10.75
      vertex 100.41 8.699804838824466 9
    endloop
  endfacet
  facet normal 0.6593458151000646 0.7518398074789812 5.323024084264702e-19
    outer loop
      vertex 101.82923881554251 8.419238815542512 9
      vertex 101.70138985771133 8.531359342378606 9
      vertex 101.70138985771133 8.531359342378606 10.75
    endloop
  endfacet
  facet normal 0.8314696123025471 0.5555702330195994 0
    outer loop
      vertex 102.03583302491977 8.15 9
      vertex 101.9413593423786 8.291389857711337 9
      vertex 102.03583302491977 8.15 10.75
    endloop
  endfacet
  facet normal 0.7518398074789766 0.6593458151000698 -5.669999507303878e-19
    outer loop
      vertex 101.82923881554251 8.419238815542512 9
      vertex 101.9413593423786 8.291389857711337 10.75
      vertex 101.9413593423786 8.291389857711337 9
    endloop
  endfacet
  facet normal 0.555570233019614 0.8314696123025375 0
    outer loop
      vertex 101.56 8.62583302491977 9
      vertex 101.56 8.62583302491977 10.75
      vertex 101.70138985771133 8.531359342378606 9
    endloop
  endfacet
  facet normal 0.44228869021899325 0.8968727415326921 0
    outer loop
      vertex 101.41 8.699804838824466 9
      vertex 101.41 8.699804838824466 10.75
      vertex 101.56 8.62583302491977 9
    endloop
  endfacet
  facet normal -0.8314696123025471 0.5555702330195994 0
    outer loop
      vertex 99.78416697508023 8.15 9
      vertex 99.78416697508023 8.15 10.75
      vertex 99.87864065762139 8.291389857711337 10.75
    endloop
  endfacet
  facet normal -0.7518398074789766 0.6593458151000698 0
    outer loop
      vertex 99.87864065762139 8.291389857711337 9
      vertex 99.87864065762139 8.291389857711337 10.75
      vertex 99.99076118445748 8.419238815542512 10.75
    endloop
  endfacet
  facet normal -0.6593458151000646 0.7518398074789812 0
    outer loop
      vertex 100.11861014228866 8.531359342378606 9
      vertex 99.99076118445748 8.419238815542512 10.75
      vertex 100.11861014228866 8.531359342378606 10.75
    endloop
  endfacet
  facet normal -0.5555702330195753 0.8314696123025632 0
    outer loop
      vertex 100.26 8.62583302491977 9
      vertex 100.11861014228866 8.531359342378606 10.75
      vertex 100.26 8.62583302491977 10.75
    endloop
  endfacet
  facet normal -0.44228869021902695 0.8968727415326756 0
    outer loop
      vertex 100.41 8.699804838824466 9
      vertex 100.26 8.62583302491977 10.75
      vertex 100.41 8.699804838824466 10.75
    endloop
  endfacet
  facet normal 0.6593458151000646 0.7518398074789812 0
    outer loop
      vertex 101.82923881554251 8.419238815542512 9
      vertex 101.70138985771133 8.531359342378606 10.75
      vertex 101.82923881554251 8.419238815542512 10.75
    endloop
  endfacet
  facet normal 0.8314696123025471 0.5555702330195994 0
    outer loop
      vertex 101.9413593423786 8.291389857711337 9
      vertex 101.9413593423786 8.291389857711337 10.75
      vertex 102.03583302491977 8.15 10.75
    endloop
  endfacet
  facet normal 0.7518398074789766 0.6593458151000698 0
    outer loop
      vertex 101.82923881554251 8.419238815542512 9
      vertex 101.82923881554251 8.419238815542512 10.75
      vertex 101.9413593423786 8.291389857711337 10.75
    endloop
  endfacet
  facet normal 0.555570233019614 0.8314696123025375 0
    outer loop
      vertex 101.70138985771133 8.531359342378606 9
      vertex 101.56 8.62583302491977 10.75
      vertex 101.70138985771133 8.531359342378606 10.75
    endloop
  endfacet
  facet normal 0.44228869021899325 0.8968727415326921 0
    outer loop
      vertex 101.56 8.62583302491977 9
      vertex 101.41 8.699804838824466 10.75
      vertex 101.56 8.62583302491977 10.75
    endloop
  endfacet
  facet normal 0 0 -1
    outer loop
      vertex 99.33940479473081 -8.150561835020653 10.75
      vertex 99.26792609530858 -7.939992376674285 10.75
      vertex 99.33940479473081 -6.849438164979348 10.75
    endloop
  endfacet
  facet normal 0 0 -1
    outer loop
      vertex 99.26792609530858 -7.939992376674285 10.75
      vertex 99.22454373566453 -7.721894526774087 10.75
      vertex 99.26792609530858 -7.060007623325715 10.75
    endloop
  endfacet
  facet normal 0 0 -1
    outer loop
      vertex 99.22454373566453 -7.721894526774087 10.75
      vertex 99.21000000000001 -7.5 10.75
      vertex 99.22454373566453 -7.278105473225913 10.75
    endloop
  endfacet
  facet normal 0 0 -1
    outer loop
      vertex 99.22454373566453 -7.721894526774087 10.75
      vertex 99.22454373566453 -7.278105473225913 10.75
      vertex 99.26792609530858 -7.060007623325715 10.75
    endloop
  endfacet
  facet normal 0 0 -1
    outer loop
      vertex 99.26792609530858 -7.939992376674285 10.75
      vertex 99.26792609530858 -7.060007623325715 10.75
      vertex 99.33940479473081 -6.849438164979348 10.75
    endloop
  endfacet
  facet normal 0 0 -1
    outer loop
      vertex 99.33940479473081 -8.150561835020653 10.75
      vertex 99.33940479473081 -6.849438164979348 10.75
      vertex 99.43775681356645 -6.65 10.75
    endloop
  endfacet
  facet normal 0 0 -1
    outer loop
      vertex 100.41 -9.121704061389233 10.75
      vertex 100.25943816497934 -9.070595205269187 10.75
      vertex 100.26 -8.62583302491977 10.75
    endloop
  endfacet
  facet normal -0.24427641150944332 -0.719615103158162 0.6499870291680726
    outer loop
      vertex 100.41 -9.121704061389233 10.75
      vertex 100.41 -8.707106781186548 11.209009874310894
      vertex 100.25943816497934 -9.070595205269187 10.75
    endloop
  endfacet
  facet normal 0 0 -1
    outer loop
      vertex 101.41 -9.121704061389233 10.75
      vertex 101.41 -8.699804838824466 10.75
      vertex 101.56056183502065 -9.070595205269187 10.75
    endloop
  endfacet
  facet normal 0.24427641150944332 -0.719615103158162 0.6499870291680726
    outer loop
      vertex 101.41 -9.121704061389233 10.75
      vertex 101.56056183502065 -9.070595205269187 10.75
      vertex 101.41 -8.707106781186548 11.209009874310894
    endloop
  endfacet
  facet normal 0 0 -1
    outer loop
      vertex 100.06 -8.972243186433545 10.75
      vertex 100.11861014228866 -8.531359342378606 10.75
      vertex 100.25943816497934 -9.070595205269187 10.75
    endloop
  endfacet
  facet normal 0 0 -1
    outer loop
      vertex 100.06 -8.972243186433545 10.75
      vertex 99.87510557068518 -8.8487006784951 10.75
      vertex 99.99076118445748 -8.419238815542512 10.75
    endloop
  endfacet
  facet normal 0 0 -1
    outer loop
      vertex 100.06 -8.972243186433545 10.75
      vertex 99.99076118445748 -8.419238815542512 10.75
      vertex 100.11861014228866 -8.531359342378606 10.75
    endloop
  endfacet
  facet normal 0 0 -1
    outer loop
      vertex 99.87510557068518 -8.8487006784951 10.75
      vertex 99.70791847198286 -8.70208152801713 10.75
      vertex 99.78416697508023 -8.15 10.75
    endloop
  endfacet
  facet normal 0 0 -1
    outer loop
      vertex 100.41 -9.121704061389233 10.75
      vertex 100.26 -8.62583302491977 10.75
      vertex 100.41 -8.699804838824466 10.75
    endloop
  endfacet
  facet normal 0 0 -1
    outer loop
      vertex 100.25943816497934 -9.070595205269187 10.75
      vertex 100.11861014228866 -8.531359342378606 10.75
      vertex 100.26 -8.62583302491977 10.75
    endloop
  endfacet
  facet normal 0 0 -1
    outer loop
      vertex 99.70791847198286 -8.70208152801713 10.75
      vertex 99.5612993215049 -8.534894429314825 10.75
      vertex 99.65429642582421 -7.8364647586332765 10.75
    endloop
  endfacet
  facet normal 0 0 -1
    outer loop
      vertex 99.87510557068518 -8.8487006784951 10.75
      vertex 99.87864065762139 -8.291389857711337 10.75
      vertex 99.99076118445748 -8.419238815542512 10.75
    endloop
  endfacet
  facet normal 0 0 -1
    outer loop
      vertex 99.87510557068518 -8.8487006784951 10.75
      vertex 99.78416697508023 -8.15 10.75
      vertex 99.87864065762139 -8.291389857711337 10.75
    endloop
  endfacet
  facet normal 0 0 -1
    outer loop
      vertex 99.70791847198286 -8.70208152801713 10.75
      vertex 99.70895660773533 -7.9974884620746165 10.75
      vertex 99.78416697508023 -8.15 10.75
    endloop
  endfacet
  facet normal 0 0 -1
    outer loop
      vertex 99.70791847198286 -8.70208152801713 10.75
      vertex 99.65429642582421 -7.8364647586332765 10.75
      vertex 99.70895660773533 -7.9974884620746165 10.75
    endloop
  endfacet
  facet normal 0 0 -1
    outer loop
      vertex 101.56056183502065 -9.070595205269187 10.75
      vertex 101.56 -8.62583302491977 10.75
      vertex 101.76 -8.972243186433545 10.75
    endloop
  endfacet
  facet normal 0 0 -1
    outer loop
      vertex 101.56056183502065 -9.070595205269187 10.75
      vertex 101.41 -8.699804838824466 10.75
      vertex 101.56 -8.62583302491977 10.75
    endloop
  endfacet
  facet normal 0 0 -1
    outer loop
      vertex 101.76 -8.972243186433545 10.75
      vertex 101.70138985771133 -8.531359342378606 10.75
      vertex 101.94489442931483 -8.8487006784951 10.75
    endloop
  endfacet
  facet normal 0 0 -1
    outer loop
      vertex 101.76 -8.972243186433545 10.75
      vertex 101.56 -8.62583302491977 10.75
      vertex 101.70138985771133 -8.531359342378606 10.75
    endloop
  endfacet
  facet normal 0 0 -1
    outer loop
      vertex 101.70138985771133 -8.531359342378606 10.75
      vertex 101.82923881554251 -8.419238815542512 10.75
      vertex 101.94489442931483 -8.8487006784951 10.75
    endloop
  endfacet
  facet normal 0 0 -1
    outer loop
      vertex 101.94489442931483 -8.8487006784951 10.75
      vertex 101.9413593423786 -8.291389857711337 10.75
      vertex 102.11208152801713 -8.70208152801713 10.75
    endloop
  endfacet
  facet normal 0.33611521222513974 -0.681574226349641 0.6499870291680732
    outer loop
      vertex 101.56056183502065 -9.070595205269187 10.75
      vertex 101.76 -8.972243186433545 10.75
      vertex 101.41 -8.707106781186548 11.209009874310894
    endloop
  endfacet
  facet normal 0 0 -1
    outer loop
      vertex 101.94489442931483 -8.8487006784951 10.75
      vertex 101.82923881554251 -8.419238815542512 10.75
      vertex 101.9413593423786 -8.291389857711337 10.75
    endloop
  endfacet
  facet normal 0 0 -1
    outer loop
      vertex 102.11208152801713 -8.70208152801713 10.75
      vertex 101.9413593423786 -8.291389857711337 10.75
      vertex 102.03583302491977 -8.15 10.75
    endloop
  endfacet
  facet normal 0 0 -1
    outer loop
      vertex 102.11208152801713 -8.70208152801713 10.75
      vertex 102.1657035741758 -7.8364647586332765 10.75
      vertex 102.2587006784951 -8.534894429314825 10.75
    endloop
  endfacet
  facet normal 0 0 -1
    outer loop
      vertex 102.11208152801713 -8.70208152801713 10.75
      vertex 102.03583302491977 -8.15 10.75
      vertex 102.11104339226468 -7.9974884620746165 10.75
    endloop
  endfacet
  facet normal 0 0 -1
    outer loop
      vertex 102.11208152801713 -8.70208152801713 10.75
      vertex 102.11104339226468 -7.9974884620746165 10.75
      vertex 102.1657035741758 -7.8364647586332765 10.75
    endloop
  endfacet
  facet normal -0.4222029884709392 -0.6318714255601953 0.6499870291680709
    outer loop
      vertex 100.06 -8.972243186433545 10.75
      vertex 100.41 -8.151612686420602 11.775103548172329
      vertex 99.87510557068518 -8.8487006784951 10.75
    endloop
  endfacet
  facet normal -0.3361152122251596 -0.6815742263496329 0.6499870291680713
    outer loop
      vertex 100.06 -8.972243186433545 10.75
      vertex 100.25943816497934 -9.070595205269187 10.75
      vertex 100.41 -8.36602540378444 11.566666666666666
    endloop
  endfacet
  facet normal -0.3361152122251479 -0.6815742263496374 0.6499870291680728
    outer loop
      vertex 100.25943816497934 -9.070595205269187 10.75
      vertex 100.41 -8.707106781186548 11.209009874310894
      vertex 100.41 -8.36602540378444 11.566666666666666
    endloop
  endfacet
  facet normal -0.5010667545271905 -0.5713571294915745 0.6499870291680723
    outer loop
      vertex 99.87510557068518 -8.8487006784951 10.75
      vertex 100.41 -8 11.908375421949028
      vertex 99.70791847198286 -8.70208152801713 10.75
    endloop
  endfacet
  facet normal -0.5713571294915769 -0.501066754527189 0.6499870291680713
    outer loop
      vertex 99.70791847198286 -8.70208152801713 10.75
      vertex 100.41 -7.88366349398948 11.998057758494014
      vertex 99.5612993215049 -8.534894429314825 10.75
    endloop
  endfacet
  facet normal -0.6318714255601854 -0.42220298847095283 0.6499870291680716
    outer loop
      vertex 99.5612993215049 -8.534894429314825 10.75
      vertex 100.41 -7.788675134594813 12.059758019278771
      vertex 99.43775681356645 -8.35 10.75
    endloop
  endfacet
  facet normal -0.4222029884709442 -0.6318714255601927 0.6499870291680702
    outer loop
      vertex 100.06 -8.972243186433545 10.75
      vertex 100.41 -8.36602540378444 11.566666666666666
      vertex 100.41 -8.151612686420602 11.775103548172329
    endloop
  endfacet
  facet normal 0.42220298847093735 -0.6318714255601925 0.6499870291680748
    outer loop
      vertex 101.76 -8.972243186433545 10.75
      vertex 101.94489442931483 -8.8487006784951 10.75
      vertex 101.41 -8.36602540378444 11.566666666666666
    endloop
  endfacet
  facet normal 0.5010667545272136 -0.5713571294915522 0.6499870291680739
    outer loop
      vertex 101.94489442931483 -8.8487006784951 10.75
      vertex 102.11208152801713 -8.70208152801713 10.75
      vertex 101.41 -8.151612686420602 11.775103548172329
    endloop
  endfacet
  facet normal 0.3361152122251428 -0.6815742263496387 0.649987029168074
    outer loop
      vertex 101.76 -8.972243186433545 10.75
      vertex 101.41 -8.36602540378444 11.566666666666666
      vertex 101.41 -8.707106781186548 11.209009874310894
    endloop
  endfacet
  facet normal 0.5713571294915515 -0.5010667545272153 0.6499870291680735
    outer loop
      vertex 102.11208152801713 -8.70208152801713 10.75
      vertex 102.2587006784951 -8.534894429314825 10.75
      vertex 101.41 -8 11.908375421949028
    endloop
  endfacet
  facet normal 0.6318714255602063 -0.4222029884709182 0.6499870291680737
    outer loop
      vertex 102.2587006784951 -8.534894429314825 10.75
      vertex 102.38224318643354 -8.35 10.75
      vertex 101.41 -7.88366349398948 11.998057758494014
    endloop
  endfacet
  facet normal 0.4222029884709328 -0.6318714255601962 0.6499870291680742
    outer loop
      vertex 101.94489442931483 -8.8487006784951 10.75
      vertex 101.41 -8.151612686420602 11.775103548172329
      vertex 101.41 -8.36602540378444 11.566666666666666
    endloop
  endfacet
  facet normal -0.5713571294915578 -0.5010667545272087 0.6499870291680728
    outer loop
      vertex 99.70791847198286 -8.70208152801713 10.75
      vertex 100.41 -8 11.908375421949028
      vertex 100.41 -7.88366349398948 11.998057758494014
    endloop
  endfacet
  facet normal -0.5010667545272119 -0.5713571294915579 0.6499870291680704
    outer loop
      vertex 99.87510557068518 -8.8487006784951 10.75
      vertex 100.41 -8.151612686420602 11.775103548172329
      vertex 100.41 -8 11.908375421949028
    endloop
  endfacet
  facet normal 0.5010667545272058 -0.5713571294915601 0.649987029168073
    outer loop
      vertex 102.11208152801713 -8.70208152801713 10.75
      vertex 101.41 -8 11.908375421949028
      vertex 101.41 -8.151612686420602 11.775103548172329
    endloop
  endfacet
  facet normal 0.5713571294915556 -0.5010667545272094 0.6499870291680743
    outer loop
      vertex 102.2587006784951 -8.534894429314825 10.75
      vertex 101.41 -7.88366349398948 11.998057758494014
      vertex 101.41 -8 11.908375421949028
    endloop
  endfacet
  facet normal 0 0 -1
    outer loop
      vertex 99.5612993215049 -8.534894429314825 10.75
      vertex 99.62112168021405 -7.669684049886067 10.75
      vertex 99.65429642582421 -7.8364647586332765 10.75
    endloop
  endfacet
  facet normal 0 0 -1
    outer loop
      vertex 99.5612993215049 -8.534894429314825 10.75
      vertex 99.61 -7.5 10.75
      vertex 99.62112168021405 -7.669684049886067 10.75
    endloop
  endfacet
  facet normal 0 0 -1
    outer loop
      vertex 99.5612993215049 -8.534894429314825 10.75
      vertex 99.43775681356645 -8.35 10.75
      vertex 99.5612993215049 -6.465105570685175 10.75
    endloop
  endfacet
  facet normal 0 0 -1
    outer loop
      vertex 99.33940479473081 -8.150561835020653 10.75
      vertex 99.43775681356645 -6.65 10.75
      vertex 99.43775681356645 -8.35 10.75
    endloop
  endfacet
  facet normal 0 0 -1
    outer loop
      vertex 99.5612993215049 -8.534894429314825 10.75
      vertex 99.5612993215049 -6.465105570685175 10.75
      vertex 99.61 -7.5 10.75
    endloop
  endfacet
  facet normal 0 0 -1
    outer loop
      vertex 102.2587006784951 -8.534894429314825 10.75
      vertex 102.1657035741758 -7.8364647586332765 10.75
      vertex 102.19887831978595 -7.669684049886067 10.75
    endloop
  endfacet
  facet normal 0 0 -1
    outer loop
      vertex 102.2587006784951 -8.534894429314825 10.75
      vertex 102.19887831978595 -7.669684049886067 10.75
      vertex 102.21000000000001 -7.5 10.75
    endloop
  endfacet
  facet normal 0 0 -1
    outer loop
      vertex 102.2587006784951 -8.534894429314825 10.75
      vertex 102.38224318643354 -6.65 10.75
      vertex 102.38224318643354 -8.35 10.75
    endloop
  endfacet
  facet normal 0 0 -1
    outer loop
      vertex 102.38224318643354 -8.35 10.75
      vertex 102.48059520526918 -6.849438164979348 10.75
      vertex 102.48059520526918 -8.150561835020653 10.75
    endloop
  endfacet
  facet normal 0 0 -1
    outer loop
      vertex 102.48059520526918 -8.150561835020653 10.75
      vertex 102.55207390469141 -7.060007623325715 10.75
      vertex 102.55207390469141 -7.939992376674285 10.75
    endloop
  endfacet
  facet normal 0 0 -1
    outer loop
      vertex 102.55207390469141 -7.939992376674285 10.75
      vertex 102.59545626433548 -7.278105473225913 10.75
      vertex 102.59545626433548 -7.721894526774087 10.75
    endloop
  endfacet
  facet normal 0 0 -1
    outer loop
      vertex 102.2587006784951 -8.534894429314825 10.75
      vertex 102.21000000000001 -7.5 10.75
      vertex 102.2587006784951 -6.465105570685175 10.75
    endloop
  endfacet
  facet normal 0 0 -1
    outer loop
      vertex 102.59545626433548 -7.721894526774087 10.75
      vertex 102.59545626433548 -7.278105473225913 10.75
      vertex 102.61 -7.5 10.75
    endloop
  endfacet
  facet normal 0 0 -1
    outer loop
      vertex 102.55207390469141 -7.939992376674285 10.75
      vertex 102.55207390469141 -7.060007623325715 10.75
      vertex 102.59545626433548 -7.278105473225913 10.75
    endloop
  endfacet
  facet normal 0 0 -1
    outer loop
      vertex 102.48059520526918 -8.150561835020653 10.75
      vertex 102.48059520526918 -6.849438164979348 10.75
      vertex 102.55207390469141 -7.060007623325715 10.75
    endloop
  endfacet
  facet normal -0.6815742263496383 -0.33611521222514723 0.6499870291680722
    outer loop
      vertex 99.33940479473081 -8.150561835020653 10.75
      vertex 99.43775681356645 -8.35 10.75
      vertex 100.41 -7.788675134594813 12.059758019278771
    endloop
  endfacet
  facet normal -0.719615103158161 -0.2442764115094467 0.6499870291680725
    outer loop
      vertex 99.33940479473081 -8.150561835020653 10.75
      vertex 100.41 -7.633974596215562 12.129422228094118
      vertex 99.26792609530858 -7.939992376674285 10.75
    endloop
  endfacet
  facet normal -0.7453431660366543 -0.1482579736665817 0.6499870291680717
    outer loop
      vertex 99.26792609530858 -7.939992376674285 10.75
      vertex 100.41 -7.565826248793698 12.144966439661577
      vertex 99.22454373566453 -7.721894526774087 10.75
    endloop
  endfacet
  facet normal -0.7583182006960888 -0.049702800789426134 0.6499870291680697
    outer loop
      vertex 99.22454373566453 -7.721894526774087 10.75
      vertex 100.41 -7.5 12.15
      vertex 99.21000000000001 -7.5 10.75
    endloop
  endfacet
  facet normal -0.7583182006960881 0.0497028007894261 0.6499870291680706
    outer loop
      vertex 99.21000000000001 -7.5 10.75
      vertex 100.41 -7.434173751206302 12.144966439661577
      vertex 99.22454373566453 -7.278105473225913 10.75
    endloop
  endfacet
  facet normal 0.6815742263496384 -0.33611521222514723 0.6499870291680722
    outer loop
      vertex 102.38224318643354 -8.35 10.75
      vertex 102.48059520526918 -8.150561835020653 10.75
      vertex 101.41 -7.788675134594813 12.059758019278771
    endloop
  endfacet
  facet normal 0.7196151031581614 -0.24427641150944682 0.6499870291680723
    outer loop
      vertex 102.48059520526918 -8.150561835020653 10.75
      vertex 102.55207390469141 -7.939992376674285 10.75
      vertex 101.41 -7.707106781186548 12.10193788316277
    endloop
  endfacet
  facet normal 0.7453431660366434 -0.1482579736666281 0.6499870291680736
    outer loop
      vertex 102.55207390469141 -7.939992376674285 10.75
      vertex 102.59545626433548 -7.721894526774087 10.75
      vertex 101.41 -7.633974596215562 12.129422228094118
    endloop
  endfacet
  facet normal 0.7583182006960842 -0.04970280078942585 0.649987029168075
    outer loop
      vertex 102.59545626433548 -7.721894526774087 10.75
      vertex 102.61 -7.5 10.75
      vertex 101.41 -7.565826248793698 12.144966439661577
    endloop
  endfacet
  facet normal 0.7583182006960849 0.049702800789425884 0.6499870291680742
    outer loop
      vertex 102.61 -7.5 10.75
      vertex 102.59545626433548 -7.278105473225913 10.75
      vertex 101.41 -7.5 12.15
    endloop
  endfacet
  facet normal 0 0 -1
    outer loop
      vertex 99.43775681356645 -8.35 10.75
      vertex 99.43775681356645 -6.65 10.75
      vertex 99.5612993215049 -6.465105570685175 10.75
    endloop
  endfacet
  facet normal 0 0 -1
    outer loop
      vertex 99.61 -7.5 10.75
      vertex 99.5612993215049 -6.465105570685175 10.75
      vertex 99.62112168021405 -7.330315950113933 10.75
    endloop
  endfacet
  facet normal 0 0 -1
    outer loop
      vertex 99.62112168021405 -7.330315950113933 10.75
      vertex 99.5612993215049 -6.465105570685175 10.75
      vertex 99.65429642582421 -7.1635352413667235 10.75
    endloop
  endfacet
  facet normal 0 0 -1
    outer loop
      vertex 99.65429642582421 -7.1635352413667235 10.75
      vertex 99.70791847198286 -6.297918471982869 10.75
      vertex 99.70895660773533 -7.0025115379253835 10.75
    endloop
  endfacet
  facet normal 0 0 -1
    outer loop
      vertex 99.70895660773533 -7.0025115379253835 10.75
      vertex 99.70791847198286 -6.297918471982869 10.75
      vertex 99.78416697508023 -6.85 10.75
    endloop
  endfacet
  facet normal 0 0 -1
    outer loop
      vertex 99.65429642582421 -7.1635352413667235 10.75
      vertex 99.5612993215049 -6.465105570685175 10.75
      vertex 99.70791847198286 -6.297918471982869 10.75
    endloop
  endfacet
  facet normal 0 0 -1
    outer loop
      vertex 99.78416697508023 -6.85 10.75
      vertex 99.70791847198286 -6.297918471982869 10.75
      vertex 99.87864065762139 -6.708610142288663 10.75
    endloop
  endfacet
  facet normal 0 0 -1
    outer loop
      vertex 102.38224318643354 -8.35 10.75
      vertex 102.38224318643354 -6.65 10.75
      vertex 102.48059520526918 -6.849438164979348 10.75
    endloop
  endfacet
  facet normal 0 0 -1
    outer loop
      vertex 102.2587006784951 -8.534894429314825 10.75
      vertex 102.2587006784951 -6.465105570685175 10.75
      vertex 102.38224318643354 -6.65 10.75
    endloop
  endfacet
  facet normal 0 0 -1
    outer loop
      vertex 102.21000000000001 -7.5 10.75
      vertex 102.19887831978595 -7.330315950113933 10.75
      vertex 102.2587006784951 -6.465105570685175 10.75
    endloop
  endfacet
  facet normal 0 0 -1
    outer loop
      vertex 102.19887831978595 -7.330315950113933 10.75
      vertex 102.1657035741758 -7.1635352413667235 10.75
      vertex 102.2587006784951 -6.465105570685175 10.75
    endloop
  endfacet
  facet normal 0 0 -1
    outer loop
      vertex 102.1657035741758 -7.1635352413667235 10.75
      vertex 102.11104339226468 -7.0025115379253835 10.75
      vertex 102.11208152801713 -6.297918471982869 10.75
    endloop
  endfacet
  facet normal 0 0 -1
    outer loop
      vertex 102.11104339226468 -7.0025115379253835 10.75
      vertex 102.03583302491977 -6.85 10.75
      vertex 102.11208152801713 -6.297918471982869 10.75
    endloop
  endfacet
  facet normal 0 0 -1
    outer loop
      vertex 102.1657035741758 -7.1635352413667235 10.75
      vertex 102.11208152801713 -6.297918471982869 10.75
      vertex 102.2587006784951 -6.465105570685175 10.75
    endloop
  endfacet
  facet normal 0 0 -1
    outer loop
      vertex 102.03583302491977 -6.85 10.75
      vertex 101.9413593423786 -6.708610142288663 10.75
      vertex 101.94489442931483 -6.151299321504901 10.75
    endloop
  endfacet
  facet normal -0.7196151031581611 0.24427641150944773 0.649987029168072
    outer loop
      vertex 99.26792609530858 -7.060007623325715 10.75
      vertex 100.41 -7.292893218813452 12.10193788316277
      vertex 99.33940479473081 -6.849438164979348 10.75
    endloop
  endfacet
  facet normal -0.745343166036654 0.14825797366658164 0.649987029168072
    outer loop
      vertex 99.22454373566453 -7.278105473225913 10.75
      vertex 100.41 -7.366025403784438 12.129422228094118
      vertex 99.26792609530858 -7.060007623325715 10.75
    endloop
  endfacet
  facet normal -0.6815742263496389 0.336115212225146 0.6499870291680722
    outer loop
      vertex 99.33940479473081 -6.849438164979348 10.75
      vertex 100.41 -7.211324865405187 12.059758019278771
      vertex 99.43775681356645 -6.65 10.75
    endloop
  endfacet
  facet normal -0.6318714255601859 0.42220298847095317 0.6499870291680709
    outer loop
      vertex 99.43775681356645 -6.65 10.75
      vertex 100.41 -7.11633650601052 11.998057758494014
      vertex 99.5612993215049 -6.465105570685175 10.75
    endloop
  endfacet
  facet normal -0.5713571294915777 0.5010667545271867 0.6499870291680725
    outer loop
      vertex 100.41 -7 11.908375421949028
      vertex 99.70791847198286 -6.297918471982869 10.75
      vertex 99.5612993215049 -6.465105570685175 10.75
    endloop
  endfacet
  facet normal -0.4222029884709358 0.6318714255601979 0.6499870291680704
    outer loop
      vertex 100.41 -6.633974596215562 11.566666666666666
      vertex 99.87510557068518 -6.151299321504901 10.75
      vertex 100.41 -6.848387313579397 11.775103548172329
    endloop
  endfacet
  facet normal 0.7453431660366425 0.14825797366662793 0.6499870291680745
    outer loop
      vertex 102.59545626433548 -7.278105473225913 10.75
      vertex 102.55207390469141 -7.060007623325715 10.75
      vertex 101.41 -7.434173751206302 12.144966439661577
    endloop
  endfacet
  facet normal 0.7196151031581608 0.24427641150944765 0.6499870291680725
    outer loop
      vertex 102.55207390469141 -7.060007623325715 10.75
      vertex 102.48059520526918 -6.849438164979348 10.75
      vertex 101.41 -7.366025403784438 12.129422228094118
    endloop
  endfacet
  facet normal 0.6815742263496389 0.336115212225146 0.6499870291680722
    outer loop
      vertex 102.48059520526918 -6.849438164979348 10.75
      vertex 102.38224318643354 -6.65 10.75
      vertex 101.41 -7.211324865405187 12.059758019278771
    endloop
  endfacet
  facet normal 0.6318714255602069 0.42220298847091864 0.6499870291680729
    outer loop
      vertex 102.38224318643354 -6.65 10.75
      vertex 102.2587006784951 -6.465105570685175 10.75
      vertex 101.41 -7.211324865405187 12.059758019278771
    endloop
  endfacet
  facet normal 0.5713571294915526 0.5010667545272134 0.6499870291680739
    outer loop
      vertex 101.41 -7.11633650601052 11.998057758494014
      vertex 102.2587006784951 -6.465105570685175 10.75
      vertex 102.11208152801713 -6.297918471982869 10.75
    endloop
  endfacet
  facet normal 0.42220298847091814 0.6318714255602038 0.6499870291680763
    outer loop
      vertex 101.41 -6.633974596215562 11.566666666666666
      vertex 101.41 -6.848387313579397 11.775103548172329
      vertex 101.76 -6.027756813566454 10.75
    endloop
  endfacet
  facet normal -0.6318714255601976 -0.422202988470936 0.6499870291680707
    outer loop
      vertex 99.5612993215049 -8.534894429314825 10.75
      vertex 100.41 -7.88366349398948 11.998057758494014
      vertex 100.41 -7.788675134594813 12.059758019278771
    endloop
  endfacet
  facet normal -0.6815742263496388 -0.336115212225146 0.649987029168072
    outer loop
      vertex 99.33940479473081 -8.150561835020653 10.75
      vertex 100.41 -7.788675134594813 12.059758019278771
      vertex 100.41 -7.707106781186548 12.10193788316277
    endloop
  endfacet
  facet normal -0.7196151031581657 -0.24427641150943435 0.6499870291680719
    outer loop
      vertex 99.33940479473081 -8.150561835020653 10.75
      vertex 100.41 -7.707106781186548 12.10193788316277
      vertex 100.41 -7.633974596215562 12.129422228094118
    endloop
  endfacet
  facet normal -0.7453431660366509 -0.14825797366659507 0.6499870291680725
    outer loop
      vertex 99.26792609530858 -7.939992376674285 10.75
      vertex 100.41 -7.633974596215562 12.129422228094118
      vertex 100.41 -7.565826248793698 12.144966439661577
    endloop
  endfacet
  facet normal -0.7583182006960854 -0.04970280078945474 0.6499870291680715
    outer loop
      vertex 99.22454373566453 -7.721894526774087 10.75
      vertex 100.41 -7.565826248793698 12.144966439661577
      vertex 100.41 -7.5 12.15
    endloop
  endfacet
  facet normal -0.7453431660366522 0.14825797366659418 0.6499870291680712
    outer loop
      vertex 99.22454373566453 -7.278105473225913 10.75
      vertex 100.41 -7.434173751206302 12.144966439661577
      vertex 100.41 -7.366025403784438 12.129422228094118
    endloop
  endfacet
  facet normal -0.7583182006960877 0.0497028007894554 0.6499870291680687
    outer loop
      vertex 99.21000000000001 -7.5 10.75
      vertex 100.41 -7.5 12.15
      vertex 100.41 -7.434173751206302 12.144966439661577
    endloop
  endfacet
  facet normal 0.6318714255601949 -0.42220298847093773 0.6499870291680723
    outer loop
      vertex 102.38224318643354 -8.35 10.75
      vertex 101.41 -7.788675134594813 12.059758019278771
      vertex 101.41 -7.88366349398948 11.998057758494014
    endloop
  endfacet
  facet normal 0.681574226349639 -0.336115212225145 0.6499870291680724
    outer loop
      vertex 102.48059520526918 -8.150561835020653 10.75
      vertex 101.41 -7.707106781186548 12.10193788316277
      vertex 101.41 -7.788675134594813 12.059758019278771
    endloop
  endfacet
  facet normal 0.7196151031581645 -0.24427641150943502 0.649987029168073
    outer loop
      vertex 102.55207390469141 -7.939992376674285 10.75
      vertex 101.41 -7.633974596215562 12.129422228094118
      vertex 101.41 -7.707106781186548 12.10193788316277
    endloop
  endfacet
  facet normal 0.7453431660366481 -0.14825797366659565 0.6499870291680755
    outer loop
      vertex 102.59545626433548 -7.721894526774087 10.75
      vertex 101.41 -7.565826248793698 12.144966439661577
      vertex 101.41 -7.633974596215562 12.129422228094118
    endloop
  endfacet
  facet normal 0.7583182006960838 -0.049702800789454424 0.6499870291680733
    outer loop
      vertex 102.61 -7.5 10.75
      vertex 101.41 -7.5 12.15
      vertex 101.41 -7.565826248793698 12.144966439661577
    endloop
  endfacet
  facet normal 0.7583182006960815 0.04970280078945582 0.6499870291680759
    outer loop
      vertex 102.59545626433548 -7.278105473225913 10.75
      vertex 101.41 -7.434173751206302 12.144966439661577
      vertex 101.41 -7.5 12.15
    endloop
  endfacet
  facet normal -0.7196151031581645 0.24427641150943502 0.649987029168073
    outer loop
      vertex 99.26792609530858 -7.060007623325715 10.75
      vertex 100.41 -7.366025403784438 12.129422228094118
      vertex 100.41 -7.292893218813452 12.10193788316277
    endloop
  endfacet
  facet normal -0.6815742263496394 0.3361152122251449 0.6499870291680724
    outer loop
      vertex 99.33940479473081 -6.849438164979348 10.75
      vertex 100.41 -7.292893218813452 12.10193788316277
      vertex 100.41 -7.211324865405187 12.059758019278771
    endloop
  endfacet
  facet normal -0.6318714255601949 0.42220298847093773 0.6499870291680723
    outer loop
      vertex 99.43775681356645 -6.65 10.75
      vertex 100.41 -7.211324865405187 12.059758019278771
      vertex 100.41 -7.11633650601052 11.998057758494014
    endloop
  endfacet
  facet normal -0.5010667545272085 0.5713571294915575 0.6499870291680733
    outer loop
      vertex 100.41 -7 11.908375421949028
      vertex 100.41 -6.848387313579397 11.775103548172329
      vertex 99.70791847198286 -6.297918471982869 10.75
    endloop
  endfacet
  facet normal -0.5713571294915624 0.5010667545272066 0.6499870291680706
    outer loop
      vertex 100.41 -7 11.908375421949028
      vertex 99.5612993215049 -6.465105570685175 10.75
      vertex 100.41 -7.11633650601052 11.998057758494014
    endloop
  endfacet
  facet normal 0.7453431660366509 0.14825797366659507 0.6499870291680725
    outer loop
      vertex 102.55207390469141 -7.060007623325715 10.75
      vertex 101.41 -7.366025403784438 12.129422228094118
      vertex 101.41 -7.434173751206302 12.144966439661577
    endloop
  endfacet
  facet normal 0.7196151031581662 0.2442764115094342 0.6499870291680715
    outer loop
      vertex 102.48059520526918 -6.849438164979348 10.75
      vertex 101.41 -7.292893218813452 12.10193788316277
      vertex 101.41 -7.366025403784438 12.129422228094118
    endloop
  endfacet
  facet normal 0.6815742263496388 0.3361152122251461 0.6499870291680722
    outer loop
      vertex 102.48059520526918 -6.849438164979348 10.75
      vertex 101.41 -7.211324865405187 12.059758019278771
      vertex 101.41 -7.292893218813452 12.10193788316277
    endloop
  endfacet
  facet normal 0.6318714255601913 0.42220298847093934 0.6499870291680746
    outer loop
      vertex 101.41 -7.11633650601052 11.998057758494014
      vertex 101.41 -7.211324865405187 12.059758019278771
      vertex 102.2587006784951 -6.465105570685175 10.75
    endloop
  endfacet
  facet normal 0.5713571294915571 0.5010667545272088 0.6499870291680735
    outer loop
      vertex 101.41 -7 11.908375421949028
      vertex 101.41 -7.11633650601052 11.998057758494014
      vertex 102.11208152801713 -6.297918471982869 10.75
    endloop
  endfacet
  facet normal 0.5010667545272068 0.571357129491558 0.649987029168074
    outer loop
      vertex 101.41 -7 11.908375421949028
      vertex 101.94489442931483 -6.151299321504901 10.75
      vertex 101.41 -6.848387313579397 11.775103548172329
    endloop
  endfacet
  facet normal 0 0 -1
    outer loop
      vertex 99.87864065762139 -6.708610142288663 10.75
      vertex 99.87510557068518 -6.151299321504901 10.75
      vertex 99.99076118445748 -6.580761184457488 10.75
    endloop
  endfacet
  facet normal 0 0 -1
    outer loop
      vertex 99.99076118445748 -6.580761184457488 10.75
      vertex 99.87510557068518 -6.151299321504901 10.75
      vertex 100.11861014228866 -6.468640657621394 10.75
    endloop
  endfacet
  facet normal 0 0 -1
    outer loop
      vertex 99.87864065762139 -6.708610142288663 10.75
      vertex 99.70791847198286 -6.297918471982869 10.75
      vertex 99.87510557068518 -6.151299321504901 10.75
    endloop
  endfacet
  facet normal 0 0 -1
    outer loop
      vertex 100.11861014228866 -6.468640657621394 10.75
      vertex 100.06 -6.027756813566454 10.75
      vertex 100.26 -6.37416697508023 10.75
    endloop
  endfacet
  facet normal 0 0 -1
    outer loop
      vertex 100.11861014228866 -6.468640657621394 10.75
      vertex 99.87510557068518 -6.151299321504901 10.75
      vertex 100.06 -6.027756813566454 10.75
    endloop
  endfacet
  facet normal 0 0 -1
    outer loop
      vertex 100.26 -6.37416697508023 10.75
      vertex 100.06 -6.027756813566454 10.75
      vertex 100.25943816497934 -5.929404794730813 10.75
    endloop
  endfacet
  facet normal 0 0 -1
    outer loop
      vertex 100.26 -6.37416697508023 10.75
      vertex 100.25943816497934 -5.929404794730813 10.75
      vertex 100.41 -6.300195161175534 10.75
    endloop
  endfacet
  facet normal 0 0 -1
    outer loop
      vertex 100.41 -6.300195161175534 10.75
      vertex 100.25943816497934 -5.929404794730813 10.75
      vertex 100.41 -5.878295938610767 10.75
    endloop
  endfacet
  facet normal -0.3361152122251568 0.6815742263496333 0.6499870291680725
    outer loop
      vertex 100.06 -6.027756813566454 10.75
      vertex 100.41 -6.292893218813452 11.209009874310894
      vertex 100.25943816497934 -5.929404794730813 10.75
    endloop
  endfacet
  facet normal -0.24427641150944332 0.719615103158162 0.6499870291680726
    outer loop
      vertex 100.25943816497934 -5.929404794730813 10.75
      vertex 100.41 -6.292893218813452 11.209009874310894
      vertex 100.41 -5.878295938610767 10.75
    endloop
  endfacet
  facet normal 0 0 -1
    outer loop
      vertex 101.82923881554251 -6.580761184457488 10.75
      vertex 101.70138985771133 -6.468640657621394 10.75
      vertex 101.76 -6.027756813566454 10.75
    endloop
  endfacet
  facet normal 0 0 -1
    outer loop
      vertex 101.70138985771133 -6.468640657621394 10.75
      vertex 101.56 -6.37416697508023 10.75
      vertex 101.56056183502065 -5.929404794730813 10.75
    endloop
  endfacet
  facet normal 0 0 -1
    outer loop
      vertex 101.82923881554251 -6.580761184457488 10.75
      vertex 101.76 -6.027756813566454 10.75
      vertex 101.94489442931483 -6.151299321504901 10.75
    endloop
  endfacet
  facet normal 0 0 -1
    outer loop
      vertex 101.41 -6.300195161175534 10.75
      vertex 101.41 -5.878295938610767 10.75
      vertex 101.56 -6.37416697508023 10.75
    endloop
  endfacet
  facet normal 0 0 -1
    outer loop
      vertex 101.70138985771133 -6.468640657621394 10.75
      vertex 101.56056183502065 -5.929404794730813 10.75
      vertex 101.76 -6.027756813566454 10.75
    endloop
  endfacet
  facet normal 0 0 -1
    outer loop
      vertex 101.82923881554251 -6.580761184457488 10.75
      vertex 101.94489442931483 -6.151299321504901 10.75
      vertex 101.9413593423786 -6.708610142288663 10.75
    endloop
  endfacet
  facet normal 0 0 -1
    outer loop
      vertex 102.03583302491977 -6.85 10.75
      vertex 101.94489442931483 -6.151299321504901 10.75
      vertex 102.11208152801713 -6.297918471982869 10.75
    endloop
  endfacet
  facet normal 0 0 -1
    outer loop
      vertex 101.56 -6.37416697508023 10.75
      vertex 101.41 -5.878295938610767 10.75
      vertex 101.56056183502065 -5.929404794730813 10.75
    endloop
  endfacet
  facet normal 0.24427641150944332 0.719615103158162 0.6499870291680726
    outer loop
      vertex 101.56056183502065 -5.929404794730813 10.75
      vertex 101.41 -5.878295938610767 10.75
      vertex 101.41 -6.292893218813452 11.209009874310894
    endloop
  endfacet
  facet normal -0.5010667545271896 0.5713571294915768 0.6499870291680709
    outer loop
      vertex 100.41 -6.848387313579397 11.775103548172329
      vertex 99.87510557068518 -6.151299321504901 10.75
      vertex 99.70791847198286 -6.297918471982869 10.75
    endloop
  endfacet
  facet normal -0.42220298847094123 0.6318714255601936 0.6499870291680712
    outer loop
      vertex 100.41 -6.633974596215562 11.566666666666666
      vertex 100.06 -6.027756813566454 10.75
      vertex 99.87510557068518 -6.151299321504901 10.75
    endloop
  endfacet
  facet normal -0.3361152122251549 0.6815742263496347 0.649987029168072
    outer loop
      vertex 100.41 -6.633974596215562 11.566666666666666
      vertex 100.41 -6.292893218813452 11.209009874310894
      vertex 100.06 -6.027756813566454 10.75
    endloop
  endfacet
  facet normal 0.4222029884709396 0.6318714255601916 0.6499870291680739
    outer loop
      vertex 101.41 -6.848387313579397 11.775103548172329
      vertex 101.94489442931483 -6.151299321504901 10.75
      vertex 101.76 -6.027756813566454 10.75
    endloop
  endfacet
  facet normal 0.5010667545272122 0.5713571294915541 0.6499870291680735
    outer loop
      vertex 101.41 -7 11.908375421949028
      vertex 102.11208152801713 -6.297918471982869 10.75
      vertex 101.94489442931483 -6.151299321504901 10.75
    endloop
  endfacet
  facet normal 0.3361152122251366 0.6815742263496412 0.6499870291680748
    outer loop
      vertex 101.41 -6.633974596215562 11.566666666666666
      vertex 101.76 -6.027756813566454 10.75
      vertex 101.56056183502065 -5.929404794730813 10.75
    endloop
  endfacet
  facet normal 0.33611521222515206 0.6815742263496354 0.6499870291680726
    outer loop
      vertex 101.41 -6.633974596215562 11.566666666666666
      vertex 101.56056183502065 -5.929404794730813 10.75
      vertex 101.41 -6.292893218813452 11.209009874310894
    endloop
  endfacet
  facet normal 0 0 -1
    outer loop
      vertex 100.41 5.878295938610767 10.75
      vertex 100.25943816497934 5.929404794730813 10.75
      vertex 100.26 6.37416697508023 10.75
    endloop
  endfacet
  facet normal -0.24427641150944332 -0.719615103158162 0.6499870291680726
    outer loop
      vertex 100.41 5.878295938610767 10.75
      vertex 100.41 6.292893218813452 11.209009874310894
      vertex 100.25943816497934 5.929404794730813 10.75
    endloop
  endfacet
  facet normal 0 0 -1
    outer loop
      vertex 100.06 6.027756813566454 10.75
      vertex 100.11861014228866 6.468640657621394 10.75
      vertex 100.25943816497934 5.929404794730813 10.75
    endloop
  endfacet
  facet normal 0 0 -1
    outer loop
      vertex 100.06 6.027756813566454 10.75
      vertex 99.87510557068518 6.151299321504901 10.75
      vertex 99.99076118445748 6.580761184457488 10.75
    endloop
  endfacet
  facet normal 0 0 -1
    outer loop
      vertex 100.06 6.027756813566454 10.75
      vertex 99.99076118445748 6.580761184457488 10.75
      vertex 100.11861014228866 6.468640657621394 10.75
    endloop
  endfacet
  facet normal 0 0 -1
    outer loop
      vertex 99.87510557068518 6.151299321504901 10.75
      vertex 99.70791847198286 6.297918471982869 10.75
      vertex 99.78416697508023 6.85 10.75
    endloop
  endfacet
  facet normal 0 0 -1
    outer loop
      vertex 99.87510557068518 6.151299321504901 10.75
      vertex 99.87864065762139 6.708610142288663 10.75
      vertex 99.99076118445748 6.580761184457488 10.75
    endloop
  endfacet
  facet normal 0 0 -1
    outer loop
      vertex 100.41 5.878295938610767 10.75
      vertex 100.26 6.37416697508023 10.75
      vertex 100.41 6.300195161175534 10.75
    endloop
  endfacet
  facet normal 0 0 -1
    outer loop
      vertex 100.25943816497934 5.929404794730813 10.75
      vertex 100.11861014228866 6.468640657621394 10.75
      vertex 100.26 6.37416697508023 10.75
    endloop
  endfacet
  facet normal 0 0 -1
    outer loop
      vertex 101.41 5.878295938610767 10.75
      vertex 101.41 6.300195161175534 10.75
      vertex 101.56056183502065 5.929404794730813 10.75
    endloop
  endfacet
  facet normal 0.24427641150944332 -0.719615103158162 0.6499870291680726
    outer loop
      vertex 101.41 5.878295938610767 10.75
      vertex 101.56056183502065 5.929404794730813 10.75
      vertex 101.41 6.292893218813452 11.209009874310894
    endloop
  endfacet
  facet normal 0.33611521222513724 -0.6815742263496422 0.6499870291680733
    outer loop
      vertex 101.56056183502065 5.929404794730813 10.75
      vertex 101.76 6.027756813566454 10.75
      vertex 101.41 6.292893218813452 11.209009874310894
    endloop
  endfacet
  facet normal 0 0 -1
    outer loop
      vertex 101.56056183502065 5.929404794730813 10.75
      vertex 101.56 6.37416697508023 10.75
      vertex 101.76 6.027756813566454 10.75
    endloop
  endfacet
  facet normal 0 0 -1
    outer loop
      vertex 101.56056183502065 5.929404794730813 10.75
      vertex 101.41 6.300195161175534 10.75
      vertex 101.56 6.37416697508023 10.75
    endloop
  endfacet
  facet normal 0 0 -1
    outer loop
      vertex 101.76 6.027756813566454 10.75
      vertex 101.70138985771133 6.468640657621394 10.75
      vertex 101.94489442931483 6.151299321504901 10.75
    endloop
  endfacet
  facet normal 0 0 -1
    outer loop
      vertex 101.76 6.027756813566454 10.75
      vertex 101.56 6.37416697508023 10.75
      vertex 101.70138985771133 6.468640657621394 10.75
    endloop
  endfacet
  facet normal 0 0 -1
    outer loop
      vertex 101.70138985771133 6.468640657621394 10.75
      vertex 101.82923881554251 6.580761184457488 10.75
      vertex 101.94489442931483 6.151299321504901 10.75
    endloop
  endfacet
  facet normal 0 0 -1
    outer loop
      vertex 101.94489442931483 6.151299321504901 10.75
      vertex 101.9413593423786 6.708610142288663 10.75
      vertex 102.11208152801713 6.297918471982869 10.75
    endloop
  endfacet
  facet normal 0 0 -1
    outer loop
      vertex 101.94489442931483 6.151299321504901 10.75
      vertex 101.82923881554251 6.580761184457488 10.75
      vertex 101.9413593423786 6.708610142288663 10.75
    endloop
  endfacet
  facet normal -0.42220298847094134 -0.6318714255601939 0.6499870291680706
    outer loop
      vertex 100.06 6.027756813566454 10.75
      vertex 100.41 6.848387313579397 11.775103548172329
      vertex 99.87510557068518 6.151299321504901 10.75
    endloop
  endfacet
  facet normal -0.5010667545271887 -0.5713571294915758 0.6499870291680725
    outer loop
      vertex 99.87510557068518 6.151299321504901 10.75
      vertex 100.41 7 11.908375421949028
      vertex 99.70791847198286 6.297918471982869 10.75
    endloop
  endfacet
  facet normal -0.33611521222515695 -0.6815742263496336 0.6499870291680719
    outer loop
      vertex 100.06 6.027756813566454 10.75
      vertex 100.25943816497934 5.929404794730813 10.75
      vertex 100.41 6.633974596215562 11.566666666666666
    endloop
  endfacet
  facet normal -0.33611521222515195 -0.6815742263496356 0.6499870291680727
    outer loop
      vertex 100.25943816497934 5.929404794730813 10.75
      vertex 100.41 6.292893218813452 11.209009874310894
      vertex 100.41 6.633974596215562 11.566666666666666
    endloop
  endfacet
  facet normal 0.42220298847093907 -0.6318714255601905 0.6499870291680755
    outer loop
      vertex 101.76 6.027756813566454 10.75
      vertex 101.94489442931483 6.151299321504901 10.75
      vertex 101.41 6.633974596215562 11.566666666666666
    endloop
  endfacet
  facet normal 0.501066754527212 -0.5713571294915538 0.6499870291680738
    outer loop
      vertex 101.94489442931483 6.151299321504901 10.75
      vertex 102.11208152801713 6.297918471982869 10.75
      vertex 101.41 6.848387313579397 11.775103548172329
    endloop
  endfacet
  facet normal 0.33611521222514285 -0.6815742263496377 0.6499870291680749
    outer loop
      vertex 101.76 6.027756813566454 10.75
      vertex 101.41 6.633974596215562 11.566666666666666
      vertex 101.41 6.292893218813452 11.209009874310894
    endloop
  endfacet
  facet normal 0 0 -1
    outer loop
      vertex 99.33940479473081 6.849438164979348 10.75
      vertex 99.26792609530858 7.060007623325715 10.75
      vertex 99.33940479473081 8.150561835020653 10.75
    endloop
  endfacet
  facet normal 0 0 -1
    outer loop
      vertex 99.26792609530858 7.060007623325715 10.75
      vertex 99.22454373566453 7.278105473225913 10.75
      vertex 99.26792609530858 7.939992376674285 10.75
    endloop
  endfacet
  facet normal 0 0 -1
    outer loop
      vertex 99.22454373566453 7.278105473225913 10.75
      vertex 99.21000000000001 7.5 10.75
      vertex 99.22454373566453 7.721894526774087 10.75
    endloop
  endfacet
  facet normal 0 0 -1
    outer loop
      vertex 99.22454373566453 7.278105473225913 10.75
      vertex 99.22454373566453 7.721894526774087 10.75
      vertex 99.26792609530858 7.939992376674285 10.75
    endloop
  endfacet
  facet normal 0 0 -1
    outer loop
      vertex 99.26792609530858 7.060007623325715 10.75
      vertex 99.26792609530858 7.939992376674285 10.75
      vertex 99.33940479473081 8.150561835020653 10.75
    endloop
  endfacet
  facet normal 0 0 -1
    outer loop
      vertex 99.33940479473081 6.849438164979348 10.75
      vertex 99.33940479473081 8.150561835020653 10.75
      vertex 99.43775681356645 8.35 10.75
    endloop
  endfacet
  facet normal 0 0 -1
    outer loop
      vertex 99.70791847198286 6.297918471982869 10.75
      vertex 99.5612993215049 6.465105570685175 10.75
      vertex 99.65429642582421 7.1635352413667235 10.75
    endloop
  endfacet
  facet normal 0 0 -1
    outer loop
      vertex 99.87510557068518 6.151299321504901 10.75
      vertex 99.78416697508023 6.85 10.75
      vertex 99.87864065762139 6.708610142288663 10.75
    endloop
  endfacet
  facet normal 0 0 -1
    outer loop
      vertex 99.70791847198286 6.297918471982869 10.75
      vertex 99.70895660773533 7.0025115379253835 10.75
      vertex 99.78416697508023 6.85 10.75
    endloop
  endfacet
  facet normal 0 0 -1
    outer loop
      vertex 99.70791847198286 6.297918471982869 10.75
      vertex 99.65429642582421 7.1635352413667235 10.75
      vertex 99.70895660773533 7.0025115379253835 10.75
    endloop
  endfacet
  facet normal 0 0 -1
    outer loop
      vertex 99.5612993215049 6.465105570685175 10.75
      vertex 99.62112168021405 7.330315950113933 10.75
      vertex 99.65429642582421 7.1635352413667235 10.75
    endloop
  endfacet
  facet normal 0 0 -1
    outer loop
      vertex 99.5612993215049 6.465105570685175 10.75
      vertex 99.61 7.5 10.75
      vertex 99.62112168021405 7.330315950113933 10.75
    endloop
  endfacet
  facet normal 0 0 -1
    outer loop
      vertex 99.5612993215049 6.465105570685175 10.75
      vertex 99.43775681356645 6.65 10.75
      vertex 99.5612993215049 8.534894429314825 10.75
    endloop
  endfacet
  facet normal 0 0 -1
    outer loop
      vertex 99.33940479473081 6.849438164979348 10.75
      vertex 99.43775681356645 8.35 10.75
      vertex 99.43775681356645 6.65 10.75
    endloop
  endfacet
  facet normal 0 0 -1
    outer loop
      vertex 102.11208152801713 6.297918471982869 10.75
      vertex 101.9413593423786 6.708610142288663 10.75
      vertex 102.03583302491977 6.85 10.75
    endloop
  endfacet
  facet normal 0 0 -1
    outer loop
      vertex 102.11208152801713 6.297918471982869 10.75
      vertex 102.1657035741758 7.1635352413667235 10.75
      vertex 102.2587006784951 6.465105570685175 10.75
    endloop
  endfacet
  facet normal 0 0 -1
    outer loop
      vertex 102.11208152801713 6.297918471982869 10.75
      vertex 102.03583302491977 6.85 10.75
      vertex 102.11104339226468 7.0025115379253835 10.75
    endloop
  endfacet
  facet normal 0 0 -1
    outer loop
      vertex 102.11208152801713 6.297918471982869 10.75
      vertex 102.11104339226468 7.0025115379253835 10.75
      vertex 102.1657035741758 7.1635352413667235 10.75
    endloop
  endfacet
  facet normal 0 0 -1
    outer loop
      vertex 102.2587006784951 6.465105570685175 10.75
      vertex 102.1657035741758 7.1635352413667235 10.75
      vertex 102.19887831978595 7.330315950113933 10.75
    endloop
  endfacet
  facet normal 0 0 -1
    outer loop
      vertex 102.2587006784951 6.465105570685175 10.75
      vertex 102.19887831978595 7.330315950113933 10.75
      vertex 102.21000000000001 7.5 10.75
    endloop
  endfacet
  facet normal 0 0 -1
    outer loop
      vertex 102.2587006784951 6.465105570685175 10.75
      vertex 102.38224318643354 8.35 10.75
      vertex 102.38224318643354 6.65 10.75
    endloop
  endfacet
  facet normal 0 0 -1
    outer loop
      vertex 102.38224318643354 6.65 10.75
      vertex 102.48059520526918 8.150561835020653 10.75
      vertex 102.48059520526918 6.849438164979348 10.75
    endloop
  endfacet
  facet normal 0 0 -1
    outer loop
      vertex 102.48059520526918 6.849438164979348 10.75
      vertex 102.55207390469141 7.939992376674285 10.75
      vertex 102.55207390469141 7.060007623325715 10.75
    endloop
  endfacet
  facet normal -0.5713571294915782 -0.5010667545271875 0.6499870291680713
    outer loop
      vertex 99.70791847198286 6.297918471982869 10.75
      vertex 100.41 7.11633650601052 11.998057758494014
      vertex 99.5612993215049 6.465105570685175 10.75
    endloop
  endfacet
  facet normal -0.6815742263496389 -0.336115212225146 0.6499870291680722
    outer loop
      vertex 99.33940479473081 6.849438164979348 10.75
      vertex 99.43775681356645 6.65 10.75
      vertex 100.41 7.211324865405187 12.059758019278771
    endloop
  endfacet
  facet normal -0.6318714255601854 -0.42220298847095283 0.6499870291680716
    outer loop
      vertex 99.5612993215049 6.465105570685175 10.75
      vertex 100.41 7.211324865405187 12.059758019278771
      vertex 99.43775681356645 6.65 10.75
    endloop
  endfacet
  facet normal -0.4222029884709326 -0.631871425560199 0.6499870291680715
    outer loop
      vertex 100.06 6.027756813566454 10.75
      vertex 100.41 6.633974596215562 11.566666666666666
      vertex 100.41 6.848387313579397 11.775103548172329
    endloop
  endfacet
  facet normal -0.7196151031581608 -0.24427641150944765 0.6499870291680725
    outer loop
      vertex 99.33940479473081 6.849438164979348 10.75
      vertex 100.41 7.366025403784438 12.129422228094118
      vertex 99.26792609530858 7.060007623325715 10.75
    endloop
  endfacet
  facet normal -0.7453431660366543 -0.1482579736665817 0.6499870291680717
    outer loop
      vertex 99.26792609530858 7.060007623325715 10.75
      vertex 100.41 7.434173751206302 12.144966439661577
      vertex 99.22454373566453 7.278105473225913 10.75
    endloop
  endfacet
  facet normal 0.5713571294915527 -0.5010667545272136 0.6499870291680737
    outer loop
      vertex 102.11208152801713 6.297918471982869 10.75
      vertex 102.2587006784951 6.465105570685175 10.75
      vertex 101.41 7 11.908375421949028
    endloop
  endfacet
  facet normal 0.6318714255602063 -0.4222029884709182 0.6499870291680737
    outer loop
      vertex 102.2587006784951 6.465105570685175 10.75
      vertex 102.38224318643354 6.65 10.75
      vertex 101.41 7.11633650601052 11.998057758494014
    endloop
  endfacet
  facet normal 0.6815742263496389 -0.336115212225146 0.649987029168072
    outer loop
      vertex 102.38224318643354 6.65 10.75
      vertex 102.48059520526918 6.849438164979348 10.75
      vertex 101.41 7.211324865405187 12.059758019278771
    endloop
  endfacet
  facet normal 0.4222029884709266 -0.631871425560201 0.6499870291680737
    outer loop
      vertex 101.94489442931483 6.151299321504901 10.75
      vertex 101.41 6.848387313579397 11.775103548172329
      vertex 101.41 6.633974596215562 11.566666666666666
    endloop
  endfacet
  facet normal 0.7196151031581611 -0.24427641150944773 0.649987029168072
    outer loop
      vertex 102.48059520526918 6.849438164979348 10.75
      vertex 102.55207390469141 7.060007623325715 10.75
      vertex 101.41 7.292893218813452 12.10193788316277
    endloop
  endfacet
  facet normal 0.7453431660366434 -0.1482579736666281 0.6499870291680736
    outer loop
      vertex 102.55207390469141 7.060007623325715 10.75
      vertex 102.59545626433548 7.278105473225913 10.75
      vertex 101.41 7.366025403784438 12.129422228094118
    endloop
  endfacet
  facet normal 0 0 -1
    outer loop
      vertex 99.5612993215049 6.465105570685175 10.75
      vertex 99.5612993215049 8.534894429314825 10.75
      vertex 99.61 7.5 10.75
    endloop
  endfacet
  facet normal 0 0 -1
    outer loop
      vertex 99.43775681356645 6.65 10.75
      vertex 99.43775681356645 8.35 10.75
      vertex 99.5612993215049 8.534894429314825 10.75
    endloop
  endfacet
  facet normal 0 0 -1
    outer loop
      vertex 99.61 7.5 10.75
      vertex 99.5612993215049 8.534894429314825 10.75
      vertex 99.62112168021405 7.669684049886067 10.75
    endloop
  endfacet
  facet normal 0 0 -1
    outer loop
      vertex 99.62112168021405 7.669684049886067 10.75
      vertex 99.5612993215049 8.534894429314825 10.75
      vertex 99.65429642582421 7.8364647586332765 10.75
    endloop
  endfacet
  facet normal 0 0 -1
    outer loop
      vertex 102.2587006784951 6.465105570685175 10.75
      vertex 102.21000000000001 7.5 10.75
      vertex 102.2587006784951 8.534894429314825 10.75
    endloop
  endfacet
  facet normal 0 0 -1
    outer loop
      vertex 102.55207390469141 7.060007623325715 10.75
      vertex 102.59545626433548 7.721894526774087 10.75
      vertex 102.59545626433548 7.278105473225913 10.75
    endloop
  endfacet
  facet normal 0 0 -1
    outer loop
      vertex 102.59545626433548 7.278105473225913 10.75
      vertex 102.59545626433548 7.721894526774087 10.75
      vertex 102.61 7.5 10.75
    endloop
  endfacet
  facet normal 0 0 -1
    outer loop
      vertex 102.55207390469141 7.060007623325715 10.75
      vertex 102.55207390469141 7.939992376674285 10.75
      vertex 102.59545626433548 7.721894526774087 10.75
    endloop
  endfacet
  facet normal 0 0 -1
    outer loop
      vertex 102.38224318643354 6.65 10.75
      vertex 102.38224318643354 8.35 10.75
      vertex 102.48059520526918 8.150561835020653 10.75
    endloop
  endfacet
  facet normal 0 0 -1
    outer loop
      vertex 102.48059520526918 6.849438164979348 10.75
      vertex 102.48059520526918 8.150561835020653 10.75
      vertex 102.55207390469141 7.939992376674285 10.75
    endloop
  endfacet
  facet normal 0 0 -1
    outer loop
      vertex 102.21000000000001 7.5 10.75
      vertex 102.19887831978595 7.669684049886067 10.75
      vertex 102.2587006784951 8.534894429314825 10.75
    endloop
  endfacet
  facet normal 0 0 -1
    outer loop
      vertex 102.2587006784951 6.465105570685175 10.75
      vertex 102.2587006784951 8.534894429314825 10.75
      vertex 102.38224318643354 8.35 10.75
    endloop
  endfacet
  facet normal 0 0 -1
    outer loop
      vertex 102.19887831978595 7.669684049886067 10.75
      vertex 102.1657035741758 7.8364647586332765 10.75
      vertex 102.2587006784951 8.534894429314825 10.75
    endloop
  endfacet
  facet normal -0.7583182006960888 -0.049702800789426134 0.6499870291680697
    outer loop
      vertex 99.22454373566453 7.278105473225913 10.75
      vertex 100.41 7.5 12.15
      vertex 99.21000000000001 7.5 10.75
    endloop
  endfacet
  facet normal -0.7583182006960881 0.0497028007894261 0.6499870291680706
    outer loop
      vertex 99.21000000000001 7.5 10.75
      vertex 100.41 7.565826248793698 12.144966439661577
      vertex 99.22454373566453 7.721894526774087 10.75
    endloop
  endfacet
  facet normal -0.7196151031581614 0.24427641150944682 0.6499870291680722
    outer loop
      vertex 99.26792609530858 7.939992376674285 10.75
      vertex 100.41 7.707106781186548 12.10193788316277
      vertex 99.33940479473081 8.150561835020653 10.75
    endloop
  endfacet
  facet normal -0.6815742263496383 0.33611521222514723 0.6499870291680722
    outer loop
      vertex 99.33940479473081 8.150561835020653 10.75
      vertex 100.41 7.788675134594813 12.059758019278771
      vertex 99.43775681356645 8.35 10.75
    endloop
  endfacet
  facet normal -0.745343166036654 0.14825797366658164 0.649987029168072
    outer loop
      vertex 99.22454373566453 7.721894526774087 10.75
      vertex 100.41 7.633974596215562 12.129422228094118
      vertex 99.26792609530858 7.939992376674285 10.75
    endloop
  endfacet
  facet normal 0.7583182006960842 -0.04970280078942585 0.649987029168075
    outer loop
      vertex 102.59545626433548 7.278105473225913 10.75
      vertex 102.61 7.5 10.75
      vertex 101.41 7.434173751206302 12.144966439661577
    endloop
  endfacet
  facet normal 0.7583182006960849 0.049702800789425884 0.6499870291680742
    outer loop
      vertex 102.61 7.5 10.75
      vertex 102.59545626433548 7.721894526774087 10.75
      vertex 101.41 7.5 12.15
    endloop
  endfacet
  facet normal 0.6815742263496383 0.33611521222514756 0.6499870291680722
    outer loop
      vertex 101.41 7.788675134594813 12.059758019278771
      vertex 102.48059520526918 8.150561835020653 10.75
      vertex 102.38224318643354 8.35 10.75
    endloop
  endfacet
  facet normal 0.7453431660366425 0.14825797366662793 0.6499870291680745
    outer loop
      vertex 102.59545626433548 7.721894526774087 10.75
      vertex 102.55207390469141 7.939992376674285 10.75
      vertex 101.41 7.565826248793698 12.144966439661577
    endloop
  endfacet
  facet normal 0.719615103158161 0.2442764115094467 0.6499870291680725
    outer loop
      vertex 102.55207390469141 7.939992376674285 10.75
      vertex 102.48059520526918 8.150561835020653 10.75
      vertex 101.41 7.633974596215562 12.129422228094118
    endloop
  endfacet
  facet normal -0.5713571294915571 -0.501066754527209 0.6499870291680733
    outer loop
      vertex 99.70791847198286 6.297918471982869 10.75
      vertex 100.41 7 11.908375421949028
      vertex 100.41 7.11633650601052 11.998057758494014
    endloop
  endfacet
  facet normal -0.5010667545272167 -0.571357129491554 0.6499870291680699
    outer loop
      vertex 99.87510557068518 6.151299321504901 10.75
      vertex 100.41 6.848387313579397 11.775103548172329
      vertex 100.41 7 11.908375421949028
    endloop
  endfacet
  facet normal -0.6318714255601976 -0.422202988470936 0.6499870291680707
    outer loop
      vertex 99.5612993215049 6.465105570685175 10.75
      vertex 100.41 7.11633650601052 11.998057758494014
      vertex 100.41 7.211324865405187 12.059758019278771
    endloop
  endfacet
  facet normal -0.6815742263496388 -0.3361152122251461 0.6499870291680722
    outer loop
      vertex 99.33940479473081 6.849438164979348 10.75
      vertex 100.41 7.211324865405187 12.059758019278771
      vertex 100.41 7.292893218813452 12.10193788316277
    endloop
  endfacet
  facet normal -0.7196151031581662 -0.2442764115094342 0.6499870291680715
    outer loop
      vertex 99.33940479473081 6.849438164979348 10.75
      vertex 100.41 7.292893218813452 12.10193788316277
      vertex 100.41 7.366025403784438 12.129422228094118
    endloop
  endfacet
  facet normal -0.7453431660366509 -0.14825797366659507 0.6499870291680725
    outer loop
      vertex 99.26792609530858 7.060007623325715 10.75
      vertex 100.41 7.366025403784438 12.129422228094118
      vertex 100.41 7.434173751206302 12.144966439661577
    endloop
  endfacet
  facet normal 0.5010667545272087 -0.5713571294915571 0.6499870291680734
    outer loop
      vertex 102.11208152801713 6.297918471982869 10.75
      vertex 101.41 7 11.908375421949028
      vertex 101.41 6.848387313579397 11.775103548172329
    endloop
  endfacet
  facet normal 0.5713571294915556 -0.5010667545272094 0.6499870291680743
    outer loop
      vertex 102.2587006784951 6.465105570685175 10.75
      vertex 101.41 7.11633650601052 11.998057758494014
      vertex 101.41 7 11.908375421949028
    endloop
  endfacet
  facet normal 0.6318714255601949 -0.42220298847093773 0.6499870291680723
    outer loop
      vertex 102.38224318643354 6.65 10.75
      vertex 101.41 7.211324865405187 12.059758019278771
      vertex 101.41 7.11633650601052 11.998057758494014
    endloop
  endfacet
  facet normal 0.6815742263496394 -0.3361152122251449 0.6499870291680724
    outer loop
      vertex 102.48059520526918 6.849438164979348 10.75
      vertex 101.41 7.292893218813452 12.10193788316277
      vertex 101.41 7.211324865405187 12.059758019278771
    endloop
  endfacet
  facet normal 0.7196151031581645 -0.24427641150943502 0.649987029168073
    outer loop
      vertex 102.55207390469141 7.060007623325715 10.75
      vertex 101.41 7.366025403784438 12.129422228094118
      vertex 101.41 7.292893218813452 12.10193788316277
    endloop
  endfacet
  facet normal -0.7583182006960854 -0.04970280078945474 0.6499870291680715
    outer loop
      vertex 99.22454373566453 7.278105473225913 10.75
      vertex 100.41 7.434173751206302 12.144966439661577
      vertex 100.41 7.5 12.15
    endloop
  endfacet
  facet normal -0.7453431660366522 0.14825797366659418 0.6499870291680712
    outer loop
      vertex 99.22454373566453 7.721894526774087 10.75
      vertex 100.41 7.565826248793698 12.144966439661577
      vertex 100.41 7.633974596215562 12.129422228094118
    endloop
  endfacet
  facet normal -0.7583182006960877 0.0497028007894554 0.6499870291680687
    outer loop
      vertex 99.21000000000001 7.5 10.75
      vertex 100.41 7.5 12.15
      vertex 100.41 7.565826248793698 12.144966439661577
    endloop
  endfacet
  facet normal -0.7196151031581645 0.24427641150943502 0.649987029168073
    outer loop
      vertex 99.26792609530858 7.939992376674285 10.75
      vertex 100.41 7.633974596215562 12.129422228094118
      vertex 100.41 7.707106781186548 12.10193788316277
    endloop
  endfacet
  facet normal -0.681574226349639 0.336115212225145 0.6499870291680724
    outer loop
      vertex 99.33940479473081 8.150561835020653 10.75
      vertex 100.41 7.707106781186548 12.10193788316277
      vertex 100.41 7.788675134594813 12.059758019278771
    endloop
  endfacet
  facet normal -0.6318714255601948 0.4222029884709378 0.6499870291680722
    outer loop
      vertex 100.41 7.88366349398948 11.998057758494014
      vertex 99.43775681356645 8.35 10.75
      vertex 100.41 7.788675134594813 12.059758019278771
    endloop
  endfacet
  facet normal 0.7453431660366481 -0.14825797366659565 0.6499870291680755
    outer loop
      vertex 102.59545626433548 7.278105473225913 10.75
      vertex 101.41 7.434173751206302 12.144966439661577
      vertex 101.41 7.366025403784438 12.129422228094118
    endloop
  endfacet
  facet normal 0.7583182006960838 -0.049702800789454424 0.6499870291680733
    outer loop
      vertex 102.61 7.5 10.75
      vertex 101.41 7.5 12.15
      vertex 101.41 7.434173751206302 12.144966439661577
    endloop
  endfacet
  facet normal 0.7453431660366509 0.14825797366659507 0.6499870291680725
    outer loop
      vertex 102.55207390469141 7.939992376674285 10.75
      vertex 101.41 7.633974596215562 12.129422228094118
      vertex 101.41 7.565826248793698 12.144966439661577
    endloop
  endfacet
  facet normal 0.7583182006960815 0.04970280078945582 0.6499870291680759
    outer loop
      vertex 102.59545626433548 7.721894526774087 10.75
      vertex 101.41 7.565826248793698 12.144966439661577
      vertex 101.41 7.5 12.15
    endloop
  endfacet
  facet normal 0.7196151031581659 0.24427641150943427 0.6499870291680717
    outer loop
      vertex 101.41 7.707106781186548 12.10193788316277
      vertex 101.41 7.633974596215562 12.129422228094118
      vertex 102.48059520526918 8.150561835020653 10.75
    endloop
  endfacet
  facet normal 0.681574226349639 0.3361152122251456 0.6499870291680724
    outer loop
      vertex 101.41 7.707106781186548 12.10193788316277
      vertex 102.48059520526918 8.150561835020653 10.75
      vertex 101.41 7.788675134594813 12.059758019278771
    endloop
  endfacet
  facet normal 0.6318714255601913 0.42220298847093934 0.6499870291680746
    outer loop
      vertex 101.41 7.88366349398948 11.998057758494014
      vertex 101.41 7.788675134594813 12.059758019278771
      vertex 102.2587006784951 8.534894429314825 10.75
    endloop
  endfacet
  facet normal 0 0 -1
    outer loop
      vertex 99.65429642582421 7.8364647586332765 10.75
      vertex 99.70791847198286 8.70208152801713 10.75
      vertex 99.70895660773533 7.9974884620746165 10.75
    endloop
  endfacet
  facet normal 0 0 -1
    outer loop
      vertex 99.70895660773533 7.9974884620746165 10.75
      vertex 99.70791847198286 8.70208152801713 10.75
      vertex 99.78416697508023 8.15 10.75
    endloop
  endfacet
  facet normal 0 0 -1
    outer loop
      vertex 99.65429642582421 7.8364647586332765 10.75
      vertex 99.5612993215049 8.534894429314825 10.75
      vertex 99.70791847198286 8.70208152801713 10.75
    endloop
  endfacet
  facet normal 0 0 -1
    outer loop
      vertex 99.78416697508023 8.15 10.75
      vertex 99.70791847198286 8.70208152801713 10.75
      vertex 99.87864065762139 8.291389857711337 10.75
    endloop
  endfacet
  facet normal 0 0 -1
    outer loop
      vertex 99.87864065762139 8.291389857711337 10.75
      vertex 99.87510557068518 8.8487006784951 10.75
      vertex 99.99076118445748 8.419238815542512 10.75
    endloop
  endfacet
  facet normal 0 0 -1
    outer loop
      vertex 99.87864065762139 8.291389857711337 10.75
      vertex 99.70791847198286 8.70208152801713 10.75
      vertex 99.87510557068518 8.8487006784951 10.75
    endloop
  endfacet
  facet normal 0 0 -1
    outer loop
      vertex 99.99076118445748 8.419238815542512 10.75
      vertex 99.87510557068518 8.8487006784951 10.75
      vertex 100.11861014228866 8.531359342378606 10.75
    endloop
  endfacet
  facet normal 0 0 -1
    outer loop
      vertex 100.11861014228866 8.531359342378606 10.75
      vertex 100.06 8.972243186433545 10.75
      vertex 100.26 8.62583302491977 10.75
    endloop
  endfacet
  facet normal 0 0 -1
    outer loop
      vertex 100.11861014228866 8.531359342378606 10.75
      vertex 99.87510557068518 8.8487006784951 10.75
      vertex 100.06 8.972243186433545 10.75
    endloop
  endfacet
  facet normal 0 0 -1
    outer loop
      vertex 100.26 8.62583302491977 10.75
      vertex 100.06 8.972243186433545 10.75
      vertex 100.25943816497934 9.070595205269187 10.75
    endloop
  endfacet
  facet normal 0 0 -1
    outer loop
      vertex 100.26 8.62583302491977 10.75
      vertex 100.25943816497934 9.070595205269187 10.75
      vertex 100.41 8.699804838824466 10.75
    endloop
  endfacet
  facet normal -0.3361152122251593 0.681574226349632 0.6499870291680725
    outer loop
      vertex 100.41 8.707106781186548 11.209009874310894
      vertex 100.25943816497934 9.070595205269187 10.75
      vertex 100.06 8.972243186433545 10.75
    endloop
  endfacet
  facet normal 0 0 -1
    outer loop
      vertex 102.1657035741758 7.8364647586332765 10.75
      vertex 102.11104339226468 7.9974884620746165 10.75
      vertex 102.11208152801713 8.70208152801713 10.75
    endloop
  endfacet
  facet normal 0 0 -1
    outer loop
      vertex 102.11104339226468 7.9974884620746165 10.75
      vertex 102.03583302491977 8.15 10.75
      vertex 102.11208152801713 8.70208152801713 10.75
    endloop
  endfacet
  facet normal 0 0 -1
    outer loop
      vertex 102.1657035741758 7.8364647586332765 10.75
      vertex 102.11208152801713 8.70208152801713 10.75
      vertex 102.2587006784951 8.534894429314825 10.75
    endloop
  endfacet
  facet normal 0 0 -1
    outer loop
      vertex 102.03583302491977 8.15 10.75
      vertex 101.9413593423786 8.291389857711337 10.75
      vertex 101.94489442931483 8.8487006784951 10.75
    endloop
  endfacet
  facet normal 0 0 -1
    outer loop
      vertex 101.82923881554251 8.419238815542512 10.75
      vertex 101.94489442931483 8.8487006784951 10.75
      vertex 101.9413593423786 8.291389857711337 10.75
    endloop
  endfacet
  facet normal 0 0 -1
    outer loop
      vertex 101.82923881554251 8.419238815542512 10.75
      vertex 101.70138985771133 8.531359342378606 10.75
      vertex 101.76 8.972243186433545 10.75
    endloop
  endfacet
  facet normal 0 0 -1
    outer loop
      vertex 101.56 8.62583302491977 10.75
      vertex 101.56056183502065 9.070595205269187 10.75
      vertex 101.70138985771133 8.531359342378606 10.75
    endloop
  endfacet
  facet normal 0 0 -1
    outer loop
      vertex 101.41 8.699804838824466 10.75
      vertex 101.41 9.121704061389233 10.75
      vertex 101.56 8.62583302491977 10.75
    endloop
  endfacet
  facet normal 0 0 -1
    outer loop
      vertex 101.82923881554251 8.419238815542512 10.75
      vertex 101.76 8.972243186433545 10.75
      vertex 101.94489442931483 8.8487006784951 10.75
    endloop
  endfacet
  facet normal 0 0 -1
    outer loop
      vertex 101.70138985771133 8.531359342378606 10.75
      vertex 101.56056183502065 9.070595205269187 10.75
      vertex 101.76 8.972243186433545 10.75
    endloop
  endfacet
  facet normal 0 0 -1
    outer loop
      vertex 102.03583302491977 8.15 10.75
      vertex 101.94489442931483 8.8487006784951 10.75
      vertex 102.11208152801713 8.70208152801713 10.75
    endloop
  endfacet
  facet normal -0.6318714255601858 0.42220298847095333 0.6499870291680709
    outer loop
      vertex 100.41 7.88366349398948 11.998057758494014
      vertex 99.5612993215049 8.534894429314825 10.75
      vertex 99.43775681356645 8.35 10.75
    endloop
  endfacet
  facet normal -0.5713571294915764 0.5010667545271883 0.6499870291680722
    outer loop
      vertex 100.41 8 11.908375421949028
      vertex 99.70791847198286 8.70208152801713 10.75
      vertex 99.5612993215049 8.534894429314825 10.75
    endloop
  endfacet
  facet normal -0.42220298847094206 0.6318714255601933 0.649987029168071
    outer loop
      vertex 99.87510557068518 8.8487006784951 10.75
      vertex 100.41 8.151612686420602 11.775103548172329
      vertex 100.41 8.36602540378444 11.566666666666666
    endloop
  endfacet
  facet normal -0.5010667545271913 0.5713571294915752 0.649987029168071
    outer loop
      vertex 99.70791847198286 8.70208152801713 10.75
      vertex 100.41 8.151612686420602 11.775103548172329
      vertex 99.87510557068518 8.8487006784951 10.75
    endloop
  endfacet
  facet normal -0.42220298847093934 0.6318714255601955 0.6499870291680705
    outer loop
      vertex 99.87510557068518 8.8487006784951 10.75
      vertex 100.41 8.36602540378444 11.566666666666666
      vertex 100.06 8.972243186433545 10.75
    endloop
  endfacet
  facet normal -0.3361152122251549 0.6815742263496355 0.649987029168071
    outer loop
      vertex 100.41 8.707106781186548 11.209009874310894
      vertex 100.06 8.972243186433545 10.75
      vertex 100.41 8.36602540378444 11.566666666666666
    endloop
  endfacet
  facet normal 0.501066754527214 0.5713571294915527 0.6499870291680733
    outer loop
      vertex 101.41 8 11.908375421949028
      vertex 102.11208152801713 8.70208152801713 10.75
      vertex 101.94489442931483 8.8487006784951 10.75
    endloop
  endfacet
  facet normal 0.631871425560207 0.4222029884709185 0.6499870291680729
    outer loop
      vertex 101.41 7.788675134594813 12.059758019278771
      vertex 102.38224318643354 8.35 10.75
      vertex 102.2587006784951 8.534894429314825 10.75
    endloop
  endfacet
  facet normal 0.5713571294915513 0.5010667545272148 0.6499870291680738
    outer loop
      vertex 101.41 7.88366349398948 11.998057758494014
      vertex 102.2587006784951 8.534894429314825 10.75
      vertex 102.11208152801713 8.70208152801713 10.75
    endloop
  endfacet
  facet normal 0.4222029884709301 0.6318714255601972 0.6499870291680749
    outer loop
      vertex 101.76 8.972243186433545 10.75
      vertex 101.41 8.36602540378444 11.566666666666666
      vertex 101.41 8.151612686420602 11.775103548172329
    endloop
  endfacet
  facet normal 0.4222029884709375 0.6318714255601928 0.6499870291680742
    outer loop
      vertex 101.94489442931483 8.8487006784951 10.75
      vertex 101.76 8.972243186433545 10.75
      vertex 101.41 8.151612686420602 11.775103548172329
    endloop
  endfacet
  facet normal 0.3361152122251479 0.6815742263496374 0.6499870291680729
    outer loop
      vertex 101.41 8.707106781186548 11.209009874310894
      vertex 101.41 8.36602540378444 11.566666666666666
      vertex 101.56056183502065 9.070595205269187 10.75
    endloop
  endfacet
  facet normal 0.3361152122251394 0.6815742263496405 0.6499870291680739
    outer loop
      vertex 101.76 8.972243186433545 10.75
      vertex 101.56056183502065 9.070595205269187 10.75
      vertex 101.41 8.36602540378444 11.566666666666666
    endloop
  endfacet
  facet normal 0 0 -1
    outer loop
      vertex 100.41 8.699804838824466 10.75
      vertex 100.25943816497934 9.070595205269187 10.75
      vertex 100.41 9.121704061389233 10.75
    endloop
  endfacet
  facet normal -0.2442764115094432 0.719615103158162 0.6499870291680726
    outer loop
      vertex 100.41 8.707106781186548 11.209009874310894
      vertex 100.41 9.121704061389233 10.75
      vertex 100.25943816497934 9.070595205269187 10.75
    endloop
  endfacet
  facet normal 0 0 -1
    outer loop
      vertex 101.56 8.62583302491977 10.75
      vertex 101.41 9.121704061389233 10.75
      vertex 101.56056183502065 9.070595205269187 10.75
    endloop
  endfacet
  facet normal 0.24427641150944343 0.719615103158162 0.6499870291680726
    outer loop
      vertex 101.41 8.707106781186548 11.209009874310894
      vertex 101.56056183502065 9.070595205269187 10.75
      vertex 101.41 9.121704061389233 10.75
    endloop
  endfacet
  facet normal -0.5010667545272055 0.5713571294915605 0.649987029168073
    outer loop
      vertex 100.41 8 11.908375421949028
      vertex 100.41 8.151612686420602 11.775103548172329
      vertex 99.70791847198286 8.70208152801713 10.75
    endloop
  endfacet
  facet normal -0.5713571294915624 0.5010667545272066 0.6499870291680706
    outer loop
      vertex 100.41 8 11.908375421949028
      vertex 99.5612993215049 8.534894429314825 10.75
      vertex 100.41 7.88366349398948 11.998057758494014
    endloop
  endfacet
  facet normal 0.5713571294915576 0.5010667545272086 0.6499870291680732
    outer loop
      vertex 101.41 8 11.908375421949028
      vertex 101.41 7.88366349398948 11.998057758494014
      vertex 102.11208152801713 8.70208152801713 10.75
    endloop
  endfacet
  facet normal 0.501066754527202 0.5713571294915619 0.6499870291680745
    outer loop
      vertex 101.41 8 11.908375421949028
      vertex 101.94489442931483 8.8487006784951 10.75
      vertex 101.41 8.151612686420602 11.775103548172329
    endloop
  endfacet
  facet normal 1 0 0
    outer loop
      vertex 100.41 -8.699804838824466 9
      vertex 100.41 -6.300195161175534 9
      vertex 100.41 -8.699804838824466 10.75
    endloop
  endfacet
  facet normal -1 0 0
    outer loop
      vertex 101.41 -8.699804838824466 9
      vertex 101.41 -6.300195161175534 10.75
      vertex 101.41 -6.300195161175534 9
    endloop
  endfacet
  facet normal -1 0 0
    outer loop
      vertex 101.41 -8.699804838824466 9
      vertex 101.41 -8.699804838824466 10.75
      vertex 101.41 -6.300195161175534 10.75
    endloop
  endfacet
  facet normal 1 0 0
    outer loop
      vertex 100.41 -8.699804838824466 10.75
      vertex 100.41 -6.300195161175534 9
      vertex 100.41 -6.300195161175534 10.75
    endloop
  endfacet
  facet normal 1 0 0
    outer loop
      vertex 100.41 -9.121704061389233 10.75
      vertex 100.41 -8.699804838824466 10.75
      vertex 100.41 -8.707106781186548 11.209009874310894
    endloop
  endfacet
  facet normal -1 0 0
    outer loop
      vertex 101.41 -9.121704061389233 10.75
      vertex 101.41 -8.707106781186548 11.209009874310894
      vertex 101.41 -8.699804838824466 10.75
    endloop
  endfacet
  facet normal 1 0 0
    outer loop
      vertex 100.41 -8.699804838824466 10.75
      vertex 100.41 -8.36602540378444 11.566666666666666
      vertex 100.41 -8.707106781186548 11.209009874310894
    endloop
  endfacet
  facet normal 1 0 0
    outer loop
      vertex 100.41 -8.699804838824466 10.75
      vertex 100.41 -8.151612686420602 11.775103548172329
      vertex 100.41 -8.36602540378444 11.566666666666666
    endloop
  endfacet
  facet normal 1 0 0
    outer loop
      vertex 100.41 -8.699804838824466 10.75
      vertex 100.41 -8 11.908375421949028
      vertex 100.41 -8.151612686420602 11.775103548172329
    endloop
  endfacet
  facet normal 1 0 0
    outer loop
      vertex 100.41 -8.699804838824466 10.75
      vertex 100.41 -7.88366349398948 11.998057758494014
      vertex 100.41 -8 11.908375421949028
    endloop
  endfacet
  facet normal -1 0 0
    outer loop
      vertex 101.41 -8.699804838824466 10.75
      vertex 101.41 -8.707106781186548 11.209009874310894
      vertex 101.41 -6.300195161175534 10.75
    endloop
  endfacet
  facet normal 1 0 0
    outer loop
      vertex 100.41 -8.699804838824466 10.75
      vertex 100.41 -6.633974596215562 11.566666666666666
      vertex 100.41 -6.848387313579397 11.775103548172329
    endloop
  endfacet
  facet normal -1 0 0
    outer loop
      vertex 101.41 -8.707106781186548 11.209009874310894
      vertex 101.41 -8.36602540378444 11.566666666666666
      vertex 101.41 -6.300195161175534 10.75
    endloop
  endfacet
  facet normal -1 0 0
    outer loop
      vertex 101.41 -8.36602540378444 11.566666666666666
      vertex 101.41 -8.151612686420602 11.775103548172329
      vertex 101.41 -6.300195161175534 10.75
    endloop
  endfacet
  facet normal 1 0 0
    outer loop
      vertex 100.41 -8.699804838824466 10.75
      vertex 100.41 -6.300195161175534 10.75
      vertex 100.41 -6.292893218813452 11.209009874310894
    endloop
  endfacet
  facet normal 1 0 0
    outer loop
      vertex 100.41 -8.699804838824466 10.75
      vertex 100.41 -6.292893218813452 11.209009874310894
      vertex 100.41 -6.633974596215562 11.566666666666666
    endloop
  endfacet
  facet normal -1 0 0
    outer loop
      vertex 101.41 -6.633974596215562 11.566666666666666
      vertex 101.41 -6.300195161175534 10.75
      vertex 101.41 -6.848387313579397 11.775103548172329
    endloop
  endfacet
  facet normal 1 0 0
    outer loop
      vertex 100.41 -8.699804838824466 10.75
      vertex 100.41 -7.788675134594813 12.059758019278771
      vertex 100.41 -7.88366349398948 11.998057758494014
    endloop
  endfacet
  facet normal 1 0 0
    outer loop
      vertex 100.41 -8.699804838824466 10.75
      vertex 100.41 -7.707106781186548 12.10193788316277
      vertex 100.41 -7.788675134594813 12.059758019278771
    endloop
  endfacet
  facet normal 1 0 0
    outer loop
      vertex 100.41 -8.699804838824466 10.75
      vertex 100.41 -7.633974596215562 12.129422228094118
      vertex 100.41 -7.707106781186548 12.10193788316277
    endloop
  endfacet
  facet normal 1 0 0
    outer loop
      vertex 100.41 -8.699804838824466 10.75
      vertex 100.41 -7.565826248793698 12.144966439661577
      vertex 100.41 -7.633974596215562 12.129422228094118
    endloop
  endfacet
  facet normal 1 0 0
    outer loop
      vertex 100.41 -8.699804838824466 10.75
      vertex 100.41 -7.5 12.15
      vertex 100.41 -7.565826248793698 12.144966439661577
    endloop
  endfacet
  facet normal 1 0 0
    outer loop
      vertex 100.41 -8.699804838824466 10.75
      vertex 100.41 -7.366025403784438 12.129422228094118
      vertex 100.41 -7.434173751206302 12.144966439661577
    endloop
  endfacet
  facet normal 1 0 0
    outer loop
      vertex 100.41 -8.699804838824466 10.75
      vertex 100.41 -7.292893218813452 12.10193788316277
      vertex 100.41 -7.366025403784438 12.129422228094118
    endloop
  endfacet
  facet normal 1 0 0
    outer loop
      vertex 100.41 -8.699804838824466 10.75
      vertex 100.41 -7.211324865405187 12.059758019278771
      vertex 100.41 -7.292893218813452 12.10193788316277
    endloop
  endfacet
  facet normal 1 0 0
    outer loop
      vertex 100.41 -8.699804838824466 10.75
      vertex 100.41 -7.434173751206302 12.144966439661577
      vertex 100.41 -7.5 12.15
    endloop
  endfacet
  facet normal 1 0 0
    outer loop
      vertex 100.41 -8.699804838824466 10.75
      vertex 100.41 -6.848387313579397 11.775103548172329
      vertex 100.41 -7 11.908375421949028
    endloop
  endfacet
  facet normal 1 0 0
    outer loop
      vertex 100.41 -8.699804838824466 10.75
      vertex 100.41 -7 11.908375421949028
      vertex 100.41 -7.11633650601052 11.998057758494014
    endloop
  endfacet
  facet normal 1 0 0
    outer loop
      vertex 100.41 -8.699804838824466 10.75
      vertex 100.41 -7.11633650601052 11.998057758494014
      vertex 100.41 -7.211324865405187 12.059758019278771
    endloop
  endfacet
  facet normal -1 0 0
    outer loop
      vertex 101.41 -8.151612686420602 11.775103548172329
      vertex 101.41 -8 11.908375421949028
      vertex 101.41 -6.300195161175534 10.75
    endloop
  endfacet
  facet normal -1 0 0
    outer loop
      vertex 101.41 -8 11.908375421949028
      vertex 101.41 -7.88366349398948 11.998057758494014
      vertex 101.41 -6.300195161175534 10.75
    endloop
  endfacet
  facet normal -1 0 0
    outer loop
      vertex 101.41 -7.88366349398948 11.998057758494014
      vertex 101.41 -7.788675134594813 12.059758019278771
      vertex 101.41 -6.300195161175534 10.75
    endloop
  endfacet
  facet normal -1 0 0
    outer loop
      vertex 101.41 -7.788675134594813 12.059758019278771
      vertex 101.41 -7.707106781186548 12.10193788316277
      vertex 101.41 -6.300195161175534 10.75
    endloop
  endfacet
  facet normal -1 0 0
    outer loop
      vertex 101.41 -7.707106781186548 12.10193788316277
      vertex 101.41 -7.633974596215562 12.129422228094118
      vertex 101.41 -6.300195161175534 10.75
    endloop
  endfacet
  facet normal -1 0 0
    outer loop
      vertex 101.41 -7.633974596215562 12.129422228094118
      vertex 101.41 -7.565826248793698 12.144966439661577
      vertex 101.41 -6.300195161175534 10.75
    endloop
  endfacet
  facet normal -1 0 0
    outer loop
      vertex 101.41 -7.565826248793698 12.144966439661577
      vertex 101.41 -7.5 12.15
      vertex 101.41 -6.300195161175534 10.75
    endloop
  endfacet
  facet normal -1 0 0
    outer loop
      vertex 101.41 -7.434173751206302 12.144966439661577
      vertex 101.41 -7.366025403784438 12.129422228094118
      vertex 101.41 -6.300195161175534 10.75
    endloop
  endfacet
  facet normal -1 0 0
    outer loop
      vertex 101.41 -7.366025403784438 12.129422228094118
      vertex 101.41 -7.292893218813452 12.10193788316277
      vertex 101.41 -6.300195161175534 10.75
    endloop
  endfacet
  facet normal -1 0 0
    outer loop
      vertex 101.41 -7.292893218813452 12.10193788316277
      vertex 101.41 -7.211324865405187 12.059758019278771
      vertex 101.41 -6.300195161175534 10.75
    endloop
  endfacet
  facet normal -1 0 0
    outer loop
      vertex 101.41 -7.5 12.15
      vertex 101.41 -7.434173751206302 12.144966439661577
      vertex 101.41 -6.300195161175534 10.75
    endloop
  endfacet
  facet normal -1 0 0
    outer loop
      vertex 101.41 -7 11.908375421949028
      vertex 101.41 -6.848387313579397 11.775103548172329
      vertex 101.41 -6.300195161175534 10.75
    endloop
  endfacet
  facet normal -1 0 0
    outer loop
      vertex 101.41 -7 11.908375421949028
      vertex 101.41 -6.300195161175534 10.75
      vertex 101.41 -7.11633650601052 11.998057758494014
    endloop
  endfacet
  facet normal -1 0 0
    outer loop
      vertex 101.41 -7.11633650601052 11.998057758494014
      vertex 101.41 -6.300195161175534 10.75
      vertex 101.41 -7.211324865405187 12.059758019278771
    endloop
  endfacet
  facet normal 1 0 0
    outer loop
      vertex 100.41 -6.300195161175534 10.75
      vertex 100.41 -5.878295938610767 10.75
      vertex 100.41 -6.292893218813452 11.209009874310894
    endloop
  endfacet
  facet normal -1 0 0
    outer loop
      vertex 101.41 -6.300195161175534 10.75
      vertex 101.41 -6.292893218813452 11.209009874310894
      vertex 101.41 -5.878295938610767 10.75
    endloop
  endfacet
  facet normal -1 0 0
    outer loop
      vertex 101.41 -6.633974596215562 11.566666666666666
      vertex 101.41 -6.292893218813452 11.209009874310894
      vertex 101.41 -6.300195161175534 10.75
    endloop
  endfacet
  facet normal 1 0 0
    outer loop
      vertex 100.41 5.878295938610767 10.75
      vertex 100.41 6.300195161175534 10.75
      vertex 100.41 6.292893218813452 11.209009874310894
    endloop
  endfacet
  facet normal -1 0 0
    outer loop
      vertex 101.41 5.878295938610767 10.75
      vertex 101.41 6.292893218813452 11.209009874310894
      vertex 101.41 6.300195161175534 10.75
    endloop
  endfacet
  facet normal 1 0 0
    outer loop
      vertex 100.41 6.300195161175534 10.75
      vertex 100.41 6.633974596215562 11.566666666666666
      vertex 100.41 6.292893218813452 11.209009874310894
    endloop
  endfacet
  facet normal 1 0 0
    outer loop
      vertex 100.41 6.300195161175534 9
      vertex 100.41 8.699804838824466 9
      vertex 100.41 6.300195161175534 10.75
    endloop
  endfacet
  facet normal -1 0 0
    outer loop
      vertex 101.41 6.300195161175534 9
      vertex 101.41 8.699804838824466 10.75
      vertex 101.41 8.699804838824466 9
    endloop
  endfacet
  facet normal -1 0 0
    outer loop
      vertex 101.41 6.300195161175534 9
      vertex 101.41 6.300195161175534 10.75
      vertex 101.41 8.699804838824466 10.75
    endloop
  endfacet
  facet normal 1 0 0
    outer loop
      vertex 100.41 6.300195161175534 10.75
      vertex 100.41 8.699804838824466 9
      vertex 100.41 8.699804838824466 10.75
    endloop
  endfacet
  facet normal -1 0 0
    outer loop
      vertex 101.41 6.300195161175534 10.75
      vertex 101.41 6.292893218813452 11.209009874310894
      vertex 101.41 8.699804838824466 10.75
    endloop
  endfacet
  facet normal 1 0 0
    outer loop
      vertex 100.41 6.300195161175534 10.75
      vertex 100.41 6.848387313579397 11.775103548172329
      vertex 100.41 6.633974596215562 11.566666666666666
    endloop
  endfacet
  facet normal -1 0 0
    outer loop
      vertex 101.41 6.292893218813452 11.209009874310894
      vertex 101.41 6.633974596215562 11.566666666666666
      vertex 101.41 8.699804838824466 10.75
    endloop
  endfacet
  facet normal 1 0 0
    outer loop
      vertex 100.41 6.300195161175534 10.75
      vertex 100.41 8.699804838824466 10.75
      vertex 100.41 8.707106781186548 11.209009874310894
    endloop
  endfacet
  facet normal 1 0 0
    outer loop
      vertex 100.41 6.300195161175534 10.75
      vertex 100.41 8.36602540378444 11.566666666666666
      vertex 100.41 8.151612686420602 11.775103548172329
    endloop
  endfacet
  facet normal 1 0 0
    outer loop
      vertex 100.41 6.300195161175534 10.75
      vertex 100.41 8.707106781186548 11.209009874310894
      vertex 100.41 8.36602540378444 11.566666666666666
    endloop
  endfacet
  facet normal -1 0 0
    outer loop
      vertex 101.41 6.633974596215562 11.566666666666666
      vertex 101.41 6.848387313579397 11.775103548172329
      vertex 101.41 8.699804838824466 10.75
    endloop
  endfacet
  facet normal 1 0 0
    outer loop
      vertex 100.41 6.300195161175534 10.75
      vertex 100.41 7 11.908375421949028
      vertex 100.41 6.848387313579397 11.775103548172329
    endloop
  endfacet
  facet normal 1 0 0
    outer loop
      vertex 100.41 6.300195161175534 10.75
      vertex 100.41 7.11633650601052 11.998057758494014
      vertex 100.41 7 11.908375421949028
    endloop
  endfacet
  facet normal 1 0 0
    outer loop
      vertex 100.41 6.300195161175534 10.75
      vertex 100.41 7.211324865405187 12.059758019278771
      vertex 100.41 7.11633650601052 11.998057758494014
    endloop
  endfacet
  facet normal 1 0 0
    outer loop
      vertex 100.41 6.300195161175534 10.75
      vertex 100.41 7.292893218813452 12.10193788316277
      vertex 100.41 7.211324865405187 12.059758019278771
    endloop
  endfacet
  facet normal 1 0 0
    outer loop
      vertex 100.41 6.300195161175534 10.75
      vertex 100.41 7.366025403784438 12.129422228094118
      vertex 100.41 7.292893218813452 12.10193788316277
    endloop
  endfacet
  facet normal 1 0 0
    outer loop
      vertex 100.41 6.300195161175534 10.75
      vertex 100.41 7.434173751206302 12.144966439661577
      vertex 100.41 7.366025403784438 12.129422228094118
    endloop
  endfacet
  facet normal 1 0 0
    outer loop
      vertex 100.41 6.300195161175534 10.75
      vertex 100.41 7.5 12.15
      vertex 100.41 7.434173751206302 12.144966439661577
    endloop
  endfacet
  facet normal 1 0 0
    outer loop
      vertex 100.41 6.300195161175534 10.75
      vertex 100.41 7.633974596215562 12.129422228094118
      vertex 100.41 7.565826248793698 12.144966439661577
    endloop
  endfacet
  facet normal 1 0 0
    outer loop
      vertex 100.41 6.300195161175534 10.75
      vertex 100.41 7.707106781186548 12.10193788316277
      vertex 100.41 7.633974596215562 12.129422228094118
    endloop
  endfacet
  facet normal 1 0 0
    outer loop
      vertex 100.41 6.300195161175534 10.75
      vertex 100.41 7.788675134594813 12.059758019278771
      vertex 100.41 7.707106781186548 12.10193788316277
    endloop
  endfacet
  facet normal 1 0 0
    outer loop
      vertex 100.41 6.300195161175534 10.75
      vertex 100.41 7.565826248793698 12.144966439661577
      vertex 100.41 7.5 12.15
    endloop
  endfacet
  facet normal 1 0 0
    outer loop
      vertex 100.41 6.300195161175534 10.75
      vertex 100.41 8.151612686420602 11.775103548172329
      vertex 100.41 8 11.908375421949028
    endloop
  endfacet
  facet normal 1 0 0
    outer loop
      vertex 100.41 6.300195161175534 10.75
      vertex 100.41 8 11.908375421949028
      vertex 100.41 7.88366349398948 11.998057758494014
    endloop
  endfacet
  facet normal 1 0 0
    outer loop
      vertex 100.41 6.300195161175534 10.75
      vertex 100.41 7.88366349398948 11.998057758494014
      vertex 100.41 7.788675134594813 12.059758019278771
    endloop
  endfacet
  facet normal -1 0 0
    outer loop
      vertex 101.41 6.848387313579397 11.775103548172329
      vertex 101.41 7 11.908375421949028
      vertex 101.41 8.699804838824466 10.75
    endloop
  endfacet
  facet normal -1 0 0
    outer loop
      vertex 101.41 7 11.908375421949028
      vertex 101.41 7.11633650601052 11.998057758494014
      vertex 101.41 8.699804838824466 10.75
    endloop
  endfacet
  facet normal -1 0 0
    outer loop
      vertex 101.41 7.11633650601052 11.998057758494014
      vertex 101.41 7.211324865405187 12.059758019278771
      vertex 101.41 8.699804838824466 10.75
    endloop
  endfacet
  facet normal -1 0 0
    outer loop
      vertex 101.41 7.211324865405187 12.059758019278771
      vertex 101.41 7.292893218813452 12.10193788316277
      vertex 101.41 8.699804838824466 10.75
    endloop
  endfacet
  facet normal -1 0 0
    outer loop
      vertex 101.41 7.292893218813452 12.10193788316277
      vertex 101.41 7.366025403784438 12.129422228094118
      vertex 101.41 8.699804838824466 10.75
    endloop
  endfacet
  facet normal -1 0 0
    outer loop
      vertex 101.41 7.366025403784438 12.129422228094118
      vertex 101.41 7.434173751206302 12.144966439661577
      vertex 101.41 8.699804838824466 10.75
    endloop
  endfacet
  facet normal -1 0 0
    outer loop
      vertex 101.41 7.434173751206302 12.144966439661577
      vertex 101.41 7.5 12.15
      vertex 101.41 8.699804838824466 10.75
    endloop
  endfacet
  facet normal -1 0 0
    outer loop
      vertex 101.41 7.565826248793698 12.144966439661577
      vertex 101.41 7.633974596215562 12.129422228094118
      vertex 101.41 8.699804838824466 10.75
    endloop
  endfacet
  facet normal -1 0 0
    outer loop
      vertex 101.41 7.707106781186548 12.10193788316277
      vertex 101.41 8.699804838824466 10.75
      vertex 101.41 7.633974596215562 12.129422228094118
    endloop
  endfacet
  facet normal -1 0 0
    outer loop
      vertex 101.41 7.88366349398948 11.998057758494014
      vertex 101.41 8.699804838824466 10.75
      vertex 101.41 7.788675134594813 12.059758019278771
    endloop
  endfacet
  facet normal -1 0 0
    outer loop
      vertex 101.41 7.707106781186548 12.10193788316277
      vertex 101.41 7.788675134594813 12.059758019278771
      vertex 101.41 8.699804838824466 10.75
    endloop
  endfacet
  facet normal -1 0 0
    outer loop
      vertex 101.41 7.5 12.15
      vertex 101.41 7.565826248793698 12.144966439661577
      vertex 101.41 8.699804838824466 10.75
    endloop
  endfacet
  facet normal 1 0 0
    outer loop
      vertex 100.41 8.699804838824466 10.75
      vertex 100.41 9.121704061389233 10.75
      vertex 100.41 8.707106781186548 11.209009874310894
    endloop
  endfacet
  facet normal -1 0 0
    outer loop
      vertex 101.41 8.699804838824466 10.75
      vertex 101.41 8.707106781186548 11.209009874310894
      vertex 101.41 9.121704061389233 10.75
    endloop
  endfacet
  facet normal -1 0 0
    outer loop
      vertex 101.41 8.699804838824466 10.75
      vertex 101.41 8.151612686420602 11.775103548172329
      vertex 101.41 8.36602540378444 11.566666666666666
    endloop
  endfacet
  facet normal -1 0 0
    outer loop
      vertex 101.41 8.699804838824466 10.75
      vertex 101.41 8.36602540378444 11.566666666666666
      vertex 101.41 8.707106781186548 11.209009874310894
    endloop
  endfacet
  facet normal -1 0 0
    outer loop
      vertex 101.41 8 11.908375421949028
      vertex 101.41 8.151612686420602 11.775103548172329
      vertex 101.41 8.699804838824466 10.75
    endloop
  endfacet
  facet normal -1 0 0
    outer loop
      vertex 101.41 8 11.908375421949028
      vertex 101.41 8.699804838824466 10.75
      vertex 101.41 7.88366349398948 11.998057758494014
    endloop
  endfacet
  facet normal -0.3214394653031609 -0.9469301294951059 2.083544377817961e-18
    outer loop
      vertex 99.95329141908728 -9.809698831278217 6
      vertex 100.2629523872437 -9.91481456572267 6
      vertex 100.2629523872437 -9.91481456572267 9
    endloop
  endfacet
  facet normal -0.4422886902189962 -0.8968727415326908 0
    outer loop
      vertex 99.95329141908728 -9.809698831278217 6
      vertex 99.95329141908728 -9.809698831278217 9
      vertex 99.66 -9.665063509461095 6
    endloop
  endfacet
  facet normal -0.1950903220161273 -0.9807852804032307 0
    outer loop
      vertex 100.58368451944987 -9.978612153434526 6
      vertex 100.58368451944987 -9.978612153434526 9
      vertex 100.2629523872437 -9.91481456572267 6
    endloop
  endfacet
  facet normal -0.06540312923014593 -0.9978589232386033 -1.3127308299607954e-20
    outer loop
      vertex 100.58368451944987 -9.978612153434526 6
      vertex 100.91 -10 6
      vertex 100.91 -10 9
    endloop
  endfacet
  facet normal 0.0654031292301431 -0.9978589232386035 3.8311155963498396e-19
    outer loop
      vertex 100.91 -10 6
      vertex 101.23631548055013 -9.978612153434526 6
      vertex 101.23631548055013 -9.978612153434526 9
    endloop
  endfacet
  facet normal 0.1950903220161273 -0.9807852804032307 1.1848743230346474e-18
    outer loop
      vertex 101.23631548055013 -9.978612153434526 6
      vertex 101.5570476127563 -9.91481456572267 6
      vertex 101.5570476127563 -9.91481456572267 9
    endloop
  endfacet
  facet normal 0.3214394653031609 -0.9469301294951059 -2.083544377817961e-18
    outer loop
      vertex 101.5570476127563 -9.91481456572267 6
      vertex 101.86670858091273 -9.809698831278217 6
      vertex 101.86670858091273 -9.809698831278217 9
    endloop
  endfacet
  facet normal -0.3214394653031609 -0.9469301294951059 0
    outer loop
      vertex 99.95329141908728 -9.809698831278217 6
      vertex 100.2629523872437 -9.91481456572267 9
      vertex 99.95329141908728 -9.809698831278217 9
    endloop
  endfacet
  facet normal -0.06540312923014593 -0.9978589232386033 0
    outer loop
      vertex 100.58368451944987 -9.978612153434526 6
      vertex 100.91 -10 9
      vertex 100.58368451944987 -9.978612153434526 9
    endloop
  endfacet
  facet normal 0.0654031292301431 -0.9978589232386035 0
    outer loop
      vertex 100.91 -10 6
      vertex 101.23631548055013 -9.978612153434526 9
      vertex 100.91 -10 9
    endloop
  endfacet
  facet normal -0.1950903220161273 -0.9807852804032307 0
    outer loop
      vertex 100.2629523872437 -9.91481456572267 6
      vertex 100.58368451944987 -9.978612153434526 9
      vertex 100.2629523872437 -9.91481456572267 9
    endloop
  endfacet
  facet normal 0.1950903220161273 -0.9807852804032307 0
    outer loop
      vertex 101.23631548055013 -9.978612153434526 6
      vertex 101.5570476127563 -9.91481456572267 9
      vertex 101.23631548055013 -9.978612153434526 9
    endloop
  endfacet
  facet normal 0.3214394653031609 -0.9469301294951059 0
    outer loop
      vertex 101.5570476127563 -9.91481456572267 6
      vertex 101.86670858091273 -9.809698831278217 9
      vertex 101.5570476127563 -9.91481456572267 9
    endloop
  endfacet
  facet normal 0.4422886902190134 -0.8968727415326823 0
    outer loop
      vertex 101.86670858091273 -9.809698831278217 6
      vertex 102.16 -9.665063509461095 9
      vertex 101.86670858091273 -9.809698831278217 9
    endloop
  endfacet
  facet normal -0.6593458151000571 -0.7518398074789878 2.1119645108342245e-18
    outer loop
      vertex 99.14223304703363 -9.267766952966369 6
      vertex 99.3880964274782 -9.483383350728088 6
      vertex 99.3880964274782 -9.483383350728088 9
    endloop
  endfacet
  facet normal -0.7518398074789756 -0.6593458151000708 1.0521958250904358e-18
    outer loop
      vertex 99.14223304703363 -9.267766952966369 6
      vertex 98.9266166492719 -9.0219035725218 9
      vertex 98.9266166492719 -9.0219035725218 6
    endloop
  endfacet
  facet normal -0.8314696123025539 -0.5555702330195892 2.2045657213222163e-18
    outer loop
      vertex 98.9266166492719 -9.0219035725218 6
      vertex 98.7449364905389 -8.75 9
      vertex 98.7449364905389 -8.75 6
    endloop
  endfacet
  facet normal -0.8968727415326887 -0.44228869021900047 2.5363111211134725e-18
    outer loop
      vertex 98.7449364905389 -8.75 6
      vertex 98.60030116872178 -8.456708580912725 9
      vertex 98.60030116872178 -8.456708580912725 6
    endloop
  endfacet
  facet normal -0.9469301294951064 -0.32143946530315926 0
    outer loop
      vertex 98.49518543427733 -8.147047612756301 6
      vertex 98.60030116872178 -8.456708580912725 6
      vertex 98.49518543427733 -8.147047612756301 9
    endloop
  endfacet
  facet normal -0.9807852804032273 -0.195090322016144 -1.1148173404586094e-18
    outer loop
      vertex 98.49518543427733 -8.147047612756301 6
      vertex 98.43138784656547 -7.826315480550129 9
      vertex 98.43138784656547 -7.826315480550129 6
    endloop
  endfacet
  facet normal -0.9978589232386034 -0.06540312923014452 -1.9811943396729997e-19
    outer loop
      vertex 98.43138784656547 -7.826315480550129 6
      vertex 98.41 -7.5 9
      vertex 98.41 -7.5 6
    endloop
  endfacet
  facet normal -0.9978589232386034 0.06540312923014452 1.9811943396729997e-19
    outer loop
      vertex 98.41 -7.5 6
      vertex 98.43138784656547 -7.173684519449871 9
      vertex 98.43138784656547 -7.173684519449871 6
    endloop
  endfacet
  facet normal -0.9807852804032273 0.195090322016144 1.1148173404586094e-18
    outer loop
      vertex 98.43138784656547 -7.173684519449871 6
      vertex 98.49518543427733 -6.852952387243699 9
      vertex 98.49518543427733 -6.852952387243699 6
    endloop
  endfacet
  facet normal -0.9469301294951064 0.32143946530315926 -2.7227407015936486e-18
    outer loop
      vertex 98.49518543427733 -6.852952387243699 6
      vertex 98.60030116872178 -6.543291419087275 9
      vertex 98.60030116872178 -6.543291419087275 6
    endloop
  endfacet
  facet normal -0.5555702330196105 -0.8314696123025397 0
    outer loop
      vertex 99.66 -9.665063509461095 6
      vertex 99.66 -9.665063509461095 9
      vertex 99.3880964274782 -9.483383350728088 6
    endloop
  endfacet
  facet normal 0.4422886902190134 -0.8968727415326823 -2.705823190279518e-18
    outer loop
      vertex 101.86670858091273 -9.809698831278217 6
      vertex 102.16 -9.665063509461095 6
      vertex 102.16 -9.665063509461095 9
    endloop
  endfacet
  facet normal 0.5555702330195905 -0.8314696123025531 -3.177617765775148e-18
    outer loop
      vertex 102.16 -9.665063509461095 6
      vertex 102.4319035725218 -9.483383350728088 6
      vertex 102.4319035725218 -9.483383350728088 9
    endloop
  endfacet
  facet normal 0.6593458151000785 -0.7518398074789688 8.418214971691053e-19
    outer loop
      vertex 102.4319035725218 -9.483383350728088 6
      vertex 102.67776695296637 -9.267766952966369 6
      vertex 102.67776695296637 -9.267766952966369 9
    endloop
  endfacet
  facet normal 0.7518398074789756 -0.6593458151000708 0
    outer loop
      vertex 102.67776695296637 -9.267766952966369 6
      vertex 102.89338335072809 -9.0219035725218 6
      vertex 102.67776695296637 -9.267766952966369 9
    endloop
  endfacet
  facet normal 0.8314696123025339 -0.5555702330196193 0
    outer loop
      vertex 102.89338335072809 -9.0219035725218 6
      vertex 103.0750635094611 -8.75 6
      vertex 102.89338335072809 -9.0219035725218 9
    endloop
  endfacet
  facet normal 0.8968727415326887 -0.44228869021900047 0
    outer loop
      vertex 103.0750635094611 -8.75 6
      vertex 103.21969883127822 -8.456708580912725 6
      vertex 103.0750635094611 -8.75 9
    endloop
  endfacet
  facet normal 0.9469301294951064 -0.32143946530315926 0
    outer loop
      vertex 103.21969883127822 -8.456708580912725 6
      vertex 103.32481456572268 -8.147047612756301 6
      vertex 103.21969883127822 -8.456708580912725 9
    endloop
  endfacet
  facet normal 0.9807852804032356 -0.1950903220161022 0
    outer loop
      vertex 103.32481456572268 -8.147047612756301 6
      vertex 103.38861215343452 -7.826315480550129 6
      vertex 103.32481456572268 -8.147047612756301 9
    endloop
  endfacet
  facet normal 0.9978589232386034 -0.06540312923014452 0
    outer loop
      vertex 103.38861215343452 -7.826315480550129 6
      vertex 103.41 -7.5 6
      vertex 103.38861215343452 -7.826315480550129 9
    endloop
  endfacet
  facet normal 0.9978589232386034 0.06540312923014452 0
    outer loop
      vertex 103.41 -7.5 6
      vertex 103.38861215343452 -7.173684519449871 6
      vertex 103.41 -7.5 9
    endloop
  endfacet
  facet normal 0.9807852804032356 0.1950903220161022 0
    outer loop
      vertex 103.38861215343452 -7.173684519449871 6
      vertex 103.32481456572268 -6.852952387243699 6
      vertex 103.38861215343452 -7.173684519449871 9
    endloop
  endfacet
  facet normal 0.9469301294951064 0.32143946530315926 0
    outer loop
      vertex 103.32481456572268 -6.852952387243699 6
      vertex 103.21969883127822 -6.543291419087275 6
      vertex 103.32481456572268 -6.852952387243699 9
    endloop
  endfacet
  facet normal -0.6593458151000571 -0.7518398074789878 0
    outer loop
      vertex 99.14223304703363 -9.267766952966369 6
      vertex 99.3880964274782 -9.483383350728088 9
      vertex 99.14223304703363 -9.267766952966369 9
    endloop
  endfacet
  facet normal -0.7518398074789756 -0.6593458151000708 0
    outer loop
      vertex 99.14223304703363 -9.267766952966369 6
      vertex 99.14223304703363 -9.267766952966369 9
      vertex 98.9266166492719 -9.0219035725218 9
    endloop
  endfacet
  facet normal -0.8314696123025539 -0.5555702330195892 0
    outer loop
      vertex 98.9266166492719 -9.0219035725218 6
      vertex 98.9266166492719 -9.0219035725218 9
      vertex 98.7449364905389 -8.75 9
    endloop
  endfacet
  facet normal -0.8968727415326887 -0.44228869021900047 0
    outer loop
      vertex 98.7449364905389 -8.75 6
      vertex 98.7449364905389 -8.75 9
      vertex 98.60030116872178 -8.456708580912725 9
    endloop
  endfacet
  facet normal -0.9469301294951064 -0.32143946530315926 0
    outer loop
      vertex 98.60030116872178 -8.456708580912725 6
      vertex 98.60030116872178 -8.456708580912725 9
      vertex 98.49518543427733 -8.147047612756301 9
    endloop
  endfacet
  facet normal 0 0 1
    outer loop
      vertex 99.14223304703363 -9.267766952966369 9
      vertex 99.3880964274782 -9.483383350728088 9
      vertex 99.14223304703363 -5.732233047033631 9
    endloop
  endfacet
  facet normal -0.9807852804032273 -0.195090322016144 0
    outer loop
      vertex 98.49518543427733 -8.147047612756301 6
      vertex 98.49518543427733 -8.147047612756301 9
      vertex 98.43138784656547 -7.826315480550129 9
    endloop
  endfacet
  facet normal -0.9978589232386034 -0.06540312923014452 0
    outer loop
      vertex 98.43138784656547 -7.826315480550129 6
      vertex 98.43138784656547 -7.826315480550129 9
      vertex 98.41 -7.5 9
    endloop
  endfacet
  facet normal -0.9978589232386034 0.06540312923014452 0
    outer loop
      vertex 98.41 -7.5 6
      vertex 98.41 -7.5 9
      vertex 98.43138784656547 -7.173684519449871 9
    endloop
  endfacet
  facet normal -0.9807852804032273 0.195090322016144 0
    outer loop
      vertex 98.43138784656547 -7.173684519449871 6
      vertex 98.43138784656547 -7.173684519449871 9
      vertex 98.49518543427733 -6.852952387243699 9
    endloop
  endfacet
  facet normal -0.9469301294951064 0.32143946530315926 0
    outer loop
      vertex 98.49518543427733 -6.852952387243699 6
      vertex 98.49518543427733 -6.852952387243699 9
      vertex 98.60030116872178 -6.543291419087275 9
    endloop
  endfacet
  facet normal 0 0 1
    outer loop
      vertex 98.49518543427733 -8.147047612756301 9
      vertex 98.60030116872178 -8.456708580912725 9
      vertex 98.49518543427733 -6.852952387243699 9
    endloop
  endfacet
  facet normal 0 0 1
    outer loop
      vertex 98.9266166492719 -9.0219035725218 9
      vertex 98.7449364905389 -6.25 9
      vertex 98.7449364905389 -8.75 9
    endloop
  endfacet
  facet normal 0 0 1
    outer loop
      vertex 99.14223304703363 -9.267766952966369 9
      vertex 98.9266166492719 -5.9780964274781985 9
      vertex 98.9266166492719 -9.0219035725218 9
    endloop
  endfacet
  facet normal 0 0 1
    outer loop
      vertex 98.7449364905389 -8.75 9
      vertex 98.60030116872178 -6.543291419087275 9
      vertex 98.60030116872178 -8.456708580912725 9
    endloop
  endfacet
  facet normal 0 0 1
    outer loop
      vertex 98.49518543427733 -8.147047612756301 9
      vertex 98.43138784656547 -7.173684519449871 9
      vertex 98.43138784656547 -7.826315480550129 9
    endloop
  endfacet
  facet normal 0 0 1
    outer loop
      vertex 98.43138784656547 -7.826315480550129 9
      vertex 98.43138784656547 -7.173684519449871 9
      vertex 98.41 -7.5 9
    endloop
  endfacet
  facet normal 0 0 1
    outer loop
      vertex 98.49518543427733 -8.147047612756301 9
      vertex 98.49518543427733 -6.852952387243699 9
      vertex 98.43138784656547 -7.173684519449871 9
    endloop
  endfacet
  facet normal 0 0 1
    outer loop
      vertex 98.60030116872178 -8.456708580912725 9
      vertex 98.60030116872178 -6.543291419087275 9
      vertex 98.49518543427733 -6.852952387243699 9
    endloop
  endfacet
  facet normal 0 0 1
    outer loop
      vertex 98.7449364905389 -8.75 9
      vertex 98.7449364905389 -6.25 9
      vertex 98.60030116872178 -6.543291419087275 9
    endloop
  endfacet
  facet normal 0 0 1
    outer loop
      vertex 98.9266166492719 -9.0219035725218 9
      vertex 98.9266166492719 -5.9780964274781985 9
      vertex 98.7449364905389 -6.25 9
    endloop
  endfacet
  facet normal 0 0 1
    outer loop
      vertex 99.14223304703363 -9.267766952966369 9
      vertex 99.14223304703363 -5.732233047033631 9
      vertex 98.9266166492719 -5.9780964274781985 9
    endloop
  endfacet
  facet normal 0 0 1
    outer loop
      vertex 99.3880964274782 -9.483383350728088 9
      vertex 99.3880964274782 -5.516616649271912 9
      vertex 99.14223304703363 -5.732233047033631 9
    endloop
  endfacet
  facet normal -0.4422886902189962 -0.8968727415326908 0
    outer loop
      vertex 99.66 -9.665063509461095 6
      vertex 99.95329141908728 -9.809698831278217 9
      vertex 99.66 -9.665063509461095 9
    endloop
  endfacet
  facet normal -0.5555702330196105 -0.8314696123025397 0
    outer loop
      vertex 99.3880964274782 -9.483383350728088 6
      vertex 99.66 -9.665063509461095 9
      vertex 99.3880964274782 -9.483383350728088 9
    endloop
  endfacet
  facet normal 0.5555702330195905 -0.8314696123025531 0
    outer loop
      vertex 102.16 -9.665063509461095 6
      vertex 102.4319035725218 -9.483383350728088 9
      vertex 102.16 -9.665063509461095 9
    endloop
  endfacet
  facet normal 0.6593458151000785 -0.7518398074789688 0
    outer loop
      vertex 102.4319035725218 -9.483383350728088 6
      vertex 102.67776695296637 -9.267766952966369 9
      vertex 102.4319035725218 -9.483383350728088 9
    endloop
  endfacet
  facet normal 0.7518398074789756 -0.6593458151000708 0
    outer loop
      vertex 102.89338335072809 -9.0219035725218 6
      vertex 102.89338335072809 -9.0219035725218 9
      vertex 102.67776695296637 -9.267766952966369 9
    endloop
  endfacet
  facet normal 0.8314696123025339 -0.5555702330196193 0
    outer loop
      vertex 103.0750635094611 -8.75 6
      vertex 103.0750635094611 -8.75 9
      vertex 102.89338335072809 -9.0219035725218 9
    endloop
  endfacet
  facet normal 0.8968727415326887 -0.44228869021900047 0
    outer loop
      vertex 103.21969883127822 -8.456708580912725 6
      vertex 103.21969883127822 -8.456708580912725 9
      vertex 103.0750635094611 -8.75 9
    endloop
  endfacet
  facet normal 0.9469301294951064 -0.32143946530315926 0
    outer loop
      vertex 103.32481456572268 -8.147047612756301 6
      vertex 103.32481456572268 -8.147047612756301 9
      vertex 103.21969883127822 -8.456708580912725 9
    endloop
  endfacet
  facet normal 0 0 1
    outer loop
      vertex 99.95329141908728 -9.809698831278217 9
      vertex 100.2629523872437 -9.91481456572267 9
      vertex 100.11861014228866 -8.531359342378606 9
    endloop
  endfacet
  facet normal 0 0 1
    outer loop
      vertex 100.58368451944987 -9.978612153434526 9
      vertex 100.41 -8.699804838824466 9
      vertex 100.2629523872437 -9.91481456572267 9
    endloop
  endfacet
  facet normal 0 0 1
    outer loop
      vertex 99.95329141908728 -9.809698831278217 9
      vertex 99.78416697508023 -8.15 9
      vertex 99.66 -9.665063509461095 9
    endloop
  endfacet
  facet normal 0 0 1
    outer loop
      vertex 100.2629523872437 -9.91481456572267 9
      vertex 100.41 -8.699804838824466 9
      vertex 100.26 -8.62583302491977 9
    endloop
  endfacet
  facet normal 0 0 1
    outer loop
      vertex 100.2629523872437 -9.91481456572267 9
      vertex 100.26 -8.62583302491977 9
      vertex 100.11861014228866 -8.531359342378606 9
    endloop
  endfacet
  facet normal 0 0 1
    outer loop
      vertex 101.23631548055013 -9.978612153434526 9
      vertex 101.5570476127563 -9.91481456572267 9
      vertex 101.41 -8.699804838824466 9
    endloop
  endfacet
  facet normal 0 0 1
    outer loop
      vertex 101.5570476127563 -9.91481456572267 9
      vertex 101.86670858091273 -9.809698831278217 9
      vertex 101.41 -8.699804838824466 9
    endloop
  endfacet
  facet normal 0 0 1
    outer loop
      vertex 101.86670858091273 -9.809698831278217 9
      vertex 101.56 -8.62583302491977 9
      vertex 101.41 -8.699804838824466 9
    endloop
  endfacet
  facet normal 0 0 1
    outer loop
      vertex 101.86670858091273 -9.809698831278217 9
      vertex 101.70138985771133 -8.531359342378606 9
      vertex 101.56 -8.62583302491977 9
    endloop
  endfacet
  facet normal 0 0 1
    outer loop
      vertex 101.86670858091273 -9.809698831278217 9
      vertex 102.16 -9.665063509461095 9
      vertex 101.82923881554251 -8.419238815542512 9
    endloop
  endfacet
  facet normal 0 0 1
    outer loop
      vertex 102.16 -9.665063509461095 9
      vertex 102.4319035725218 -9.483383350728088 9
      vertex 102.11104339226468 -7.9974884620746165 9
    endloop
  endfacet
  facet normal 0 0 1
    outer loop
      vertex 99.95329141908728 -9.809698831278217 9
      vertex 99.99076118445748 -8.419238815542512 9
      vertex 99.87864065762139 -8.291389857711337 9
    endloop
  endfacet
  facet normal 0 0 1
    outer loop
      vertex 99.95329141908728 -9.809698831278217 9
      vertex 100.11861014228866 -8.531359342378606 9
      vertex 99.99076118445748 -8.419238815542512 9
    endloop
  endfacet
  facet normal 0 0 1
    outer loop
      vertex 99.95329141908728 -9.809698831278217 9
      vertex 99.87864065762139 -8.291389857711337 9
      vertex 99.78416697508023 -8.15 9
    endloop
  endfacet
  facet normal 0 0 1
    outer loop
      vertex 99.66 -9.665063509461095 9
      vertex 99.78416697508023 -8.15 9
      vertex 99.70895660773533 -7.9974884620746165 9
    endloop
  endfacet
  facet normal 0 0 1
    outer loop
      vertex 99.66 -9.665063509461095 9
      vertex 99.70895660773533 -7.9974884620746165 9
      vertex 99.65429642582421 -7.8364647586332765 9
    endloop
  endfacet
  facet normal 0 0 1
    outer loop
      vertex 99.66 -9.665063509461095 9
      vertex 99.65429642582421 -7.8364647586332765 9
      vertex 99.62112168021405 -7.669684049886067 9
    endloop
  endfacet
  facet normal 0 0 1
    outer loop
      vertex 99.66 -9.665063509461095 9
      vertex 99.62112168021405 -7.669684049886067 9
      vertex 99.61 -7.5 9
    endloop
  endfacet
  facet normal 0 0 1
    outer loop
      vertex 99.66 -9.665063509461095 9
      vertex 99.3880964274782 -5.516616649271912 9
      vertex 99.3880964274782 -9.483383350728088 9
    endloop
  endfacet
  facet normal 0 0 1
    outer loop
      vertex 100.58368451944987 -9.978612153434526 9
      vertex 100.91 -10 9
      vertex 100.58368451944987 -5.021387846565474 9
    endloop
  endfacet
  facet normal 0 0 1
    outer loop
      vertex 100.58368451944987 -9.978612153434526 9
      vertex 100.41 -6.300195161175534 9
      vertex 100.41 -8.699804838824466 9
    endloop
  endfacet
  facet normal 0 0 1
    outer loop
      vertex 100.91 -10 9
      vertex 101.23631548055013 -9.978612153434526 9
      vertex 100.91 -5 9
    endloop
  endfacet
  facet normal 0 0 1
    outer loop
      vertex 101.86670858091273 -9.809698831278217 9
      vertex 101.82923881554251 -8.419238815542512 9
      vertex 101.70138985771133 -8.531359342378606 9
    endloop
  endfacet
  facet normal 0 0 1
    outer loop
      vertex 102.16 -9.665063509461095 9
      vertex 101.9413593423786 -8.291389857711337 9
      vertex 101.82923881554251 -8.419238815542512 9
    endloop
  endfacet
  facet normal 0 0 1
    outer loop
      vertex 102.16 -9.665063509461095 9
      vertex 102.03583302491977 -8.15 9
      vertex 101.9413593423786 -8.291389857711337 9
    endloop
  endfacet
  facet normal 0 0 1
    outer loop
      vertex 102.16 -9.665063509461095 9
      vertex 102.11104339226468 -7.9974884620746165 9
      vertex 102.03583302491977 -8.15 9
    endloop
  endfacet
  facet normal 0 0 1
    outer loop
      vertex 102.4319035725218 -9.483383350728088 9
      vertex 102.1657035741758 -7.8364647586332765 9
      vertex 102.11104339226468 -7.9974884620746165 9
    endloop
  endfacet
  facet normal 0 0 1
    outer loop
      vertex 102.4319035725218 -9.483383350728088 9
      vertex 102.19887831978595 -7.669684049886067 9
      vertex 102.1657035741758 -7.8364647586332765 9
    endloop
  endfacet
  facet normal 0 0 1
    outer loop
      vertex 102.4319035725218 -9.483383350728088 9
      vertex 102.21000000000001 -7.5 9
      vertex 102.19887831978595 -7.669684049886067 9
    endloop
  endfacet
  facet normal 0.9807852804032356 -0.1950903220161022 0
    outer loop
      vertex 103.38861215343452 -7.826315480550129 6
      vertex 103.38861215343452 -7.826315480550129 9
      vertex 103.32481456572268 -8.147047612756301 9
    endloop
  endfacet
  facet normal 0.9978589232386034 -0.06540312923014452 0
    outer loop
      vertex 103.41 -7.5 6
      vertex 103.41 -7.5 9
      vertex 103.38861215343452 -7.826315480550129 9
    endloop
  endfacet
  facet normal 0.9978589232386034 0.06540312923014452 0
    outer loop
      vertex 103.38861215343452 -7.173684519449871 6
      vertex 103.38861215343452 -7.173684519449871 9
      vertex 103.41 -7.5 9
    endloop
  endfacet
  facet normal 0.9807852804032356 0.1950903220161022 0
    outer loop
      vertex 103.32481456572268 -6.852952387243699 6
      vertex 103.32481456572268 -6.852952387243699 9
      vertex 103.38861215343452 -7.173684519449871 9
    endloop
  endfacet
  facet normal 0.9469301294951064 0.32143946530315926 0
    outer loop
      vertex 103.21969883127822 -6.543291419087275 6
      vertex 103.21969883127822 -6.543291419087275 9
      vertex 103.32481456572268 -6.852952387243699 9
    endloop
  endfacet
  facet normal 0 0 1
    outer loop
      vertex 99.66 -9.665063509461095 9
      vertex 99.61 -7.5 9
      vertex 99.3880964274782 -5.516616649271912 9
    endloop
  endfacet
  facet normal 0 0 1
    outer loop
      vertex 101.23631548055013 -9.978612153434526 9
      vertex 101.41 -8.699804838824466 9
      vertex 101.23631548055013 -5.021387846565474 9
    endloop
  endfacet
  facet normal 0 0 1
    outer loop
      vertex 102.4319035725218 -9.483383350728088 9
      vertex 102.67776695296637 -9.267766952966369 9
      vertex 102.4319035725218 -5.516616649271912 9
    endloop
  endfacet
  facet normal 0 0 1
    outer loop
      vertex 102.4319035725218 -9.483383350728088 9
      vertex 102.16 -5.334936490538904 9
      vertex 102.21000000000001 -7.5 9
    endloop
  endfacet
  facet normal 0 0 1
    outer loop
      vertex 100.58368451944987 -9.978612153434526 9
      vertex 100.58368451944987 -5.021387846565474 9
      vertex 100.41 -6.300195161175534 9
    endloop
  endfacet
  facet normal 0 0 1
    outer loop
      vertex 99.61 -7.5 9
      vertex 99.62112168021405 -7.330315950113933 9
      vertex 99.3880964274782 -5.516616649271912 9
    endloop
  endfacet
  facet normal 0 0 1
    outer loop
      vertex 99.62112168021405 -7.330315950113933 9
      vertex 99.65429642582421 -7.1635352413667235 9
      vertex 99.3880964274782 -5.516616649271912 9
    endloop
  endfacet
  facet normal 0 0 1
    outer loop
      vertex 99.65429642582421 -7.1635352413667235 9
      vertex 99.70895660773533 -7.0025115379253835 9
      vertex 99.3880964274782 -5.516616649271912 9
    endloop
  endfacet
  facet normal 0 0 1
    outer loop
      vertex 100.91 -10 9
      vertex 100.91 -5 9
      vertex 100.58368451944987 -5.021387846565474 9
    endloop
  endfacet
  facet normal 0 0 1
    outer loop
      vertex 101.23631548055013 -9.978612153434526 9
      vertex 101.23631548055013 -5.021387846565474 9
      vertex 100.91 -5 9
    endloop
  endfacet
  facet normal 0 0 1
    outer loop
      vertex 101.41 -8.699804838824466 9
      vertex 101.41 -6.300195161175534 9
      vertex 101.23631548055013 -5.021387846565474 9
    endloop
  endfacet
  facet normal 0 0 1
    outer loop
      vertex 102.21000000000001 -7.5 9
      vertex 102.16 -5.334936490538904 9
      vertex 102.19887831978595 -7.330315950113933 9
    endloop
  endfacet
  facet normal 0 0 1
    outer loop
      vertex 102.67776695296637 -9.267766952966369 9
      vertex 102.67776695296637 -5.732233047033631 9
      vertex 102.4319035725218 -5.516616649271912 9
    endloop
  endfacet
  facet normal 0 0 1
    outer loop
      vertex 102.4319035725218 -9.483383350728088 9
      vertex 102.4319035725218 -5.516616649271912 9
      vertex 102.16 -5.334936490538904 9
    endloop
  endfacet
  facet normal 0 0 1
    outer loop
      vertex 102.19887831978595 -7.330315950113933 9
      vertex 102.16 -5.334936490538904 9
      vertex 102.1657035741758 -7.1635352413667235 9
    endloop
  endfacet
  facet normal 0 0 1
    outer loop
      vertex 102.1657035741758 -7.1635352413667235 9
      vertex 102.16 -5.334936490538904 9
      vertex 102.11104339226468 -7.0025115379253835 9
    endloop
  endfacet
  facet normal 0 0 1
    outer loop
      vertex 102.67776695296637 -9.267766952966369 9
      vertex 102.89338335072809 -9.0219035725218 9
      vertex 102.67776695296637 -5.732233047033631 9
    endloop
  endfacet
  facet normal 0 0 1
    outer loop
      vertex 102.89338335072809 -9.0219035725218 9
      vertex 103.0750635094611 -8.75 9
      vertex 102.89338335072809 -5.9780964274781985 9
    endloop
  endfacet
  facet normal 0 0 1
    outer loop
      vertex 103.0750635094611 -8.75 9
      vertex 103.21969883127822 -8.456708580912725 9
      vertex 103.0750635094611 -6.25 9
    endloop
  endfacet
  facet normal 0 0 1
    outer loop
      vertex 103.21969883127822 -8.456708580912725 9
      vertex 103.32481456572268 -8.147047612756301 9
      vertex 103.21969883127822 -6.543291419087275 9
    endloop
  endfacet
  facet normal 0 0 1
    outer loop
      vertex 103.32481456572268 -8.147047612756301 9
      vertex 103.38861215343452 -7.826315480550129 9
      vertex 103.32481456572268 -6.852952387243699 9
    endloop
  endfacet
  facet normal 0 0 1
    outer loop
      vertex 103.38861215343452 -7.826315480550129 9
      vertex 103.41 -7.5 9
      vertex 103.38861215343452 -7.173684519449871 9
    endloop
  endfacet
  facet normal 0 0 1
    outer loop
      vertex 103.38861215343452 -7.826315480550129 9
      vertex 103.38861215343452 -7.173684519449871 9
      vertex 103.32481456572268 -6.852952387243699 9
    endloop
  endfacet
  facet normal 0 0 1
    outer loop
      vertex 103.32481456572268 -8.147047612756301 9
      vertex 103.32481456572268 -6.852952387243699 9
      vertex 103.21969883127822 -6.543291419087275 9
    endloop
  endfacet
  facet normal 0 0 1
    outer loop
      vertex 102.89338335072809 -9.0219035725218 9
      vertex 102.89338335072809 -5.9780964274781985 9
      vertex 102.67776695296637 -5.732233047033631 9
    endloop
  endfacet
  facet normal 0 0 1
    outer loop
      vertex 103.0750635094611 -8.75 9
      vertex 103.0750635094611 -6.25 9
      vertex 102.89338335072809 -5.9780964274781985 9
    endloop
  endfacet
  facet normal 0 0 1
    outer loop
      vertex 103.21969883127822 -8.456708580912725 9
      vertex 103.21969883127822 -6.543291419087275 9
      vertex 103.0750635094611 -6.25 9
    endloop
  endfacet
  facet normal -0.8968727415326887 0.44228869021900047 -2.5363111211134725e-18
    outer loop
      vertex 98.60030116872178 -6.543291419087275 6
      vertex 98.7449364905389 -6.25 9
      vertex 98.7449364905389 -6.25 6
    endloop
  endfacet
  facet normal -0.8314696123025548 0.555570233019588 -4.005373765911325e-19
    outer loop
      vertex 98.7449364905389 -6.25 6
      vertex 98.9266166492719 -5.9780964274781985 9
      vertex 98.9266166492719 -5.9780964274781985 6
    endloop
  endfacet
  facet normal -0.7518398074789745 0.6593458151000723 1.7847712708514612e-18
    outer loop
      vertex 98.9266166492719 -5.9780964274781985 6
      vertex 99.14223304703363 -5.732233047033631 9
      vertex 99.14223304703363 -5.732233047033631 6
    endloop
  endfacet
  facet normal -0.6593458151000571 0.7518398074789878 0
    outer loop
      vertex 99.14223304703363 -5.732233047033631 6
      vertex 99.14223304703363 -5.732233047033631 9
      vertex 99.3880964274782 -5.516616649271912 6
    endloop
  endfacet
  facet normal -0.5555702330196124 0.8314696123025384 0
    outer loop
      vertex 99.3880964274782 -5.516616649271912 6
      vertex 99.3880964274782 -5.516616649271912 9
      vertex 99.66 -5.334936490538904 6
    endloop
  endfacet
  facet normal -0.44228869021899403 0.8968727415326919 0
    outer loop
      vertex 99.66 -5.334936490538904 6
      vertex 99.66 -5.334936490538904 9
      vertex 99.95329141908728 -5.190301168721783 6
    endloop
  endfacet
  facet normal -0.3214394653031609 0.9469301294951059 0
    outer loop
      vertex 99.95329141908728 -5.190301168721783 6
      vertex 99.95329141908728 -5.190301168721783 9
      vertex 100.2629523872437 -5.08518543427733 6
    endloop
  endfacet
  facet normal -0.1950903220161273 0.9807852804032307 0
    outer loop
      vertex 100.2629523872437 -5.08518543427733 6
      vertex 100.2629523872437 -5.08518543427733 9
      vertex 100.58368451944987 -5.021387846565474 6
    endloop
  endfacet
  facet normal -0.06540312923014593 0.9978589232386033 0
    outer loop
      vertex 100.58368451944987 -5.021387846565474 6
      vertex 100.58368451944987 -5.021387846565474 9
      vertex 100.91 -5 6
    endloop
  endfacet
  facet normal 0.0654031292301431 0.9978589232386035 0
    outer loop
      vertex 100.91 -5 6
      vertex 100.91 -5 9
      vertex 101.23631548055013 -5.021387846565474 6
    endloop
  endfacet
  facet normal 0.6593458151000785 0.7518398074789688 -8.418214971691053e-19
    outer loop
      vertex 102.67776695296637 -5.732233047033631 6
      vertex 102.4319035725218 -5.516616649271912 6
      vertex 102.4319035725218 -5.516616649271912 9
    endloop
  endfacet
  facet normal 0.5555702330195923 0.8314696123025518 -2.506608341887049e-18
    outer loop
      vertex 102.4319035725218 -5.516616649271912 6
      vertex 102.16 -5.334936490538904 6
      vertex 102.16 -5.334936490538904 9
    endloop
  endfacet
  facet normal 0.3214394653031609 0.9469301294951059 0
    outer loop
      vertex 101.5570476127563 -5.08518543427733 6
      vertex 101.5570476127563 -5.08518543427733 9
      vertex 101.86670858091273 -5.190301168721783 6
    endloop
  endfacet
  facet normal 0.1950903220161273 0.9807852804032307 -1.1848743230346474e-18
    outer loop
      vertex 101.5570476127563 -5.08518543427733 6
      vertex 101.23631548055013 -5.021387846565474 6
      vertex 101.23631548055013 -5.021387846565474 9
    endloop
  endfacet
  facet normal 0.44228869021901124 0.8968727415326834 -5.385263991088445e-19
    outer loop
      vertex 102.16 -5.334936490538904 6
      vertex 101.86670858091273 -5.190301168721783 6
      vertex 101.86670858091273 -5.190301168721783 9
    endloop
  endfacet
  facet normal 0.8968727415326887 0.44228869021900047 0
    outer loop
      vertex 103.21969883127822 -6.543291419087275 6
      vertex 103.0750635094611 -6.25 6
      vertex 103.21969883127822 -6.543291419087275 9
    endloop
  endfacet
  facet normal 0.8314696123025347 0.555570233019618 0
    outer loop
      vertex 103.0750635094611 -6.25 6
      vertex 102.89338335072809 -5.9780964274781985 6
      vertex 103.0750635094611 -6.25 9
    endloop
  endfacet
  facet normal 0.7518398074789745 0.6593458151000723 -1.7847712708514612e-18
    outer loop
      vertex 102.67776695296637 -5.732233047033631 6
      vertex 102.89338335072809 -5.9780964274781985 9
      vertex 102.89338335072809 -5.9780964274781985 6
    endloop
  endfacet
  facet normal -0.8968727415326887 0.44228869021900047 0
    outer loop
      vertex 98.60030116872178 -6.543291419087275 6
      vertex 98.60030116872178 -6.543291419087275 9
      vertex 98.7449364905389 -6.25 9
    endloop
  endfacet
  facet normal -0.8314696123025548 0.555570233019588 0
    outer loop
      vertex 98.7449364905389 -6.25 6
      vertex 98.7449364905389 -6.25 9
      vertex 98.9266166492719 -5.9780964274781985 9
    endloop
  endfacet
  facet normal -0.7518398074789745 0.6593458151000723 0
    outer loop
      vertex 98.9266166492719 -5.9780964274781985 6
      vertex 98.9266166492719 -5.9780964274781985 9
      vertex 99.14223304703363 -5.732233047033631 9
    endloop
  endfacet
  facet normal -0.6593458151000571 0.7518398074789878 0
    outer loop
      vertex 99.3880964274782 -5.516616649271912 6
      vertex 99.14223304703363 -5.732233047033631 9
      vertex 99.3880964274782 -5.516616649271912 9
    endloop
  endfacet
  facet normal -0.5555702330196124 0.8314696123025384 0
    outer loop
      vertex 99.66 -5.334936490538904 6
      vertex 99.3880964274782 -5.516616649271912 9
      vertex 99.66 -5.334936490538904 9
    endloop
  endfacet
  facet normal -0.44228869021899403 0.8968727415326919 0
    outer loop
      vertex 99.95329141908728 -5.190301168721783 6
      vertex 99.66 -5.334936490538904 9
      vertex 99.95329141908728 -5.190301168721783 9
    endloop
  endfacet
  facet normal -0.3214394653031609 0.9469301294951059 0
    outer loop
      vertex 100.2629523872437 -5.08518543427733 6
      vertex 99.95329141908728 -5.190301168721783 9
      vertex 100.2629523872437 -5.08518543427733 9
    endloop
  endfacet
  facet normal -0.1950903220161273 0.9807852804032307 0
    outer loop
      vertex 100.58368451944987 -5.021387846565474 6
      vertex 100.2629523872437 -5.08518543427733 9
      vertex 100.58368451944987 -5.021387846565474 9
    endloop
  endfacet
  facet normal -0.06540312923014593 0.9978589232386033 0
    outer loop
      vertex 100.91 -5 6
      vertex 100.58368451944987 -5.021387846565474 9
      vertex 100.91 -5 9
    endloop
  endfacet
  facet normal 0.6593458151000785 0.7518398074789688 0
    outer loop
      vertex 102.67776695296637 -5.732233047033631 6
      vertex 102.4319035725218 -5.516616649271912 9
      vertex 102.67776695296637 -5.732233047033631 9
    endloop
  endfacet
  facet normal 0.44228869021901124 0.8968727415326834 0
    outer loop
      vertex 102.16 -5.334936490538904 6
      vertex 101.86670858091273 -5.190301168721783 9
      vertex 102.16 -5.334936490538904 9
    endloop
  endfacet
  facet normal 0.5555702330195923 0.8314696123025518 0
    outer loop
      vertex 102.4319035725218 -5.516616649271912 6
      vertex 102.16 -5.334936490538904 9
      vertex 102.4319035725218 -5.516616649271912 9
    endloop
  endfacet
  facet normal 0.3214394653031609 0.9469301294951059 0
    outer loop
      vertex 101.86670858091273 -5.190301168721783 6
      vertex 101.5570476127563 -5.08518543427733 9
      vertex 101.86670858091273 -5.190301168721783 9
    endloop
  endfacet
  facet normal 0.0654031292301431 0.9978589232386035 0
    outer loop
      vertex 101.23631548055013 -5.021387846565474 6
      vertex 100.91 -5 9
      vertex 101.23631548055013 -5.021387846565474 9
    endloop
  endfacet
  facet normal 0.1950903220161273 0.9807852804032307 0
    outer loop
      vertex 101.5570476127563 -5.08518543427733 6
      vertex 101.23631548055013 -5.021387846565474 9
      vertex 101.5570476127563 -5.08518543427733 9
    endloop
  endfacet
  facet normal 0.8968727415326887 0.44228869021900047 0
    outer loop
      vertex 103.0750635094611 -6.25 6
      vertex 103.0750635094611 -6.25 9
      vertex 103.21969883127822 -6.543291419087275 9
    endloop
  endfacet
  facet normal 0.8314696123025347 0.555570233019618 0
    outer loop
      vertex 102.89338335072809 -5.9780964274781985 6
      vertex 102.89338335072809 -5.9780964274781985 9
      vertex 103.0750635094611 -6.25 9
    endloop
  endfacet
  facet normal 0.7518398074789745 0.6593458151000723 0
    outer loop
      vertex 102.67776695296637 -5.732233047033631 6
      vertex 102.67776695296637 -5.732233047033631 9
      vertex 102.89338335072809 -5.9780964274781985 9
    endloop
  endfacet
  facet normal 0 0 1
    outer loop
      vertex 99.70895660773533 -7.0025115379253835 9
      vertex 99.78416697508023 -6.85 9
      vertex 99.66 -5.334936490538904 9
    endloop
  endfacet
  facet normal 0 0 1
    outer loop
      vertex 99.78416697508023 -6.85 9
      vertex 99.87864065762139 -6.708610142288663 9
      vertex 99.66 -5.334936490538904 9
    endloop
  endfacet
  facet normal 0 0 1
    outer loop
      vertex 99.87864065762139 -6.708610142288663 9
      vertex 99.99076118445748 -6.580761184457488 9
      vertex 99.66 -5.334936490538904 9
    endloop
  endfacet
  facet normal 0 0 1
    outer loop
      vertex 99.70895660773533 -7.0025115379253835 9
      vertex 99.66 -5.334936490538904 9
      vertex 99.3880964274782 -5.516616649271912 9
    endloop
  endfacet
  facet normal 0 0 1
    outer loop
      vertex 99.99076118445748 -6.580761184457488 9
      vertex 100.11861014228866 -6.468640657621394 9
      vertex 99.95329141908728 -5.190301168721783 9
    endloop
  endfacet
  facet normal 0 0 1
    outer loop
      vertex 100.11861014228866 -6.468640657621394 9
      vertex 100.26 -6.37416697508023 9
      vertex 99.95329141908728 -5.190301168721783 9
    endloop
  endfacet
  facet normal 0 0 1
    outer loop
      vertex 99.99076118445748 -6.580761184457488 9
      vertex 99.95329141908728 -5.190301168721783 9
      vertex 99.66 -5.334936490538904 9
    endloop
  endfacet
  facet normal 0 0 1
    outer loop
      vertex 100.26 -6.37416697508023 9
      vertex 100.41 -6.300195161175534 9
      vertex 99.95329141908728 -5.190301168721783 9
    endloop
  endfacet
  facet normal 0 0 1
    outer loop
      vertex 102.11104339226468 -7.0025115379253835 9
      vertex 102.16 -5.334936490538904 9
      vertex 102.03583302491977 -6.85 9
    endloop
  endfacet
  facet normal 0 0 1
    outer loop
      vertex 102.03583302491977 -6.85 9
      vertex 101.86670858091273 -5.190301168721783 9
      vertex 101.9413593423786 -6.708610142288663 9
    endloop
  endfacet
  facet normal 0 0 1
    outer loop
      vertex 101.82923881554251 -6.580761184457488 9
      vertex 101.9413593423786 -6.708610142288663 9
      vertex 101.86670858091273 -5.190301168721783 9
    endloop
  endfacet
  facet normal 0 0 1
    outer loop
      vertex 101.82923881554251 -6.580761184457488 9
      vertex 101.86670858091273 -5.190301168721783 9
      vertex 101.70138985771133 -6.468640657621394 9
    endloop
  endfacet
  facet normal 0 0 1
    outer loop
      vertex 101.70138985771133 -6.468640657621394 9
      vertex 101.5570476127563 -5.08518543427733 9
      vertex 101.56 -6.37416697508023 9
    endloop
  endfacet
  facet normal 0 0 1
    outer loop
      vertex 101.41 -6.300195161175534 9
      vertex 101.56 -6.37416697508023 9
      vertex 101.5570476127563 -5.08518543427733 9
    endloop
  endfacet
  facet normal 0 0 1
    outer loop
      vertex 102.03583302491977 -6.85 9
      vertex 102.16 -5.334936490538904 9
      vertex 101.86670858091273 -5.190301168721783 9
    endloop
  endfacet
  facet normal 0 0 1
    outer loop
      vertex 100.41 -6.300195161175534 9
      vertex 100.2629523872437 -5.08518543427733 9
      vertex 99.95329141908728 -5.190301168721783 9
    endloop
  endfacet
  facet normal 0 0 1
    outer loop
      vertex 100.41 -6.300195161175534 9
      vertex 100.58368451944987 -5.021387846565474 9
      vertex 100.2629523872437 -5.08518543427733 9
    endloop
  endfacet
  facet normal 0 0 1
    outer loop
      vertex 101.70138985771133 -6.468640657621394 9
      vertex 101.86670858091273 -5.190301168721783 9
      vertex 101.5570476127563 -5.08518543427733 9
    endloop
  endfacet
  facet normal 0 0 1
    outer loop
      vertex 101.41 -6.300195161175534 9
      vertex 101.5570476127563 -5.08518543427733 9
      vertex 101.23631548055013 -5.021387846565474 9
    endloop
  endfacet
  facet normal -0.6593458151000571 -0.7518398074789878 2.1119645108342245e-18
    outer loop
      vertex 99.14223304703363 5.732233047033631 6
      vertex 99.3880964274782 5.516616649271912 6
      vertex 99.3880964274782 5.516616649271912 9
    endloop
  endfacet
  facet normal -0.7518398074789745 -0.6593458151000723 -1.7847712708514612e-18
    outer loop
      vertex 99.14223304703363 5.732233047033631 6
      vertex 98.9266166492719 5.9780964274781985 9
      vertex 98.9266166492719 5.9780964274781985 6
    endloop
  endfacet
  facet normal -0.8314696123025548 -0.555570233019588 4.005373765911325e-19
    outer loop
      vertex 98.9266166492719 5.9780964274781985 6
      vertex 98.7449364905389 6.25 9
      vertex 98.7449364905389 6.25 6
    endloop
  endfacet
  facet normal -0.8968727415326887 -0.44228869021900047 2.5363111211134725e-18
    outer loop
      vertex 98.7449364905389 6.25 6
      vertex 98.60030116872178 6.543291419087275 9
      vertex 98.60030116872178 6.543291419087275 6
    endloop
  endfacet
  facet normal -0.3214394653031609 -0.9469301294951059 2.083544377817961e-18
    outer loop
      vertex 99.95329141908728 5.190301168721783 6
      vertex 100.2629523872437 5.08518543427733 6
      vertex 100.2629523872437 5.08518543427733 9
    endloop
  endfacet
  facet normal -0.44228869021899403 -0.8968727415326919 0
    outer loop
      vertex 99.95329141908728 5.190301168721783 6
      vertex 99.95329141908728 5.190301168721783 9
      vertex 99.66 5.334936490538904 6
    endloop
  endfacet
  facet normal -0.1950903220161273 -0.9807852804032307 0
    outer loop
      vertex 100.58368451944987 5.021387846565474 6
      vertex 100.58368451944987 5.021387846565474 9
      vertex 100.2629523872437 5.08518543427733 6
    endloop
  endfacet
  facet normal -0.06540312923014593 -0.9978589232386033 -1.3127308299607954e-20
    outer loop
      vertex 100.58368451944987 5.021387846565474 6
      vertex 100.91 5 6
      vertex 100.91 5 9
    endloop
  endfacet
  facet normal -0.5555702330196124 -0.8314696123025384 0
    outer loop
      vertex 99.66 5.334936490538904 6
      vertex 99.66 5.334936490538904 9
      vertex 99.3880964274782 5.516616649271912 6
    endloop
  endfacet
  facet normal 0.0654031292301431 -0.9978589232386035 3.8311155963498396e-19
    outer loop
      vertex 100.91 5 6
      vertex 101.23631548055013 5.021387846565474 6
      vertex 101.23631548055013 5.021387846565474 9
    endloop
  endfacet
  facet normal 0.1950903220161273 -0.9807852804032307 1.1848743230346474e-18
    outer loop
      vertex 101.23631548055013 5.021387846565474 6
      vertex 101.5570476127563 5.08518543427733 6
      vertex 101.5570476127563 5.08518543427733 9
    endloop
  endfacet
  facet normal 0.3214394653031609 -0.9469301294951059 -2.083544377817961e-18
    outer loop
      vertex 101.5570476127563 5.08518543427733 6
      vertex 101.86670858091273 5.190301168721783 6
      vertex 101.86670858091273 5.190301168721783 9
    endloop
  endfacet
  facet normal 0.44228869021901124 -0.8968727415326834 5.385263991088445e-19
    outer loop
      vertex 101.86670858091273 5.190301168721783 6
      vertex 102.16 5.334936490538904 6
      vertex 102.16 5.334936490538904 9
    endloop
  endfacet
  facet normal 0.5555702330195923 -0.8314696123025518 2.506608341887049e-18
    outer loop
      vertex 102.16 5.334936490538904 6
      vertex 102.4319035725218 5.516616649271912 6
      vertex 102.4319035725218 5.516616649271912 9
    endloop
  endfacet
  facet normal 0.6593458151000785 -0.7518398074789688 8.418214971691053e-19
    outer loop
      vertex 102.4319035725218 5.516616649271912 6
      vertex 102.67776695296637 5.732233047033631 6
      vertex 102.67776695296637 5.732233047033631 9
    endloop
  endfacet
  facet normal 0.7518398074789745 -0.6593458151000723 0
    outer loop
      vertex 102.67776695296637 5.732233047033631 6
      vertex 102.89338335072809 5.9780964274781985 6
      vertex 102.67776695296637 5.732233047033631 9
    endloop
  endfacet
  facet normal 0.8314696123025347 -0.555570233019618 0
    outer loop
      vertex 102.89338335072809 5.9780964274781985 6
      vertex 103.0750635094611 6.25 6
      vertex 102.89338335072809 5.9780964274781985 9
    endloop
  endfacet
  facet normal 0.8968727415326887 -0.44228869021900047 0
    outer loop
      vertex 103.0750635094611 6.25 6
      vertex 103.21969883127822 6.543291419087275 6
      vertex 103.0750635094611 6.25 9
    endloop
  endfacet
  facet normal -0.6593458151000571 -0.7518398074789878 0
    outer loop
      vertex 99.14223304703363 5.732233047033631 6
      vertex 99.3880964274782 5.516616649271912 9
      vertex 99.14223304703363 5.732233047033631 9
    endloop
  endfacet
  facet normal -0.7518398074789745 -0.6593458151000723 0
    outer loop
      vertex 99.14223304703363 5.732233047033631 6
      vertex 99.14223304703363 5.732233047033631 9
      vertex 98.9266166492719 5.9780964274781985 9
    endloop
  endfacet
  facet normal -0.8314696123025548 -0.555570233019588 0
    outer loop
      vertex 98.9266166492719 5.9780964274781985 6
      vertex 98.9266166492719 5.9780964274781985 9
      vertex 98.7449364905389 6.25 9
    endloop
  endfacet
  facet normal -0.8968727415326887 -0.44228869021900047 0
    outer loop
      vertex 98.7449364905389 6.25 6
      vertex 98.7449364905389 6.25 9
      vertex 98.60030116872178 6.543291419087275 9
    endloop
  endfacet
  facet normal -0.3214394653031609 -0.9469301294951059 0
    outer loop
      vertex 99.95329141908728 5.190301168721783 6
      vertex 100.2629523872437 5.08518543427733 9
      vertex 99.95329141908728 5.190301168721783 9
    endloop
  endfacet
  facet normal -0.1950903220161273 -0.9807852804032307 0
    outer loop
      vertex 100.2629523872437 5.08518543427733 6
      vertex 100.58368451944987 5.021387846565474 9
      vertex 100.2629523872437 5.08518543427733 9
    endloop
  endfacet
  facet normal -0.06540312923014593 -0.9978589232386033 0
    outer loop
      vertex 100.58368451944987 5.021387846565474 6
      vertex 100.91 5 9
      vertex 100.58368451944987 5.021387846565474 9
    endloop
  endfacet
  facet normal 0.0654031292301431 -0.9978589232386035 0
    outer loop
      vertex 100.91 5 6
      vertex 101.23631548055013 5.021387846565474 9
      vertex 100.91 5 9
    endloop
  endfacet
  facet normal -0.44228869021899403 -0.8968727415326919 0
    outer loop
      vertex 99.66 5.334936490538904 6
      vertex 99.95329141908728 5.190301168721783 9
      vertex 99.66 5.334936490538904 9
    endloop
  endfacet
  facet normal -0.5555702330196124 -0.8314696123025384 0
    outer loop
      vertex 99.3880964274782 5.516616649271912 6
      vertex 99.66 5.334936490538904 9
      vertex 99.3880964274782 5.516616649271912 9
    endloop
  endfacet
  facet normal 0.1950903220161273 -0.9807852804032307 0
    outer loop
      vertex 101.23631548055013 5.021387846565474 6
      vertex 101.5570476127563 5.08518543427733 9
      vertex 101.23631548055013 5.021387846565474 9
    endloop
  endfacet
  facet normal 0.3214394653031609 -0.9469301294951059 0
    outer loop
      vertex 101.5570476127563 5.08518543427733 6
      vertex 101.86670858091273 5.190301168721783 9
      vertex 101.5570476127563 5.08518543427733 9
    endloop
  endfacet
  facet normal 0.44228869021901124 -0.8968727415326834 0
    outer loop
      vertex 101.86670858091273 5.190301168721783 6
      vertex 102.16 5.334936490538904 9
      vertex 101.86670858091273 5.190301168721783 9
    endloop
  endfacet
  facet normal 0.5555702330195923 -0.8314696123025518 0
    outer loop
      vertex 102.16 5.334936490538904 6
      vertex 102.4319035725218 5.516616649271912 9
      vertex 102.16 5.334936490538904 9
    endloop
  endfacet
  facet normal 0.6593458151000785 -0.7518398074789688 0
    outer loop
      vertex 102.4319035725218 5.516616649271912 6
      vertex 102.67776695296637 5.732233047033631 9
      vertex 102.4319035725218 5.516616649271912 9
    endloop
  endfacet
  facet normal 0.7518398074789745 -0.6593458151000723 0
    outer loop
      vertex 102.89338335072809 5.9780964274781985 6
      vertex 102.89338335072809 5.9780964274781985 9
      vertex 102.67776695296637 5.732233047033631 9
    endloop
  endfacet
  facet normal 0.8314696123025347 -0.555570233019618 0
    outer loop
      vertex 103.0750635094611 6.25 6
      vertex 103.0750635094611 6.25 9
      vertex 102.89338335072809 5.9780964274781985 9
    endloop
  endfacet
  facet normal 0.8968727415326887 -0.44228869021900047 0
    outer loop
      vertex 103.21969883127822 6.543291419087275 6
      vertex 103.21969883127822 6.543291419087275 9
      vertex 103.0750635094611 6.25 9
    endloop
  endfacet
  facet normal 0 0 1
    outer loop
      vertex 99.95329141908728 5.190301168721783 9
      vertex 100.2629523872437 5.08518543427733 9
      vertex 100.11861014228866 6.468640657621394 9
    endloop
  endfacet
  facet normal 0 0 1
    outer loop
      vertex 100.58368451944987 5.021387846565474 9
      vertex 100.41 6.300195161175534 9
      vertex 100.2629523872437 5.08518543427733 9
    endloop
  endfacet
  facet normal 0 0 1
    outer loop
      vertex 101.23631548055013 5.021387846565474 9
      vertex 101.5570476127563 5.08518543427733 9
      vertex 101.41 6.300195161175534 9
    endloop
  endfacet
  facet normal 0 0 1
    outer loop
      vertex 101.5570476127563 5.08518543427733 9
      vertex 101.86670858091273 5.190301168721783 9
      vertex 101.41 6.300195161175534 9
    endloop
  endfacet
  facet normal 0 0 1
    outer loop
      vertex 99.95329141908728 5.190301168721783 9
      vertex 99.78416697508023 6.85 9
      vertex 99.66 5.334936490538904 9
    endloop
  endfacet
  facet normal 0 0 1
    outer loop
      vertex 99.95329141908728 5.190301168721783 9
      vertex 100.11861014228866 6.468640657621394 9
      vertex 99.99076118445748 6.580761184457488 9
    endloop
  endfacet
  facet normal 0 0 1
    outer loop
      vertex 100.2629523872437 5.08518543427733 9
      vertex 100.41 6.300195161175534 9
      vertex 100.26 6.37416697508023 9
    endloop
  endfacet
  facet normal 0 0 1
    outer loop
      vertex 100.2629523872437 5.08518543427733 9
      vertex 100.26 6.37416697508023 9
      vertex 100.11861014228866 6.468640657621394 9
    endloop
  endfacet
  facet normal 0 0 1
    outer loop
      vertex 99.95329141908728 5.190301168721783 9
      vertex 99.99076118445748 6.580761184457488 9
      vertex 99.87864065762139 6.708610142288663 9
    endloop
  endfacet
  facet normal 0 0 1
    outer loop
      vertex 99.95329141908728 5.190301168721783 9
      vertex 99.87864065762139 6.708610142288663 9
      vertex 99.78416697508023 6.85 9
    endloop
  endfacet
  facet normal 0 0 1
    outer loop
      vertex 99.66 5.334936490538904 9
      vertex 99.78416697508023 6.85 9
      vertex 99.70895660773533 7.0025115379253835 9
    endloop
  endfacet
  facet normal 0 0 1
    outer loop
      vertex 101.86670858091273 5.190301168721783 9
      vertex 101.56 6.37416697508023 9
      vertex 101.41 6.300195161175534 9
    endloop
  endfacet
  facet normal 0 0 1
    outer loop
      vertex 101.86670858091273 5.190301168721783 9
      vertex 101.70138985771133 6.468640657621394 9
      vertex 101.56 6.37416697508023 9
    endloop
  endfacet
  facet normal 0 0 1
    outer loop
      vertex 101.86670858091273 5.190301168721783 9
      vertex 101.82923881554251 6.580761184457488 9
      vertex 101.70138985771133 6.468640657621394 9
    endloop
  endfacet
  facet normal 0 0 1
    outer loop
      vertex 101.86670858091273 5.190301168721783 9
      vertex 102.16 5.334936490538904 9
      vertex 101.82923881554251 6.580761184457488 9
    endloop
  endfacet
  facet normal 0 0 1
    outer loop
      vertex 102.16 5.334936490538904 9
      vertex 102.4319035725218 5.516616649271912 9
      vertex 102.11104339226468 7.0025115379253835 9
    endloop
  endfacet
  facet normal 0 0 1
    outer loop
      vertex 102.16 5.334936490538904 9
      vertex 101.9413593423786 6.708610142288663 9
      vertex 101.82923881554251 6.580761184457488 9
    endloop
  endfacet
  facet normal 0 0 1
    outer loop
      vertex 102.16 5.334936490538904 9
      vertex 102.03583302491977 6.85 9
      vertex 101.9413593423786 6.708610142288663 9
    endloop
  endfacet
  facet normal 0 0 1
    outer loop
      vertex 102.16 5.334936490538904 9
      vertex 102.11104339226468 7.0025115379253835 9
      vertex 102.03583302491977 6.85 9
    endloop
  endfacet
  facet normal -0.9469301294951064 -0.32143946530315926 0
    outer loop
      vertex 98.49518543427733 6.852952387243699 6
      vertex 98.60030116872178 6.543291419087275 6
      vertex 98.49518543427733 6.852952387243699 9
    endloop
  endfacet
  facet normal -0.9807852804032273 -0.195090322016144 -1.1148173404586094e-18
    outer loop
      vertex 98.49518543427733 6.852952387243699 6
      vertex 98.43138784656547 7.173684519449871 9
      vertex 98.43138784656547 7.173684519449871 6
    endloop
  endfacet
  facet normal -0.9978589232386034 -0.06540312923014452 -1.9811943396729997e-19
    outer loop
      vertex 98.43138784656547 7.173684519449871 6
      vertex 98.41 7.5 9
      vertex 98.41 7.5 6
    endloop
  endfacet
  facet normal -0.9978589232386034 0.06540312923014452 1.9811943396729997e-19
    outer loop
      vertex 98.41 7.5 6
      vertex 98.43138784656547 7.826315480550129 9
      vertex 98.43138784656547 7.826315480550129 6
    endloop
  endfacet
  facet normal -0.9807852804032273 0.195090322016144 1.1148173404586094e-18
    outer loop
      vertex 98.43138784656547 7.826315480550129 6
      vertex 98.49518543427733 8.147047612756301 9
      vertex 98.49518543427733 8.147047612756301 6
    endloop
  endfacet
  facet normal -0.9469301294951064 0.32143946530315926 -2.7227407015936486e-18
    outer loop
      vertex 98.49518543427733 8.147047612756301 6
      vertex 98.60030116872178 8.456708580912725 9
      vertex 98.60030116872178 8.456708580912725 6
    endloop
  endfacet
  facet normal -0.8968727415326887 0.44228869021900047 -2.5363111211134725e-18
    outer loop
      vertex 98.60030116872178 8.456708580912725 6
      vertex 98.7449364905389 8.75 9
      vertex 98.7449364905389 8.75 6
    endloop
  endfacet
  facet normal -0.8314696123025539 0.5555702330195892 -2.2045657213222163e-18
    outer loop
      vertex 98.7449364905389 8.75 6
      vertex 98.9266166492719 9.0219035725218 9
      vertex 98.9266166492719 9.0219035725218 6
    endloop
  endfacet
  facet normal -0.7518398074789756 0.6593458151000708 -1.0521958250904358e-18
    outer loop
      vertex 98.9266166492719 9.0219035725218 6
      vertex 99.14223304703363 9.267766952966369 9
      vertex 99.14223304703363 9.267766952966369 6
    endloop
  endfacet
  facet normal -0.6593458151000571 0.7518398074789878 0
    outer loop
      vertex 99.14223304703363 9.267766952966369 6
      vertex 99.14223304703363 9.267766952966369 9
      vertex 99.3880964274782 9.483383350728088 6
    endloop
  endfacet
  facet normal 0.9469301294951064 -0.32143946530315926 0
    outer loop
      vertex 103.21969883127822 6.543291419087275 6
      vertex 103.32481456572268 6.852952387243699 6
      vertex 103.21969883127822 6.543291419087275 9
    endloop
  endfacet
  facet normal 0.9807852804032356 -0.1950903220161022 0
    outer loop
      vertex 103.32481456572268 6.852952387243699 6
      vertex 103.38861215343452 7.173684519449871 6
      vertex 103.32481456572268 6.852952387243699 9
    endloop
  endfacet
  facet normal 0.9978589232386034 -0.06540312923014452 0
    outer loop
      vertex 103.38861215343452 7.173684519449871 6
      vertex 103.41 7.5 6
      vertex 103.38861215343452 7.173684519449871 9
    endloop
  endfacet
  facet normal 0.9978589232386034 0.06540312923014452 0
    outer loop
      vertex 103.41 7.5 6
      vertex 103.38861215343452 7.826315480550129 6
      vertex 103.41 7.5 9
    endloop
  endfacet
  facet normal 0.9807852804032356 0.1950903220161022 0
    outer loop
      vertex 103.38861215343452 7.826315480550129 6
      vertex 103.32481456572268 8.147047612756301 6
      vertex 103.38861215343452 7.826315480550129 9
    endloop
  endfacet
  facet normal -0.5555702330196105 0.8314696123025397 0
    outer loop
      vertex 99.3880964274782 9.483383350728088 6
      vertex 99.3880964274782 9.483383350728088 9
      vertex 99.66 9.665063509461095 6
    endloop
  endfacet
  facet normal -0.4422886902189962 0.8968727415326908 0
    outer loop
      vertex 99.66 9.665063509461095 6
      vertex 99.66 9.665063509461095 9
      vertex 99.95329141908728 9.809698831278217 6
    endloop
  endfacet
  facet normal 0.6593458151000785 0.7518398074789688 -8.418214971691053e-19
    outer loop
      vertex 102.67776695296637 9.267766952966369 6
      vertex 102.4319035725218 9.483383350728088 6
      vertex 102.4319035725218 9.483383350728088 9
    endloop
  endfacet
  facet normal 0.5555702330195905 0.8314696123025531 3.177617765775148e-18
    outer loop
      vertex 102.4319035725218 9.483383350728088 6
      vertex 102.16 9.665063509461095 6
      vertex 102.16 9.665063509461095 9
    endloop
  endfacet
  facet normal 0.9469301294951064 0.32143946530315926 0
    outer loop
      vertex 103.32481456572268 8.147047612756301 6
      vertex 103.21969883127822 8.456708580912725 6
      vertex 103.32481456572268 8.147047612756301 9
    endloop
  endfacet
  facet normal 0.8968727415326887 0.44228869021900047 0
    outer loop
      vertex 103.21969883127822 8.456708580912725 6
      vertex 103.0750635094611 8.75 6
      vertex 103.21969883127822 8.456708580912725 9
    endloop
  endfacet
  facet normal 0.8314696123025339 0.5555702330196193 0
    outer loop
      vertex 103.0750635094611 8.75 6
      vertex 102.89338335072809 9.0219035725218 6
      vertex 103.0750635094611 8.75 9
    endloop
  endfacet
  facet normal 0.7518398074789756 0.6593458151000708 1.0521958250904358e-18
    outer loop
      vertex 102.67776695296637 9.267766952966369 6
      vertex 102.89338335072809 9.0219035725218 9
      vertex 102.89338335072809 9.0219035725218 6
    endloop
  endfacet
  facet normal -0.9469301294951064 -0.32143946530315926 0
    outer loop
      vertex 98.60030116872178 6.543291419087275 6
      vertex 98.60030116872178 6.543291419087275 9
      vertex 98.49518543427733 6.852952387243699 9
    endloop
  endfacet
  facet normal -0.9807852804032273 -0.195090322016144 0
    outer loop
      vertex 98.49518543427733 6.852952387243699 6
      vertex 98.49518543427733 6.852952387243699 9
      vertex 98.43138784656547 7.173684519449871 9
    endloop
  endfacet
  facet normal -0.9978589232386034 -0.06540312923014452 0
    outer loop
      vertex 98.43138784656547 7.173684519449871 6
      vertex 98.43138784656547 7.173684519449871 9
      vertex 98.41 7.5 9
    endloop
  endfacet
  facet normal -0.9978589232386034 0.06540312923014452 0
    outer loop
      vertex 98.41 7.5 6
      vertex 98.41 7.5 9
      vertex 98.43138784656547 7.826315480550129 9
    endloop
  endfacet
  facet normal -0.9807852804032273 0.195090322016144 0
    outer loop
      vertex 98.43138784656547 7.826315480550129 6
      vertex 98.43138784656547 7.826315480550129 9
      vertex 98.49518543427733 8.147047612756301 9
    endloop
  endfacet
  facet normal 0 0 1
    outer loop
      vertex 99.14223304703363 5.732233047033631 9
      vertex 99.3880964274782 5.516616649271912 9
      vertex 99.14223304703363 9.267766952966369 9
    endloop
  endfacet
  facet normal 0 0 1
    outer loop
      vertex 98.49518543427733 6.852952387243699 9
      vertex 98.60030116872178 6.543291419087275 9
      vertex 98.49518543427733 8.147047612756301 9
    endloop
  endfacet
  facet normal 0 0 1
    outer loop
      vertex 98.49518543427733 6.852952387243699 9
      vertex 98.43138784656547 7.826315480550129 9
      vertex 98.43138784656547 7.173684519449871 9
    endloop
  endfacet
  facet normal 0 0 1
    outer loop
      vertex 98.9266166492719 5.9780964274781985 9
      vertex 98.7449364905389 8.75 9
      vertex 98.7449364905389 6.25 9
    endloop
  endfacet
  facet normal 0 0 1
    outer loop
      vertex 98.7449364905389 6.25 9
      vertex 98.60030116872178 8.456708580912725 9
      vertex 98.60030116872178 6.543291419087275 9
    endloop
  endfacet
  facet normal 0 0 1
    outer loop
      vertex 99.14223304703363 5.732233047033631 9
      vertex 98.9266166492719 9.0219035725218 9
      vertex 98.9266166492719 5.9780964274781985 9
    endloop
  endfacet
  facet normal 0 0 1
    outer loop
      vertex 98.43138784656547 7.173684519449871 9
      vertex 98.43138784656547 7.826315480550129 9
      vertex 98.41 7.5 9
    endloop
  endfacet
  facet normal 0 0 1
    outer loop
      vertex 98.49518543427733 6.852952387243699 9
      vertex 98.49518543427733 8.147047612756301 9
      vertex 98.43138784656547 7.826315480550129 9
    endloop
  endfacet
  facet normal 0 0 1
    outer loop
      vertex 98.60030116872178 6.543291419087275 9
      vertex 98.60030116872178 8.456708580912725 9
      vertex 98.49518543427733 8.147047612756301 9
    endloop
  endfacet
  facet normal 0 0 1
    outer loop
      vertex 98.7449364905389 6.25 9
      vertex 98.7449364905389 8.75 9
      vertex 98.60030116872178 8.456708580912725 9
    endloop
  endfacet
  facet normal 0 0 1
    outer loop
      vertex 98.9266166492719 5.9780964274781985 9
      vertex 98.9266166492719 9.0219035725218 9
      vertex 98.7449364905389 8.75 9
    endloop
  endfacet
  facet normal 0 0 1
    outer loop
      vertex 99.14223304703363 5.732233047033631 9
      vertex 99.14223304703363 9.267766952966369 9
      vertex 98.9266166492719 9.0219035725218 9
    endloop
  endfacet
  facet normal 0 0 1
    outer loop
      vertex 99.3880964274782 5.516616649271912 9
      vertex 99.3880964274782 9.483383350728088 9
      vertex 99.14223304703363 9.267766952966369 9
    endloop
  endfacet
  facet normal -0.9469301294951064 0.32143946530315926 0
    outer loop
      vertex 98.49518543427733 8.147047612756301 6
      vertex 98.49518543427733 8.147047612756301 9
      vertex 98.60030116872178 8.456708580912725 9
    endloop
  endfacet
  facet normal -0.8968727415326887 0.44228869021900047 0
    outer loop
      vertex 98.60030116872178 8.456708580912725 6
      vertex 98.60030116872178 8.456708580912725 9
      vertex 98.7449364905389 8.75 9
    endloop
  endfacet
  facet normal -0.8314696123025539 0.5555702330195892 0
    outer loop
      vertex 98.7449364905389 8.75 6
      vertex 98.7449364905389 8.75 9
      vertex 98.9266166492719 9.0219035725218 9
    endloop
  endfacet
  facet normal -0.7518398074789756 0.6593458151000708 0
    outer loop
      vertex 98.9266166492719 9.0219035725218 6
      vertex 98.9266166492719 9.0219035725218 9
      vertex 99.14223304703363 9.267766952966369 9
    endloop
  endfacet
  facet normal -0.6593458151000571 0.7518398074789878 0
    outer loop
      vertex 99.3880964274782 9.483383350728088 6
      vertex 99.14223304703363 9.267766952966369 9
      vertex 99.3880964274782 9.483383350728088 9
    endloop
  endfacet
  facet normal 0.9469301294951064 -0.32143946530315926 0
    outer loop
      vertex 103.32481456572268 6.852952387243699 6
      vertex 103.32481456572268 6.852952387243699 9
      vertex 103.21969883127822 6.543291419087275 9
    endloop
  endfacet
  facet normal 0.9807852804032356 -0.1950903220161022 0
    outer loop
      vertex 103.38861215343452 7.173684519449871 6
      vertex 103.38861215343452 7.173684519449871 9
      vertex 103.32481456572268 6.852952387243699 9
    endloop
  endfacet
  facet normal 0.9978589232386034 -0.06540312923014452 0
    outer loop
      vertex 103.41 7.5 6
      vertex 103.41 7.5 9
      vertex 103.38861215343452 7.173684519449871 9
    endloop
  endfacet
  facet normal 0.9978589232386034 0.06540312923014452 0
    outer loop
      vertex 103.38861215343452 7.826315480550129 6
      vertex 103.38861215343452 7.826315480550129 9
      vertex 103.41 7.5 9
    endloop
  endfacet
  facet normal 0.9807852804032356 0.1950903220161022 0
    outer loop
      vertex 103.32481456572268 8.147047612756301 6
      vertex 103.32481456572268 8.147047612756301 9
      vertex 103.38861215343452 7.826315480550129 9
    endloop
  endfacet
  facet normal 0 0 1
    outer loop
      vertex 99.66 5.334936490538904 9
      vertex 99.70895660773533 7.0025115379253835 9
      vertex 99.65429642582421 7.1635352413667235 9
    endloop
  endfacet
  facet normal 0 0 1
    outer loop
      vertex 99.66 5.334936490538904 9
      vertex 99.65429642582421 7.1635352413667235 9
      vertex 99.62112168021405 7.330315950113933 9
    endloop
  endfacet
  facet normal 0 0 1
    outer loop
      vertex 99.66 5.334936490538904 9
      vertex 99.3880964274782 9.483383350728088 9
      vertex 99.3880964274782 5.516616649271912 9
    endloop
  endfacet
  facet normal 0 0 1
    outer loop
      vertex 99.66 5.334936490538904 9
      vertex 99.62112168021405 7.330315950113933 9
      vertex 99.61 7.5 9
    endloop
  endfacet
  facet normal 0 0 1
    outer loop
      vertex 100.58368451944987 5.021387846565474 9
      vertex 100.41 8.699804838824466 9
      vertex 100.41 6.300195161175534 9
    endloop
  endfacet
  facet normal 0 0 1
    outer loop
      vertex 100.58368451944987 5.021387846565474 9
      vertex 100.91 5 9
      vertex 100.58368451944987 9.978612153434526 9
    endloop
  endfacet
  facet normal 0 0 1
    outer loop
      vertex 100.91 5 9
      vertex 101.23631548055013 5.021387846565474 9
      vertex 100.91 10 9
    endloop
  endfacet
  facet normal 0 0 1
    outer loop
      vertex 102.4319035725218 5.516616649271912 9
      vertex 102.1657035741758 7.1635352413667235 9
      vertex 102.11104339226468 7.0025115379253835 9
    endloop
  endfacet
  facet normal 0 0 1
    outer loop
      vertex 102.4319035725218 5.516616649271912 9
      vertex 102.19887831978595 7.330315950113933 9
      vertex 102.1657035741758 7.1635352413667235 9
    endloop
  endfacet
  facet normal 0 0 1
    outer loop
      vertex 102.4319035725218 5.516616649271912 9
      vertex 102.21000000000001 7.5 9
      vertex 102.19887831978595 7.330315950113933 9
    endloop
  endfacet
  facet normal 0 0 1
    outer loop
      vertex 101.23631548055013 5.021387846565474 9
      vertex 101.41 6.300195161175534 9
      vertex 101.23631548055013 9.978612153434526 9
    endloop
  endfacet
  facet normal 0 0 1
    outer loop
      vertex 102.4319035725218 5.516616649271912 9
      vertex 102.67776695296637 5.732233047033631 9
      vertex 102.4319035725218 9.483383350728088 9
    endloop
  endfacet
  facet normal 0 0 1
    outer loop
      vertex 99.66 5.334936490538904 9
      vertex 99.61 7.5 9
      vertex 99.3880964274782 9.483383350728088 9
    endloop
  endfacet
  facet normal 0 0 1
    outer loop
      vertex 100.58368451944987 5.021387846565474 9
      vertex 100.58368451944987 9.978612153434526 9
      vertex 100.41 8.699804838824466 9
    endloop
  endfacet
  facet normal 0 0 1
    outer loop
      vertex 102.4319035725218 5.516616649271912 9
      vertex 102.16 9.665063509461095 9
      vertex 102.21000000000001 7.5 9
    endloop
  endfacet
  facet normal 0 0 1
    outer loop
      vertex 102.67776695296637 5.732233047033631 9
      vertex 102.89338335072809 5.9780964274781985 9
      vertex 102.67776695296637 9.267766952966369 9
    endloop
  endfacet
  facet normal 0 0 1
    outer loop
      vertex 102.89338335072809 5.9780964274781985 9
      vertex 103.0750635094611 6.25 9
      vertex 102.89338335072809 9.0219035725218 9
    endloop
  endfacet
  facet normal 0 0 1
    outer loop
      vertex 103.0750635094611 6.25 9
      vertex 103.21969883127822 6.543291419087275 9
      vertex 103.0750635094611 8.75 9
    endloop
  endfacet
  facet normal 0 0 1
    outer loop
      vertex 103.21969883127822 6.543291419087275 9
      vertex 103.32481456572268 6.852952387243699 9
      vertex 103.21969883127822 8.456708580912725 9
    endloop
  endfacet
  facet normal 0 0 1
    outer loop
      vertex 103.32481456572268 6.852952387243699 9
      vertex 103.38861215343452 7.173684519449871 9
      vertex 103.32481456572268 8.147047612756301 9
    endloop
  endfacet
  facet normal 0 0 1
    outer loop
      vertex 103.38861215343452 7.173684519449871 9
      vertex 103.41 7.5 9
      vertex 103.38861215343452 7.826315480550129 9
    endloop
  endfacet
  facet normal 0 0 1
    outer loop
      vertex 103.38861215343452 7.173684519449871 9
      vertex 103.38861215343452 7.826315480550129 9
      vertex 103.32481456572268 8.147047612756301 9
    endloop
  endfacet
  facet normal 0 0 1
    outer loop
      vertex 103.32481456572268 6.852952387243699 9
      vertex 103.32481456572268 8.147047612756301 9
      vertex 103.21969883127822 8.456708580912725 9
    endloop
  endfacet
  facet normal 0 0 1
    outer loop
      vertex 103.21969883127822 6.543291419087275 9
      vertex 103.21969883127822 8.456708580912725 9
      vertex 103.0750635094611 8.75 9
    endloop
  endfacet
  facet normal 0 0 1
    outer loop
      vertex 103.0750635094611 6.25 9
      vertex 103.0750635094611 8.75 9
      vertex 102.89338335072809 9.0219035725218 9
    endloop
  endfacet
  facet normal 0 0 1
    outer loop
      vertex 102.89338335072809 5.9780964274781985 9
      vertex 102.89338335072809 9.0219035725218 9
      vertex 102.67776695296637 9.267766952966369 9
    endloop
  endfacet
  facet normal -0.5555702330196105 0.8314696123025397 0
    outer loop
      vertex 99.66 9.665063509461095 6
      vertex 99.3880964274782 9.483383350728088 9
      vertex 99.66 9.665063509461095 9
    endloop
  endfacet
  facet normal 0.6593458151000785 0.7518398074789688 0
    outer loop
      vertex 102.67776695296637 9.267766952966369 6
      vertex 102.4319035725218 9.483383350728088 9
      vertex 102.67776695296637 9.267766952966369 9
    endloop
  endfacet
  facet normal 0.5555702330195905 0.8314696123025531 0
    outer loop
      vertex 102.4319035725218 9.483383350728088 6
      vertex 102.16 9.665063509461095 9
      vertex 102.4319035725218 9.483383350728088 9
    endloop
  endfacet
  facet normal 0.4422886902190134 0.8968727415326823 0
    outer loop
      vertex 102.16 9.665063509461095 6
      vertex 101.86670858091273 9.809698831278217 9
      vertex 102.16 9.665063509461095 9
    endloop
  endfacet
  facet normal 0.9469301294951064 0.32143946530315926 0
    outer loop
      vertex 103.21969883127822 8.456708580912725 6
      vertex 103.21969883127822 8.456708580912725 9
      vertex 103.32481456572268 8.147047612756301 9
    endloop
  endfacet
  facet normal 0.8968727415326887 0.44228869021900047 0
    outer loop
      vertex 103.0750635094611 8.75 6
      vertex 103.0750635094611 8.75 9
      vertex 103.21969883127822 8.456708580912725 9
    endloop
  endfacet
  facet normal 0.8314696123025339 0.5555702330196193 0
    outer loop
      vertex 102.89338335072809 9.0219035725218 6
      vertex 102.89338335072809 9.0219035725218 9
      vertex 103.0750635094611 8.75 9
    endloop
  endfacet
  facet normal 0.7518398074789756 0.6593458151000708 0
    outer loop
      vertex 102.67776695296637 9.267766952966369 6
      vertex 102.67776695296637 9.267766952966369 9
      vertex 102.89338335072809 9.0219035725218 9
    endloop
  endfacet
  facet normal 0 0 1
    outer loop
      vertex 99.61 7.5 9
      vertex 99.62112168021405 7.669684049886067 9
      vertex 99.3880964274782 9.483383350728088 9
    endloop
  endfacet
  facet normal 0 0 1
    outer loop
      vertex 99.62112168021405 7.669684049886067 9
      vertex 99.65429642582421 7.8364647586332765 9
      vertex 99.3880964274782 9.483383350728088 9
    endloop
  endfacet
  facet normal 0 0 1
    outer loop
      vertex 99.65429642582421 7.8364647586332765 9
      vertex 99.70895660773533 7.9974884620746165 9
      vertex 99.3880964274782 9.483383350728088 9
    endloop
  endfacet
  facet normal 0 0 1
    outer loop
      vertex 100.91 5 9
      vertex 100.91 10 9
      vertex 100.58368451944987 9.978612153434526 9
    endloop
  endfacet
  facet normal 0 0 1
    outer loop
      vertex 99.70895660773533 7.9974884620746165 9
      vertex 99.78416697508023 8.15 9
      vertex 99.66 9.665063509461095 9
    endloop
  endfacet
  facet normal 0 0 1
    outer loop
      vertex 99.78416697508023 8.15 9
      vertex 99.87864065762139 8.291389857711337 9
      vertex 99.66 9.665063509461095 9
    endloop
  endfacet
  facet normal 0 0 1
    outer loop
      vertex 99.87864065762139 8.291389857711337 9
      vertex 99.99076118445748 8.419238815542512 9
      vertex 99.66 9.665063509461095 9
    endloop
  endfacet
  facet normal 0 0 1
    outer loop
      vertex 99.99076118445748 8.419238815542512 9
      vertex 100.11861014228866 8.531359342378606 9
      vertex 99.95329141908728 9.809698831278217 9
    endloop
  endfacet
  facet normal 0 0 1
    outer loop
      vertex 101.41 6.300195161175534 9
      vertex 101.41 8.699804838824466 9
      vertex 101.23631548055013 9.978612153434526 9
    endloop
  endfacet
  facet normal 0 0 1
    outer loop
      vertex 101.23631548055013 5.021387846565474 9
      vertex 101.23631548055013 9.978612153434526 9
      vertex 100.91 10 9
    endloop
  endfacet
  facet normal 0 0 1
    outer loop
      vertex 102.21000000000001 7.5 9
      vertex 102.16 9.665063509461095 9
      vertex 102.19887831978595 7.669684049886067 9
    endloop
  endfacet
  facet normal 0 0 1
    outer loop
      vertex 102.4319035725218 5.516616649271912 9
      vertex 102.4319035725218 9.483383350728088 9
      vertex 102.16 9.665063509461095 9
    endloop
  endfacet
  facet normal 0 0 1
    outer loop
      vertex 102.67776695296637 5.732233047033631 9
      vertex 102.67776695296637 9.267766952966369 9
      vertex 102.4319035725218 9.483383350728088 9
    endloop
  endfacet
  facet normal 0 0 1
    outer loop
      vertex 102.19887831978595 7.669684049886067 9
      vertex 102.16 9.665063509461095 9
      vertex 102.1657035741758 7.8364647586332765 9
    endloop
  endfacet
  facet normal 0 0 1
    outer loop
      vertex 102.1657035741758 7.8364647586332765 9
      vertex 102.16 9.665063509461095 9
      vertex 102.11104339226468 7.9974884620746165 9
    endloop
  endfacet
  facet normal 0 0 1
    outer loop
      vertex 101.82923881554251 8.419238815542512 9
      vertex 101.86670858091273 9.809698831278217 9
      vertex 101.70138985771133 8.531359342378606 9
    endloop
  endfacet
  facet normal 0 0 1
    outer loop
      vertex 102.11104339226468 7.9974884620746165 9
      vertex 102.16 9.665063509461095 9
      vertex 102.03583302491977 8.15 9
    endloop
  endfacet
  facet normal 0 0 1
    outer loop
      vertex 102.03583302491977 8.15 9
      vertex 101.86670858091273 9.809698831278217 9
      vertex 101.9413593423786 8.291389857711337 9
    endloop
  endfacet
  facet normal 0 0 1
    outer loop
      vertex 101.82923881554251 8.419238815542512 9
      vertex 101.9413593423786 8.291389857711337 9
      vertex 101.86670858091273 9.809698831278217 9
    endloop
  endfacet
  facet normal 0 0 1
    outer loop
      vertex 99.70895660773533 7.9974884620746165 9
      vertex 99.66 9.665063509461095 9
      vertex 99.3880964274782 9.483383350728088 9
    endloop
  endfacet
  facet normal 0 0 1
    outer loop
      vertex 100.11861014228866 8.531359342378606 9
      vertex 100.26 8.62583302491977 9
      vertex 99.95329141908728 9.809698831278217 9
    endloop
  endfacet
  facet normal 0 0 1
    outer loop
      vertex 99.99076118445748 8.419238815542512 9
      vertex 99.95329141908728 9.809698831278217 9
      vertex 99.66 9.665063509461095 9
    endloop
  endfacet
  facet normal 0 0 1
    outer loop
      vertex 100.26 8.62583302491977 9
      vertex 100.41 8.699804838824466 9
      vertex 99.95329141908728 9.809698831278217 9
    endloop
  endfacet
  facet normal 0 0 1
    outer loop
      vertex 100.41 8.699804838824466 9
      vertex 100.2629523872437 9.91481456572267 9
      vertex 99.95329141908728 9.809698831278217 9
    endloop
  endfacet
  facet normal 0 0 1
    outer loop
      vertex 100.41 8.699804838824466 9
      vertex 100.58368451944987 9.978612153434526 9
      vertex 100.2629523872437 9.91481456572267 9
    endloop
  endfacet
  facet normal 0 0 1
    outer loop
      vertex 101.56 8.62583302491977 9
      vertex 101.70138985771133 8.531359342378606 9
      vertex 101.5570476127563 9.91481456572267 9
    endloop
  endfacet
  facet normal 0 0 1
    outer loop
      vertex 101.41 8.699804838824466 9
      vertex 101.56 8.62583302491977 9
      vertex 101.5570476127563 9.91481456572267 9
    endloop
  endfacet
  facet normal 0 0 1
    outer loop
      vertex 102.03583302491977 8.15 9
      vertex 102.16 9.665063509461095 9
      vertex 101.86670858091273 9.809698831278217 9
    endloop
  endfacet
  facet normal 0 0 1
    outer loop
      vertex 101.41 8.699804838824466 9
      vertex 101.5570476127563 9.91481456572267 9
      vertex 101.23631548055013 9.978612153434526 9
    endloop
  endfacet
  facet normal 0 0 1
    outer loop
      vertex 101.70138985771133 8.531359342378606 9
      vertex 101.86670858091273 9.809698831278217 9
      vertex 101.5570476127563 9.91481456572267 9
    endloop
  endfacet
  facet normal -0.3214394653031609 0.9469301294951059 0
    outer loop
      vertex 99.95329141908728 9.809698831278217 6
      vertex 99.95329141908728 9.809698831278217 9
      vertex 100.2629523872437 9.91481456572267 6
    endloop
  endfacet
  facet normal -0.1950903220161273 0.9807852804032307 0
    outer loop
      vertex 100.2629523872437 9.91481456572267 6
      vertex 100.2629523872437 9.91481456572267 9
      vertex 100.58368451944987 9.978612153434526 6
    endloop
  endfacet
  facet normal -0.06540312923014593 0.9978589232386033 0
    outer loop
      vertex 100.58368451944987 9.978612153434526 6
      vertex 100.58368451944987 9.978612153434526 9
      vertex 100.91 10 6
    endloop
  endfacet
  facet normal 0.0654031292301431 0.9978589232386035 0
    outer loop
      vertex 100.91 10 6
      vertex 100.91 10 9
      vertex 101.23631548055013 9.978612153434526 6
    endloop
  endfacet
  facet normal 0.3214394653031609 0.9469301294951059 0
    outer loop
      vertex 101.5570476127563 9.91481456572267 6
      vertex 101.5570476127563 9.91481456572267 9
      vertex 101.86670858091273 9.809698831278217 6
    endloop
  endfacet
  facet normal 0.1950903220161273 0.9807852804032307 -1.1848743230346474e-18
    outer loop
      vertex 101.5570476127563 9.91481456572267 6
      vertex 101.23631548055013 9.978612153434526 6
      vertex 101.23631548055013 9.978612153434526 9
    endloop
  endfacet
  facet normal 0.4422886902190134 0.8968727415326823 2.705823190279518e-18
    outer loop
      vertex 102.16 9.665063509461095 6
      vertex 101.86670858091273 9.809698831278217 6
      vertex 101.86670858091273 9.809698831278217 9
    endloop
  endfacet
  facet normal -0.4422886902189962 0.8968727415326908 0
    outer loop
      vertex 99.95329141908728 9.809698831278217 6
      vertex 99.66 9.665063509461095 9
      vertex 99.95329141908728 9.809698831278217 9
    endloop
  endfacet
  facet normal -0.3214394653031609 0.9469301294951059 0
    outer loop
      vertex 100.2629523872437 9.91481456572267 6
      vertex 99.95329141908728 9.809698831278217 9
      vertex 100.2629523872437 9.91481456572267 9
    endloop
  endfacet
  facet normal -0.1950903220161273 0.9807852804032307 0
    outer loop
      vertex 100.58368451944987 9.978612153434526 6
      vertex 100.2629523872437 9.91481456572267 9
      vertex 100.58368451944987 9.978612153434526 9
    endloop
  endfacet
  facet normal -0.06540312923014593 0.9978589232386033 0
    outer loop
      vertex 100.91 10 6
      vertex 100.58368451944987 9.978612153434526 9
      vertex 100.91 10 9
    endloop
  endfacet
  facet normal 0.3214394653031609 0.9469301294951059 0
    outer loop
      vertex 101.86670858091273 9.809698831278217 6
      vertex 101.5570476127563 9.91481456572267 9
      vertex 101.86670858091273 9.809698831278217 9
    endloop
  endfacet
  facet normal 0.1950903220161273 0.9807852804032307 0
    outer loop
      vertex 101.5570476127563 9.91481456572267 6
      vertex 101.23631548055013 9.978612153434526 9
      vertex 101.5570476127563 9.91481456572267 9
    endloop
  endfacet
  facet normal 0.0654031292301431 0.9978589232386035 0
    outer loop
      vertex 101.23631548055013 9.978612153434526 6
      vertex 100.91 10 9
      vertex 101.23631548055013 9.978612153434526 9
    endloop
  endfacet
  facet normal -1 0 0
    outer loop
      vertex 84 -13 0
      vertex 84 -13 6
      vertex 84 -5 0
    endloop
  endfacet
  facet normal 0 -1 0
    outer loop
      vertex 84 -13 0
      vertex 106 -13 0
      vertex 106 -13 6
    endloop
  endfacet
  facet normal 0 -1 0
    outer loop
      vertex 84 -13 0
      vertex 106 -13 6
      vertex 84 -13 6
    endloop
  endfacet
  facet normal -1 0 0
    outer loop
      vertex 84 -13 6
      vertex 84 -5 6
      vertex 84 -5 0
    endloop
  endfacet
  facet normal 0 0 1
    outer loop
      vertex 84 -13 6
      vertex 98.9266166492719 -5.9780964274781985 6
      vertex 84 -5 6
    endloop
  endfacet
  facet normal 0 0 1
    outer loop
      vertex 84 -13 6
      vertex 106 -13 6
      vertex 101.23631548055013 -9.978612153434526 6
    endloop
  endfacet
  facet normal 0 0 1
    outer loop
      vertex 84 -13 6
      vertex 99.66 -9.665063509461095 6
      vertex 99.3880964274782 -9.483383350728088 6
    endloop
  endfacet
  facet normal 0 0 1
    outer loop
      vertex 84 -13 6
      vertex 99.3880964274782 -9.483383350728088 6
      vertex 99.14223304703363 -9.267766952966369 6
    endloop
  endfacet
  facet normal 0 0 1
    outer loop
      vertex 84 -13 6
      vertex 100.91 -10 6
      vertex 100.58368451944987 -9.978612153434526 6
    endloop
  endfacet
  facet normal 0 0 1
    outer loop
      vertex 84 -13 6
      vertex 101.23631548055013 -9.978612153434526 6
      vertex 100.91 -10 6
    endloop
  endfacet
  facet normal 0 0 1
    outer loop
      vertex 84 -13 6
      vertex 100.2629523872437 -9.91481456572267 6
      vertex 99.95329141908728 -9.809698831278217 6
    endloop
  endfacet
  facet normal 0 0 1
    outer loop
      vertex 84 -13 6
      vertex 99.95329141908728 -9.809698831278217 6
      vertex 99.66 -9.665063509461095 6
    endloop
  endfacet
  facet normal 0 0 1
    outer loop
      vertex 84 -13 6
      vertex 100.58368451944987 -9.978612153434526 6
      vertex 100.2629523872437 -9.91481456572267 6
    endloop
  endfacet
  facet normal 0 0 1
    outer loop
      vertex 84 -13 6
      vertex 99.14223304703363 -9.267766952966369 6
      vertex 98.9266166492719 -9.0219035725218 6
    endloop
  endfacet
  facet normal 0 0 1
    outer loop
      vertex 84 -13 6
      vertex 98.9266166492719 -9.0219035725218 6
      vertex 98.7449364905389 -8.75 6
    endloop
  endfacet
  facet normal 0 0 1
    outer loop
      vertex 84 -13 6
      vertex 98.7449364905389 -8.75 6
      vertex 98.60030116872178 -8.456708580912725 6
    endloop
  endfacet
  facet normal 0 0 1
    outer loop
      vertex 84 -13 6
      vertex 98.60030116872178 -8.456708580912725 6
      vertex 98.49518543427733 -8.147047612756301 6
    endloop
  endfacet
  facet normal 0 0 1
    outer loop
      vertex 106 -13 6
      vertex 101.5570476127563 -9.91481456572267 6
      vertex 101.23631548055013 -9.978612153434526 6
    endloop
  endfacet
  facet normal 0 0 1
    outer loop
      vertex 106 -13 6
      vertex 101.86670858091273 -9.809698831278217 6
      vertex 101.5570476127563 -9.91481456572267 6
    endloop
  endfacet
  facet normal 0 0 1
    outer loop
      vertex 106 -13 6
      vertex 102.16 -9.665063509461095 6
      vertex 101.86670858091273 -9.809698831278217 6
    endloop
  endfacet
  facet normal 0 0 1
    outer loop
      vertex 106 -13 6
      vertex 102.4319035725218 -9.483383350728088 6
      vertex 102.16 -9.665063509461095 6
    endloop
  endfacet
  facet normal 0 0 1
    outer loop
      vertex 106 -13 6
      vertex 102.67776695296637 -9.267766952966369 6
      vertex 102.4319035725218 -9.483383350728088 6
    endloop
  endfacet
  facet normal 0 0 1
    outer loop
      vertex 106 -13 6
      vertex 102.89338335072809 -9.0219035725218 6
      vertex 102.67776695296637 -9.267766952966369 6
    endloop
  endfacet
  facet normal 0 0 1
    outer loop
      vertex 106 -13 6
      vertex 103.0750635094611 -8.75 6
      vertex 102.89338335072809 -9.0219035725218 6
    endloop
  endfacet
  facet normal 0 0 1
    outer loop
      vertex 106 -13 6
      vertex 103.21969883127822 -8.456708580912725 6
      vertex 103.0750635094611 -8.75 6
    endloop
  endfacet
  facet normal 0 0 1
    outer loop
      vertex 106 -13 6
      vertex 103.32481456572268 -8.147047612756301 6
      vertex 103.21969883127822 -8.456708580912725 6
    endloop
  endfacet
  facet normal 0 0 1
    outer loop
      vertex 84 -13 6
      vertex 98.49518543427733 -8.147047612756301 6
      vertex 98.43138784656547 -7.826315480550129 6
    endloop
  endfacet
  facet normal 0 0 1
    outer loop
      vertex 84 -13 6
      vertex 98.43138784656547 -7.826315480550129 6
      vertex 98.41 -7.5 6
    endloop
  endfacet
  facet normal 0 0 1
    outer loop
      vertex 84 -13 6
      vertex 98.41 -7.5 6
      vertex 98.43138784656547 -7.173684519449871 6
    endloop
  endfacet
  facet normal 0 0 1
    outer loop
      vertex 84 -13 6
      vertex 98.43138784656547 -7.173684519449871 6
      vertex 98.49518543427733 -6.852952387243699 6
    endloop
  endfacet
  facet normal 0 0 1
    outer loop
      vertex 84 -13 6
      vertex 98.49518543427733 -6.852952387243699 6
      vertex 98.60030116872178 -6.543291419087275 6
    endloop
  endfacet
  facet normal 0 0 1
    outer loop
      vertex 84 -13 6
      vertex 98.60030116872178 -6.543291419087275 6
      vertex 98.7449364905389 -6.25 6
    endloop
  endfacet
  facet normal 0 0 1
    outer loop
      vertex 84 -13 6
      vertex 98.7449364905389 -6.25 6
      vertex 98.9266166492719 -5.9780964274781985 6
    endloop
  endfacet
  facet normal 0 0 1
    outer loop
      vertex 106 -13 6
      vertex 103.38861215343452 -7.826315480550129 6
      vertex 103.32481456572268 -8.147047612756301 6
    endloop
  endfacet
  facet normal 0 0 1
    outer loop
      vertex 106 -13 6
      vertex 103.41 -7.5 6
      vertex 103.38861215343452 -7.826315480550129 6
    endloop
  endfacet
  facet normal 0 0 -1
    outer loop
      vertex 84 -13 0
      vertex 84 -5 0
      vertex 106 13 0
    endloop
  endfacet
  facet normal 0 0 -1
    outer loop
      vertex 84 -13 0
      vertex 106 13 0
      vertex 106 -13 0
    endloop
  endfacet
  facet normal 1 0 0
    outer loop
      vertex 106 -13 0
      vertex 106 13 0
      vertex 106 -13 6
    endloop
  endfacet
  facet normal 0 0 1
    outer loop
      vertex 98.9266166492719 -5.9780964274781985 6
      vertex 84 -4.775 6
      vertex 84 -5 6
    endloop
  endfacet
  facet normal 0 0 1
    outer loop
      vertex 98.9266166492719 -5.9780964274781985 6
      vertex 84 -2 6
      vertex 84 -4.775 6
    endloop
  endfacet
  facet normal -1 0 0
    outer loop
      vertex 84 -2 3.5
      vertex 84 -2 6
      vertex 84 2 3.5
    endloop
  endfacet
  facet normal 0 0 1
    outer loop
      vertex 98.9266166492719 -5.9780964274781985 6
      vertex 84 2 6
      vertex 84 -2 6
    endloop
  endfacet
  facet normal 0 0 1
    outer loop
      vertex 84 2.2 6
      vertex 84 2 6
      vertex 98.9266166492719 -5.9780964274781985 6
    endloop
  endfacet
  facet normal 0 0 1
    outer loop
      vertex 100.58368451944987 -5.021387846565474 6
      vertex 100.91 -5 6
      vertex 100.91 5 6
    endloop
  endfacet
  facet normal 0 0 1
    outer loop
      vertex 100.91 -5 6
      vertex 101.23631548055013 -5.021387846565474 6
      vertex 101.23631548055013 5.021387846565474 6
    endloop
  endfacet
  facet normal 0 0 1
    outer loop
      vertex 101.5570476127563 -5.08518543427733 6
      vertex 101.5570476127563 5.08518543427733 6
      vertex 101.23631548055013 -5.021387846565474 6
    endloop
  endfacet
  facet normal 0 0 1
    outer loop
      vertex 101.5570476127563 -5.08518543427733 6
      vertex 101.86670858091273 -5.190301168721783 6
      vertex 101.86670858091273 5.190301168721783 6
    endloop
  endfacet
  facet normal 0 0 1
    outer loop
      vertex 102.67776695296637 -5.732233047033631 6
      vertex 102.67776695296637 5.732233047033631 6
      vertex 102.4319035725218 -5.516616649271912 6
    endloop
  endfacet
  facet normal 0 0 1
    outer loop
      vertex 102.16 -5.334936490538904 6
      vertex 102.16 5.334936490538904 6
      vertex 101.86670858091273 -5.190301168721783 6
    endloop
  endfacet
  facet normal 0 0 1
    outer loop
      vertex 102.4319035725218 -5.516616649271912 6
      vertex 102.4319035725218 5.516616649271912 6
      vertex 102.16 -5.334936490538904 6
    endloop
  endfacet
  facet normal 0 0 1
    outer loop
      vertex 106 -13 6
      vertex 106 13 6
      vertex 103.41 -7.5 6
    endloop
  endfacet
  facet normal 0 0 1
    outer loop
      vertex 103.41 -7.5 6
      vertex 103.41 7.5 6
      vertex 103.38861215343452 -7.173684519449871 6
    endloop
  endfacet
  facet normal 0 0 1
    outer loop
      vertex 103.38861215343452 -7.173684519449871 6
      vertex 103.38861215343452 7.173684519449871 6
      vertex 103.32481456572268 -6.852952387243699 6
    endloop
  endfacet
  facet normal 0 0 1
    outer loop
      vertex 103.32481456572268 -6.852952387243699 6
      vertex 103.32481456572268 6.852952387243699 6
      vertex 103.21969883127822 -6.543291419087275 6
    endloop
  endfacet
  facet normal 0 0 1
    outer loop
      vertex 103.21969883127822 -6.543291419087275 6
      vertex 103.21969883127822 6.543291419087275 6
      vertex 103.0750635094611 -6.25 6
    endloop
  endfacet
  facet normal 0 0 1
    outer loop
      vertex 103.0750635094611 -6.25 6
      vertex 103.0750635094611 6.25 6
      vertex 102.89338335072809 -5.9780964274781985 6
    endloop
  endfacet
  facet normal 0 0 1
    outer loop
      vertex 102.67776695296637 -5.732233047033631 6
      vertex 102.89338335072809 -5.9780964274781985 6
      vertex 102.89338335072809 5.9780964274781985 6
    endloop
  endfacet
  facet normal 0 0 -1
    outer loop
      vertex 106 13 0
      vertex 84 -5 0
      vertex 84 5 0
    endloop
  endfacet
  facet normal -1 0 0
    outer loop
      vertex 84 2 3.5
      vertex 84 -2 6
      vertex 84 2 6
    endloop
  endfacet
  facet normal 0 0 1
    outer loop
      vertex 98.9266166492719 -5.9780964274781985 6
      vertex 84 5 6
      vertex 84 2.2 6
    endloop
  endfacet
  facet normal 0 0 1
    outer loop
      vertex 98.9266166492719 -5.9780964274781985 6
      vertex 84 13 6
      vertex 84 5 6
    endloop
  endfacet
  facet normal 0 0 1
    outer loop
      vertex 98.9266166492719 -5.9780964274781985 6
      vertex 99.14223304703363 -5.732233047033631 6
      vertex 84 13 6
    endloop
  endfacet
  facet normal 0 0 1
    outer loop
      vertex 99.14223304703363 -5.732233047033631 6
      vertex 99.3880964274782 -5.516616649271912 6
      vertex 84 13 6
    endloop
  endfacet
  facet normal 0 0 1
    outer loop
      vertex 99.3880964274782 -5.516616649271912 6
      vertex 99.66 -5.334936490538904 6
      vertex 84 13 6
    endloop
  endfacet
  facet normal 0 0 1
    outer loop
      vertex 99.66 -5.334936490538904 6
      vertex 99.95329141908728 -5.190301168721783 6
      vertex 84 13 6
    endloop
  endfacet
  facet normal 0 0 1
    outer loop
      vertex 99.95329141908728 -5.190301168721783 6
      vertex 100.2629523872437 -5.08518543427733 6
      vertex 84 13 6
    endloop
  endfacet
  facet normal 0 0 1
    outer loop
      vertex 100.2629523872437 -5.08518543427733 6
      vertex 100.58368451944987 -5.021387846565474 6
      vertex 84 13 6
    endloop
  endfacet
  facet normal 0 0 1
    outer loop
      vertex 100.58368451944987 -5.021387846565474 6
      vertex 98.7449364905389 6.25 6
      vertex 98.60030116872178 6.543291419087275 6
    endloop
  endfacet
  facet normal 0 0 1
    outer loop
      vertex 100.58368451944987 -5.021387846565474 6
      vertex 98.60030116872178 6.543291419087275 6
      vertex 98.49518543427733 6.852952387243699 6
    endloop
  endfacet
  facet normal 0 0 1
    outer loop
      vertex 100.58368451944987 -5.021387846565474 6
      vertex 99.95329141908728 5.190301168721783 6
      vertex 99.66 5.334936490538904 6
    endloop
  endfacet
  facet normal 0 0 1
    outer loop
      vertex 100.58368451944987 -5.021387846565474 6
      vertex 99.66 5.334936490538904 6
      vertex 99.3880964274782 5.516616649271912 6
    endloop
  endfacet
  facet normal 0 0 1
    outer loop
      vertex 100.58368451944987 -5.021387846565474 6
      vertex 100.58368451944987 5.021387846565474 6
      vertex 100.2629523872437 5.08518543427733 6
    endloop
  endfacet
  facet normal 0 0 1
    outer loop
      vertex 100.58368451944987 -5.021387846565474 6
      vertex 100.2629523872437 5.08518543427733 6
      vertex 99.95329141908728 5.190301168721783 6
    endloop
  endfacet
  facet normal 0 0 1
    outer loop
      vertex 100.58368451944987 -5.021387846565474 6
      vertex 100.91 5 6
      vertex 100.58368451944987 5.021387846565474 6
    endloop
  endfacet
  facet normal 0 0 1
    outer loop
      vertex 100.91 -5 6
      vertex 101.23631548055013 5.021387846565474 6
      vertex 100.91 5 6
    endloop
  endfacet
  facet normal 0 0 1
    outer loop
      vertex 100.58368451944987 -5.021387846565474 6
      vertex 99.3880964274782 5.516616649271912 6
      vertex 99.14223304703363 5.732233047033631 6
    endloop
  endfacet
  facet normal 0 0 1
    outer loop
      vertex 100.58368451944987 -5.021387846565474 6
      vertex 99.14223304703363 5.732233047033631 6
      vertex 98.9266166492719 5.9780964274781985 6
    endloop
  endfacet
  facet normal 0 0 1
    outer loop
      vertex 100.58368451944987 -5.021387846565474 6
      vertex 98.9266166492719 5.9780964274781985 6
      vertex 98.7449364905389 6.25 6
    endloop
  endfacet
  facet normal 0 0 1
    outer loop
      vertex 101.23631548055013 -5.021387846565474 6
      vertex 101.5570476127563 5.08518543427733 6
      vertex 101.23631548055013 5.021387846565474 6
    endloop
  endfacet
  facet normal 0 0 1
    outer loop
      vertex 101.5570476127563 -5.08518543427733 6
      vertex 101.86670858091273 5.190301168721783 6
      vertex 101.5570476127563 5.08518543427733 6
    endloop
  endfacet
  facet normal 0 0 1
    outer loop
      vertex 101.86670858091273 -5.190301168721783 6
      vertex 102.16 5.334936490538904 6
      vertex 101.86670858091273 5.190301168721783 6
    endloop
  endfacet
  facet normal 0 0 1
    outer loop
      vertex 102.16 -5.334936490538904 6
      vertex 102.4319035725218 5.516616649271912 6
      vertex 102.16 5.334936490538904 6
    endloop
  endfacet
  facet normal 0 0 1
    outer loop
      vertex 102.4319035725218 -5.516616649271912 6
      vertex 102.67776695296637 5.732233047033631 6
      vertex 102.4319035725218 5.516616649271912 6
    endloop
  endfacet
  facet normal 0 0 1
    outer loop
      vertex 102.67776695296637 -5.732233047033631 6
      vertex 102.89338335072809 5.9780964274781985 6
      vertex 102.67776695296637 5.732233047033631 6
    endloop
  endfacet
  facet normal 0 0 1
    outer loop
      vertex 102.89338335072809 -5.9780964274781985 6
      vertex 103.0750635094611 6.25 6
      vertex 102.89338335072809 5.9780964274781985 6
    endloop
  endfacet
  facet normal 0 0 1
    outer loop
      vertex 103.0750635094611 -6.25 6
      vertex 103.21969883127822 6.543291419087275 6
      vertex 103.0750635094611 6.25 6
    endloop
  endfacet
  facet normal 0 0 1
    outer loop
      vertex 103.21969883127822 -6.543291419087275 6
      vertex 103.32481456572268 6.852952387243699 6
      vertex 103.21969883127822 6.543291419087275 6
    endloop
  endfacet
  facet normal 0 0 1
    outer loop
      vertex 103.32481456572268 -6.852952387243699 6
      vertex 103.38861215343452 7.173684519449871 6
      vertex 103.32481456572268 6.852952387243699 6
    endloop
  endfacet
  facet normal 0 0 1
    outer loop
      vertex 103.38861215343452 -7.173684519449871 6
      vertex 103.41 7.5 6
      vertex 103.38861215343452 7.173684519449871 6
    endloop
  endfacet
  facet normal 1 0 0
    outer loop
      vertex 106 -13 6
      vertex 106 13 0
      vertex 106 13 6
    endloop
  endfacet
  facet normal 0 0 1
    outer loop
      vertex 100.58368451944987 -5.021387846565474 6
      vertex 98.49518543427733 6.852952387243699 6
      vertex 84 13 6
    endloop
  endfacet
  facet normal 0 0 1
    outer loop
      vertex 103.41 -7.5 6
      vertex 106 13 6
      vertex 103.41 7.5 6
    endloop
  endfacet
  facet normal -1 0 0
    outer loop
      vertex 84 13 0
      vertex 84 5 0
      vertex 84 5 6
    endloop
  endfacet
  facet normal 0 0 -1
    outer loop
      vertex 84 13 0
      vertex 106 13 0
      vertex 84 5 0
    endloop
  endfacet
  facet normal 0 1 0
    outer loop
      vertex 84 13 0
      vertex 84 13 6
      vertex 106 13 0
    endloop
  endfacet
  facet normal -1 0 0
    outer loop
      vertex 84 13 0
      vertex 84 5 6
      vertex 84 13 6
    endloop
  endfacet
  facet normal 0 0 1
    outer loop
      vertex 84 13 6
      vertex 98.49518543427733 6.852952387243699 6
      vertex 98.43138784656547 7.173684519449871 6
    endloop
  endfacet
  facet normal 0 0 1
    outer loop
      vertex 84 13 6
      vertex 98.43138784656547 7.173684519449871 6
      vertex 98.41 7.5 6
    endloop
  endfacet
  facet normal 0 0 1
    outer loop
      vertex 84 13 6
      vertex 98.41 7.5 6
      vertex 98.43138784656547 7.826315480550129 6
    endloop
  endfacet
  facet normal 0 0 1
    outer loop
      vertex 84 13 6
      vertex 98.43138784656547 7.826315480550129 6
      vertex 98.49518543427733 8.147047612756301 6
    endloop
  endfacet
  facet normal 0 0 1
    outer loop
      vertex 103.41 7.5 6
      vertex 106 13 6
      vertex 103.38861215343452 7.826315480550129 6
    endloop
  endfacet
  facet normal 0 0 1
    outer loop
      vertex 103.38861215343452 7.826315480550129 6
      vertex 106 13 6
      vertex 103.32481456572268 8.147047612756301 6
    endloop
  endfacet
  facet normal 0 1 0
    outer loop
      vertex 106 13 0
      vertex 84 13 6
      vertex 106 13 6
    endloop
  endfacet
  facet normal 0 0 1
    outer loop
      vertex 84 13 6
      vertex 98.49518543427733 8.147047612756301 6
      vertex 98.60030116872178 8.456708580912725 6
    endloop
  endfacet
  facet normal 0 0 1
    outer loop
      vertex 84 13 6
      vertex 98.60030116872178 8.456708580912725 6
      vertex 98.7449364905389 8.75 6
    endloop
  endfacet
  facet normal 0 0 1
    outer loop
      vertex 84 13 6
      vertex 98.7449364905389 8.75 6
      vertex 98.9266166492719 9.0219035725218 6
    endloop
  endfacet
  facet normal 0 0 1
    outer loop
      vertex 84 13 6
      vertex 98.9266166492719 9.0219035725218 6
      vertex 99.14223304703363 9.267766952966369 6
    endloop
  endfacet
  facet normal 0 0 1
    outer loop
      vertex 84 13 6
      vertex 99.14223304703363 9.267766952966369 6
      vertex 99.3880964274782 9.483383350728088 6
    endloop
  endfacet
  facet normal 0 0 1
    outer loop
      vertex 84 13 6
      vertex 99.3880964274782 9.483383350728088 6
      vertex 99.66 9.665063509461095 6
    endloop
  endfacet
  facet normal 0 0 1
    outer loop
      vertex 84 13 6
      vertex 99.66 9.665063509461095 6
      vertex 99.95329141908728 9.809698831278217 6
    endloop
  endfacet
  facet normal 0 0 1
    outer loop
      vertex 84 13 6
      vertex 99.95329141908728 9.809698831278217 6
      vertex 100.2629523872437 9.91481456572267 6
    endloop
  endfacet
  facet normal 0 0 1
    outer loop
      vertex 84 13 6
      vertex 100.2629523872437 9.91481456572267 6
      vertex 100.58368451944987 9.978612153434526 6
    endloop
  endfacet
  facet normal 0 0 1
    outer loop
      vertex 84 13 6
      vertex 100.58368451944987 9.978612153434526 6
      vertex 100.91 10 6
    endloop
  endfacet
  facet normal 0 0 1
    outer loop
      vertex 84 13 6
      vertex 100.91 10 6
      vertex 101.23631548055013 9.978612153434526 6
    endloop
  endfacet
  facet normal 0 0 1
    outer loop
      vertex 84 13 6
      vertex 101.23631548055013 9.978612153434526 6
      vertex 106 13 6
    endloop
  endfacet
  facet normal 0 0 1
    outer loop
      vertex 103.32481456572268 8.147047612756301 6
      vertex 106 13 6
      vertex 103.21969883127822 8.456708580912725 6
    endloop
  endfacet
  facet normal 0 0 1
    outer loop
      vertex 103.21969883127822 8.456708580912725 6
      vertex 106 13 6
      vertex 103.0750635094611 8.75 6
    endloop
  endfacet
  facet normal 0 0 1
    outer loop
      vertex 103.0750635094611 8.75 6
      vertex 106 13 6
      vertex 102.89338335072809 9.0219035725218 6
    endloop
  endfacet
  facet normal 0 0 1
    outer loop
      vertex 102.67776695296637 9.267766952966369 6
      vertex 102.89338335072809 9.0219035725218 6
      vertex 106 13 6
    endloop
  endfacet
  facet normal 0 0 1
    outer loop
      vertex 101.5570476127563 9.91481456572267 6
      vertex 106 13 6
      vertex 101.23631548055013 9.978612153434526 6
    endloop
  endfacet
  facet normal 0 0 1
    outer loop
      vertex 102.16 9.665063509461095 6
      vertex 106 13 6
      vertex 101.86670858091273 9.809698831278217 6
    endloop
  endfacet
  facet normal 0 0 1
    outer loop
      vertex 101.5570476127563 9.91481456572267 6
      vertex 101.86670858091273 9.809698831278217 6
      vertex 106 13 6
    endloop
  endfacet
  facet normal 0 0 1
    outer loop
      vertex 102.67776695296637 9.267766952966369 6
      vertex 106 13 6
      vertex 102.4319035725218 9.483383350728088 6
    endloop
  endfacet
  facet normal 0 0 1
    outer loop
      vertex 102.4319035725218 9.483383350728088 6
      vertex 106 13 6
      vertex 102.16 9.665063509461095 6
    endloop
  endfacet
  facet normal 1 0 0
    outer loop
      vertex 10 -0.8 5.99
      vertex 10 0.8 5.99
      vertex 10 -0.8 6
    endloop
  endfacet
  facet normal 0 -1 0
    outer loop
      vertex 0 -0.8 7.5
      vertex 0 -0.8 6
      vertex 10 -0.8 6
    endloop
  endfacet
  facet normal -1 0 0
    outer loop
      vertex 0 -0.8 7.5
      vertex 0 0.8 7.5
      vertex 0 -0.8 6
    endloop
  endfacet
  facet normal 0 0 1
    outer loop
      vertex 0 -0.8 7.5
      vertex 10 -0.8 7.5
      vertex 0 0.8 7.5
    endloop
  endfacet
  facet normal 1 0 0
    outer loop
      vertex 10 0.8 5.99
      vertex 10 -0.8 7.5
      vertex 10 -0.8 6
    endloop
  endfacet
  facet normal 0 -1 0
    outer loop
      vertex 0 -0.8 7.5
      vertex 10 -0.8 6
      vertex 10 -0.8 7.5
    endloop
  endfacet
  facet normal -1 0 0
    outer loop
      vertex 0 0.8 7.5
      vertex 0 0.8 6
      vertex 0 -0.8 6
    endloop
  endfacet
  facet normal 0 1 0
    outer loop
      vertex 0 0.8 7.5
      vertex 10 0.8 7.5
      vertex 0 0.8 6
    endloop
  endfacet
  facet normal 0 1 0
    outer loop
      vertex 10 0.8 7.5
      vertex 10 0.8 6
      vertex 0 0.8 6
    endloop
  endfacet
  facet normal 1 0 0
    outer loop
      vertex 10 -0.8 7.5
      vertex 10 0.8 5.99
      vertex 10 0.8 6
    endloop
  endfacet
  facet normal 0 0 1
    outer loop
      vertex 10 -0.8 7.5
      vertex 10 0.8 7.5
      vertex 0 0.8 7.5
    endloop
  endfacet
  facet normal 1 0 0
    outer loop
      vertex 10 -0.8 7.5
      vertex 10 0.8 6
      vertex 10 0.8 7.5
    endloop
  endfacet
endsolid OpenSCAD_Model
