solid OpenSCAD_Model
  facet normal 0 0 1
    outer loop
      vertex 4.7519497029047315 60.77163859753385 31.299999999999997
      vertex 5.249438164979348 59.57059520526918 31.299999999999997
      vertex 5.123542864692438 60.8977774788672 31.299999999999997
    endloop
  endfacet
  facet normal 0 0 1
    outer loop
      vertex 5.123542864692438 60.8977774788672 31.299999999999997
      vertex 5.678105473225913 59.68545626433547 31.299999999999997
      vertex 5.508421423339845 60.97433458412142 31.299999999999997
    endloop
  endfacet
  facet normal 0 0 1
    outer loop
      vertex 3.3019237886466843 59.49999999999999 31.299999999999997
      vertex 3.1283614024661404 59.14805029709526 31.299999999999997
      vertex 3.3019237886466843 56.49999999999999 31.299999999999997
    endloop
  endfacet
  facet normal 0 0 1
    outer loop
      vertex 3.3019237886466843 59.49999999999999 31.299999999999997
      vertex 3.5199399791262946 56.17371571297383 31.299999999999997
      vertex 3.5199399791262946 59.826284287026155 31.299999999999997
    endloop
  endfacet
  facet normal 0 0 1
    outer loop
      vertex 3.5199399791262946 59.826284287026155 31.299999999999997
      vertex 3.7786796564403575 55.87867965644035 31.299999999999997
      vertex 3.7786796564403575 60.12132034355963 31.299999999999997
    endloop
  endfacet
  facet normal 0 0 1
    outer loop
      vertex 4.073715712973838 60.3800600208737 31.299999999999997
      vertex 3.7786796564403575 60.12132034355963 31.299999999999997
      vertex 4.073715712973838 55.619939979126286 31.299999999999997
    endloop
  endfacet
  facet normal 0 0 1
    outer loop
      vertex 4.073715712973838 60.3800600208737 31.299999999999997
      vertex 4.427756813566455 58.849999999999994 31.299999999999997
      vertex 4.4 60.59807621135331 31.299999999999997
    endloop
  endfacet
  facet normal 0 0 1
    outer loop
      vertex 4.4 60.59807621135331 31.299999999999997
      vertex 4.865105570685175 59.34870067849509 31.299999999999997
      vertex 4.7519497029047315 60.77163859753385 31.299999999999997
    endloop
  endfacet
  facet normal 0 0 1
    outer loop
      vertex 4.073715712973838 60.3800600208737 31.299999999999997
      vertex 4.329404794730813 58.650561835020646 31.299999999999997
      vertex 4.427756813566455 58.849999999999994 31.299999999999997
    endloop
  endfacet
  facet normal 0 0 1
    outer loop
      vertex 4.4 60.59807621135331 31.299999999999997
      vertex 4.551299321504901 59.03489442931482 31.299999999999997
      vertex 4.697918471982869 59.202081528017125 31.299999999999997
    endloop
  endfacet
  facet normal 0 0 1
    outer loop
      vertex 4.4 60.59807621135331 31.299999999999997
      vertex 4.697918471982869 59.202081528017125 31.299999999999997
      vertex 4.865105570685175 59.34870067849509 31.299999999999997
    endloop
  endfacet
  facet normal 0 0 1
    outer loop
      vertex 4.4 60.59807621135331 31.299999999999997
      vertex 4.427756813566455 58.849999999999994 31.299999999999997
      vertex 4.551299321504901 59.03489442931482 31.299999999999997
    endloop
  endfacet
  facet normal 0 0 1
    outer loop
      vertex 4.7519497029047315 60.77163859753385 31.299999999999997
      vertex 4.865105570685175 59.34870067849509 31.299999999999997
      vertex 5.050000000000001 59.47224318643354 31.299999999999997
    endloop
  endfacet
  facet normal 0 0 1
    outer loop
      vertex 4.7519497029047315 60.77163859753385 31.299999999999997
      vertex 5.050000000000001 59.47224318643354 31.299999999999997
      vertex 5.249438164979348 59.57059520526918 31.299999999999997
    endloop
  endfacet
  facet normal 0 0 1
    outer loop
      vertex 5.123542864692438 60.8977774788672 31.299999999999997
      vertex 5.249438164979348 59.57059520526918 31.299999999999997
      vertex 5.4600076233257155 59.64207390469141 31.299999999999997
    endloop
  endfacet
  facet normal 0 0 1
    outer loop
      vertex 5.123542864692438 60.8977774788672 31.299999999999997
      vertex 5.4600076233257155 59.64207390469141 31.299999999999997
      vertex 5.678105473225913 59.68545626433547 31.299999999999997
    endloop
  endfacet
  facet normal 0 0 1
    outer loop
      vertex 4.073715712973838 60.3800600208737 31.299999999999997
      vertex 4.2579260953085845 58.439992376674276 31.299999999999997
      vertex 4.329404794730813 58.650561835020646 31.299999999999997
    endloop
  endfacet
  facet normal 0 0 1
    outer loop
      vertex 4.073715712973838 60.3800600208737 31.299999999999997
      vertex 4.214543735664523 58.22189452677408 31.299999999999997
      vertex 4.2579260953085845 58.439992376674276 31.299999999999997
    endloop
  endfacet
  facet normal 0 0 1
    outer loop
      vertex 4.073715712973838 60.3800600208737 31.299999999999997
      vertex 4.2 57.99999999999999 31.299999999999997
      vertex 4.214543735664523 58.22189452677408 31.299999999999997
    endloop
  endfacet
  facet normal 0 0 1
    outer loop
      vertex 5.508421423339845 60.97433458412142 31.299999999999997
      vertex 5.678105473225913 59.68545626433547 31.299999999999997
      vertex 5.9 60.99999999999999 31.299999999999997
    endloop
  endfacet
  facet normal 0 0 1
    outer loop
      vertex 5.9 60.99999999999999 31.299999999999997
      vertex 6.121894526774088 59.68545626433547 31.299999999999997
      vertex 6.2915785766601555 60.97433458412142 31.299999999999997
    endloop
  endfacet
  facet normal 0 0 1
    outer loop
      vertex 6.2915785766601555 60.97433458412142 31.299999999999997
      vertex 6.550561835020653 59.57059520526918 31.299999999999997
      vertex 6.676457135307563 60.8977774788672 31.299999999999997
    endloop
  endfacet
  facet normal 0 0 1
    outer loop
      vertex 6.676457135307563 60.8977774788672 31.299999999999997
      vertex 6.934894429314825 59.34870067849509 31.299999999999997
      vertex 7.048050297095269 60.77163859753385 31.299999999999997
    endloop
  endfacet
  facet normal 0 0 1
    outer loop
      vertex 5.9 60.99999999999999 31.299999999999997
      vertex 5.678105473225913 59.68545626433547 31.299999999999997
      vertex 5.9 59.69999999999999 31.299999999999997
    endloop
  endfacet
  facet normal 0 0 1
    outer loop
      vertex 5.9 60.99999999999999 31.299999999999997
      vertex 5.9 59.69999999999999 31.299999999999997
      vertex 6.121894526774088 59.68545626433547 31.299999999999997
    endloop
  endfacet
  facet normal 0 0 1
    outer loop
      vertex 6.2915785766601555 60.97433458412142 31.299999999999997
      vertex 6.121894526774088 59.68545626433547 31.299999999999997
      vertex 6.339992376674285 59.64207390469141 31.299999999999997
    endloop
  endfacet
  facet normal 0 0 1
    outer loop
      vertex 6.2915785766601555 60.97433458412142 31.299999999999997
      vertex 6.339992376674285 59.64207390469141 31.299999999999997
      vertex 6.550561835020653 59.57059520526918 31.299999999999997
    endloop
  endfacet
  facet normal 0 0 1
    outer loop
      vertex 6.676457135307563 60.8977774788672 31.299999999999997
      vertex 6.550561835020653 59.57059520526918 31.299999999999997
      vertex 6.75 59.47224318643354 31.299999999999997
    endloop
  endfacet
  facet normal 0 0 1
    outer loop
      vertex 6.676457135307563 60.8977774788672 31.299999999999997
      vertex 6.75 59.47224318643354 31.299999999999997
      vertex 6.934894429314825 59.34870067849509 31.299999999999997
    endloop
  endfacet
  facet normal 0 0 1
    outer loop
      vertex 7.048050297095269 60.77163859753385 31.299999999999997
      vertex 6.934894429314825 59.34870067849509 31.299999999999997
      vertex 7.102081528017131 59.202081528017125 31.299999999999997
    endloop
  endfacet
  facet normal 0 0 1
    outer loop
      vertex 7.048050297095269 60.77163859753385 31.299999999999997
      vertex 7.2487006784951 59.03489442931482 31.299999999999997
      vertex 7.4 60.59807621135331 31.299999999999997
    endloop
  endfacet
  facet normal 0 0 1
    outer loop
      vertex 7.4 60.59807621135331 31.299999999999997
      vertex 7.542073904691416 58.439992376674276 31.299999999999997
      vertex 7.7262842870261625 60.3800600208737 31.299999999999997
    endloop
  endfacet
  facet normal 0 0 1
    outer loop
      vertex 7.048050297095269 60.77163859753385 31.299999999999997
      vertex 7.102081528017131 59.202081528017125 31.299999999999997
      vertex 7.2487006784951 59.03489442931482 31.299999999999997
    endloop
  endfacet
  facet normal 0 0 1
    outer loop
      vertex 7.4 60.59807621135331 31.299999999999997
      vertex 7.2487006784951 59.03489442931482 31.299999999999997
      vertex 7.372243186433546 58.849999999999994 31.299999999999997
    endloop
  endfacet
  facet normal 0 0 1
    outer loop
      vertex 7.4 60.59807621135331 31.299999999999997
      vertex 7.372243186433546 58.849999999999994 31.299999999999997
      vertex 7.470595205269188 58.650561835020646 31.299999999999997
    endloop
  endfacet
  facet normal 0 0 1
    outer loop
      vertex 7.4 60.59807621135331 31.299999999999997
      vertex 7.470595205269188 58.650561835020646 31.299999999999997
      vertex 7.542073904691416 58.439992376674276 31.299999999999997
    endloop
  endfacet
  facet normal 0 0 1
    outer loop
      vertex 7.7262842870261625 60.3800600208737 31.299999999999997
      vertex 7.542073904691416 58.439992376674276 31.299999999999997
      vertex 7.585456264335478 58.22189452677408 31.299999999999997
    endloop
  endfacet
  facet normal 0 0 1
    outer loop
      vertex 7.7262842870261625 60.3800600208737 31.299999999999997
      vertex 7.585456264335478 58.22189452677408 31.299999999999997
      vertex 7.6000000000000005 57.99999999999999 31.299999999999997
    endloop
  endfacet
  facet normal 0 0 1
    outer loop
      vertex 7.7262842870261625 60.3800600208737 31.299999999999997
      vertex 8.021320343559644 55.87867965644035 31.299999999999997
      vertex 8.021320343559644 60.12132034355963 31.299999999999997
    endloop
  endfacet
  facet normal 0 0 1
    outer loop
      vertex 8.021320343559644 60.12132034355963 31.299999999999997
      vertex 8.280060020873705 56.17371571297383 31.299999999999997
      vertex 8.280060020873705 59.826284287026155 31.299999999999997
    endloop
  endfacet
  facet normal 0 0 1
    outer loop
      vertex 2.9256654158785693 58.391578576660145 31.299999999999997
      vertex 2.9000000000000004 57.99999999999999 31.299999999999997
      vertex 2.9256654158785693 57.608421423339834 31.299999999999997
    endloop
  endfacet
  facet normal 0 0 1
    outer loop
      vertex 3.1283614024661404 59.14805029709526 31.299999999999997
      vertex 3.0022225211327953 58.77645713530755 31.299999999999997
      vertex 3.1283614024661404 56.85194970290472 31.299999999999997
    endloop
  endfacet
  facet normal 0 0 1
    outer loop
      vertex 2.9256654158785693 58.391578576660145 31.299999999999997
      vertex 3.0022225211327953 57.22354286469243 31.299999999999997
      vertex 3.0022225211327953 58.77645713530755 31.299999999999997
    endloop
  endfacet
  facet normal 0 0 1
    outer loop
      vertex 2.9256654158785693 58.391578576660145 31.299999999999997
      vertex 2.9256654158785693 57.608421423339834 31.299999999999997
      vertex 3.0022225211327953 57.22354286469243 31.299999999999997
    endloop
  endfacet
  facet normal 0 0 1
    outer loop
      vertex 3.0022225211327953 58.77645713530755 31.299999999999997
      vertex 3.0022225211327953 57.22354286469243 31.299999999999997
      vertex 3.1283614024661404 56.85194970290472 31.299999999999997
    endloop
  endfacet
  facet normal 0 0 1
    outer loop
      vertex 3.1283614024661404 59.14805029709526 31.299999999999997
      vertex 3.1283614024661404 56.85194970290472 31.299999999999997
      vertex 3.3019237886466843 56.49999999999999 31.299999999999997
    endloop
  endfacet
  facet normal 0 0 1
    outer loop
      vertex 3.3019237886466843 59.49999999999999 31.299999999999997
      vertex 3.3019237886466843 56.49999999999999 31.299999999999997
      vertex 3.5199399791262946 56.17371571297383 31.299999999999997
    endloop
  endfacet
  facet normal 0 0 1
    outer loop
      vertex 3.5199399791262946 59.826284287026155 31.299999999999997
      vertex 3.5199399791262946 56.17371571297383 31.299999999999997
      vertex 3.7786796564403575 55.87867965644035 31.299999999999997
    endloop
  endfacet
  facet normal 0 0 1
    outer loop
      vertex 3.7786796564403575 60.12132034355963 31.299999999999997
      vertex 3.7786796564403575 55.87867965644035 31.299999999999997
      vertex 4.073715712973838 55.619939979126286 31.299999999999997
    endloop
  endfacet
  facet normal 0 0 1
    outer loop
      vertex 4.073715712973838 60.3800600208737 31.299999999999997
      vertex 4.073715712973838 55.619939979126286 31.299999999999997
      vertex 4.2 57.99999999999999 31.299999999999997
    endloop
  endfacet
  facet normal 0 0 1
    outer loop
      vertex 4.2 57.99999999999999 31.299999999999997
      vertex 4.073715712973838 55.619939979126286 31.299999999999997
      vertex 4.214543735664523 57.77810547322591 31.299999999999997
    endloop
  endfacet
  facet normal 0 0 1
    outer loop
      vertex 4.214543735664523 57.77810547322591 31.299999999999997
      vertex 4.073715712973838 55.619939979126286 31.299999999999997
      vertex 4.2579260953085845 57.5600076233257 31.299999999999997
    endloop
  endfacet
  facet normal 0 0 1
    outer loop
      vertex 4.2579260953085845 57.5600076233257 31.299999999999997
      vertex 4.4 55.40192378864668 31.299999999999997
      vertex 4.329404794730813 57.34943816497934 31.299999999999997
    endloop
  endfacet
  facet normal 0 0 1
    outer loop
      vertex 4.329404794730813 57.34943816497934 31.299999999999997
      vertex 4.4 55.40192378864668 31.299999999999997
      vertex 4.427756813566455 57.14999999999999 31.299999999999997
    endloop
  endfacet
  facet normal 0 0 1
    outer loop
      vertex 4.427756813566455 57.14999999999999 31.299999999999997
      vertex 4.4 55.40192378864668 31.299999999999997
      vertex 4.551299321504901 56.96510557068517 31.299999999999997
    endloop
  endfacet
  facet normal 0 0 1
    outer loop
      vertex 4.2579260953085845 57.5600076233257 31.299999999999997
      vertex 4.073715712973838 55.619939979126286 31.299999999999997
      vertex 4.4 55.40192378864668 31.299999999999997
    endloop
  endfacet
  facet normal 0 0 1
    outer loop
      vertex 4.551299321504901 56.96510557068517 31.299999999999997
      vertex 4.7519497029047315 55.228361402466135 31.299999999999997
      vertex 4.697918471982869 56.79791847198286 31.299999999999997
    endloop
  endfacet
  facet normal 0 0 1
    outer loop
      vertex 4.551299321504901 56.96510557068517 31.299999999999997
      vertex 4.4 55.40192378864668 31.299999999999997
      vertex 4.7519497029047315 55.228361402466135 31.299999999999997
    endloop
  endfacet
  facet normal 0 0 1
    outer loop
      vertex 4.697918471982869 56.79791847198286 31.299999999999997
      vertex 4.7519497029047315 55.228361402466135 31.299999999999997
      vertex 4.865105570685175 56.651299321504894 31.299999999999997
    endloop
  endfacet
  facet normal 0 0 1
    outer loop
      vertex 4.865105570685175 56.651299321504894 31.299999999999997
      vertex 5.123542864692438 55.10222252113279 31.299999999999997
      vertex 5.050000000000001 56.52775681356645 31.299999999999997
    endloop
  endfacet
  facet normal 0 0 1
    outer loop
      vertex 5.050000000000001 56.52775681356645 31.299999999999997
      vertex 5.123542864692438 55.10222252113279 31.299999999999997
      vertex 5.249438164979348 56.4294047947308 31.299999999999997
    endloop
  endfacet
  facet normal 0 0 1
    outer loop
      vertex 5.249438164979348 56.4294047947308 31.299999999999997
      vertex 5.508421423339845 55.025665415878564 31.299999999999997
      vertex 5.4600076233257155 56.35792609530858 31.299999999999997
    endloop
  endfacet
  facet normal 0 0 1
    outer loop
      vertex 4.865105570685175 56.651299321504894 31.299999999999997
      vertex 4.7519497029047315 55.228361402466135 31.299999999999997
      vertex 5.123542864692438 55.10222252113279 31.299999999999997
    endloop
  endfacet
  facet normal 0 0 1
    outer loop
      vertex 5.249438164979348 56.4294047947308 31.299999999999997
      vertex 5.123542864692438 55.10222252113279 31.299999999999997
      vertex 5.508421423339845 55.025665415878564 31.299999999999997
    endloop
  endfacet
  facet normal 0 0 1
    outer loop
      vertex 7.7262842870261625 60.3800600208737 31.299999999999997
      vertex 7.6000000000000005 57.99999999999999 31.299999999999997
      vertex 7.7262842870261625 55.619939979126286 31.299999999999997
    endloop
  endfacet
  facet normal 0 0 1
    outer loop
      vertex 8.021320343559644 60.12132034355963 31.299999999999997
      vertex 8.021320343559644 55.87867965644035 31.299999999999997
      vertex 8.280060020873705 56.17371571297383 31.299999999999997
    endloop
  endfacet
  facet normal 0 0 1
    outer loop
      vertex 7.542073904691416 57.5600076233257 31.299999999999997
      vertex 7.470595205269188 57.34943816497934 31.299999999999997
      vertex 7.7262842870261625 55.619939979126286 31.299999999999997
    endloop
  endfacet
  facet normal 0 0 1
    outer loop
      vertex 7.470595205269188 57.34943816497934 31.299999999999997
      vertex 7.372243186433546 57.14999999999999 31.299999999999997
      vertex 7.7262842870261625 55.619939979126286 31.299999999999997
    endloop
  endfacet
  facet normal 0 0 1
    outer loop
      vertex 7.372243186433546 57.14999999999999 31.299999999999997
      vertex 7.2487006784951 56.96510557068517 31.299999999999997
      vertex 7.4 55.40192378864668 31.299999999999997
    endloop
  endfacet
  facet normal 0 0 1
    outer loop
      vertex 7.2487006784951 56.96510557068517 31.299999999999997
      vertex 7.102081528017131 56.79791847198286 31.299999999999997
      vertex 7.4 55.40192378864668 31.299999999999997
    endloop
  endfacet
  facet normal 0 0 1
    outer loop
      vertex 7.585456264335478 57.77810547322591 31.299999999999997
      vertex 7.7262842870261625 55.619939979126286 31.299999999999997
      vertex 7.6000000000000005 57.99999999999999 31.299999999999997
    endloop
  endfacet
  facet normal 0 0 1
    outer loop
      vertex 7.7262842870261625 60.3800600208737 31.299999999999997
      vertex 7.7262842870261625 55.619939979126286 31.299999999999997
      vertex 8.021320343559644 55.87867965644035 31.299999999999997
    endloop
  endfacet
  facet normal 0 0 1
    outer loop
      vertex 7.585456264335478 57.77810547322591 31.299999999999997
      vertex 7.542073904691416 57.5600076233257 31.299999999999997
      vertex 7.7262842870261625 55.619939979126286 31.299999999999997
    endloop
  endfacet
  facet normal 0 0 1
    outer loop
      vertex 5.4600076233257155 56.35792609530858 31.299999999999997
      vertex 5.508421423339845 55.025665415878564 31.299999999999997
      vertex 5.678105473225913 56.314543735664515 31.299999999999997
    endloop
  endfacet
  facet normal 0 0 1
    outer loop
      vertex 5.678105473225913 56.314543735664515 31.299999999999997
      vertex 5.508421423339845 55.025665415878564 31.299999999999997
      vertex 5.9 54.99999999999999 31.299999999999997
    endloop
  endfacet
  facet normal 0 0 1
    outer loop
      vertex 5.678105473225913 56.314543735664515 31.299999999999997
      vertex 5.9 54.99999999999999 31.299999999999997
      vertex 5.9 56.29999999999999 31.299999999999997
    endloop
  endfacet
  facet normal 0 0 1
    outer loop
      vertex 5.9 56.29999999999999 31.299999999999997
      vertex 5.9 54.99999999999999 31.299999999999997
      vertex 6.121894526774088 56.314543735664515 31.299999999999997
    endloop
  endfacet
  facet normal 0 0 1
    outer loop
      vertex 6.121894526774088 56.314543735664515 31.299999999999997
      vertex 5.9 54.99999999999999 31.299999999999997
      vertex 6.2915785766601555 55.025665415878564 31.299999999999997
    endloop
  endfacet
  facet normal 0 0 1
    outer loop
      vertex 6.121894526774088 56.314543735664515 31.299999999999997
      vertex 6.676457135307563 55.10222252113279 31.299999999999997
      vertex 6.339992376674285 56.35792609530858 31.299999999999997
    endloop
  endfacet
  facet normal 0 0 1
    outer loop
      vertex 6.550561835020653 56.4294047947308 31.299999999999997
      vertex 6.339992376674285 56.35792609530858 31.299999999999997
      vertex 6.676457135307563 55.10222252113279 31.299999999999997
    endloop
  endfacet
  facet normal 0 0 1
    outer loop
      vertex 6.550561835020653 56.4294047947308 31.299999999999997
      vertex 7.048050297095269 55.228361402466135 31.299999999999997
      vertex 6.75 56.52775681356645 31.299999999999997
    endloop
  endfacet
  facet normal 0 0 1
    outer loop
      vertex 6.121894526774088 56.314543735664515 31.299999999999997
      vertex 6.2915785766601555 55.025665415878564 31.299999999999997
      vertex 6.676457135307563 55.10222252113279 31.299999999999997
    endloop
  endfacet
  facet normal 0 0 1
    outer loop
      vertex 6.550561835020653 56.4294047947308 31.299999999999997
      vertex 6.676457135307563 55.10222252113279 31.299999999999997
      vertex 7.048050297095269 55.228361402466135 31.299999999999997
    endloop
  endfacet
  facet normal 0 0 1
    outer loop
      vertex 6.75 56.52775681356645 31.299999999999997
      vertex 7.048050297095269 55.228361402466135 31.299999999999997
      vertex 6.934894429314825 56.651299321504894 31.299999999999997
    endloop
  endfacet
  facet normal 0 0 1
    outer loop
      vertex 6.934894429314825 56.651299321504894 31.299999999999997
      vertex 7.4 55.40192378864668 31.299999999999997
      vertex 7.102081528017131 56.79791847198286 31.299999999999997
    endloop
  endfacet
  facet normal 0 0 1
    outer loop
      vertex 7.372243186433546 57.14999999999999 31.299999999999997
      vertex 7.4 55.40192378864668 31.299999999999997
      vertex 7.7262842870261625 55.619939979126286 31.299999999999997
    endloop
  endfacet
  facet normal 0 0 1
    outer loop
      vertex 6.934894429314825 56.651299321504894 31.299999999999997
      vertex 7.048050297095269 55.228361402466135 31.299999999999997
      vertex 7.4 55.40192378864668 31.299999999999997
    endloop
  endfacet
  facet normal 0 0 1
    outer loop
      vertex 8.280060020873705 59.826284287026155 31.299999999999997
      vertex 8.498076211353316 56.49999999999999 31.299999999999997
      vertex 8.498076211353316 59.49999999999999 31.299999999999997
    endloop
  endfacet
  facet normal 0 0 1
    outer loop
      vertex 8.498076211353316 59.49999999999999 31.299999999999997
      vertex 8.67163859753386 56.85194970290472 31.299999999999997
      vertex 8.67163859753386 59.14805029709526 31.299999999999997
    endloop
  endfacet
  facet normal 0 0 1
    outer loop
      vertex 8.67163859753386 59.14805029709526 31.299999999999997
      vertex 8.797777478867205 57.22354286469243 31.299999999999997
      vertex 8.797777478867205 58.77645713530755 31.299999999999997
    endloop
  endfacet
  facet normal 0 0 1
    outer loop
      vertex 8.797777478867205 58.77645713530755 31.299999999999997
      vertex 8.874334584121431 57.608421423339834 31.299999999999997
      vertex 8.874334584121431 58.391578576660145 31.299999999999997
    endloop
  endfacet
  facet normal 0 0 1
    outer loop
      vertex 8.797777478867205 58.77645713530755 31.299999999999997
      vertex 8.797777478867205 57.22354286469243 31.299999999999997
      vertex 8.874334584121431 57.608421423339834 31.299999999999997
    endloop
  endfacet
  facet normal 0 0 1
    outer loop
      vertex 8.874334584121431 58.391578576660145 31.299999999999997
      vertex 8.874334584121431 57.608421423339834 31.299999999999997
      vertex 8.9 57.99999999999999 31.299999999999997
    endloop
  endfacet
  facet normal 0 0 1
    outer loop
      vertex 8.498076211353316 59.49999999999999 31.299999999999997
      vertex 8.498076211353316 56.49999999999999 31.299999999999997
      vertex 8.67163859753386 56.85194970290472 31.299999999999997
    endloop
  endfacet
  facet normal 0 0 1
    outer loop
      vertex 8.280060020873705 59.826284287026155 31.299999999999997
      vertex 8.280060020873705 56.17371571297383 31.299999999999997
      vertex 8.498076211353316 56.49999999999999 31.299999999999997
    endloop
  endfacet
  facet normal 0 0 1
    outer loop
      vertex 8.67163859753386 59.14805029709526 31.299999999999997
      vertex 8.67163859753386 56.85194970290472 31.299999999999997
      vertex 8.797777478867205 57.22354286469243 31.299999999999997
    endloop
  endfacet
  facet normal -0.6593458151000766 0.7518398074789707 0
    outer loop
      vertex 4.073715712973838 60.3800600208737 31.299999999999997
      vertex 4.073715712973838 60.3800600208737 7
      vertex 3.7786796564403575 60.12132034355963 31.299999999999997
    endloop
  endfacet
  facet normal -0.5555702330196001 0.8314696123025467 3.463651800905294e-19
    outer loop
      vertex 4.073715712973838 60.3800600208737 31.299999999999997
      vertex 4.4 60.59807621135331 31.299999999999997
      vertex 4.4 60.59807621135331 7
    endloop
  endfacet
  facet normal -0.4422886902189964 0.8968727415326906 1.6264078970185035e-19
    outer loop
      vertex 4.4 60.59807621135331 31.299999999999997
      vertex 4.7519497029047315 60.77163859753385 31.299999999999997
      vertex 4.7519497029047315 60.77163859753385 7
    endloop
  endfacet
  facet normal -0.32143946530316697 0.9469301294951038 -2.999229024183542e-19
    outer loop
      vertex 4.7519497029047315 60.77163859753385 31.299999999999997
      vertex 5.123542864692438 60.8977774788672 31.299999999999997
      vertex 5.123542864692438 60.8977774788672 7
    endloop
  endfacet
  facet normal -0.19509032201612317 0.9807852804032314 1.2249139539939426e-19
    outer loop
      vertex 5.123542864692438 60.8977774788672 31.299999999999997
      vertex 5.508421423339845 60.97433458412142 31.299999999999997
      vertex 5.508421423339845 60.97433458412142 7
    endloop
  endfacet
  facet normal -0.7518398074789725 0.6593458151000744 0
    outer loop
      vertex 3.5199399791262946 59.826284287026155 31.299999999999997
      vertex 3.7786796564403575 60.12132034355963 31.299999999999997
      vertex 3.5199399791262946 59.826284287026155 7
    endloop
  endfacet
  facet normal -0.8314696123025456 0.5555702330196016 0
    outer loop
      vertex 3.3019237886466843 59.49999999999999 31.299999999999997
      vertex 3.5199399791262946 59.826284287026155 31.299999999999997
      vertex 3.3019237886466843 59.49999999999999 7
    endloop
  endfacet
  facet normal -0.8968727415326897 0.44228869021899825 -1.785672368756329e-19
    outer loop
      vertex 3.3019237886466843 59.49999999999999 31.299999999999997
      vertex 3.1283614024661404 59.14805029709526 7
      vertex 3.1283614024661404 59.14805029709526 31.299999999999997
    endloop
  endfacet
  facet normal -0.9469301294951055 0.3214394653031623 -2.8687768460358327e-19
    outer loop
      vertex 3.1283614024661404 59.14805029709526 31.299999999999997
      vertex 3.0022225211327953 58.77645713530755 7
      vertex 3.0022225211327953 58.77645713530755 31.299999999999997
    endloop
  endfacet
  facet normal -0.9807852804032308 0.19509032201612714 0
    outer loop
      vertex 2.9256654158785693 58.391578576660145 31.299999999999997
      vertex 3.0022225211327953 58.77645713530755 31.299999999999997
      vertex 2.9256654158785693 58.391578576660145 7
    endloop
  endfacet
  facet normal -0.065403129230148 0.9978589232386033 4.6401114782103966e-20
    outer loop
      vertex 5.508421423339845 60.97433458412142 31.299999999999997
      vertex 5.9 60.99999999999999 31.299999999999997
      vertex 5.9 60.99999999999999 7
    endloop
  endfacet
  facet normal 0.065403129230148 0.9978589232386033 -4.6401114782103966e-20
    outer loop
      vertex 5.9 60.99999999999999 31.299999999999997
      vertex 6.2915785766601555 60.97433458412142 31.299999999999997
      vertex 6.2915785766601555 60.97433458412142 7
    endloop
  endfacet
  facet normal 0.19509032201612317 0.9807852804032314 -1.2249139539939426e-19
    outer loop
      vertex 6.2915785766601555 60.97433458412142 31.299999999999997
      vertex 6.676457135307563 60.8977774788672 31.299999999999997
      vertex 6.676457135307563 60.8977774788672 7
    endloop
  endfacet
  facet normal 0.32143946530316697 0.9469301294951038 2.999229024183542e-19
    outer loop
      vertex 6.676457135307563 60.8977774788672 31.299999999999997
      vertex 7.048050297095269 60.77163859753385 31.299999999999997
      vertex 7.048050297095269 60.77163859753385 7
    endloop
  endfacet
  facet normal 0.4422886902189964 0.8968727415326906 -1.6264078970185035e-19
    outer loop
      vertex 7.048050297095269 60.77163859753385 31.299999999999997
      vertex 7.4 60.59807621135331 31.299999999999997
      vertex 7.4 60.59807621135331 7
    endloop
  endfacet
  facet normal 0.5555702330196001 0.8314696123025467 -3.463651800905294e-19
    outer loop
      vertex 7.4 60.59807621135331 31.299999999999997
      vertex 7.7262842870261625 60.3800600208737 31.299999999999997
      vertex 7.7262842870261625 60.3800600208737 7
    endloop
  endfacet
  facet normal 0.6593458151000754 0.7518398074789716 9.817864949940588e-20
    outer loop
      vertex 7.7262842870261625 60.3800600208737 31.299999999999997
      vertex 8.021320343559644 60.12132034355963 31.299999999999997
      vertex 8.021320343559644 60.12132034355963 7
    endloop
  endfacet
  facet normal 0.7518398074789747 0.6593458151000718 0
    outer loop
      vertex 8.021320343559644 60.12132034355963 31.299999999999997
      vertex 8.280060020873705 59.826284287026155 31.299999999999997
      vertex 8.021320343559644 60.12132034355963 7
    endloop
  endfacet
  facet normal -0.9978589232386034 0.0654031292301441 -5.1694964191294194e-20
    outer loop
      vertex 2.9256654158785693 58.391578576660145 31.299999999999997
      vertex 2.9000000000000004 57.99999999999999 7
      vertex 2.9000000000000004 57.99999999999999 31.299999999999997
    endloop
  endfacet
  facet normal -0.9978589232386036 -0.06540312923014294 2.88564301585098e-20
    outer loop
      vertex 2.9000000000000004 57.99999999999999 31.299999999999997
      vertex 2.9256654158785693 57.608421423339834 7
      vertex 2.9256654158785693 57.608421423339834 31.299999999999997
    endloop
  endfacet
  facet normal -0.98078528040323 -0.1950903220161306 -7.427943610719e-20
    outer loop
      vertex 2.9256654158785693 57.608421423339834 31.299999999999997
      vertex 3.0022225211327953 57.22354286469243 7
      vertex 3.0022225211327953 57.22354286469243 31.299999999999997
    endloop
  endfacet
  facet normal -0.9469301294951074 -0.32143946530315676 1.6592846664127055e-19
    outer loop
      vertex 3.0022225211327953 57.22354286469243 31.299999999999997
      vertex 3.1283614024661404 56.85194970290472 7
      vertex 3.1283614024661404 56.85194970290472 31.299999999999997
    endloop
  endfacet
  facet normal -0.8968727415326861 -0.4422886902190055 -1.9443688493133863e-20
    outer loop
      vertex 3.1283614024661404 56.85194970290472 31.299999999999997
      vertex 3.3019237886466843 56.49999999999999 7
      vertex 3.3019237886466843 56.49999999999999 31.299999999999997
    endloop
  endfacet
  facet normal -0.8314696123025456 -0.5555702330196016 -1.7491804261827656e-19
    outer loop
      vertex 3.3019237886466843 56.49999999999999 31.299999999999997
      vertex 3.5199399791262946 56.17371571297383 7
      vertex 3.5199399791262946 56.17371571297383 31.299999999999997
    endloop
  endfacet
  facet normal -0.7518398074789804 -0.6593458151000654 3.53106048271217e-19
    outer loop
      vertex 3.5199399791262946 56.17371571297383 31.299999999999997
      vertex 3.7786796564403575 55.87867965644035 7
      vertex 3.7786796564403575 55.87867965644035 31.299999999999997
    endloop
  endfacet
  facet normal -0.6593458151000664 -0.7518398074789797 0
    outer loop
      vertex 3.7786796564403575 55.87867965644035 31.299999999999997
      vertex 3.7786796564403575 55.87867965644035 7
      vertex 4.073715712973838 55.619939979126286 31.299999999999997
    endloop
  endfacet
  facet normal -0.5555702330196001 -0.8314696123025467 0
    outer loop
      vertex 4.073715712973838 55.619939979126286 31.299999999999997
      vertex 4.073715712973838 55.619939979126286 7
      vertex 4.4 55.40192378864668 31.299999999999997
    endloop
  endfacet
  facet normal -0.4422886902189964 -0.8968727415326906 0
    outer loop
      vertex 4.4 55.40192378864668 31.299999999999997
      vertex 4.4 55.40192378864668 7
      vertex 4.7519497029047315 55.228361402466135 31.299999999999997
    endloop
  endfacet
  facet normal -0.32143946530316697 -0.9469301294951038 0
    outer loop
      vertex 4.7519497029047315 55.228361402466135 31.299999999999997
      vertex 4.7519497029047315 55.228361402466135 7
      vertex 5.123542864692438 55.10222252113279 31.299999999999997
    endloop
  endfacet
  facet normal -0.19509032201612317 -0.9807852804032314 0
    outer loop
      vertex 5.123542864692438 55.10222252113279 31.299999999999997
      vertex 5.123542864692438 55.10222252113279 7
      vertex 5.508421423339845 55.025665415878564 31.299999999999997
    endloop
  endfacet
  facet normal -0.065403129230148 -0.9978589232386033 0
    outer loop
      vertex 5.508421423339845 55.025665415878564 31.299999999999997
      vertex 5.508421423339845 55.025665415878564 7
      vertex 5.9 54.99999999999999 31.299999999999997
    endloop
  endfacet
  facet normal 0.065403129230148 -0.9978589232386033 0
    outer loop
      vertex 5.9 54.99999999999999 31.299999999999997
      vertex 5.9 54.99999999999999 7
      vertex 6.2915785766601555 55.025665415878564 31.299999999999997
    endloop
  endfacet
  facet normal 0.19509032201612317 -0.9807852804032314 0
    outer loop
      vertex 6.2915785766601555 55.025665415878564 31.299999999999997
      vertex 6.2915785766601555 55.025665415878564 7
      vertex 6.676457135307563 55.10222252113279 31.299999999999997
    endloop
  endfacet
  facet normal 0.32143946530316697 -0.9469301294951038 0
    outer loop
      vertex 6.676457135307563 55.10222252113279 31.299999999999997
      vertex 6.676457135307563 55.10222252113279 7
      vertex 7.048050297095269 55.228361402466135 31.299999999999997
    endloop
  endfacet
  facet normal 0.5555702330196001 -0.8314696123025467 0
    outer loop
      vertex 7.4 55.40192378864668 31.299999999999997
      vertex 7.4 55.40192378864668 7
      vertex 7.7262842870261625 55.619939979126286 31.299999999999997
    endloop
  endfacet
  facet normal 0.7518398074789826 -0.659345815100063 0
    outer loop
      vertex 8.280060020873705 56.17371571297383 31.299999999999997
      vertex 8.021320343559644 55.87867965644035 31.299999999999997
      vertex 8.280060020873705 56.17371571297383 7
    endloop
  endfacet
  facet normal 0.6593458151000652 -0.7518398074789806 0
    outer loop
      vertex 7.7262842870261625 55.619939979126286 31.299999999999997
      vertex 7.7262842870261625 55.619939979126286 7
      vertex 8.021320343559644 55.87867965644035 31.299999999999997
    endloop
  endfacet
  facet normal 0.4422886902189964 -0.8968727415326906 1.6264078970185035e-19
    outer loop
      vertex 7.4 55.40192378864668 31.299999999999997
      vertex 7.048050297095269 55.228361402466135 31.299999999999997
      vertex 7.048050297095269 55.228361402466135 7
    endloop
  endfacet
  facet normal 0.8314696123025445 0.5555702330196032 0
    outer loop
      vertex 8.280060020873705 59.826284287026155 31.299999999999997
      vertex 8.498076211353316 59.49999999999999 31.299999999999997
      vertex 8.280060020873705 59.826284287026155 7
    endloop
  endfacet
  facet normal 0.8968727415326897 0.44228869021899825 0
    outer loop
      vertex 8.498076211353316 59.49999999999999 31.299999999999997
      vertex 8.67163859753386 59.14805029709526 31.299999999999997
      vertex 8.498076211353316 59.49999999999999 7
    endloop
  endfacet
  facet normal 0.9469301294951055 0.3214394653031623 0
    outer loop
      vertex 8.67163859753386 59.14805029709526 31.299999999999997
      vertex 8.797777478867205 58.77645713530755 31.299999999999997
      vertex 8.67163859753386 59.14805029709526 7
    endloop
  endfacet
  facet normal 0.9807852804032308 0.19509032201612714 0
    outer loop
      vertex 8.797777478867205 58.77645713530755 31.299999999999997
      vertex 8.874334584121431 58.391578576660145 31.299999999999997
      vertex 8.797777478867205 58.77645713530755 7
    endloop
  endfacet
  facet normal 0.9978589232386034 0.0654031292301441 0
    outer loop
      vertex 8.874334584121431 58.391578576660145 31.299999999999997
      vertex 8.9 57.99999999999999 31.299999999999997
      vertex 8.874334584121431 58.391578576660145 7
    endloop
  endfacet
  facet normal 0.9978589232386036 -0.06540312923014294 0
    outer loop
      vertex 8.9 57.99999999999999 31.299999999999997
      vertex 8.874334584121431 57.608421423339834 31.299999999999997
      vertex 8.9 57.99999999999999 7
    endloop
  endfacet
  facet normal 0.98078528040323 -0.1950903220161306 0
    outer loop
      vertex 8.874334584121431 57.608421423339834 31.299999999999997
      vertex 8.797777478867205 57.22354286469243 31.299999999999997
      vertex 8.874334584121431 57.608421423339834 7
    endloop
  endfacet
  facet normal 0.9469301294951074 -0.32143946530315676 0
    outer loop
      vertex 8.797777478867205 57.22354286469243 31.299999999999997
      vertex 8.67163859753386 56.85194970290472 31.299999999999997
      vertex 8.797777478867205 57.22354286469243 7
    endloop
  endfacet
  facet normal 0.8968727415326861 -0.4422886902190055 1.9443688493133863e-20
    outer loop
      vertex 8.498076211353316 56.49999999999999 31.299999999999997
      vertex 8.67163859753386 56.85194970290472 7
      vertex 8.67163859753386 56.85194970290472 31.299999999999997
    endloop
  endfacet
  facet normal 0.8314696123025445 -0.5555702330196032 3.4709051460241405e-21
    outer loop
      vertex 8.280060020873705 56.17371571297383 31.299999999999997
      vertex 8.498076211353316 56.49999999999999 7
      vertex 8.498076211353316 56.49999999999999 31.299999999999997
    endloop
  endfacet
  facet normal -0.5555702330196001 0.8314696123025467 0
    outer loop
      vertex 4.073715712973838 60.3800600208737 31.299999999999997
      vertex 4.4 60.59807621135331 7
      vertex 4.073715712973838 60.3800600208737 7
    endloop
  endfacet
  facet normal -0.4422886902189964 0.8968727415326906 0
    outer loop
      vertex 4.4 60.59807621135331 31.299999999999997
      vertex 4.7519497029047315 60.77163859753385 7
      vertex 4.4 60.59807621135331 7
    endloop
  endfacet
  facet normal -0.32143946530316697 0.9469301294951038 0
    outer loop
      vertex 4.7519497029047315 60.77163859753385 31.299999999999997
      vertex 5.123542864692438 60.8977774788672 7
      vertex 4.7519497029047315 60.77163859753385 7
    endloop
  endfacet
  facet normal -0.19509032201612317 0.9807852804032314 0
    outer loop
      vertex 5.123542864692438 60.8977774788672 31.299999999999997
      vertex 5.508421423339845 60.97433458412142 7
      vertex 5.123542864692438 60.8977774788672 7
    endloop
  endfacet
  facet normal -0.8968727415326897 0.44228869021899825 0
    outer loop
      vertex 3.3019237886466843 59.49999999999999 31.299999999999997
      vertex 3.3019237886466843 59.49999999999999 7
      vertex 3.1283614024661404 59.14805029709526 7
    endloop
  endfacet
  facet normal -0.7518398074789725 0.6593458151000744 0
    outer loop
      vertex 3.7786796564403575 60.12132034355963 31.299999999999997
      vertex 3.7786796564403575 60.12132034355963 7
      vertex 3.5199399791262946 59.826284287026155 7
    endloop
  endfacet
  facet normal -0.6593458151000766 0.7518398074789707 0
    outer loop
      vertex 3.7786796564403575 60.12132034355963 31.299999999999997
      vertex 4.073715712973838 60.3800600208737 7
      vertex 3.7786796564403575 60.12132034355963 7
    endloop
  endfacet
  facet normal -0.8314696123025456 0.5555702330196016 0
    outer loop
      vertex 3.5199399791262946 59.826284287026155 31.299999999999997
      vertex 3.5199399791262946 59.826284287026155 7
      vertex 3.3019237886466843 59.49999999999999 7
    endloop
  endfacet
  facet normal -0.9469301294951055 0.3214394653031623 0
    outer loop
      vertex 3.1283614024661404 59.14805029709526 31.299999999999997
      vertex 3.1283614024661404 59.14805029709526 7
      vertex 3.0022225211327953 58.77645713530755 7
    endloop
  endfacet
  facet normal -0.9807852804032308 0.19509032201612714 0
    outer loop
      vertex 3.0022225211327953 58.77645713530755 31.299999999999997
      vertex 3.0022225211327953 58.77645713530755 7
      vertex 2.9256654158785693 58.391578576660145 7
    endloop
  endfacet
  facet normal -0.065403129230148 0.9978589232386033 0
    outer loop
      vertex 5.508421423339845 60.97433458412142 31.299999999999997
      vertex 5.9 60.99999999999999 7
      vertex 5.508421423339845 60.97433458412142 7
    endloop
  endfacet
  facet normal 0.065403129230148 0.9978589232386033 0
    outer loop
      vertex 5.9 60.99999999999999 31.299999999999997
      vertex 6.2915785766601555 60.97433458412142 7
      vertex 5.9 60.99999999999999 7
    endloop
  endfacet
  facet normal 0.19509032201612317 0.9807852804032314 0
    outer loop
      vertex 6.2915785766601555 60.97433458412142 31.299999999999997
      vertex 6.676457135307563 60.8977774788672 7
      vertex 6.2915785766601555 60.97433458412142 7
    endloop
  endfacet
  facet normal 0.32143946530316697 0.9469301294951038 0
    outer loop
      vertex 6.676457135307563 60.8977774788672 31.299999999999997
      vertex 7.048050297095269 60.77163859753385 7
      vertex 6.676457135307563 60.8977774788672 7
    endloop
  endfacet
  facet normal 0.4422886902189964 0.8968727415326906 0
    outer loop
      vertex 7.048050297095269 60.77163859753385 31.299999999999997
      vertex 7.4 60.59807621135331 7
      vertex 7.048050297095269 60.77163859753385 7
    endloop
  endfacet
  facet normal 0.5555702330196001 0.8314696123025467 0
    outer loop
      vertex 7.4 60.59807621135331 31.299999999999997
      vertex 7.7262842870261625 60.3800600208737 7
      vertex 7.4 60.59807621135331 7
    endloop
  endfacet
  facet normal 0.6593458151000754 0.7518398074789716 0
    outer loop
      vertex 7.7262842870261625 60.3800600208737 31.299999999999997
      vertex 8.021320343559644 60.12132034355963 7
      vertex 7.7262842870261625 60.3800600208737 7
    endloop
  endfacet
  facet normal 0.7518398074789747 0.6593458151000718 0
    outer loop
      vertex 8.280060020873705 59.826284287026155 31.299999999999997
      vertex 8.280060020873705 59.826284287026155 7
      vertex 8.021320343559644 60.12132034355963 7
    endloop
  endfacet
  facet normal -0.9978589232386034 0.0654031292301441 0
    outer loop
      vertex 2.9256654158785693 58.391578576660145 31.299999999999997
      vertex 2.9256654158785693 58.391578576660145 7
      vertex 2.9000000000000004 57.99999999999999 7
    endloop
  endfacet
  facet normal -0.9978589232386036 -0.06540312923014294 0
    outer loop
      vertex 2.9000000000000004 57.99999999999999 31.299999999999997
      vertex 2.9000000000000004 57.99999999999999 7
      vertex 2.9256654158785693 57.608421423339834 7
    endloop
  endfacet
  facet normal -0.98078528040323 -0.1950903220161306 0
    outer loop
      vertex 2.9256654158785693 57.608421423339834 31.299999999999997
      vertex 2.9256654158785693 57.608421423339834 7
      vertex 3.0022225211327953 57.22354286469243 7
    endloop
  endfacet
  facet normal -0.9469301294951074 -0.32143946530315676 0
    outer loop
      vertex 3.0022225211327953 57.22354286469243 31.299999999999997
      vertex 3.0022225211327953 57.22354286469243 7
      vertex 3.1283614024661404 56.85194970290472 7
    endloop
  endfacet
  facet normal -0.8968727415326861 -0.4422886902190055 0
    outer loop
      vertex 3.1283614024661404 56.85194970290472 31.299999999999997
      vertex 3.1283614024661404 56.85194970290472 7
      vertex 3.3019237886466843 56.49999999999999 7
    endloop
  endfacet
  facet normal -0.8314696123025456 -0.5555702330196016 0
    outer loop
      vertex 3.3019237886466843 56.49999999999999 31.299999999999997
      vertex 3.3019237886466843 56.49999999999999 7
      vertex 3.5199399791262946 56.17371571297383 7
    endloop
  endfacet
  facet normal -0.7518398074789804 -0.6593458151000654 0
    outer loop
      vertex 3.5199399791262946 56.17371571297383 31.299999999999997
      vertex 3.5199399791262946 56.17371571297383 7
      vertex 3.7786796564403575 55.87867965644035 7
    endloop
  endfacet
  facet normal -0.6593458151000664 -0.7518398074789797 0
    outer loop
      vertex 4.073715712973838 55.619939979126286 31.299999999999997
      vertex 3.7786796564403575 55.87867965644035 7
      vertex 4.073715712973838 55.619939979126286 7
    endloop
  endfacet
  facet normal -0.5555702330196001 -0.8314696123025467 0
    outer loop
      vertex 4.4 55.40192378864668 31.299999999999997
      vertex 4.073715712973838 55.619939979126286 7
      vertex 4.4 55.40192378864668 7
    endloop
  endfacet
  facet normal -0.4422886902189964 -0.8968727415326906 0
    outer loop
      vertex 4.7519497029047315 55.228361402466135 31.299999999999997
      vertex 4.4 55.40192378864668 7
      vertex 4.7519497029047315 55.228361402466135 7
    endloop
  endfacet
  facet normal -0.32143946530316697 -0.9469301294951038 0
    outer loop
      vertex 5.123542864692438 55.10222252113279 31.299999999999997
      vertex 4.7519497029047315 55.228361402466135 7
      vertex 5.123542864692438 55.10222252113279 7
    endloop
  endfacet
  facet normal -0.19509032201612317 -0.9807852804032314 0
    outer loop
      vertex 5.508421423339845 55.025665415878564 31.299999999999997
      vertex 5.123542864692438 55.10222252113279 7
      vertex 5.508421423339845 55.025665415878564 7
    endloop
  endfacet
  facet normal -0.065403129230148 -0.9978589232386033 0
    outer loop
      vertex 5.9 54.99999999999999 31.299999999999997
      vertex 5.508421423339845 55.025665415878564 7
      vertex 5.9 54.99999999999999 7
    endloop
  endfacet
  facet normal 0.065403129230148 -0.9978589232386033 0
    outer loop
      vertex 6.2915785766601555 55.025665415878564 31.299999999999997
      vertex 5.9 54.99999999999999 7
      vertex 6.2915785766601555 55.025665415878564 7
    endloop
  endfacet
  facet normal 0.19509032201612317 -0.9807852804032314 0
    outer loop
      vertex 6.676457135307563 55.10222252113279 31.299999999999997
      vertex 6.2915785766601555 55.025665415878564 7
      vertex 6.676457135307563 55.10222252113279 7
    endloop
  endfacet
  facet normal 0.7518398074789826 -0.659345815100063 0
    outer loop
      vertex 8.021320343559644 55.87867965644035 31.299999999999997
      vertex 8.021320343559644 55.87867965644035 7
      vertex 8.280060020873705 56.17371571297383 7
    endloop
  endfacet
  facet normal 0.6593458151000652 -0.7518398074789806 0
    outer loop
      vertex 8.021320343559644 55.87867965644035 31.299999999999997
      vertex 7.7262842870261625 55.619939979126286 7
      vertex 8.021320343559644 55.87867965644035 7
    endloop
  endfacet
  facet normal 0.5555702330196001 -0.8314696123025467 0
    outer loop
      vertex 7.7262842870261625 55.619939979126286 31.299999999999997
      vertex 7.4 55.40192378864668 7
      vertex 7.7262842870261625 55.619939979126286 7
    endloop
  endfacet
  facet normal 0.32143946530316697 -0.9469301294951038 0
    outer loop
      vertex 7.048050297095269 55.228361402466135 31.299999999999997
      vertex 6.676457135307563 55.10222252113279 7
      vertex 7.048050297095269 55.228361402466135 7
    endloop
  endfacet
  facet normal 0.4422886902189964 -0.8968727415326906 0
    outer loop
      vertex 7.4 55.40192378864668 31.299999999999997
      vertex 7.048050297095269 55.228361402466135 7
      vertex 7.4 55.40192378864668 7
    endloop
  endfacet
  facet normal 0.8314696123025445 0.5555702330196032 0
    outer loop
      vertex 8.498076211353316 59.49999999999999 31.299999999999997
      vertex 8.498076211353316 59.49999999999999 7
      vertex 8.280060020873705 59.826284287026155 7
    endloop
  endfacet
  facet normal 0.8968727415326897 0.44228869021899825 0
    outer loop
      vertex 8.67163859753386 59.14805029709526 31.299999999999997
      vertex 8.67163859753386 59.14805029709526 7
      vertex 8.498076211353316 59.49999999999999 7
    endloop
  endfacet
  facet normal 0.9469301294951055 0.3214394653031623 0
    outer loop
      vertex 8.797777478867205 58.77645713530755 31.299999999999997
      vertex 8.797777478867205 58.77645713530755 7
      vertex 8.67163859753386 59.14805029709526 7
    endloop
  endfacet
  facet normal 0.9807852804032308 0.19509032201612714 0
    outer loop
      vertex 8.874334584121431 58.391578576660145 31.299999999999997
      vertex 8.874334584121431 58.391578576660145 7
      vertex 8.797777478867205 58.77645713530755 7
    endloop
  endfacet
  facet normal 0.9978589232386034 0.0654031292301441 0
    outer loop
      vertex 8.9 57.99999999999999 31.299999999999997
      vertex 8.9 57.99999999999999 7
      vertex 8.874334584121431 58.391578576660145 7
    endloop
  endfacet
  facet normal 0.9978589232386036 -0.06540312923014294 0
    outer loop
      vertex 8.874334584121431 57.608421423339834 31.299999999999997
      vertex 8.874334584121431 57.608421423339834 7
      vertex 8.9 57.99999999999999 7
    endloop
  endfacet
  facet normal 0.98078528040323 -0.1950903220161306 0
    outer loop
      vertex 8.797777478867205 57.22354286469243 31.299999999999997
      vertex 8.797777478867205 57.22354286469243 7
      vertex 8.874334584121431 57.608421423339834 7
    endloop
  endfacet
  facet normal 0.9469301294951074 -0.32143946530315676 0
    outer loop
      vertex 8.67163859753386 56.85194970290472 31.299999999999997
      vertex 8.67163859753386 56.85194970290472 7
      vertex 8.797777478867205 57.22354286469243 7
    endloop
  endfacet
  facet normal 0.8968727415326861 -0.4422886902190055 0
    outer loop
      vertex 8.498076211353316 56.49999999999999 31.299999999999997
      vertex 8.498076211353316 56.49999999999999 7
      vertex 8.67163859753386 56.85194970290472 7
    endloop
  endfacet
  facet normal 0.8314696123025445 -0.5555702330196032 0
    outer loop
      vertex 8.280060020873705 56.17371571297383 31.299999999999997
      vertex 8.280060020873705 56.17371571297383 7
      vertex 8.498076211353316 56.49999999999999 7
    endloop
  endfacet
  facet normal 0 0 1
    outer loop
      vertex 4.7519497029047315 11.771638597533851 31.299999999999997
      vertex 4.4 11.598076211353309 31.299999999999997
      vertex 4.865105570685175 10.348700678495092 31.299999999999997
    endloop
  endfacet
  facet normal 0 0 1
    outer loop
      vertex 4.073715712973838 11.3800600208737 31.299999999999997
      vertex 4.427756813566455 9.849999999999994 31.299999999999997
      vertex 4.4 11.598076211353309 31.299999999999997
    endloop
  endfacet
  facet normal 0 0 1
    outer loop
      vertex 4.4 11.598076211353309 31.299999999999997
      vertex 4.697918471982869 10.202081528017125 31.299999999999997
      vertex 4.865105570685175 10.348700678495092 31.299999999999997
    endloop
  endfacet
  facet normal 0 0 1
    outer loop
      vertex 4.7519497029047315 11.771638597533851 31.299999999999997
      vertex 5.249438164979348 10.570595205269179 31.299999999999997
      vertex 5.123542864692438 11.897777478867198 31.299999999999997
    endloop
  endfacet
  facet normal 0 0 1
    outer loop
      vertex 5.123542864692438 11.897777478867198 31.299999999999997
      vertex 5.678105473225913 10.685456264335471 31.299999999999997
      vertex 5.508421423339845 11.974334584121422 31.299999999999997
    endloop
  endfacet
  facet normal 0 0 1
    outer loop
      vertex 4.7519497029047315 11.771638597533851 31.299999999999997
      vertex 5.050000000000001 10.472243186433538 31.299999999999997
      vertex 5.249438164979348 10.570595205269179 31.299999999999997
    endloop
  endfacet
  facet normal 0 0 1
    outer loop
      vertex 4.7519497029047315 11.771638597533851 31.299999999999997
      vertex 4.865105570685175 10.348700678495092 31.299999999999997
      vertex 5.050000000000001 10.472243186433538 31.299999999999997
    endloop
  endfacet
  facet normal 0 0 1
    outer loop
      vertex 5.123542864692438 11.897777478867198 31.299999999999997
      vertex 5.4600076233257155 10.642073904691408 31.299999999999997
      vertex 5.678105473225913 10.685456264335471 31.299999999999997
    endloop
  endfacet
  facet normal 0 0 1
    outer loop
      vertex 5.123542864692438 11.897777478867198 31.299999999999997
      vertex 5.249438164979348 10.570595205269179 31.299999999999997
      vertex 5.4600076233257155 10.642073904691408 31.299999999999997
    endloop
  endfacet
  facet normal 0 0 1
    outer loop
      vertex 4.073715712973838 11.3800600208737 31.299999999999997
      vertex 4.329404794730813 9.650561835020646 31.299999999999997
      vertex 4.427756813566455 9.849999999999994 31.299999999999997
    endloop
  endfacet
  facet normal 0 0 1
    outer loop
      vertex 4.4 11.598076211353309 31.299999999999997
      vertex 4.551299321504901 10.034894429314818 31.299999999999997
      vertex 4.697918471982869 10.202081528017125 31.299999999999997
    endloop
  endfacet
  facet normal 0 0 1
    outer loop
      vertex 4.4 11.598076211353309 31.299999999999997
      vertex 4.427756813566455 9.849999999999994 31.299999999999997
      vertex 4.551299321504901 10.034894429314818 31.299999999999997
    endloop
  endfacet
  facet normal 0 0 1
    outer loop
      vertex 4.073715712973838 11.3800600208737 31.299999999999997
      vertex 4.214543735664523 9.22189452677408 31.299999999999997
      vertex 4.2579260953085845 9.439992376674276 31.299999999999997
    endloop
  endfacet
  facet normal 0 0 1
    outer loop
      vertex 4.073715712973838 11.3800600208737 31.299999999999997
      vertex 4.2579260953085845 9.439992376674276 31.299999999999997
      vertex 4.329404794730813 9.650561835020646 31.299999999999997
    endloop
  endfacet
  facet normal 0 0 1
    outer loop
      vertex 4.073715712973838 11.3800600208737 31.299999999999997
      vertex 4.2 8.999999999999993 31.299999999999997
      vertex 4.214543735664523 9.22189452677408 31.299999999999997
    endloop
  endfacet
  facet normal 0 0 1
    outer loop
      vertex 3.1283614024661404 10.14805029709526 31.299999999999997
      vertex 3.0022225211327953 9.776457135307552 31.299999999999997
      vertex 3.1283614024661404 7.851949702904726 31.299999999999997
    endloop
  endfacet
  facet normal 0 0 1
    outer loop
      vertex 3.3019237886466843 10.499999999999993 31.299999999999997
      vertex 3.1283614024661404 10.14805029709526 31.299999999999997
      vertex 3.3019237886466843 7.499999999999993 31.299999999999997
    endloop
  endfacet
  facet normal 0 0 1
    outer loop
      vertex 2.9256654158785693 9.391578576660145 31.299999999999997
      vertex 2.9000000000000004 8.999999999999993 31.299999999999997
      vertex 2.9256654158785693 8.608421423339841 31.299999999999997
    endloop
  endfacet
  facet normal 0 0 1
    outer loop
      vertex 3.0022225211327953 9.776457135307552 31.299999999999997
      vertex 2.9256654158785693 9.391578576660145 31.299999999999997
      vertex 3.0022225211327953 8.223542864692433 31.299999999999997
    endloop
  endfacet
  facet normal 0 0 1
    outer loop
      vertex 3.5199399791262946 10.826284287026155 31.299999999999997
      vertex 3.3019237886466843 10.499999999999993 31.299999999999997
      vertex 3.5199399791262946 7.173715712973831 31.299999999999997
    endloop
  endfacet
  facet normal 0 0 1
    outer loop
      vertex 3.5199399791262946 10.826284287026155 31.299999999999997
      vertex 3.7786796564403575 6.878679656440347 31.299999999999997
      vertex 3.7786796564403575 11.121320343559638 31.299999999999997
    endloop
  endfacet
  facet normal 0 0 1
    outer loop
      vertex 3.7786796564403575 11.121320343559638 31.299999999999997
      vertex 4.073715712973838 6.619939979126286 31.299999999999997
      vertex 4.073715712973838 11.3800600208737 31.299999999999997
    endloop
  endfacet
  facet normal 0 0 1
    outer loop
      vertex 2.9256654158785693 9.391578576660145 31.299999999999997
      vertex 2.9256654158785693 8.608421423339841 31.299999999999997
      vertex 3.0022225211327953 8.223542864692433 31.299999999999997
    endloop
  endfacet
  facet normal 0 0 1
    outer loop
      vertex 3.0022225211327953 9.776457135307552 31.299999999999997
      vertex 3.0022225211327953 8.223542864692433 31.299999999999997
      vertex 3.1283614024661404 7.851949702904726 31.299999999999997
    endloop
  endfacet
  facet normal 0 0 1
    outer loop
      vertex 3.1283614024661404 10.14805029709526 31.299999999999997
      vertex 3.1283614024661404 7.851949702904726 31.299999999999997
      vertex 3.3019237886466843 7.499999999999993 31.299999999999997
    endloop
  endfacet
  facet normal 0 0 1
    outer loop
      vertex 3.3019237886466843 10.499999999999993 31.299999999999997
      vertex 3.3019237886466843 7.499999999999993 31.299999999999997
      vertex 3.5199399791262946 7.173715712973831 31.299999999999997
    endloop
  endfacet
  facet normal 0 0 1
    outer loop
      vertex 3.5199399791262946 10.826284287026155 31.299999999999997
      vertex 3.5199399791262946 7.173715712973831 31.299999999999997
      vertex 3.7786796564403575 6.878679656440347 31.299999999999997
    endloop
  endfacet
  facet normal 0 0 1
    outer loop
      vertex 3.7786796564403575 11.121320343559638 31.299999999999997
      vertex 3.7786796564403575 6.878679656440347 31.299999999999997
      vertex 4.073715712973838 6.619939979126286 31.299999999999997
    endloop
  endfacet
  facet normal 0 0 1
    outer loop
      vertex 4.073715712973838 11.3800600208737 31.299999999999997
      vertex 4.073715712973838 6.619939979126286 31.299999999999997
      vertex 4.2 8.999999999999993 31.299999999999997
    endloop
  endfacet
  facet normal 0 0 1
    outer loop
      vertex 4.2 8.999999999999993 31.299999999999997
      vertex 4.073715712973838 6.619939979126286 31.299999999999997
      vertex 4.214543735664523 8.778105473225907 31.299999999999997
    endloop
  endfacet
  facet normal 0 0 1
    outer loop
      vertex 4.214543735664523 8.778105473225907 31.299999999999997
      vertex 4.073715712973838 6.619939979126286 31.299999999999997
      vertex 4.2579260953085845 8.56000762332571 31.299999999999997
    endloop
  endfacet
  facet normal 0 0 1
    outer loop
      vertex 5.508421423339845 11.974334584121422 31.299999999999997
      vertex 5.678105473225913 10.685456264335471 31.299999999999997
      vertex 5.9 11.999999999999993 31.299999999999997
    endloop
  endfacet
  facet normal 0 0 1
    outer loop
      vertex 5.9 11.999999999999993 31.299999999999997
      vertex 6.121894526774088 10.685456264335471 31.299999999999997
      vertex 6.2915785766601555 11.974334584121422 31.299999999999997
    endloop
  endfacet
  facet normal 0 0 1
    outer loop
      vertex 5.9 11.999999999999993 31.299999999999997
      vertex 5.678105473225913 10.685456264335471 31.299999999999997
      vertex 5.9 10.699999999999996 31.299999999999997
    endloop
  endfacet
  facet normal 0 0 1
    outer loop
      vertex 5.9 11.999999999999993 31.299999999999997
      vertex 5.9 10.699999999999996 31.299999999999997
      vertex 6.121894526774088 10.685456264335471 31.299999999999997
    endloop
  endfacet
  facet normal 0 0 1
    outer loop
      vertex 6.2915785766601555 11.974334584121422 31.299999999999997
      vertex 6.550561835020653 10.570595205269179 31.299999999999997
      vertex 6.676457135307563 11.897777478867198 31.299999999999997
    endloop
  endfacet
  facet normal 0 0 1
    outer loop
      vertex 6.2915785766601555 11.974334584121422 31.299999999999997
      vertex 6.121894526774088 10.685456264335471 31.299999999999997
      vertex 6.339992376674285 10.642073904691408 31.299999999999997
    endloop
  endfacet
  facet normal 0 0 1
    outer loop
      vertex 6.2915785766601555 11.974334584121422 31.299999999999997
      vertex 6.339992376674285 10.642073904691408 31.299999999999997
      vertex 6.550561835020653 10.570595205269179 31.299999999999997
    endloop
  endfacet
  facet normal 0 0 1
    outer loop
      vertex 6.676457135307563 11.897777478867198 31.299999999999997
      vertex 6.550561835020653 10.570595205269179 31.299999999999997
      vertex 6.75 10.472243186433538 31.299999999999997
    endloop
  endfacet
  facet normal 0 0 1
    outer loop
      vertex 6.676457135307563 11.897777478867198 31.299999999999997
      vertex 6.75 10.472243186433538 31.299999999999997
      vertex 6.934894429314825 10.348700678495092 31.299999999999997
    endloop
  endfacet
  facet normal 0 0 1
    outer loop
      vertex 6.676457135307563 11.897777478867198 31.299999999999997
      vertex 6.934894429314825 10.348700678495092 31.299999999999997
      vertex 7.048050297095269 11.771638597533851 31.299999999999997
    endloop
  endfacet
  facet normal 0 0 1
    outer loop
      vertex 7.048050297095269 11.771638597533851 31.299999999999997
      vertex 6.934894429314825 10.348700678495092 31.299999999999997
      vertex 7.102081528017131 10.202081528017125 31.299999999999997
    endloop
  endfacet
  facet normal 0 0 1
    outer loop
      vertex 7.048050297095269 11.771638597533851 31.299999999999997
      vertex 7.2487006784951 10.034894429314818 31.299999999999997
      vertex 7.4 11.598076211353309 31.299999999999997
    endloop
  endfacet
  facet normal 0 0 1
    outer loop
      vertex 7.4 11.598076211353309 31.299999999999997
      vertex 7.542073904691416 9.439992376674276 31.299999999999997
      vertex 7.7262842870261625 11.3800600208737 31.299999999999997
    endloop
  endfacet
  facet normal 0 0 1
    outer loop
      vertex 7.048050297095269 11.771638597533851 31.299999999999997
      vertex 7.102081528017131 10.202081528017125 31.299999999999997
      vertex 7.2487006784951 10.034894429314818 31.299999999999997
    endloop
  endfacet
  facet normal 0 0 1
    outer loop
      vertex 7.4 11.598076211353309 31.299999999999997
      vertex 7.2487006784951 10.034894429314818 31.299999999999997
      vertex 7.372243186433546 9.849999999999994 31.299999999999997
    endloop
  endfacet
  facet normal 0 0 1
    outer loop
      vertex 7.4 11.598076211353309 31.299999999999997
      vertex 7.372243186433546 9.849999999999994 31.299999999999997
      vertex 7.470595205269188 9.650561835020646 31.299999999999997
    endloop
  endfacet
  facet normal 0 0 1
    outer loop
      vertex 7.4 11.598076211353309 31.299999999999997
      vertex 7.470595205269188 9.650561835020646 31.299999999999997
      vertex 7.542073904691416 9.439992376674276 31.299999999999997
    endloop
  endfacet
  facet normal 0 0 1
    outer loop
      vertex 7.7262842870261625 11.3800600208737 31.299999999999997
      vertex 7.542073904691416 9.439992376674276 31.299999999999997
      vertex 7.585456264335478 9.22189452677408 31.299999999999997
    endloop
  endfacet
  facet normal 0 0 1
    outer loop
      vertex 7.7262842870261625 11.3800600208737 31.299999999999997
      vertex 7.585456264335478 9.22189452677408 31.299999999999997
      vertex 7.6000000000000005 8.999999999999993 31.299999999999997
    endloop
  endfacet
  facet normal 0 0 1
    outer loop
      vertex 7.7262842870261625 11.3800600208737 31.299999999999997
      vertex 8.021320343559644 6.878679656440347 31.299999999999997
      vertex 8.021320343559644 11.121320343559638 31.299999999999997
    endloop
  endfacet
  facet normal 0 0 1
    outer loop
      vertex 8.021320343559644 11.121320343559638 31.299999999999997
      vertex 8.280060020873705 7.173715712973831 31.299999999999997
      vertex 8.280060020873705 10.826284287026155 31.299999999999997
    endloop
  endfacet
  facet normal 0 0 1
    outer loop
      vertex 7.7262842870261625 11.3800600208737 31.299999999999997
      vertex 7.6000000000000005 8.999999999999993 31.299999999999997
      vertex 7.7262842870261625 6.619939979126286 31.299999999999997
    endloop
  endfacet
  facet normal 0 0 1
    outer loop
      vertex 7.542073904691416 8.56000762332571 31.299999999999997
      vertex 7.470595205269188 8.34943816497934 31.299999999999997
      vertex 7.7262842870261625 6.619939979126286 31.299999999999997
    endloop
  endfacet
  facet normal 0 0 1
    outer loop
      vertex 7.7262842870261625 11.3800600208737 31.299999999999997
      vertex 7.7262842870261625 6.619939979126286 31.299999999999997
      vertex 8.021320343559644 6.878679656440347 31.299999999999997
    endloop
  endfacet
  facet normal 0 0 1
    outer loop
      vertex 8.021320343559644 11.121320343559638 31.299999999999997
      vertex 8.021320343559644 6.878679656440347 31.299999999999997
      vertex 8.280060020873705 7.173715712973831 31.299999999999997
    endloop
  endfacet
  facet normal 0 0 1
    outer loop
      vertex 7.585456264335478 8.778105473225907 31.299999999999997
      vertex 7.7262842870261625 6.619939979126286 31.299999999999997
      vertex 7.6000000000000005 8.999999999999993 31.299999999999997
    endloop
  endfacet
  facet normal 0 0 1
    outer loop
      vertex 7.585456264335478 8.778105473225907 31.299999999999997
      vertex 7.542073904691416 8.56000762332571 31.299999999999997
      vertex 7.7262842870261625 6.619939979126286 31.299999999999997
    endloop
  endfacet
  facet normal 0 0 1
    outer loop
      vertex 4.2579260953085845 8.56000762332571 31.299999999999997
      vertex 4.4 6.401923788646677 31.299999999999997
      vertex 4.329404794730813 8.34943816497934 31.299999999999997
    endloop
  endfacet
  facet normal 0 0 1
    outer loop
      vertex 4.329404794730813 8.34943816497934 31.299999999999997
      vertex 4.4 6.401923788646677 31.299999999999997
      vertex 4.427756813566455 8.149999999999991 31.299999999999997
    endloop
  endfacet
  facet normal 0 0 1
    outer loop
      vertex 4.427756813566455 8.149999999999991 31.299999999999997
      vertex 4.4 6.401923788646677 31.299999999999997
      vertex 4.551299321504901 7.965105570685168 31.299999999999997
    endloop
  endfacet
  facet normal 0 0 1
    outer loop
      vertex 4.551299321504901 7.965105570685168 31.299999999999997
      vertex 4.7519497029047315 6.228361402466135 31.299999999999997
      vertex 4.697918471982869 7.797918471982861 31.299999999999997
    endloop
  endfacet
  facet normal 0 0 1
    outer loop
      vertex 4.2579260953085845 8.56000762332571 31.299999999999997
      vertex 4.073715712973838 6.619939979126286 31.299999999999997
      vertex 4.4 6.401923788646677 31.299999999999997
    endloop
  endfacet
  facet normal 0 0 1
    outer loop
      vertex 4.551299321504901 7.965105570685168 31.299999999999997
      vertex 4.4 6.401923788646677 31.299999999999997
      vertex 4.7519497029047315 6.228361402466135 31.299999999999997
    endloop
  endfacet
  facet normal 0 0 1
    outer loop
      vertex 4.697918471982869 7.797918471982861 31.299999999999997
      vertex 4.7519497029047315 6.228361402466135 31.299999999999997
      vertex 4.865105570685175 7.651299321504894 31.299999999999997
    endloop
  endfacet
  facet normal 0 0 1
    outer loop
      vertex 4.865105570685175 7.651299321504894 31.299999999999997
      vertex 5.123542864692438 6.102222521132788 31.299999999999997
      vertex 5.050000000000001 7.527756813566448 31.299999999999997
    endloop
  endfacet
  facet normal 0 0 1
    outer loop
      vertex 5.050000000000001 7.527756813566448 31.299999999999997
      vertex 5.123542864692438 6.102222521132788 31.299999999999997
      vertex 5.249438164979348 7.429404794730807 31.299999999999997
    endloop
  endfacet
  facet normal 0 0 1
    outer loop
      vertex 5.249438164979348 7.429404794730807 31.299999999999997
      vertex 5.508421423339845 6.025665415878564 31.299999999999997
      vertex 5.4600076233257155 7.357926095308578 31.299999999999997
    endloop
  endfacet
  facet normal 0 0 1
    outer loop
      vertex 4.865105570685175 7.651299321504894 31.299999999999997
      vertex 4.7519497029047315 6.228361402466135 31.299999999999997
      vertex 5.123542864692438 6.102222521132788 31.299999999999997
    endloop
  endfacet
  facet normal 0 0 1
    outer loop
      vertex 5.249438164979348 7.429404794730807 31.299999999999997
      vertex 5.123542864692438 6.102222521132788 31.299999999999997
      vertex 5.508421423339845 6.025665415878564 31.299999999999997
    endloop
  endfacet
  facet normal 0 0 1
    outer loop
      vertex 5.4600076233257155 7.357926095308578 31.299999999999997
      vertex 5.508421423339845 6.025665415878564 31.299999999999997
      vertex 5.678105473225913 7.314543735664515 31.299999999999997
    endloop
  endfacet
  facet normal 0 0 1
    outer loop
      vertex 5.678105473225913 7.314543735664515 31.299999999999997
      vertex 5.9 5.999999999999993 31.299999999999997
      vertex 5.9 7.29999999999999 31.299999999999997
    endloop
  endfacet
  facet normal 0 0 1
    outer loop
      vertex 5.9 7.29999999999999 31.299999999999997
      vertex 5.9 5.999999999999993 31.299999999999997
      vertex 6.121894526774088 7.314543735664515 31.299999999999997
    endloop
  endfacet
  facet normal 0 0 1
    outer loop
      vertex 6.121894526774088 7.314543735664515 31.299999999999997
      vertex 6.676457135307563 6.102222521132788 31.299999999999997
      vertex 6.339992376674285 7.357926095308578 31.299999999999997
    endloop
  endfacet
  facet normal 0 0 1
    outer loop
      vertex 6.550561835020653 7.429404794730807 31.299999999999997
      vertex 7.048050297095269 6.228361402466135 31.299999999999997
      vertex 6.75 7.527756813566448 31.299999999999997
    endloop
  endfacet
  facet normal 0 0 1
    outer loop
      vertex 6.339992376674285 7.357926095308578 31.299999999999997
      vertex 6.676457135307563 6.102222521132788 31.299999999999997
      vertex 6.550561835020653 7.429404794730807 31.299999999999997
    endloop
  endfacet
  facet normal 0 0 1
    outer loop
      vertex 5.678105473225913 7.314543735664515 31.299999999999997
      vertex 5.508421423339845 6.025665415878564 31.299999999999997
      vertex 5.9 5.999999999999993 31.299999999999997
    endloop
  endfacet
  facet normal 0 0 1
    outer loop
      vertex 6.121894526774088 7.314543735664515 31.299999999999997
      vertex 5.9 5.999999999999993 31.299999999999997
      vertex 6.2915785766601555 6.025665415878564 31.299999999999997
    endloop
  endfacet
  facet normal 0 0 1
    outer loop
      vertex 6.121894526774088 7.314543735664515 31.299999999999997
      vertex 6.2915785766601555 6.025665415878564 31.299999999999997
      vertex 6.676457135307563 6.102222521132788 31.299999999999997
    endloop
  endfacet
  facet normal 0 0 1
    outer loop
      vertex 6.550561835020653 7.429404794730807 31.299999999999997
      vertex 6.676457135307563 6.102222521132788 31.299999999999997
      vertex 7.048050297095269 6.228361402466135 31.299999999999997
    endloop
  endfacet
  facet normal 0 0 1
    outer loop
      vertex 7.470595205269188 8.34943816497934 31.299999999999997
      vertex 7.372243186433546 8.149999999999991 31.299999999999997
      vertex 7.7262842870261625 6.619939979126286 31.299999999999997
    endloop
  endfacet
  facet normal 0 0 1
    outer loop
      vertex 7.372243186433546 8.149999999999991 31.299999999999997
      vertex 7.2487006784951 7.965105570685168 31.299999999999997
      vertex 7.4 6.401923788646677 31.299999999999997
    endloop
  endfacet
  facet normal 0 0 1
    outer loop
      vertex 7.102081528017131 7.797918471982861 31.299999999999997
      vertex 7.4 6.401923788646677 31.299999999999997
      vertex 7.2487006784951 7.965105570685168 31.299999999999997
    endloop
  endfacet
  facet normal 0 0 1
    outer loop
      vertex 6.75 7.527756813566448 31.299999999999997
      vertex 7.048050297095269 6.228361402466135 31.299999999999997
      vertex 6.934894429314825 7.651299321504894 31.299999999999997
    endloop
  endfacet
  facet normal 0 0 1
    outer loop
      vertex 7.102081528017131 7.797918471982861 31.299999999999997
      vertex 6.934894429314825 7.651299321504894 31.299999999999997
      vertex 7.4 6.401923788646677 31.299999999999997
    endloop
  endfacet
  facet normal 0 0 1
    outer loop
      vertex 7.372243186433546 8.149999999999991 31.299999999999997
      vertex 7.4 6.401923788646677 31.299999999999997
      vertex 7.7262842870261625 6.619939979126286 31.299999999999997
    endloop
  endfacet
  facet normal 0 0 1
    outer loop
      vertex 6.934894429314825 7.651299321504894 31.299999999999997
      vertex 7.048050297095269 6.228361402466135 31.299999999999997
      vertex 7.4 6.401923788646677 31.299999999999997
    endloop
  endfacet
  facet normal 0 0 1
    outer loop
      vertex 8.280060020873705 10.826284287026155 31.299999999999997
      vertex 8.498076211353316 7.499999999999993 31.299999999999997
      vertex 8.498076211353316 10.499999999999993 31.299999999999997
    endloop
  endfacet
  facet normal 0 0 1
    outer loop
      vertex 8.498076211353316 10.499999999999993 31.299999999999997
      vertex 8.67163859753386 7.851949702904726 31.299999999999997
      vertex 8.67163859753386 10.14805029709526 31.299999999999997
    endloop
  endfacet
  facet normal 0 0 1
    outer loop
      vertex 8.67163859753386 10.14805029709526 31.299999999999997
      vertex 8.797777478867205 8.223542864692433 31.299999999999997
      vertex 8.797777478867205 9.776457135307552 31.299999999999997
    endloop
  endfacet
  facet normal 0 0 1
    outer loop
      vertex 8.797777478867205 9.776457135307552 31.299999999999997
      vertex 8.874334584121431 8.608421423339841 31.299999999999997
      vertex 8.874334584121431 9.391578576660145 31.299999999999997
    endloop
  endfacet
  facet normal 0 0 1
    outer loop
      vertex 8.874334584121431 9.391578576660145 31.299999999999997
      vertex 8.874334584121431 8.608421423339841 31.299999999999997
      vertex 8.9 8.999999999999993 31.299999999999997
    endloop
  endfacet
  facet normal 0 0 1
    outer loop
      vertex 8.797777478867205 9.776457135307552 31.299999999999997
      vertex 8.797777478867205 8.223542864692433 31.299999999999997
      vertex 8.874334584121431 8.608421423339841 31.299999999999997
    endloop
  endfacet
  facet normal 0 0 1
    outer loop
      vertex 8.498076211353316 10.499999999999993 31.299999999999997
      vertex 8.498076211353316 7.499999999999993 31.299999999999997
      vertex 8.67163859753386 7.851949702904726 31.299999999999997
    endloop
  endfacet
  facet normal 0 0 1
    outer loop
      vertex 8.280060020873705 10.826284287026155 31.299999999999997
      vertex 8.280060020873705 7.173715712973831 31.299999999999997
      vertex 8.498076211353316 7.499999999999993 31.299999999999997
    endloop
  endfacet
  facet normal 0 0 1
    outer loop
      vertex 8.67163859753386 10.14805029709526 31.299999999999997
      vertex 8.67163859753386 7.851949702904726 31.299999999999997
      vertex 8.797777478867205 8.223542864692433 31.299999999999997
    endloop
  endfacet
  facet normal -0.4422886902189964 0.8968727415326906 0
    outer loop
      vertex 4.7519497029047315 11.771638597533851 31.299999999999997
      vertex 4.7519497029047315 11.771638597533851 7
      vertex 4.4 11.598076211353309 31.299999999999997
    endloop
  endfacet
  facet normal -0.32143946530316697 0.9469301294951038 -2.999229024183542e-19
    outer loop
      vertex 4.7519497029047315 11.771638597533851 31.299999999999997
      vertex 5.123542864692438 11.897777478867198 31.299999999999997
      vertex 5.123542864692438 11.897777478867198 7
    endloop
  endfacet
  facet normal -0.19509032201612317 0.9807852804032314 1.2249139539939426e-19
    outer loop
      vertex 5.123542864692438 11.897777478867198 31.299999999999997
      vertex 5.508421423339845 11.974334584121422 31.299999999999997
      vertex 5.508421423339845 11.974334584121422 7
    endloop
  endfacet
  facet normal -0.065403129230148 0.9978589232386033 4.6401114782103966e-20
    outer loop
      vertex 5.508421423339845 11.974334584121422 31.299999999999997
      vertex 5.9 11.999999999999993 31.299999999999997
      vertex 5.9 11.999999999999993 7
    endloop
  endfacet
  facet normal 0.065403129230148 0.9978589232386033 -4.6401114782103966e-20
    outer loop
      vertex 5.9 11.999999999999993 31.299999999999997
      vertex 6.2915785766601555 11.974334584121422 31.299999999999997
      vertex 6.2915785766601555 11.974334584121422 7
    endloop
  endfacet
  facet normal 0.19509032201612317 0.9807852804032314 -1.2249139539939426e-19
    outer loop
      vertex 6.2915785766601555 11.974334584121422 31.299999999999997
      vertex 6.676457135307563 11.897777478867198 31.299999999999997
      vertex 6.676457135307563 11.897777478867198 7
    endloop
  endfacet
  facet normal 0.32143946530316697 0.9469301294951038 2.999229024183542e-19
    outer loop
      vertex 6.676457135307563 11.897777478867198 31.299999999999997
      vertex 7.048050297095269 11.771638597533851 31.299999999999997
      vertex 7.048050297095269 11.771638597533851 7
    endloop
  endfacet
  facet normal -0.6593458151000664 0.7518398074789797 4.580515195103108e-19
    outer loop
      vertex 3.7786796564403575 11.121320343559638 31.299999999999997
      vertex 4.073715712973838 11.3800600208737 31.299999999999997
      vertex 4.073715712973838 11.3800600208737 7
    endloop
  endfacet
  facet normal -0.7518398074789804 0.6593458151000654 0
    outer loop
      vertex 3.5199399791262946 10.826284287026155 31.299999999999997
      vertex 3.7786796564403575 11.121320343559638 31.299999999999997
      vertex 3.5199399791262946 10.826284287026155 7
    endloop
  endfacet
  facet normal -0.8968727415326897 0.44228869021899825 -1.785672368756329e-19
    outer loop
      vertex 3.3019237886466843 10.499999999999993 31.299999999999997
      vertex 3.1283614024661404 10.14805029709526 7
      vertex 3.1283614024661404 10.14805029709526 31.299999999999997
    endloop
  endfacet
  facet normal -0.9469301294951055 0.3214394653031623 -2.8687768460358327e-19
    outer loop
      vertex 3.1283614024661404 10.14805029709526 31.299999999999997
      vertex 3.0022225211327953 9.776457135307552 7
      vertex 3.0022225211327953 9.776457135307552 31.299999999999997
    endloop
  endfacet
  facet normal -0.8314696123025456 0.5555702330196016 1.7491804261827656e-19
    outer loop
      vertex 3.5199399791262946 10.826284287026155 31.299999999999997
      vertex 3.3019237886466843 10.499999999999993 7
      vertex 3.3019237886466843 10.499999999999993 31.299999999999997
    endloop
  endfacet
  facet normal -0.5555702330196001 0.8314696123025467 3.463651800905294e-19
    outer loop
      vertex 4.073715712973838 11.3800600208737 31.299999999999997
      vertex 4.4 11.598076211353309 31.299999999999997
      vertex 4.4 11.598076211353309 7
    endloop
  endfacet
  facet normal -0.9807852804032308 0.19509032201612714 -2.5073241981203713e-21
    outer loop
      vertex 3.0022225211327953 9.776457135307552 31.299999999999997
      vertex 2.9256654158785693 9.391578576660145 7
      vertex 2.9256654158785693 9.391578576660145 31.299999999999997
    endloop
  endfacet
  facet normal -0.9978589232386034 0.0654031292301441 -5.1694964191294194e-20
    outer loop
      vertex 2.9256654158785693 9.391578576660145 31.299999999999997
      vertex 2.9000000000000004 8.999999999999993 7
      vertex 2.9000000000000004 8.999999999999993 31.299999999999997
    endloop
  endfacet
  facet normal -0.9978589232386034 -0.0654031292301441 5.1694964191294194e-20
    outer loop
      vertex 2.9000000000000004 8.999999999999993 31.299999999999997
      vertex 2.9256654158785693 8.608421423339841 7
      vertex 2.9256654158785693 8.608421423339841 31.299999999999997
    endloop
  endfacet
  facet normal -0.9807852804032308 -0.19509032201612714 2.5073241981203713e-21
    outer loop
      vertex 2.9256654158785693 8.608421423339841 31.299999999999997
      vertex 3.0022225211327953 8.223542864692433 7
      vertex 3.0022225211327953 8.223542864692433 31.299999999999997
    endloop
  endfacet
  facet normal -0.9469301294951055 -0.3214394653031623 2.8687768460358327e-19
    outer loop
      vertex 3.0022225211327953 8.223542864692433 31.299999999999997
      vertex 3.1283614024661404 7.851949702904726 7
      vertex 3.1283614024661404 7.851949702904726 31.299999999999997
    endloop
  endfacet
  facet normal 0.4422886902189964 0.8968727415326906 -1.6264078970185035e-19
    outer loop
      vertex 7.048050297095269 11.771638597533851 31.299999999999997
      vertex 7.4 11.598076211353309 31.299999999999997
      vertex 7.4 11.598076211353309 7
    endloop
  endfacet
  facet normal 0.5555702330196001 0.8314696123025467 -3.463651800905294e-19
    outer loop
      vertex 7.4 11.598076211353309 31.299999999999997
      vertex 7.7262842870261625 11.3800600208737 31.299999999999997
      vertex 7.7262842870261625 11.3800600208737 7
    endloop
  endfacet
  facet normal 0.6593458151000652 0.7518398074789806 1.8325914752744997e-19
    outer loop
      vertex 7.7262842870261625 11.3800600208737 31.299999999999997
      vertex 8.021320343559644 11.121320343559638 31.299999999999997
      vertex 8.021320343559644 11.121320343559638 7
    endloop
  endfacet
  facet normal 0.7518398074789826 0.659345815100063 0
    outer loop
      vertex 8.021320343559644 11.121320343559638 31.299999999999997
      vertex 8.280060020873705 10.826284287026155 31.299999999999997
      vertex 8.021320343559644 11.121320343559638 7
    endloop
  endfacet
  facet normal -0.8968727415326897 -0.44228869021899825 1.785672368756329e-19
    outer loop
      vertex 3.1283614024661404 7.851949702904726 31.299999999999997
      vertex 3.3019237886466843 7.499999999999993 7
      vertex 3.3019237886466843 7.499999999999993 31.299999999999997
    endloop
  endfacet
  facet normal -0.8314696123025456 -0.5555702330196016 -1.7491804261827656e-19
    outer loop
      vertex 3.3019237886466843 7.499999999999993 31.299999999999997
      vertex 3.5199399791262946 7.173715712973831 7
      vertex 3.5199399791262946 7.173715712973831 31.299999999999997
    endloop
  endfacet
  facet normal -0.7518398074789804 -0.6593458151000654 3.53106048271217e-19
    outer loop
      vertex 3.5199399791262946 7.173715712973831 31.299999999999997
      vertex 3.7786796564403575 6.878679656440347 7
      vertex 3.7786796564403575 6.878679656440347 31.299999999999997
    endloop
  endfacet
  facet normal -0.6593458151000664 -0.7518398074789797 0
    outer loop
      vertex 3.7786796564403575 6.878679656440347 31.299999999999997
      vertex 3.7786796564403575 6.878679656440347 7
      vertex 4.073715712973838 6.619939979126286 31.299999999999997
    endloop
  endfacet
  facet normal -0.5555702330196001 -0.8314696123025467 0
    outer loop
      vertex 4.073715712973838 6.619939979126286 31.299999999999997
      vertex 4.073715712973838 6.619939979126286 7
      vertex 4.4 6.401923788646677 31.299999999999997
    endloop
  endfacet
  facet normal -0.4422886902189964 -0.8968727415326906 0
    outer loop
      vertex 4.4 6.401923788646677 31.299999999999997
      vertex 4.4 6.401923788646677 7
      vertex 4.7519497029047315 6.228361402466135 31.299999999999997
    endloop
  endfacet
  facet normal -0.32143946530316697 -0.9469301294951038 0
    outer loop
      vertex 4.7519497029047315 6.228361402466135 31.299999999999997
      vertex 4.7519497029047315 6.228361402466135 7
      vertex 5.123542864692438 6.102222521132788 31.299999999999997
    endloop
  endfacet
  facet normal -0.19509032201612317 -0.9807852804032314 0
    outer loop
      vertex 5.123542864692438 6.102222521132788 31.299999999999997
      vertex 5.123542864692438 6.102222521132788 7
      vertex 5.508421423339845 6.025665415878564 31.299999999999997
    endloop
  endfacet
  facet normal -0.065403129230148 -0.9978589232386033 0
    outer loop
      vertex 5.508421423339845 6.025665415878564 31.299999999999997
      vertex 5.508421423339845 6.025665415878564 7
      vertex 5.9 5.999999999999993 31.299999999999997
    endloop
  endfacet
  facet normal 0.065403129230148 -0.9978589232386033 0
    outer loop
      vertex 5.9 5.999999999999993 31.299999999999997
      vertex 5.9 5.999999999999993 7
      vertex 6.2915785766601555 6.025665415878564 31.299999999999997
    endloop
  endfacet
  facet normal 0.19509032201612317 -0.9807852804032314 0
    outer loop
      vertex 6.2915785766601555 6.025665415878564 31.299999999999997
      vertex 6.2915785766601555 6.025665415878564 7
      vertex 6.676457135307563 6.102222521132788 31.299999999999997
    endloop
  endfacet
  facet normal 0.32143946530316697 -0.9469301294951038 0
    outer loop
      vertex 6.676457135307563 6.102222521132788 31.299999999999997
      vertex 6.676457135307563 6.102222521132788 7
      vertex 7.048050297095269 6.228361402466135 31.299999999999997
    endloop
  endfacet
  facet normal 0.7518398074789826 -0.659345815100063 0
    outer loop
      vertex 8.280060020873705 7.173715712973831 31.299999999999997
      vertex 8.021320343559644 6.878679656440347 31.299999999999997
      vertex 8.280060020873705 7.173715712973831 7
    endloop
  endfacet
  facet normal 0.5555702330196001 -0.8314696123025467 0
    outer loop
      vertex 7.4 6.401923788646677 31.299999999999997
      vertex 7.4 6.401923788646677 7
      vertex 7.7262842870261625 6.619939979126286 31.299999999999997
    endloop
  endfacet
  facet normal 0.4422886902189964 -0.8968727415326906 1.6264078970185035e-19
    outer loop
      vertex 7.4 6.401923788646677 31.299999999999997
      vertex 7.048050297095269 6.228361402466135 31.299999999999997
      vertex 7.048050297095269 6.228361402466135 7
    endloop
  endfacet
  facet normal 0.6593458151000652 -0.7518398074789806 -1.8325914752744997e-19
    outer loop
      vertex 8.021320343559644 6.878679656440347 31.299999999999997
      vertex 7.7262842870261625 6.619939979126286 31.299999999999997
      vertex 7.7262842870261625 6.619939979126286 7
    endloop
  endfacet
  facet normal 0.8314696123025445 0.5555702330196032 0
    outer loop
      vertex 8.280060020873705 10.826284287026155 31.299999999999997
      vertex 8.498076211353316 10.499999999999993 31.299999999999997
      vertex 8.280060020873705 10.826284287026155 7
    endloop
  endfacet
  facet normal 0.8968727415326897 0.44228869021899825 0
    outer loop
      vertex 8.498076211353316 10.499999999999993 31.299999999999997
      vertex 8.67163859753386 10.14805029709526 31.299999999999997
      vertex 8.498076211353316 10.499999999999993 7
    endloop
  endfacet
  facet normal 0.9469301294951055 0.3214394653031623 0
    outer loop
      vertex 8.67163859753386 10.14805029709526 31.299999999999997
      vertex 8.797777478867205 9.776457135307552 31.299999999999997
      vertex 8.67163859753386 10.14805029709526 7
    endloop
  endfacet
  facet normal 0.9807852804032308 0.19509032201612714 0
    outer loop
      vertex 8.797777478867205 9.776457135307552 31.299999999999997
      vertex 8.874334584121431 9.391578576660145 31.299999999999997
      vertex 8.797777478867205 9.776457135307552 7
    endloop
  endfacet
  facet normal 0.9978589232386034 0.0654031292301441 0
    outer loop
      vertex 8.874334584121431 9.391578576660145 31.299999999999997
      vertex 8.9 8.999999999999993 31.299999999999997
      vertex 8.874334584121431 9.391578576660145 7
    endloop
  endfacet
  facet normal 0.9978589232386034 -0.0654031292301441 0
    outer loop
      vertex 8.9 8.999999999999993 31.299999999999997
      vertex 8.874334584121431 8.608421423339841 31.299999999999997
      vertex 8.9 8.999999999999993 7
    endloop
  endfacet
  facet normal 0.9807852804032308 -0.19509032201612714 0
    outer loop
      vertex 8.874334584121431 8.608421423339841 31.299999999999997
      vertex 8.797777478867205 8.223542864692433 31.299999999999997
      vertex 8.874334584121431 8.608421423339841 7
    endloop
  endfacet
  facet normal 0.9469301294951055 -0.3214394653031623 0
    outer loop
      vertex 8.797777478867205 8.223542864692433 31.299999999999997
      vertex 8.67163859753386 7.851949702904726 31.299999999999997
      vertex 8.797777478867205 8.223542864692433 7
    endloop
  endfacet
  facet normal 0.8968727415326897 -0.44228869021899825 0
    outer loop
      vertex 8.67163859753386 7.851949702904726 31.299999999999997
      vertex 8.498076211353316 7.499999999999993 31.299999999999997
      vertex 8.67163859753386 7.851949702904726 7
    endloop
  endfacet
  facet normal 0.8314696123025445 -0.5555702330196032 3.4709051460241405e-21
    outer loop
      vertex 8.280060020873705 7.173715712973831 31.299999999999997
      vertex 8.498076211353316 7.499999999999993 7
      vertex 8.498076211353316 7.499999999999993 31.299999999999997
    endloop
  endfacet
  facet normal -0.32143946530316697 0.9469301294951038 0
    outer loop
      vertex 4.7519497029047315 11.771638597533851 31.299999999999997
      vertex 5.123542864692438 11.897777478867198 7
      vertex 4.7519497029047315 11.771638597533851 7
    endloop
  endfacet
  facet normal -0.19509032201612317 0.9807852804032314 0
    outer loop
      vertex 5.123542864692438 11.897777478867198 31.299999999999997
      vertex 5.508421423339845 11.974334584121422 7
      vertex 5.123542864692438 11.897777478867198 7
    endloop
  endfacet
  facet normal -0.065403129230148 0.9978589232386033 0
    outer loop
      vertex 5.508421423339845 11.974334584121422 31.299999999999997
      vertex 5.9 11.999999999999993 7
      vertex 5.508421423339845 11.974334584121422 7
    endloop
  endfacet
  facet normal 0.065403129230148 0.9978589232386033 0
    outer loop
      vertex 5.9 11.999999999999993 31.299999999999997
      vertex 6.2915785766601555 11.974334584121422 7
      vertex 5.9 11.999999999999993 7
    endloop
  endfacet
  facet normal 0.19509032201612317 0.9807852804032314 0
    outer loop
      vertex 6.2915785766601555 11.974334584121422 31.299999999999997
      vertex 6.676457135307563 11.897777478867198 7
      vertex 6.2915785766601555 11.974334584121422 7
    endloop
  endfacet
  facet normal 0.32143946530316697 0.9469301294951038 0
    outer loop
      vertex 6.676457135307563 11.897777478867198 31.299999999999997
      vertex 7.048050297095269 11.771638597533851 7
      vertex 6.676457135307563 11.897777478867198 7
    endloop
  endfacet
  facet normal 0.4422886902189964 0.8968727415326906 0
    outer loop
      vertex 7.048050297095269 11.771638597533851 31.299999999999997
      vertex 7.4 11.598076211353309 7
      vertex 7.048050297095269 11.771638597533851 7
    endloop
  endfacet
  facet normal -0.6593458151000664 0.7518398074789797 0
    outer loop
      vertex 3.7786796564403575 11.121320343559638 31.299999999999997
      vertex 4.073715712973838 11.3800600208737 7
      vertex 3.7786796564403575 11.121320343559638 7
    endloop
  endfacet
  facet normal -0.8314696123025456 0.5555702330196016 0
    outer loop
      vertex 3.5199399791262946 10.826284287026155 31.299999999999997
      vertex 3.5199399791262946 10.826284287026155 7
      vertex 3.3019237886466843 10.499999999999993 7
    endloop
  endfacet
  facet normal -0.7518398074789804 0.6593458151000654 0
    outer loop
      vertex 3.7786796564403575 11.121320343559638 31.299999999999997
      vertex 3.7786796564403575 11.121320343559638 7
      vertex 3.5199399791262946 10.826284287026155 7
    endloop
  endfacet
  facet normal -0.8968727415326897 0.44228869021899825 0
    outer loop
      vertex 3.3019237886466843 10.499999999999993 31.299999999999997
      vertex 3.3019237886466843 10.499999999999993 7
      vertex 3.1283614024661404 10.14805029709526 7
    endloop
  endfacet
  facet normal -0.9469301294951055 0.3214394653031623 0
    outer loop
      vertex 3.1283614024661404 10.14805029709526 31.299999999999997
      vertex 3.1283614024661404 10.14805029709526 7
      vertex 3.0022225211327953 9.776457135307552 7
    endloop
  endfacet
  facet normal -0.5555702330196001 0.8314696123025467 0
    outer loop
      vertex 4.073715712973838 11.3800600208737 31.299999999999997
      vertex 4.4 11.598076211353309 7
      vertex 4.073715712973838 11.3800600208737 7
    endloop
  endfacet
  facet normal -0.4422886902189964 0.8968727415326906 0
    outer loop
      vertex 4.4 11.598076211353309 31.299999999999997
      vertex 4.7519497029047315 11.771638597533851 7
      vertex 4.4 11.598076211353309 7
    endloop
  endfacet
  facet normal -0.9978589232386034 0.0654031292301441 0
    outer loop
      vertex 2.9256654158785693 9.391578576660145 31.299999999999997
      vertex 2.9256654158785693 9.391578576660145 7
      vertex 2.9000000000000004 8.999999999999993 7
    endloop
  endfacet
  facet normal -0.9807852804032308 0.19509032201612714 0
    outer loop
      vertex 3.0022225211327953 9.776457135307552 31.299999999999997
      vertex 3.0022225211327953 9.776457135307552 7
      vertex 2.9256654158785693 9.391578576660145 7
    endloop
  endfacet
  facet normal -0.9978589232386034 -0.0654031292301441 0
    outer loop
      vertex 2.9000000000000004 8.999999999999993 31.299999999999997
      vertex 2.9000000000000004 8.999999999999993 7
      vertex 2.9256654158785693 8.608421423339841 7
    endloop
  endfacet
  facet normal -0.9807852804032308 -0.19509032201612714 0
    outer loop
      vertex 2.9256654158785693 8.608421423339841 31.299999999999997
      vertex 2.9256654158785693 8.608421423339841 7
      vertex 3.0022225211327953 8.223542864692433 7
    endloop
  endfacet
  facet normal -0.9469301294951055 -0.3214394653031623 0
    outer loop
      vertex 3.0022225211327953 8.223542864692433 31.299999999999997
      vertex 3.0022225211327953 8.223542864692433 7
      vertex 3.1283614024661404 7.851949702904726 7
    endloop
  endfacet
  facet normal 0.5555702330196001 0.8314696123025467 0
    outer loop
      vertex 7.4 11.598076211353309 31.299999999999997
      vertex 7.7262842870261625 11.3800600208737 7
      vertex 7.4 11.598076211353309 7
    endloop
  endfacet
  facet normal 0.6593458151000652 0.7518398074789806 0
    outer loop
      vertex 7.7262842870261625 11.3800600208737 31.299999999999997
      vertex 8.021320343559644 11.121320343559638 7
      vertex 7.7262842870261625 11.3800600208737 7
    endloop
  endfacet
  facet normal 0.7518398074789826 0.659345815100063 0
    outer loop
      vertex 8.280060020873705 10.826284287026155 31.299999999999997
      vertex 8.280060020873705 10.826284287026155 7
      vertex 8.021320343559644 11.121320343559638 7
    endloop
  endfacet
  facet normal -0.8968727415326897 -0.44228869021899825 0
    outer loop
      vertex 3.1283614024661404 7.851949702904726 31.299999999999997
      vertex 3.1283614024661404 7.851949702904726 7
      vertex 3.3019237886466843 7.499999999999993 7
    endloop
  endfacet
  facet normal -0.8314696123025456 -0.5555702330196016 0
    outer loop
      vertex 3.3019237886466843 7.499999999999993 31.299999999999997
      vertex 3.3019237886466843 7.499999999999993 7
      vertex 3.5199399791262946 7.173715712973831 7
    endloop
  endfacet
  facet normal -0.7518398074789804 -0.6593458151000654 0
    outer loop
      vertex 3.5199399791262946 7.173715712973831 31.299999999999997
      vertex 3.5199399791262946 7.173715712973831 7
      vertex 3.7786796564403575 6.878679656440347 7
    endloop
  endfacet
  facet normal -0.6593458151000664 -0.7518398074789797 0
    outer loop
      vertex 4.073715712973838 6.619939979126286 31.299999999999997
      vertex 3.7786796564403575 6.878679656440347 7
      vertex 4.073715712973838 6.619939979126286 7
    endloop
  endfacet
  facet normal -0.5555702330196001 -0.8314696123025467 0
    outer loop
      vertex 4.4 6.401923788646677 31.299999999999997
      vertex 4.073715712973838 6.619939979126286 7
      vertex 4.4 6.401923788646677 7
    endloop
  endfacet
  facet normal -0.4422886902189964 -0.8968727415326906 0
    outer loop
      vertex 4.7519497029047315 6.228361402466135 31.299999999999997
      vertex 4.4 6.401923788646677 7
      vertex 4.7519497029047315 6.228361402466135 7
    endloop
  endfacet
  facet normal -0.32143946530316697 -0.9469301294951038 0
    outer loop
      vertex 5.123542864692438 6.102222521132788 31.299999999999997
      vertex 4.7519497029047315 6.228361402466135 7
      vertex 5.123542864692438 6.102222521132788 7
    endloop
  endfacet
  facet normal -0.19509032201612317 -0.9807852804032314 0
    outer loop
      vertex 5.508421423339845 6.025665415878564 31.299999999999997
      vertex 5.123542864692438 6.102222521132788 7
      vertex 5.508421423339845 6.025665415878564 7
    endloop
  endfacet
  facet normal -0.065403129230148 -0.9978589232386033 0
    outer loop
      vertex 5.9 5.999999999999993 31.299999999999997
      vertex 5.508421423339845 6.025665415878564 7
      vertex 5.9 5.999999999999993 7
    endloop
  endfacet
  facet normal 0.065403129230148 -0.9978589232386033 0
    outer loop
      vertex 6.2915785766601555 6.025665415878564 31.299999999999997
      vertex 5.9 5.999999999999993 7
      vertex 6.2915785766601555 6.025665415878564 7
    endloop
  endfacet
  facet normal 0.19509032201612317 -0.9807852804032314 0
    outer loop
      vertex 6.676457135307563 6.102222521132788 31.299999999999997
      vertex 6.2915785766601555 6.025665415878564 7
      vertex 6.676457135307563 6.102222521132788 7
    endloop
  endfacet
  facet normal 0.7518398074789826 -0.659345815100063 0
    outer loop
      vertex 8.021320343559644 6.878679656440347 31.299999999999997
      vertex 8.021320343559644 6.878679656440347 7
      vertex 8.280060020873705 7.173715712973831 7
    endloop
  endfacet
  facet normal 0.4422886902189964 -0.8968727415326906 0
    outer loop
      vertex 7.4 6.401923788646677 31.299999999999997
      vertex 7.048050297095269 6.228361402466135 7
      vertex 7.4 6.401923788646677 7
    endloop
  endfacet
  facet normal 0.32143946530316697 -0.9469301294951038 0
    outer loop
      vertex 7.048050297095269 6.228361402466135 31.299999999999997
      vertex 6.676457135307563 6.102222521132788 7
      vertex 7.048050297095269 6.228361402466135 7
    endloop
  endfacet
  facet normal 0.6593458151000652 -0.7518398074789806 0
    outer loop
      vertex 8.021320343559644 6.878679656440347 31.299999999999997
      vertex 7.7262842870261625 6.619939979126286 7
      vertex 8.021320343559644 6.878679656440347 7
    endloop
  endfacet
  facet normal 0.5555702330196001 -0.8314696123025467 0
    outer loop
      vertex 7.7262842870261625 6.619939979126286 31.299999999999997
      vertex 7.4 6.401923788646677 7
      vertex 7.7262842870261625 6.619939979126286 7
    endloop
  endfacet
  facet normal 0.8314696123025445 0.5555702330196032 0
    outer loop
      vertex 8.498076211353316 10.499999999999993 31.299999999999997
      vertex 8.498076211353316 10.499999999999993 7
      vertex 8.280060020873705 10.826284287026155 7
    endloop
  endfacet
  facet normal 0.8968727415326897 0.44228869021899825 0
    outer loop
      vertex 8.67163859753386 10.14805029709526 31.299999999999997
      vertex 8.67163859753386 10.14805029709526 7
      vertex 8.498076211353316 10.499999999999993 7
    endloop
  endfacet
  facet normal 0.9469301294951055 0.3214394653031623 0
    outer loop
      vertex 8.797777478867205 9.776457135307552 31.299999999999997
      vertex 8.797777478867205 9.776457135307552 7
      vertex 8.67163859753386 10.14805029709526 7
    endloop
  endfacet
  facet normal 0.9807852804032308 0.19509032201612714 0
    outer loop
      vertex 8.874334584121431 9.391578576660145 31.299999999999997
      vertex 8.874334584121431 9.391578576660145 7
      vertex 8.797777478867205 9.776457135307552 7
    endloop
  endfacet
  facet normal 0.9978589232386034 0.0654031292301441 0
    outer loop
      vertex 8.9 8.999999999999993 31.299999999999997
      vertex 8.9 8.999999999999993 7
      vertex 8.874334584121431 9.391578576660145 7
    endloop
  endfacet
  facet normal 0.9978589232386034 -0.0654031292301441 0
    outer loop
      vertex 8.874334584121431 8.608421423339841 31.299999999999997
      vertex 8.874334584121431 8.608421423339841 7
      vertex 8.9 8.999999999999993 7
    endloop
  endfacet
  facet normal 0.9807852804032308 -0.19509032201612714 0
    outer loop
      vertex 8.797777478867205 8.223542864692433 31.299999999999997
      vertex 8.797777478867205 8.223542864692433 7
      vertex 8.874334584121431 8.608421423339841 7
    endloop
  endfacet
  facet normal 0.9469301294951055 -0.3214394653031623 0
    outer loop
      vertex 8.67163859753386 7.851949702904726 31.299999999999997
      vertex 8.67163859753386 7.851949702904726 7
      vertex 8.797777478867205 8.223542864692433 7
    endloop
  endfacet
  facet normal 0.8968727415326897 -0.44228869021899825 0
    outer loop
      vertex 8.498076211353316 7.499999999999993 31.299999999999997
      vertex 8.498076211353316 7.499999999999993 7
      vertex 8.67163859753386 7.851949702904726 7
    endloop
  endfacet
  facet normal 0.8314696123025445 -0.5555702330196032 0
    outer loop
      vertex 8.280060020873705 7.173715712973831 31.299999999999997
      vertex 8.280060020873705 7.173715712973831 7
      vertex 8.498076211353316 7.499999999999993 7
    endloop
  endfacet
  facet normal 0 0 1
    outer loop
      vertex 62.073715712973836 60.3800600208737 31.299999999999997
      vertex 62.427756813566454 58.849999999999994 31.299999999999997
      vertex 62.4 60.59807621135331 31.299999999999997
    endloop
  endfacet
  facet normal 0 0 1
    outer loop
      vertex 62.073715712973836 60.3800600208737 31.299999999999997
      vertex 62.32940479473081 58.650561835020646 31.299999999999997
      vertex 62.427756813566454 58.849999999999994 31.299999999999997
    endloop
  endfacet
  facet normal 0 0 1
    outer loop
      vertex 61.30192378864668 59.49999999999999 31.299999999999997
      vertex 61.12836140246614 59.14805029709526 31.299999999999997
      vertex 61.30192378864668 56.49999999999999 31.299999999999997
    endloop
  endfacet
  facet normal 0 0 1
    outer loop
      vertex 61.51993997912629 59.826284287026155 31.299999999999997
      vertex 61.77867965644035 55.87867965644035 31.299999999999997
      vertex 61.77867965644035 60.12132034355963 31.299999999999997
    endloop
  endfacet
  facet normal 0 0 1
    outer loop
      vertex 61.51993997912629 59.826284287026155 31.299999999999997
      vertex 61.30192378864668 59.49999999999999 31.299999999999997
      vertex 61.51993997912629 56.17371571297383 31.299999999999997
    endloop
  endfacet
  facet normal 0 0 1
    outer loop
      vertex 62.073715712973836 60.3800600208737 31.299999999999997
      vertex 62.257926095308584 58.439992376674276 31.299999999999997
      vertex 62.32940479473081 58.650561835020646 31.299999999999997
    endloop
  endfacet
  facet normal 0 0 1
    outer loop
      vertex 62.073715712973836 60.3800600208737 31.299999999999997
      vertex 62.21454373566452 58.22189452677408 31.299999999999997
      vertex 62.257926095308584 58.439992376674276 31.299999999999997
    endloop
  endfacet
  facet normal 0 0 1
    outer loop
      vertex 62.073715712973836 60.3800600208737 31.299999999999997
      vertex 62.199999999999996 57.99999999999999 31.299999999999997
      vertex 62.21454373566452 58.22189452677408 31.299999999999997
    endloop
  endfacet
  facet normal 0 0 1
    outer loop
      vertex 62.073715712973836 60.3800600208737 31.299999999999997
      vertex 61.77867965644035 60.12132034355963 31.299999999999997
      vertex 62.073715712973836 55.619939979126286 31.299999999999997
    endloop
  endfacet
  facet normal 0 0 1
    outer loop
      vertex 62.75194970290473 60.77163859753385 31.299999999999997
      vertex 63.249438164979345 59.57059520526918 31.299999999999997
      vertex 63.12354286469244 60.8977774788672 31.299999999999997
    endloop
  endfacet
  facet normal 0 0 1
    outer loop
      vertex 63.12354286469244 60.8977774788672 31.299999999999997
      vertex 63.67810547322591 59.68545626433547 31.299999999999997
      vertex 63.50842142333985 60.97433458412142 31.299999999999997
    endloop
  endfacet
  facet normal 0 0 1
    outer loop
      vertex 63.50842142333985 60.97433458412142 31.299999999999997
      vertex 63.67810547322591 59.68545626433547 31.299999999999997
      vertex 63.9 60.99999999999999 31.299999999999997
    endloop
  endfacet
  facet normal 0 0 1
    outer loop
      vertex 63.9 60.99999999999999 31.299999999999997
      vertex 64.12189452677408 59.68545626433547 31.299999999999997
      vertex 64.29157857666016 60.97433458412142 31.299999999999997
    endloop
  endfacet
  facet normal 0 0 1
    outer loop
      vertex 64.29157857666016 60.97433458412142 31.299999999999997
      vertex 64.55056183502064 59.57059520526918 31.299999999999997
      vertex 64.67645713530756 60.8977774788672 31.299999999999997
    endloop
  endfacet
  facet normal 0 0 1
    outer loop
      vertex 64.67645713530756 60.8977774788672 31.299999999999997
      vertex 64.93489442931482 59.34870067849509 31.299999999999997
      vertex 65.04805029709527 60.77163859753385 31.299999999999997
    endloop
  endfacet
  facet normal 0 0 1
    outer loop
      vertex 62.4 60.59807621135331 31.299999999999997
      vertex 62.865105570685174 59.34870067849509 31.299999999999997
      vertex 62.75194970290473 60.77163859753385 31.299999999999997
    endloop
  endfacet
  facet normal 0 0 1
    outer loop
      vertex 62.75194970290473 60.77163859753385 31.299999999999997
      vertex 62.865105570685174 59.34870067849509 31.299999999999997
      vertex 63.05 59.47224318643354 31.299999999999997
    endloop
  endfacet
  facet normal 0 0 1
    outer loop
      vertex 62.75194970290473 60.77163859753385 31.299999999999997
      vertex 63.05 59.47224318643354 31.299999999999997
      vertex 63.249438164979345 59.57059520526918 31.299999999999997
    endloop
  endfacet
  facet normal 0 0 1
    outer loop
      vertex 62.4 60.59807621135331 31.299999999999997
      vertex 62.5512993215049 59.03489442931482 31.299999999999997
      vertex 62.69791847198287 59.202081528017125 31.299999999999997
    endloop
  endfacet
  facet normal 0 0 1
    outer loop
      vertex 62.4 60.59807621135331 31.299999999999997
      vertex 62.69791847198287 59.202081528017125 31.299999999999997
      vertex 62.865105570685174 59.34870067849509 31.299999999999997
    endloop
  endfacet
  facet normal 0 0 1
    outer loop
      vertex 62.4 60.59807621135331 31.299999999999997
      vertex 62.427756813566454 58.849999999999994 31.299999999999997
      vertex 62.5512993215049 59.03489442931482 31.299999999999997
    endloop
  endfacet
  facet normal 0 0 1
    outer loop
      vertex 63.12354286469244 60.8977774788672 31.299999999999997
      vertex 63.249438164979345 59.57059520526918 31.299999999999997
      vertex 63.460007623325716 59.64207390469141 31.299999999999997
    endloop
  endfacet
  facet normal 0 0 1
    outer loop
      vertex 63.12354286469244 60.8977774788672 31.299999999999997
      vertex 63.460007623325716 59.64207390469141 31.299999999999997
      vertex 63.67810547322591 59.68545626433547 31.299999999999997
    endloop
  endfacet
  facet normal 0 0 1
    outer loop
      vertex 63.9 60.99999999999999 31.299999999999997
      vertex 63.67810547322591 59.68545626433547 31.299999999999997
      vertex 63.9 59.69999999999999 31.299999999999997
    endloop
  endfacet
  facet normal 0 0 1
    outer loop
      vertex 63.9 60.99999999999999 31.299999999999997
      vertex 63.9 59.69999999999999 31.299999999999997
      vertex 64.12189452677408 59.68545626433547 31.299999999999997
    endloop
  endfacet
  facet normal 0 0 1
    outer loop
      vertex 64.29157857666016 60.97433458412142 31.299999999999997
      vertex 64.12189452677408 59.68545626433547 31.299999999999997
      vertex 64.33999237667429 59.64207390469141 31.299999999999997
    endloop
  endfacet
  facet normal 0 0 1
    outer loop
      vertex 64.29157857666016 60.97433458412142 31.299999999999997
      vertex 64.33999237667429 59.64207390469141 31.299999999999997
      vertex 64.55056183502064 59.57059520526918 31.299999999999997
    endloop
  endfacet
  facet normal 0 0 1
    outer loop
      vertex 64.67645713530756 60.8977774788672 31.299999999999997
      vertex 64.55056183502064 59.57059520526918 31.299999999999997
      vertex 64.75 59.47224318643354 31.299999999999997
    endloop
  endfacet
  facet normal 0 0 1
    outer loop
      vertex 64.67645713530756 60.8977774788672 31.299999999999997
      vertex 64.75 59.47224318643354 31.299999999999997
      vertex 64.93489442931482 59.34870067849509 31.299999999999997
    endloop
  endfacet
  facet normal 0 0 1
    outer loop
      vertex 65.04805029709527 60.77163859753385 31.299999999999997
      vertex 65.2487006784951 59.03489442931482 31.299999999999997
      vertex 65.4 60.59807621135331 31.299999999999997
    endloop
  endfacet
  facet normal 0 0 1
    outer loop
      vertex 65.04805029709527 60.77163859753385 31.299999999999997
      vertex 64.93489442931482 59.34870067849509 31.299999999999997
      vertex 65.10208152801712 59.202081528017125 31.299999999999997
    endloop
  endfacet
  facet normal 0 0 1
    outer loop
      vertex 65.04805029709527 60.77163859753385 31.299999999999997
      vertex 65.10208152801712 59.202081528017125 31.299999999999997
      vertex 65.2487006784951 59.03489442931482 31.299999999999997
    endloop
  endfacet
  facet normal 0 0 1
    outer loop
      vertex 61.00222252113279 58.77645713530755 31.299999999999997
      vertex 60.92566541587857 58.391578576660145 31.299999999999997
      vertex 61.00222252113279 57.22354286469243 31.299999999999997
    endloop
  endfacet
  facet normal 0 0 1
    outer loop
      vertex 60.92566541587857 58.391578576660145 31.299999999999997
      vertex 60.9 57.99999999999999 31.299999999999997
      vertex 60.92566541587857 57.608421423339834 31.299999999999997
    endloop
  endfacet
  facet normal 0 0 1
    outer loop
      vertex 60.92566541587857 58.391578576660145 31.299999999999997
      vertex 60.92566541587857 57.608421423339834 31.299999999999997
      vertex 61.00222252113279 57.22354286469243 31.299999999999997
    endloop
  endfacet
  facet normal 0 0 1
    outer loop
      vertex 61.00222252113279 58.77645713530755 31.299999999999997
      vertex 61.12836140246614 56.85194970290472 31.299999999999997
      vertex 61.12836140246614 59.14805029709526 31.299999999999997
    endloop
  endfacet
  facet normal 0 0 1
    outer loop
      vertex 61.00222252113279 58.77645713530755 31.299999999999997
      vertex 61.00222252113279 57.22354286469243 31.299999999999997
      vertex 61.12836140246614 56.85194970290472 31.299999999999997
    endloop
  endfacet
  facet normal 0 0 1
    outer loop
      vertex 61.12836140246614 59.14805029709526 31.299999999999997
      vertex 61.12836140246614 56.85194970290472 31.299999999999997
      vertex 61.30192378864668 56.49999999999999 31.299999999999997
    endloop
  endfacet
  facet normal 0 0 1
    outer loop
      vertex 61.30192378864668 59.49999999999999 31.299999999999997
      vertex 61.30192378864668 56.49999999999999 31.299999999999997
      vertex 61.51993997912629 56.17371571297383 31.299999999999997
    endloop
  endfacet
  facet normal 0 0 1
    outer loop
      vertex 62.073715712973836 60.3800600208737 31.299999999999997
      vertex 62.073715712973836 55.619939979126286 31.299999999999997
      vertex 62.199999999999996 57.99999999999999 31.299999999999997
    endloop
  endfacet
  facet normal 0 0 1
    outer loop
      vertex 61.51993997912629 59.826284287026155 31.299999999999997
      vertex 61.51993997912629 56.17371571297383 31.299999999999997
      vertex 61.77867965644035 55.87867965644035 31.299999999999997
    endloop
  endfacet
  facet normal 0 0 1
    outer loop
      vertex 61.77867965644035 60.12132034355963 31.299999999999997
      vertex 61.77867965644035 55.87867965644035 31.299999999999997
      vertex 62.073715712973836 55.619939979126286 31.299999999999997
    endloop
  endfacet
  facet normal 0 0 1
    outer loop
      vertex 62.199999999999996 57.99999999999999 31.299999999999997
      vertex 62.073715712973836 55.619939979126286 31.299999999999997
      vertex 62.21454373566452 57.77810547322591 31.299999999999997
    endloop
  endfacet
  facet normal 0 0 1
    outer loop
      vertex 62.21454373566452 57.77810547322591 31.299999999999997
      vertex 62.073715712973836 55.619939979126286 31.299999999999997
      vertex 62.257926095308584 57.5600076233257 31.299999999999997
    endloop
  endfacet
  facet normal 0 0 1
    outer loop
      vertex 62.257926095308584 57.5600076233257 31.299999999999997
      vertex 62.4 55.40192378864668 31.299999999999997
      vertex 62.32940479473081 57.34943816497934 31.299999999999997
    endloop
  endfacet
  facet normal 0 0 1
    outer loop
      vertex 62.32940479473081 57.34943816497934 31.299999999999997
      vertex 62.4 55.40192378864668 31.299999999999997
      vertex 62.427756813566454 57.14999999999999 31.299999999999997
    endloop
  endfacet
  facet normal 0 0 1
    outer loop
      vertex 62.257926095308584 57.5600076233257 31.299999999999997
      vertex 62.073715712973836 55.619939979126286 31.299999999999997
      vertex 62.4 55.40192378864668 31.299999999999997
    endloop
  endfacet
  facet normal 0 0 1
    outer loop
      vertex 62.427756813566454 57.14999999999999 31.299999999999997
      vertex 62.4 55.40192378864668 31.299999999999997
      vertex 62.5512993215049 56.96510557068517 31.299999999999997
    endloop
  endfacet
  facet normal 0 0 1
    outer loop
      vertex 65.2487006784951 56.96510557068517 31.299999999999997
      vertex 65.10208152801712 56.79791847198286 31.299999999999997
      vertex 65.4 55.40192378864668 31.299999999999997
    endloop
  endfacet
  facet normal 0 0 1
    outer loop
      vertex 62.5512993215049 56.96510557068517 31.299999999999997
      vertex 62.75194970290473 55.228361402466135 31.299999999999997
      vertex 62.69791847198287 56.79791847198286 31.299999999999997
    endloop
  endfacet
  facet normal 0 0 1
    outer loop
      vertex 62.69791847198287 56.79791847198286 31.299999999999997
      vertex 62.75194970290473 55.228361402466135 31.299999999999997
      vertex 62.865105570685174 56.651299321504894 31.299999999999997
    endloop
  endfacet
  facet normal 0 0 1
    outer loop
      vertex 62.865105570685174 56.651299321504894 31.299999999999997
      vertex 63.12354286469244 55.10222252113279 31.299999999999997
      vertex 63.05 56.52775681356645 31.299999999999997
    endloop
  endfacet
  facet normal 0 0 1
    outer loop
      vertex 63.05 56.52775681356645 31.299999999999997
      vertex 63.12354286469244 55.10222252113279 31.299999999999997
      vertex 63.249438164979345 56.4294047947308 31.299999999999997
    endloop
  endfacet
  facet normal 0 0 1
    outer loop
      vertex 62.4 55.40192378864668 31.299999999999997
      vertex 62.75194970290473 55.228361402466135 31.299999999999997
      vertex 62.5512993215049 56.96510557068517 31.299999999999997
    endloop
  endfacet
  facet normal 0 0 1
    outer loop
      vertex 62.865105570685174 56.651299321504894 31.299999999999997
      vertex 62.75194970290473 55.228361402466135 31.299999999999997
      vertex 63.12354286469244 55.10222252113279 31.299999999999997
    endloop
  endfacet
  facet normal 0 0 1
    outer loop
      vertex 63.249438164979345 56.4294047947308 31.299999999999997
      vertex 63.50842142333985 55.025665415878564 31.299999999999997
      vertex 63.460007623325716 56.35792609530858 31.299999999999997
    endloop
  endfacet
  facet normal 0 0 1
    outer loop
      vertex 63.460007623325716 56.35792609530858 31.299999999999997
      vertex 63.50842142333985 55.025665415878564 31.299999999999997
      vertex 63.67810547322591 56.314543735664515 31.299999999999997
    endloop
  endfacet
  facet normal 0 0 1
    outer loop
      vertex 63.249438164979345 56.4294047947308 31.299999999999997
      vertex 63.12354286469244 55.10222252113279 31.299999999999997
      vertex 63.50842142333985 55.025665415878564 31.299999999999997
    endloop
  endfacet
  facet normal 0 0 1
    outer loop
      vertex 63.67810547322591 56.314543735664515 31.299999999999997
      vertex 63.9 54.99999999999999 31.299999999999997
      vertex 63.9 56.29999999999999 31.299999999999997
    endloop
  endfacet
  facet normal 0 0 1
    outer loop
      vertex 63.67810547322591 56.314543735664515 31.299999999999997
      vertex 63.50842142333985 55.025665415878564 31.299999999999997
      vertex 63.9 54.99999999999999 31.299999999999997
    endloop
  endfacet
  facet normal 0 0 1
    outer loop
      vertex 64.12189452677408 56.314543735664515 31.299999999999997
      vertex 64.67645713530756 55.10222252113279 31.299999999999997
      vertex 64.33999237667429 56.35792609530858 31.299999999999997
    endloop
  endfacet
  facet normal 0 0 1
    outer loop
      vertex 64.55056183502064 56.4294047947308 31.299999999999997
      vertex 64.33999237667429 56.35792609530858 31.299999999999997
      vertex 64.67645713530756 55.10222252113279 31.299999999999997
    endloop
  endfacet
  facet normal 0 0 1
    outer loop
      vertex 63.9 56.29999999999999 31.299999999999997
      vertex 63.9 54.99999999999999 31.299999999999997
      vertex 64.12189452677408 56.314543735664515 31.299999999999997
    endloop
  endfacet
  facet normal 0 0 1
    outer loop
      vertex 64.12189452677408 56.314543735664515 31.299999999999997
      vertex 63.9 54.99999999999999 31.299999999999997
      vertex 64.29157857666016 55.025665415878564 31.299999999999997
    endloop
  endfacet
  facet normal 0 0 1
    outer loop
      vertex 64.12189452677408 56.314543735664515 31.299999999999997
      vertex 64.29157857666016 55.025665415878564 31.299999999999997
      vertex 64.67645713530756 55.10222252113279 31.299999999999997
    endloop
  endfacet
  facet normal 0 0 1
    outer loop
      vertex 64.93489442931482 56.651299321504894 31.299999999999997
      vertex 64.75 56.52775681356645 31.299999999999997
      vertex 65.04805029709527 55.228361402466135 31.299999999999997
    endloop
  endfacet
  facet normal 0 0 1
    outer loop
      vertex 64.55056183502064 56.4294047947308 31.299999999999997
      vertex 65.04805029709527 55.228361402466135 31.299999999999997
      vertex 64.75 56.52775681356645 31.299999999999997
    endloop
  endfacet
  facet normal 0 0 1
    outer loop
      vertex 64.93489442931482 56.651299321504894 31.299999999999997
      vertex 65.4 55.40192378864668 31.299999999999997
      vertex 65.10208152801712 56.79791847198286 31.299999999999997
    endloop
  endfacet
  facet normal 0 0 1
    outer loop
      vertex 64.55056183502064 56.4294047947308 31.299999999999997
      vertex 64.67645713530756 55.10222252113279 31.299999999999997
      vertex 65.04805029709527 55.228361402466135 31.299999999999997
    endloop
  endfacet
  facet normal 0 0 1
    outer loop
      vertex 64.93489442931482 56.651299321504894 31.299999999999997
      vertex 65.04805029709527 55.228361402466135 31.299999999999997
      vertex 65.4 55.40192378864668 31.299999999999997
    endloop
  endfacet
  facet normal -0.6593458151000732 0.7518398074789736 0
    outer loop
      vertex 62.073715712973836 60.3800600208737 31.299999999999997
      vertex 62.073715712973836 60.3800600208737 7
      vertex 61.77867965644035 60.12132034355963 31.299999999999997
    endloop
  endfacet
  facet normal -0.5555702330196001 0.8314696123025467 3.463651800905294e-19
    outer loop
      vertex 62.073715712973836 60.3800600208737 31.299999999999997
      vertex 62.4 60.59807621135331 31.299999999999997
      vertex 62.4 60.59807621135331 7
    endloop
  endfacet
  facet normal -0.9807852804032314 0.19509032201612275 -2.3544988241986045e-20
    outer loop
      vertex 61.00222252113279 58.77645713530755 31.299999999999997
      vertex 60.92566541587857 58.391578576660145 7
      vertex 60.92566541587857 58.391578576660145 31.299999999999997
    endloop
  endfacet
  facet normal -0.7518398074789747 0.6593458151000718 0
    outer loop
      vertex 61.51993997912629 59.826284287026155 31.299999999999997
      vertex 61.77867965644035 60.12132034355963 31.299999999999997
      vertex 61.51993997912629 59.826284287026155 7
    endloop
  endfacet
  facet normal -0.8314696123025467 0.5555702330196001 3.463651800905294e-19
    outer loop
      vertex 61.51993997912629 59.826284287026155 31.299999999999997
      vertex 61.30192378864668 59.49999999999999 7
      vertex 61.30192378864668 59.49999999999999 31.299999999999997
    endloop
  endfacet
  facet normal -0.8968727415326916 0.4422886902189946 -2.5069671124880775e-19
    outer loop
      vertex 61.30192378864668 59.49999999999999 31.299999999999997
      vertex 61.12836140246614 59.14805029709526 7
      vertex 61.12836140246614 59.14805029709526 31.299999999999997
    endloop
  endfacet
  facet normal -0.9469301294951041 0.3214394653031663 0
    outer loop
      vertex 61.00222252113279 58.77645713530755 31.299999999999997
      vertex 61.12836140246614 59.14805029709526 31.299999999999997
      vertex 61.00222252113279 58.77645713530755 7
    endloop
  endfacet
  facet normal -0.3214394653031663 0.9469301294951041 -1.9384555777086574e-19
    outer loop
      vertex 62.75194970290473 60.77163859753385 31.299999999999997
      vertex 63.12354286469244 60.8977774788672 31.299999999999997
      vertex 63.12354286469244 60.8977774788672 7
    endloop
  endfacet
  facet normal -0.4422886902189946 0.8968727415326916 -2.5069671124880775e-19
    outer loop
      vertex 62.4 60.59807621135331 31.299999999999997
      vertex 62.75194970290473 60.77163859753385 31.299999999999997
      vertex 62.75194970290473 60.77163859753385 7
    endloop
  endfacet
  facet normal -0.19509032201612275 0.9807852804032314 -2.3544988241986045e-20
    outer loop
      vertex 63.12354286469244 60.8977774788672 31.299999999999997
      vertex 63.50842142333985 60.97433458412142 31.299999999999997
      vertex 63.50842142333985 60.97433458412142 7
    endloop
  endfacet
  facet normal -0.0654031292301486 0.997858923238603 -5.597684463698402e-20
    outer loop
      vertex 63.50842142333985 60.97433458412142 31.299999999999997
      vertex 63.9 60.99999999999999 31.299999999999997
      vertex 63.9 60.99999999999999 7
    endloop
  endfacet
  facet normal 0.06540312923014742 0.9978589232386033 3.313831060287593e-20
    outer loop
      vertex 63.9 60.99999999999999 31.299999999999997
      vertex 64.29157857666016 60.97433458412142 31.299999999999997
      vertex 64.29157857666016 60.97433458412142 7
    endloop
  endfacet
  facet normal 0.1950903220161262 0.9807852804032308 -5.3241772064647633e-20
    outer loop
      vertex 64.29157857666016 60.97433458412142 31.299999999999997
      vertex 64.67645713530756 60.8977774788672 31.299999999999997
      vertex 64.67645713530756 60.8977774788672 7
    endloop
  endfacet
  facet normal 0.3214394653031608 0.9469301294951059 7.289633980723117e-20
    outer loop
      vertex 64.67645713530756 60.8977774788672 31.299999999999997
      vertex 65.04805029709527 60.77163859753385 31.299999999999997
      vertex 65.04805029709527 60.77163859753385 7
    endloop
  endfacet
  facet normal 0.4422886902189946 0.8968727415326916 2.5069671124880775e-19
    outer loop
      vertex 65.04805029709527 60.77163859753385 31.299999999999997
      vertex 65.4 60.59807621135331 31.299999999999997
      vertex 65.4 60.59807621135331 7
    endloop
  endfacet
  facet normal -0.997858923238603 0.0654031292301486 -5.597684463698402e-20
    outer loop
      vertex 60.92566541587857 58.391578576660145 31.299999999999997
      vertex 60.9 57.99999999999999 7
      vertex 60.9 57.99999999999999 31.299999999999997
    endloop
  endfacet
  facet normal -0.9978589232386033 -0.06540312923014742 3.313831060287593e-20
    outer loop
      vertex 60.9 57.99999999999999 31.299999999999997
      vertex 60.92566541587857 57.608421423339834 7
      vertex 60.92566541587857 57.608421423339834 31.299999999999997
    endloop
  endfacet
  facet normal -0.9807852804032308 -0.1950903220161262 -5.3241772064647633e-20
    outer loop
      vertex 60.92566541587857 57.608421423339834 31.299999999999997
      vertex 61.00222252113279 57.22354286469243 7
      vertex 61.00222252113279 57.22354286469243 31.299999999999997
    endloop
  endfacet
  facet normal -0.9469301294951059 -0.3214394653031608 7.289633980723117e-20
    outer loop
      vertex 61.00222252113279 57.22354286469243 31.299999999999997
      vertex 61.12836140246614 56.85194970290472 7
      vertex 61.12836140246614 56.85194970290472 31.299999999999997
    endloop
  endfacet
  facet normal -0.896872741532688 -0.44228869021900186 5.268578587871813e-20
    outer loop
      vertex 61.12836140246614 56.85194970290472 31.299999999999997
      vertex 61.30192378864668 56.49999999999999 7
      vertex 61.30192378864668 56.49999999999999 31.299999999999997
    endloop
  endfacet
  facet normal -0.8314696123025467 -0.5555702330196001 -3.463651800905294e-19
    outer loop
      vertex 61.30192378864668 56.49999999999999 31.299999999999997
      vertex 61.51993997912629 56.17371571297383 7
      vertex 61.51993997912629 56.17371571297383 31.299999999999997
    endloop
  endfacet
  facet normal -0.7518398074789826 -0.659345815100063 1.0541403170424545e-20
    outer loop
      vertex 61.51993997912629 56.17371571297383 31.299999999999997
      vertex 61.77867965644035 55.87867965644035 7
      vertex 61.77867965644035 55.87867965644035 31.299999999999997
    endloop
  endfacet
  facet normal -0.659345815100063 -0.7518398074789826 0
    outer loop
      vertex 61.77867965644035 55.87867965644035 31.299999999999997
      vertex 61.77867965644035 55.87867965644035 7
      vertex 62.073715712973836 55.619939979126286 31.299999999999997
    endloop
  endfacet
  facet normal -0.5555702330196001 -0.8314696123025467 0
    outer loop
      vertex 62.073715712973836 55.619939979126286 31.299999999999997
      vertex 62.073715712973836 55.619939979126286 7
      vertex 62.4 55.40192378864668 31.299999999999997
    endloop
  endfacet
  facet normal -0.4422886902189946 -0.8968727415326916 0
    outer loop
      vertex 62.4 55.40192378864668 31.299999999999997
      vertex 62.4 55.40192378864668 7
      vertex 62.75194970290473 55.228361402466135 31.299999999999997
    endloop
  endfacet
  facet normal -0.3214394653031663 -0.9469301294951041 0
    outer loop
      vertex 62.75194970290473 55.228361402466135 31.299999999999997
      vertex 62.75194970290473 55.228361402466135 7
      vertex 63.12354286469244 55.10222252113279 31.299999999999997
    endloop
  endfacet
  facet normal -0.19509032201612275 -0.9807852804032314 0
    outer loop
      vertex 63.12354286469244 55.10222252113279 31.299999999999997
      vertex 63.12354286469244 55.10222252113279 7
      vertex 63.50842142333985 55.025665415878564 31.299999999999997
    endloop
  endfacet
  facet normal -0.0654031292301486 -0.997858923238603 0
    outer loop
      vertex 63.50842142333985 55.025665415878564 31.299999999999997
      vertex 63.50842142333985 55.025665415878564 7
      vertex 63.9 54.99999999999999 31.299999999999997
    endloop
  endfacet
  facet normal 0.06540312923014742 -0.9978589232386033 0
    outer loop
      vertex 63.9 54.99999999999999 31.299999999999997
      vertex 63.9 54.99999999999999 7
      vertex 64.29157857666016 55.025665415878564 31.299999999999997
    endloop
  endfacet
  facet normal 0.1950903220161262 -0.9807852804032308 0
    outer loop
      vertex 64.29157857666016 55.025665415878564 31.299999999999997
      vertex 64.29157857666016 55.025665415878564 7
      vertex 64.67645713530756 55.10222252113279 31.299999999999997
    endloop
  endfacet
  facet normal 0.3214394653031608 -0.9469301294951059 0
    outer loop
      vertex 64.67645713530756 55.10222252113279 31.299999999999997
      vertex 64.67645713530756 55.10222252113279 7
      vertex 65.04805029709527 55.228361402466135 31.299999999999997
    endloop
  endfacet
  facet normal 0.4422886902189946 -0.8968727415326916 0
    outer loop
      vertex 65.04805029709527 55.228361402466135 31.299999999999997
      vertex 65.04805029709527 55.228361402466135 7
      vertex 65.4 55.40192378864668 31.299999999999997
    endloop
  endfacet
  facet normal 0 0 1
    outer loop
      vertex 65.4 60.59807621135331 31.299999999999997
      vertex 65.54207390469142 58.439992376674276 31.299999999999997
      vertex 65.72628428702616 60.3800600208737 31.299999999999997
    endloop
  endfacet
  facet normal 0 0 1
    outer loop
      vertex 65.2487006784951 59.03489442931482 31.299999999999997
      vertex 65.37224318643355 58.849999999999994 31.299999999999997
      vertex 65.4 60.59807621135331 31.299999999999997
    endloop
  endfacet
  facet normal 0 0 1
    outer loop
      vertex 65.4 60.59807621135331 31.299999999999997
      vertex 65.37224318643355 58.849999999999994 31.299999999999997
      vertex 65.47059520526919 58.650561835020646 31.299999999999997
    endloop
  endfacet
  facet normal 0 0 1
    outer loop
      vertex 65.4 60.59807621135331 31.299999999999997
      vertex 65.47059520526919 58.650561835020646 31.299999999999997
      vertex 65.54207390469142 58.439992376674276 31.299999999999997
    endloop
  endfacet
  facet normal 0 0 1
    outer loop
      vertex 65.72628428702616 60.3800600208737 31.299999999999997
      vertex 65.54207390469142 58.439992376674276 31.299999999999997
      vertex 65.58545626433548 58.22189452677408 31.299999999999997
    endloop
  endfacet
  facet normal 0 0 1
    outer loop
      vertex 65.72628428702616 60.3800600208737 31.299999999999997
      vertex 65.58545626433548 58.22189452677408 31.299999999999997
      vertex 65.6 57.99999999999999 31.299999999999997
    endloop
  endfacet
  facet normal 0 0 1
    outer loop
      vertex 65.72628428702616 60.3800600208737 31.299999999999997
      vertex 66.02132034355964 55.87867965644035 31.299999999999997
      vertex 66.02132034355964 60.12132034355963 31.299999999999997
    endloop
  endfacet
  facet normal 0 0 1
    outer loop
      vertex 66.02132034355964 60.12132034355963 31.299999999999997
      vertex 66.2800600208737 56.17371571297383 31.299999999999997
      vertex 66.2800600208737 59.826284287026155 31.299999999999997
    endloop
  endfacet
  facet normal 0 0 1
    outer loop
      vertex 66.2800600208737 59.826284287026155 31.299999999999997
      vertex 66.49807621135332 56.49999999999999 31.299999999999997
      vertex 66.49807621135332 59.49999999999999 31.299999999999997
    endloop
  endfacet
  facet normal 0 0 1
    outer loop
      vertex 66.49807621135332 59.49999999999999 31.299999999999997
      vertex 66.67163859753386 56.85194970290472 31.299999999999997
      vertex 66.67163859753386 59.14805029709526 31.299999999999997
    endloop
  endfacet
  facet normal 0 0 1
    outer loop
      vertex 66.67163859753386 59.14805029709526 31.299999999999997
      vertex 66.7977774788672 57.22354286469243 31.299999999999997
      vertex 66.7977774788672 58.77645713530755 31.299999999999997
    endloop
  endfacet
  facet normal 0 0 1
    outer loop
      vertex 65.72628428702616 60.3800600208737 31.299999999999997
      vertex 65.6 57.99999999999999 31.299999999999997
      vertex 65.72628428702616 55.619939979126286 31.299999999999997
    endloop
  endfacet
  facet normal 0 0 1
    outer loop
      vertex 66.02132034355964 60.12132034355963 31.299999999999997
      vertex 66.02132034355964 55.87867965644035 31.299999999999997
      vertex 66.2800600208737 56.17371571297383 31.299999999999997
    endloop
  endfacet
  facet normal 0 0 1
    outer loop
      vertex 66.2800600208737 59.826284287026155 31.299999999999997
      vertex 66.2800600208737 56.17371571297383 31.299999999999997
      vertex 66.49807621135332 56.49999999999999 31.299999999999997
    endloop
  endfacet
  facet normal 0 0 1
    outer loop
      vertex 66.67163859753386 59.14805029709526 31.299999999999997
      vertex 66.67163859753386 56.85194970290472 31.299999999999997
      vertex 66.7977774788672 57.22354286469243 31.299999999999997
    endloop
  endfacet
  facet normal 0 0 1
    outer loop
      vertex 66.49807621135332 59.49999999999999 31.299999999999997
      vertex 66.49807621135332 56.49999999999999 31.299999999999997
      vertex 66.67163859753386 56.85194970290472 31.299999999999997
    endloop
  endfacet
  facet normal 0 0 1
    outer loop
      vertex 65.6 57.99999999999999 31.299999999999997
      vertex 65.58545626433548 57.77810547322591 31.299999999999997
      vertex 65.72628428702616 55.619939979126286 31.299999999999997
    endloop
  endfacet
  facet normal 0 0 1
    outer loop
      vertex 65.58545626433548 57.77810547322591 31.299999999999997
      vertex 65.54207390469142 57.5600076233257 31.299999999999997
      vertex 65.72628428702616 55.619939979126286 31.299999999999997
    endloop
  endfacet
  facet normal 0 0 1
    outer loop
      vertex 65.72628428702616 60.3800600208737 31.299999999999997
      vertex 65.72628428702616 55.619939979126286 31.299999999999997
      vertex 66.02132034355964 55.87867965644035 31.299999999999997
    endloop
  endfacet
  facet normal 0 0 1
    outer loop
      vertex 65.47059520526919 57.34943816497934 31.299999999999997
      vertex 65.72628428702616 55.619939979126286 31.299999999999997
      vertex 65.54207390469142 57.5600076233257 31.299999999999997
    endloop
  endfacet
  facet normal 0 0 1
    outer loop
      vertex 65.47059520526919 57.34943816497934 31.299999999999997
      vertex 65.37224318643355 57.14999999999999 31.299999999999997
      vertex 65.72628428702616 55.619939979126286 31.299999999999997
    endloop
  endfacet
  facet normal 0 0 1
    outer loop
      vertex 65.2487006784951 56.96510557068517 31.299999999999997
      vertex 65.4 55.40192378864668 31.299999999999997
      vertex 65.37224318643355 57.14999999999999 31.299999999999997
    endloop
  endfacet
  facet normal 0 0 1
    outer loop
      vertex 66.7977774788672 58.77645713530755 31.299999999999997
      vertex 66.87433458412143 57.608421423339834 31.299999999999997
      vertex 66.87433458412143 58.391578576660145 31.299999999999997
    endloop
  endfacet
  facet normal 0 0 1
    outer loop
      vertex 66.87433458412143 58.391578576660145 31.299999999999997
      vertex 66.87433458412143 57.608421423339834 31.299999999999997
      vertex 66.9 57.99999999999999 31.299999999999997
    endloop
  endfacet
  facet normal 0 0 1
    outer loop
      vertex 66.7977774788672 58.77645713530755 31.299999999999997
      vertex 66.7977774788672 57.22354286469243 31.299999999999997
      vertex 66.87433458412143 57.608421423339834 31.299999999999997
    endloop
  endfacet
  facet normal 0 0 1
    outer loop
      vertex 65.37224318643355 57.14999999999999 31.299999999999997
      vertex 65.4 55.40192378864668 31.299999999999997
      vertex 65.72628428702616 55.619939979126286 31.299999999999997
    endloop
  endfacet
  facet normal 0.5555702330196085 0.8314696123025411 5.621877627130834e-19
    outer loop
      vertex 65.4 60.59807621135331 31.299999999999997
      vertex 65.72628428702616 60.3800600208737 31.299999999999997
      vertex 65.72628428702616 60.3800600208737 7
    endloop
  endfacet
  facet normal 0.6593458151000821 0.7518398074789657 6.163318825744531e-19
    outer loop
      vertex 65.72628428702616 60.3800600208737 31.299999999999997
      vertex 66.02132034355964 60.12132034355963 31.299999999999997
      vertex 66.02132034355964 60.12132034355963 7
    endloop
  endfacet
  facet normal 0.7518398074789657 0.6593458151000821 0
    outer loop
      vertex 66.02132034355964 60.12132034355963 31.299999999999997
      vertex 66.2800600208737 59.826284287026155 31.299999999999997
      vertex 66.02132034355964 60.12132034355963 7
    endloop
  endfacet
  facet normal 0.8314696123025382 0.5555702330196126 0
    outer loop
      vertex 66.2800600208737 59.826284287026155 31.299999999999997
      vertex 66.49807621135332 59.49999999999999 31.299999999999997
      vertex 66.2800600208737 59.826284287026155 7
    endloop
  endfacet
  facet normal 0.8968727415326988 0.4422886902189801 0
    outer loop
      vertex 66.49807621135332 59.49999999999999 31.299999999999997
      vertex 66.67163859753386 59.14805029709526 31.299999999999997
      vertex 66.49807621135332 59.49999999999999 7
    endloop
  endfacet
  facet normal 0.9469301294951041 0.3214394653031663 0
    outer loop
      vertex 66.67163859753386 59.14805029709526 31.299999999999997
      vertex 66.7977774788672 58.77645713530755 31.299999999999997
      vertex 66.67163859753386 59.14805029709526 7
    endloop
  endfacet
  facet normal 0.9807852804032314 0.19509032201612275 0
    outer loop
      vertex 66.7977774788672 58.77645713530755 31.299999999999997
      vertex 66.87433458412143 58.391578576660145 31.299999999999997
      vertex 66.7977774788672 58.77645713530755 7
    endloop
  endfacet
  facet normal 0.8968727415326953 -0.4422886902189873 0
    outer loop
      vertex 66.67163859753386 56.85194970290472 31.299999999999997
      vertex 66.49807621135332 56.49999999999999 31.299999999999997
      vertex 66.67163859753386 56.85194970290472 7
    endloop
  endfacet
  facet normal 0.8314696123025382 -0.5555702330196126 0
    outer loop
      vertex 66.49807621135332 56.49999999999999 31.299999999999997
      vertex 66.2800600208737 56.17371571297383 31.299999999999997
      vertex 66.49807621135332 56.49999999999999 7
    endloop
  endfacet
  facet normal 0.9978589232386019 0.06540312923016664 0
    outer loop
      vertex 66.87433458412143 58.391578576660145 31.299999999999997
      vertex 66.9 57.99999999999999 31.299999999999997
      vertex 66.87433458412143 58.391578576660145 7
    endloop
  endfacet
  facet normal 0.9978589232386021 -0.06540312923016546 0
    outer loop
      vertex 66.9 57.99999999999999 31.299999999999997
      vertex 66.87433458412143 57.608421423339834 31.299999999999997
      vertex 66.9 57.99999999999999 7
    endloop
  endfacet
  facet normal 0.9807852804032308 -0.1950903220161262 0
    outer loop
      vertex 66.87433458412143 57.608421423339834 31.299999999999997
      vertex 66.7977774788672 57.22354286469243 31.299999999999997
      vertex 66.87433458412143 57.608421423339834 7
    endloop
  endfacet
  facet normal 0.9469301294951059 -0.3214394653031608 -7.289633980723117e-20
    outer loop
      vertex 66.67163859753386 56.85194970290472 31.299999999999997
      vertex 66.7977774788672 57.22354286469243 7
      vertex 66.7977774788672 57.22354286469243 31.299999999999997
    endloop
  endfacet
  facet normal 0.5555702330196085 -0.8314696123025411 0
    outer loop
      vertex 65.4 55.40192378864668 31.299999999999997
      vertex 65.4 55.40192378864668 7
      vertex 65.72628428702616 55.619939979126286 31.299999999999997
    endloop
  endfacet
  facet normal 0.6593458151000718 -0.7518398074789747 0
    outer loop
      vertex 65.72628428702616 55.619939979126286 31.299999999999997
      vertex 65.72628428702616 55.619939979126286 7
      vertex 66.02132034355964 55.87867965644035 31.299999999999997
    endloop
  endfacet
  facet normal 0.7518398074789736 -0.6593458151000732 0
    outer loop
      vertex 66.2800600208737 56.17371571297383 31.299999999999997
      vertex 66.02132034355964 55.87867965644035 31.299999999999997
      vertex 66.2800600208737 56.17371571297383 7
    endloop
  endfacet
  facet normal -0.5555702330196001 0.8314696123025467 0
    outer loop
      vertex 62.073715712973836 60.3800600208737 31.299999999999997
      vertex 62.4 60.59807621135331 7
      vertex 62.073715712973836 60.3800600208737 7
    endloop
  endfacet
  facet normal -0.9807852804032314 0.19509032201612275 0
    outer loop
      vertex 61.00222252113279 58.77645713530755 31.299999999999997
      vertex 61.00222252113279 58.77645713530755 7
      vertex 60.92566541587857 58.391578576660145 7
    endloop
  endfacet
  facet normal -0.7518398074789747 0.6593458151000718 0
    outer loop
      vertex 61.77867965644035 60.12132034355963 31.299999999999997
      vertex 61.77867965644035 60.12132034355963 7
      vertex 61.51993997912629 59.826284287026155 7
    endloop
  endfacet
  facet normal -0.8968727415326916 0.4422886902189946 0
    outer loop
      vertex 61.30192378864668 59.49999999999999 31.299999999999997
      vertex 61.30192378864668 59.49999999999999 7
      vertex 61.12836140246614 59.14805029709526 7
    endloop
  endfacet
  facet normal -0.8314696123025467 0.5555702330196001 0
    outer loop
      vertex 61.51993997912629 59.826284287026155 31.299999999999997
      vertex 61.51993997912629 59.826284287026155 7
      vertex 61.30192378864668 59.49999999999999 7
    endloop
  endfacet
  facet normal -0.6593458151000732 0.7518398074789736 0
    outer loop
      vertex 61.77867965644035 60.12132034355963 31.299999999999997
      vertex 62.073715712973836 60.3800600208737 7
      vertex 61.77867965644035 60.12132034355963 7
    endloop
  endfacet
  facet normal -0.9469301294951041 0.3214394653031663 0
    outer loop
      vertex 61.12836140246614 59.14805029709526 31.299999999999997
      vertex 61.12836140246614 59.14805029709526 7
      vertex 61.00222252113279 58.77645713530755 7
    endloop
  endfacet
  facet normal -0.3214394653031663 0.9469301294951041 0
    outer loop
      vertex 62.75194970290473 60.77163859753385 31.299999999999997
      vertex 63.12354286469244 60.8977774788672 7
      vertex 62.75194970290473 60.77163859753385 7
    endloop
  endfacet
  facet normal -0.4422886902189946 0.8968727415326916 0
    outer loop
      vertex 62.4 60.59807621135331 31.299999999999997
      vertex 62.75194970290473 60.77163859753385 7
      vertex 62.4 60.59807621135331 7
    endloop
  endfacet
  facet normal -0.19509032201612275 0.9807852804032314 0
    outer loop
      vertex 63.12354286469244 60.8977774788672 31.299999999999997
      vertex 63.50842142333985 60.97433458412142 7
      vertex 63.12354286469244 60.8977774788672 7
    endloop
  endfacet
  facet normal -0.0654031292301486 0.997858923238603 0
    outer loop
      vertex 63.50842142333985 60.97433458412142 31.299999999999997
      vertex 63.9 60.99999999999999 7
      vertex 63.50842142333985 60.97433458412142 7
    endloop
  endfacet
  facet normal 0.06540312923014742 0.9978589232386033 0
    outer loop
      vertex 63.9 60.99999999999999 31.299999999999997
      vertex 64.29157857666016 60.97433458412142 7
      vertex 63.9 60.99999999999999 7
    endloop
  endfacet
  facet normal 0.1950903220161262 0.9807852804032308 0
    outer loop
      vertex 64.29157857666016 60.97433458412142 31.299999999999997
      vertex 64.67645713530756 60.8977774788672 7
      vertex 64.29157857666016 60.97433458412142 7
    endloop
  endfacet
  facet normal 0.3214394653031608 0.9469301294951059 0
    outer loop
      vertex 64.67645713530756 60.8977774788672 31.299999999999997
      vertex 65.04805029709527 60.77163859753385 7
      vertex 64.67645713530756 60.8977774788672 7
    endloop
  endfacet
  facet normal 0.4422886902189946 0.8968727415326916 0
    outer loop
      vertex 65.04805029709527 60.77163859753385 31.299999999999997
      vertex 65.4 60.59807621135331 7
      vertex 65.04805029709527 60.77163859753385 7
    endloop
  endfacet
  facet normal -0.997858923238603 0.0654031292301486 0
    outer loop
      vertex 60.92566541587857 58.391578576660145 31.299999999999997
      vertex 60.92566541587857 58.391578576660145 7
      vertex 60.9 57.99999999999999 7
    endloop
  endfacet
  facet normal -0.9978589232386033 -0.06540312923014742 0
    outer loop
      vertex 60.9 57.99999999999999 31.299999999999997
      vertex 60.9 57.99999999999999 7
      vertex 60.92566541587857 57.608421423339834 7
    endloop
  endfacet
  facet normal -0.9807852804032308 -0.1950903220161262 0
    outer loop
      vertex 60.92566541587857 57.608421423339834 31.299999999999997
      vertex 60.92566541587857 57.608421423339834 7
      vertex 61.00222252113279 57.22354286469243 7
    endloop
  endfacet
  facet normal -0.9469301294951059 -0.3214394653031608 0
    outer loop
      vertex 61.00222252113279 57.22354286469243 31.299999999999997
      vertex 61.00222252113279 57.22354286469243 7
      vertex 61.12836140246614 56.85194970290472 7
    endloop
  endfacet
  facet normal -0.896872741532688 -0.44228869021900186 0
    outer loop
      vertex 61.12836140246614 56.85194970290472 31.299999999999997
      vertex 61.12836140246614 56.85194970290472 7
      vertex 61.30192378864668 56.49999999999999 7
    endloop
  endfacet
  facet normal -0.8314696123025467 -0.5555702330196001 0
    outer loop
      vertex 61.30192378864668 56.49999999999999 31.299999999999997
      vertex 61.30192378864668 56.49999999999999 7
      vertex 61.51993997912629 56.17371571297383 7
    endloop
  endfacet
  facet normal -0.7518398074789826 -0.659345815100063 0
    outer loop
      vertex 61.51993997912629 56.17371571297383 31.299999999999997
      vertex 61.51993997912629 56.17371571297383 7
      vertex 61.77867965644035 55.87867965644035 7
    endloop
  endfacet
  facet normal -0.659345815100063 -0.7518398074789826 0
    outer loop
      vertex 62.073715712973836 55.619939979126286 31.299999999999997
      vertex 61.77867965644035 55.87867965644035 7
      vertex 62.073715712973836 55.619939979126286 7
    endloop
  endfacet
  facet normal -0.5555702330196001 -0.8314696123025467 0
    outer loop
      vertex 62.4 55.40192378864668 31.299999999999997
      vertex 62.073715712973836 55.619939979126286 7
      vertex 62.4 55.40192378864668 7
    endloop
  endfacet
  facet normal -0.4422886902189946 -0.8968727415326916 0
    outer loop
      vertex 62.75194970290473 55.228361402466135 31.299999999999997
      vertex 62.4 55.40192378864668 7
      vertex 62.75194970290473 55.228361402466135 7
    endloop
  endfacet
  facet normal -0.3214394653031663 -0.9469301294951041 0
    outer loop
      vertex 63.12354286469244 55.10222252113279 31.299999999999997
      vertex 62.75194970290473 55.228361402466135 7
      vertex 63.12354286469244 55.10222252113279 7
    endloop
  endfacet
  facet normal -0.19509032201612275 -0.9807852804032314 0
    outer loop
      vertex 63.50842142333985 55.025665415878564 31.299999999999997
      vertex 63.12354286469244 55.10222252113279 7
      vertex 63.50842142333985 55.025665415878564 7
    endloop
  endfacet
  facet normal -0.0654031292301486 -0.997858923238603 0
    outer loop
      vertex 63.9 54.99999999999999 31.299999999999997
      vertex 63.50842142333985 55.025665415878564 7
      vertex 63.9 54.99999999999999 7
    endloop
  endfacet
  facet normal 0.06540312923014742 -0.9978589232386033 0
    outer loop
      vertex 64.29157857666016 55.025665415878564 31.299999999999997
      vertex 63.9 54.99999999999999 7
      vertex 64.29157857666016 55.025665415878564 7
    endloop
  endfacet
  facet normal 0.1950903220161262 -0.9807852804032308 0
    outer loop
      vertex 64.67645713530756 55.10222252113279 31.299999999999997
      vertex 64.29157857666016 55.025665415878564 7
      vertex 64.67645713530756 55.10222252113279 7
    endloop
  endfacet
  facet normal 0.3214394653031608 -0.9469301294951059 0
    outer loop
      vertex 65.04805029709527 55.228361402466135 31.299999999999997
      vertex 64.67645713530756 55.10222252113279 7
      vertex 65.04805029709527 55.228361402466135 7
    endloop
  endfacet
  facet normal 0.4422886902189946 -0.8968727415326916 0
    outer loop
      vertex 65.4 55.40192378864668 31.299999999999997
      vertex 65.04805029709527 55.228361402466135 7
      vertex 65.4 55.40192378864668 7
    endloop
  endfacet
  facet normal 0.5555702330196085 0.8314696123025411 0
    outer loop
      vertex 65.4 60.59807621135331 31.299999999999997
      vertex 65.72628428702616 60.3800600208737 7
      vertex 65.4 60.59807621135331 7
    endloop
  endfacet
  facet normal 0.6593458151000821 0.7518398074789657 0
    outer loop
      vertex 65.72628428702616 60.3800600208737 31.299999999999997
      vertex 66.02132034355964 60.12132034355963 7
      vertex 65.72628428702616 60.3800600208737 7
    endloop
  endfacet
  facet normal 0.7518398074789657 0.6593458151000821 0
    outer loop
      vertex 66.2800600208737 59.826284287026155 31.299999999999997
      vertex 66.2800600208737 59.826284287026155 7
      vertex 66.02132034355964 60.12132034355963 7
    endloop
  endfacet
  facet normal 0.8314696123025382 0.5555702330196126 0
    outer loop
      vertex 66.49807621135332 59.49999999999999 31.299999999999997
      vertex 66.49807621135332 59.49999999999999 7
      vertex 66.2800600208737 59.826284287026155 7
    endloop
  endfacet
  facet normal 0.8968727415326988 0.4422886902189801 0
    outer loop
      vertex 66.67163859753386 59.14805029709526 31.299999999999997
      vertex 66.67163859753386 59.14805029709526 7
      vertex 66.49807621135332 59.49999999999999 7
    endloop
  endfacet
  facet normal 0.9469301294951041 0.3214394653031663 0
    outer loop
      vertex 66.7977774788672 58.77645713530755 31.299999999999997
      vertex 66.7977774788672 58.77645713530755 7
      vertex 66.67163859753386 59.14805029709526 7
    endloop
  endfacet
  facet normal 0.9807852804032314 0.19509032201612275 0
    outer loop
      vertex 66.87433458412143 58.391578576660145 31.299999999999997
      vertex 66.87433458412143 58.391578576660145 7
      vertex 66.7977774788672 58.77645713530755 7
    endloop
  endfacet
  facet normal 0.9469301294951059 -0.3214394653031608 0
    outer loop
      vertex 66.67163859753386 56.85194970290472 31.299999999999997
      vertex 66.67163859753386 56.85194970290472 7
      vertex 66.7977774788672 57.22354286469243 7
    endloop
  endfacet
  facet normal 0.8968727415326953 -0.4422886902189873 0
    outer loop
      vertex 66.49807621135332 56.49999999999999 31.299999999999997
      vertex 66.49807621135332 56.49999999999999 7
      vertex 66.67163859753386 56.85194970290472 7
    endloop
  endfacet
  facet normal 0.9978589232386019 0.06540312923016664 0
    outer loop
      vertex 66.9 57.99999999999999 31.299999999999997
      vertex 66.9 57.99999999999999 7
      vertex 66.87433458412143 58.391578576660145 7
    endloop
  endfacet
  facet normal 0.9978589232386021 -0.06540312923016546 0
    outer loop
      vertex 66.87433458412143 57.608421423339834 31.299999999999997
      vertex 66.87433458412143 57.608421423339834 7
      vertex 66.9 57.99999999999999 7
    endloop
  endfacet
  facet normal 0.9807852804032308 -0.1950903220161262 0
    outer loop
      vertex 66.7977774788672 57.22354286469243 31.299999999999997
      vertex 66.7977774788672 57.22354286469243 7
      vertex 66.87433458412143 57.608421423339834 7
    endloop
  endfacet
  facet normal 0.5555702330196085 -0.8314696123025411 0
    outer loop
      vertex 65.72628428702616 55.619939979126286 31.299999999999997
      vertex 65.4 55.40192378864668 7
      vertex 65.72628428702616 55.619939979126286 7
    endloop
  endfacet
  facet normal 0.6593458151000718 -0.7518398074789747 0
    outer loop
      vertex 66.02132034355964 55.87867965644035 31.299999999999997
      vertex 65.72628428702616 55.619939979126286 7
      vertex 66.02132034355964 55.87867965644035 7
    endloop
  endfacet
  facet normal 0.8314696123025382 -0.5555702330196126 0
    outer loop
      vertex 66.2800600208737 56.17371571297383 31.299999999999997
      vertex 66.2800600208737 56.17371571297383 7
      vertex 66.49807621135332 56.49999999999999 7
    endloop
  endfacet
  facet normal 0.7518398074789736 -0.6593458151000732 0
    outer loop
      vertex 66.02132034355964 55.87867965644035 31.299999999999997
      vertex 66.02132034355964 55.87867965644035 7
      vertex 66.2800600208737 56.17371571297383 7
    endloop
  endfacet
  facet normal 0 0 1
    outer loop
      vertex 62.073715712973836 11.3800600208737 31.299999999999997
      vertex 62.427756813566454 9.849999999999994 31.299999999999997
      vertex 62.4 11.598076211353309 31.299999999999997
    endloop
  endfacet
  facet normal 0 0 1
    outer loop
      vertex 62.073715712973836 11.3800600208737 31.299999999999997
      vertex 62.32940479473081 9.650561835020646 31.299999999999997
      vertex 62.427756813566454 9.849999999999994 31.299999999999997
    endloop
  endfacet
  facet normal 0 0 1
    outer loop
      vertex 62.073715712973836 11.3800600208737 31.299999999999997
      vertex 62.257926095308584 9.439992376674276 31.299999999999997
      vertex 62.32940479473081 9.650561835020646 31.299999999999997
    endloop
  endfacet
  facet normal 0 0 1
    outer loop
      vertex 62.073715712973836 11.3800600208737 31.299999999999997
      vertex 62.21454373566452 9.22189452677408 31.299999999999997
      vertex 62.257926095308584 9.439992376674276 31.299999999999997
    endloop
  endfacet
  facet normal 0 0 1
    outer loop
      vertex 62.073715712973836 11.3800600208737 31.299999999999997
      vertex 62.199999999999996 8.999999999999993 31.299999999999997
      vertex 62.21454373566452 9.22189452677408 31.299999999999997
    endloop
  endfacet
  facet normal 0 0 1
    outer loop
      vertex 61.00222252113279 9.776457135307552 31.299999999999997
      vertex 60.92566541587857 9.391578576660145 31.299999999999997
      vertex 61.00222252113279 8.223542864692433 31.299999999999997
    endloop
  endfacet
  facet normal 0 0 1
    outer loop
      vertex 60.92566541587857 9.391578576660145 31.299999999999997
      vertex 60.9 8.999999999999993 31.299999999999997
      vertex 60.92566541587857 8.608421423339841 31.299999999999997
    endloop
  endfacet
  facet normal 0 0 1
    outer loop
      vertex 60.92566541587857 9.391578576660145 31.299999999999997
      vertex 60.92566541587857 8.608421423339841 31.299999999999997
      vertex 61.00222252113279 8.223542864692433 31.299999999999997
    endloop
  endfacet
  facet normal 0 0 1
    outer loop
      vertex 61.00222252113279 9.776457135307552 31.299999999999997
      vertex 61.12836140246614 7.851949702904726 31.299999999999997
      vertex 61.12836140246614 10.14805029709526 31.299999999999997
    endloop
  endfacet
  facet normal 0 0 1
    outer loop
      vertex 61.30192378864668 10.499999999999993 31.299999999999997
      vertex 61.12836140246614 10.14805029709526 31.299999999999997
      vertex 61.30192378864668 7.499999999999993 31.299999999999997
    endloop
  endfacet
  facet normal 0 0 1
    outer loop
      vertex 61.51993997912629 10.826284287026155 31.299999999999997
      vertex 61.30192378864668 10.499999999999993 31.299999999999997
      vertex 61.51993997912629 7.173715712973831 31.299999999999997
    endloop
  endfacet
  facet normal 0 0 1
    outer loop
      vertex 61.51993997912629 10.826284287026155 31.299999999999997
      vertex 61.77867965644035 6.878679656440347 31.299999999999997
      vertex 61.77867965644035 11.121320343559638 31.299999999999997
    endloop
  endfacet
  facet normal 0 0 1
    outer loop
      vertex 62.073715712973836 11.3800600208737 31.299999999999997
      vertex 61.77867965644035 11.121320343559638 31.299999999999997
      vertex 62.073715712973836 6.619939979126286 31.299999999999997
    endloop
  endfacet
  facet normal 0 0 1
    outer loop
      vertex 62.073715712973836 11.3800600208737 31.299999999999997
      vertex 62.073715712973836 6.619939979126286 31.299999999999997
      vertex 62.199999999999996 8.999999999999993 31.299999999999997
    endloop
  endfacet
  facet normal 0 0 1
    outer loop
      vertex 61.00222252113279 9.776457135307552 31.299999999999997
      vertex 61.00222252113279 8.223542864692433 31.299999999999997
      vertex 61.12836140246614 7.851949702904726 31.299999999999997
    endloop
  endfacet
  facet normal 0 0 1
    outer loop
      vertex 61.12836140246614 10.14805029709526 31.299999999999997
      vertex 61.12836140246614 7.851949702904726 31.299999999999997
      vertex 61.30192378864668 7.499999999999993 31.299999999999997
    endloop
  endfacet
  facet normal 0 0 1
    outer loop
      vertex 61.30192378864668 10.499999999999993 31.299999999999997
      vertex 61.30192378864668 7.499999999999993 31.299999999999997
      vertex 61.51993997912629 7.173715712973831 31.299999999999997
    endloop
  endfacet
  facet normal 0 0 1
    outer loop
      vertex 61.51993997912629 10.826284287026155 31.299999999999997
      vertex 61.51993997912629 7.173715712973831 31.299999999999997
      vertex 61.77867965644035 6.878679656440347 31.299999999999997
    endloop
  endfacet
  facet normal 0 0 1
    outer loop
      vertex 61.77867965644035 11.121320343559638 31.299999999999997
      vertex 61.77867965644035 6.878679656440347 31.299999999999997
      vertex 62.073715712973836 6.619939979126286 31.299999999999997
    endloop
  endfacet
  facet normal 0 0 1
    outer loop
      vertex 62.199999999999996 8.999999999999993 31.299999999999997
      vertex 62.073715712973836 6.619939979126286 31.299999999999997
      vertex 62.21454373566452 8.778105473225907 31.299999999999997
    endloop
  endfacet
  facet normal 0 0 1
    outer loop
      vertex 62.21454373566452 8.778105473225907 31.299999999999997
      vertex 62.073715712973836 6.619939979126286 31.299999999999997
      vertex 62.257926095308584 8.56000762332571 31.299999999999997
    endloop
  endfacet
  facet normal 0 0 1
    outer loop
      vertex 62.75194970290473 11.771638597533851 31.299999999999997
      vertex 62.4 11.598076211353309 31.299999999999997
      vertex 62.865105570685174 10.348700678495092 31.299999999999997
    endloop
  endfacet
  facet normal 0 0 1
    outer loop
      vertex 62.75194970290473 11.771638597533851 31.299999999999997
      vertex 63.249438164979345 10.570595205269179 31.299999999999997
      vertex 63.12354286469244 11.897777478867198 31.299999999999997
    endloop
  endfacet
  facet normal 0 0 1
    outer loop
      vertex 62.4 11.598076211353309 31.299999999999997
      vertex 62.69791847198287 10.202081528017125 31.299999999999997
      vertex 62.865105570685174 10.348700678495092 31.299999999999997
    endloop
  endfacet
  facet normal 0 0 1
    outer loop
      vertex 62.75194970290473 11.771638597533851 31.299999999999997
      vertex 63.05 10.472243186433538 31.299999999999997
      vertex 63.249438164979345 10.570595205269179 31.299999999999997
    endloop
  endfacet
  facet normal 0 0 1
    outer loop
      vertex 62.75194970290473 11.771638597533851 31.299999999999997
      vertex 62.865105570685174 10.348700678495092 31.299999999999997
      vertex 63.05 10.472243186433538 31.299999999999997
    endloop
  endfacet
  facet normal 0 0 1
    outer loop
      vertex 63.12354286469244 11.897777478867198 31.299999999999997
      vertex 63.67810547322591 10.685456264335471 31.299999999999997
      vertex 63.50842142333985 11.974334584121422 31.299999999999997
    endloop
  endfacet
  facet normal 0 0 1
    outer loop
      vertex 63.50842142333985 11.974334584121422 31.299999999999997
      vertex 63.67810547322591 10.685456264335471 31.299999999999997
      vertex 63.9 11.999999999999993 31.299999999999997
    endloop
  endfacet
  facet normal 0 0 1
    outer loop
      vertex 63.12354286469244 11.897777478867198 31.299999999999997
      vertex 63.249438164979345 10.570595205269179 31.299999999999997
      vertex 63.460007623325716 10.642073904691408 31.299999999999997
    endloop
  endfacet
  facet normal 0 0 1
    outer loop
      vertex 63.12354286469244 11.897777478867198 31.299999999999997
      vertex 63.460007623325716 10.642073904691408 31.299999999999997
      vertex 63.67810547322591 10.685456264335471 31.299999999999997
    endloop
  endfacet
  facet normal 0 0 1
    outer loop
      vertex 63.9 11.999999999999993 31.299999999999997
      vertex 63.67810547322591 10.685456264335471 31.299999999999997
      vertex 63.9 10.699999999999996 31.299999999999997
    endloop
  endfacet
  facet normal 0 0 1
    outer loop
      vertex 62.4 11.598076211353309 31.299999999999997
      vertex 62.5512993215049 10.034894429314818 31.299999999999997
      vertex 62.69791847198287 10.202081528017125 31.299999999999997
    endloop
  endfacet
  facet normal 0 0 1
    outer loop
      vertex 62.4 11.598076211353309 31.299999999999997
      vertex 62.427756813566454 9.849999999999994 31.299999999999997
      vertex 62.5512993215049 10.034894429314818 31.299999999999997
    endloop
  endfacet
  facet normal 0 0 1
    outer loop
      vertex 63.9 11.999999999999993 31.299999999999997
      vertex 64.12189452677408 10.685456264335471 31.299999999999997
      vertex 64.29157857666016 11.974334584121422 31.299999999999997
    endloop
  endfacet
  facet normal 0 0 1
    outer loop
      vertex 64.29157857666016 11.974334584121422 31.299999999999997
      vertex 64.55056183502064 10.570595205269179 31.299999999999997
      vertex 64.67645713530756 11.897777478867198 31.299999999999997
    endloop
  endfacet
  facet normal 0 0 1
    outer loop
      vertex 63.9 11.999999999999993 31.299999999999997
      vertex 63.9 10.699999999999996 31.299999999999997
      vertex 64.12189452677408 10.685456264335471 31.299999999999997
    endloop
  endfacet
  facet normal 0 0 1
    outer loop
      vertex 64.29157857666016 11.974334584121422 31.299999999999997
      vertex 64.12189452677408 10.685456264335471 31.299999999999997
      vertex 64.33999237667429 10.642073904691408 31.299999999999997
    endloop
  endfacet
  facet normal 0 0 1
    outer loop
      vertex 64.29157857666016 11.974334584121422 31.299999999999997
      vertex 64.33999237667429 10.642073904691408 31.299999999999997
      vertex 64.55056183502064 10.570595205269179 31.299999999999997
    endloop
  endfacet
  facet normal 0 0 1
    outer loop
      vertex 64.67645713530756 11.897777478867198 31.299999999999997
      vertex 64.93489442931482 10.348700678495092 31.299999999999997
      vertex 65.04805029709527 11.771638597533851 31.299999999999997
    endloop
  endfacet
  facet normal 0 0 1
    outer loop
      vertex 64.67645713530756 11.897777478867198 31.299999999999997
      vertex 64.55056183502064 10.570595205269179 31.299999999999997
      vertex 64.75 10.472243186433538 31.299999999999997
    endloop
  endfacet
  facet normal 0 0 1
    outer loop
      vertex 64.67645713530756 11.897777478867198 31.299999999999997
      vertex 64.75 10.472243186433538 31.299999999999997
      vertex 64.93489442931482 10.348700678495092 31.299999999999997
    endloop
  endfacet
  facet normal 0 0 1
    outer loop
      vertex 65.04805029709527 11.771638597533851 31.299999999999997
      vertex 65.2487006784951 10.034894429314818 31.299999999999997
      vertex 65.4 11.598076211353309 31.299999999999997
    endloop
  endfacet
  facet normal 0 0 1
    outer loop
      vertex 65.04805029709527 11.771638597533851 31.299999999999997
      vertex 64.93489442931482 10.348700678495092 31.299999999999997
      vertex 65.10208152801712 10.202081528017125 31.299999999999997
    endloop
  endfacet
  facet normal 0 0 1
    outer loop
      vertex 65.04805029709527 11.771638597533851 31.299999999999997
      vertex 65.10208152801712 10.202081528017125 31.299999999999997
      vertex 65.2487006784951 10.034894429314818 31.299999999999997
    endloop
  endfacet
  facet normal 0 0 1
    outer loop
      vertex 62.257926095308584 8.56000762332571 31.299999999999997
      vertex 62.4 6.401923788646677 31.299999999999997
      vertex 62.32940479473081 8.34943816497934 31.299999999999997
    endloop
  endfacet
  facet normal 0 0 1
    outer loop
      vertex 62.32940479473081 8.34943816497934 31.299999999999997
      vertex 62.4 6.401923788646677 31.299999999999997
      vertex 62.427756813566454 8.149999999999991 31.299999999999997
    endloop
  endfacet
  facet normal 0 0 1
    outer loop
      vertex 62.257926095308584 8.56000762332571 31.299999999999997
      vertex 62.073715712973836 6.619939979126286 31.299999999999997
      vertex 62.4 6.401923788646677 31.299999999999997
    endloop
  endfacet
  facet normal 0 0 1
    outer loop
      vertex 62.427756813566454 8.149999999999991 31.299999999999997
      vertex 62.4 6.401923788646677 31.299999999999997
      vertex 62.5512993215049 7.965105570685168 31.299999999999997
    endloop
  endfacet
  facet normal 0 0 1
    outer loop
      vertex 62.5512993215049 7.965105570685168 31.299999999999997
      vertex 62.75194970290473 6.228361402466135 31.299999999999997
      vertex 62.69791847198287 7.797918471982861 31.299999999999997
    endloop
  endfacet
  facet normal 0 0 1
    outer loop
      vertex 62.69791847198287 7.797918471982861 31.299999999999997
      vertex 62.75194970290473 6.228361402466135 31.299999999999997
      vertex 62.865105570685174 7.651299321504894 31.299999999999997
    endloop
  endfacet
  facet normal 0 0 1
    outer loop
      vertex 62.5512993215049 7.965105570685168 31.299999999999997
      vertex 62.4 6.401923788646677 31.299999999999997
      vertex 62.75194970290473 6.228361402466135 31.299999999999997
    endloop
  endfacet
  facet normal 0 0 1
    outer loop
      vertex 62.865105570685174 7.651299321504894 31.299999999999997
      vertex 63.12354286469244 6.102222521132788 31.299999999999997
      vertex 63.05 7.527756813566448 31.299999999999997
    endloop
  endfacet
  facet normal 0 0 1
    outer loop
      vertex 63.05 7.527756813566448 31.299999999999997
      vertex 63.12354286469244 6.102222521132788 31.299999999999997
      vertex 63.249438164979345 7.429404794730807 31.299999999999997
    endloop
  endfacet
  facet normal 0 0 1
    outer loop
      vertex 63.249438164979345 7.429404794730807 31.299999999999997
      vertex 63.50842142333985 6.025665415878564 31.299999999999997
      vertex 63.460007623325716 7.357926095308578 31.299999999999997
    endloop
  endfacet
  facet normal 0 0 1
    outer loop
      vertex 63.460007623325716 7.357926095308578 31.299999999999997
      vertex 63.50842142333985 6.025665415878564 31.299999999999997
      vertex 63.67810547322591 7.314543735664515 31.299999999999997
    endloop
  endfacet
  facet normal 0 0 1
    outer loop
      vertex 63.67810547322591 7.314543735664515 31.299999999999997
      vertex 63.9 5.999999999999993 31.299999999999997
      vertex 63.9 7.29999999999999 31.299999999999997
    endloop
  endfacet
  facet normal 0 0 1
    outer loop
      vertex 62.865105570685174 7.651299321504894 31.299999999999997
      vertex 62.75194970290473 6.228361402466135 31.299999999999997
      vertex 63.12354286469244 6.102222521132788 31.299999999999997
    endloop
  endfacet
  facet normal 0 0 1
    outer loop
      vertex 63.249438164979345 7.429404794730807 31.299999999999997
      vertex 63.12354286469244 6.102222521132788 31.299999999999997
      vertex 63.50842142333985 6.025665415878564 31.299999999999997
    endloop
  endfacet
  facet normal 0 0 1
    outer loop
      vertex 63.67810547322591 7.314543735664515 31.299999999999997
      vertex 63.50842142333985 6.025665415878564 31.299999999999997
      vertex 63.9 5.999999999999993 31.299999999999997
    endloop
  endfacet
  facet normal 0 0 1
    outer loop
      vertex 63.9 7.29999999999999 31.299999999999997
      vertex 63.9 5.999999999999993 31.299999999999997
      vertex 64.12189452677408 7.314543735664515 31.299999999999997
    endloop
  endfacet
  facet normal 0 0 1
    outer loop
      vertex 64.12189452677408 7.314543735664515 31.299999999999997
      vertex 64.67645713530756 6.102222521132788 31.299999999999997
      vertex 64.33999237667429 7.357926095308578 31.299999999999997
    endloop
  endfacet
  facet normal 0 0 1
    outer loop
      vertex 64.33999237667429 7.357926095308578 31.299999999999997
      vertex 64.67645713530756 6.102222521132788 31.299999999999997
      vertex 64.55056183502064 7.429404794730807 31.299999999999997
    endloop
  endfacet
  facet normal 0 0 1
    outer loop
      vertex 65.10208152801712 7.797918471982861 31.299999999999997
      vertex 65.4 6.401923788646677 31.299999999999997
      vertex 65.2487006784951 7.965105570685168 31.299999999999997
    endloop
  endfacet
  facet normal 0 0 1
    outer loop
      vertex 64.55056183502064 7.429404794730807 31.299999999999997
      vertex 65.04805029709527 6.228361402466135 31.299999999999997
      vertex 64.75 7.527756813566448 31.299999999999997
    endloop
  endfacet
  facet normal 0 0 1
    outer loop
      vertex 64.93489442931482 7.651299321504894 31.299999999999997
      vertex 64.75 7.527756813566448 31.299999999999997
      vertex 65.04805029709527 6.228361402466135 31.299999999999997
    endloop
  endfacet
  facet normal 0 0 1
    outer loop
      vertex 65.10208152801712 7.797918471982861 31.299999999999997
      vertex 64.93489442931482 7.651299321504894 31.299999999999997
      vertex 65.4 6.401923788646677 31.299999999999997
    endloop
  endfacet
  facet normal 0 0 1
    outer loop
      vertex 64.12189452677408 7.314543735664515 31.299999999999997
      vertex 63.9 5.999999999999993 31.299999999999997
      vertex 64.29157857666016 6.025665415878564 31.299999999999997
    endloop
  endfacet
  facet normal 0 0 1
    outer loop
      vertex 64.12189452677408 7.314543735664515 31.299999999999997
      vertex 64.29157857666016 6.025665415878564 31.299999999999997
      vertex 64.67645713530756 6.102222521132788 31.299999999999997
    endloop
  endfacet
  facet normal 0 0 1
    outer loop
      vertex 64.55056183502064 7.429404794730807 31.299999999999997
      vertex 64.67645713530756 6.102222521132788 31.299999999999997
      vertex 65.04805029709527 6.228361402466135 31.299999999999997
    endloop
  endfacet
  facet normal 0 0 1
    outer loop
      vertex 64.93489442931482 7.651299321504894 31.299999999999997
      vertex 65.04805029709527 6.228361402466135 31.299999999999997
      vertex 65.4 6.401923788646677 31.299999999999997
    endloop
  endfacet
  facet normal -0.4422886902189946 0.8968727415326916 0
    outer loop
      vertex 62.75194970290473 11.771638597533851 31.299999999999997
      vertex 62.75194970290473 11.771638597533851 7
      vertex 62.4 11.598076211353309 31.299999999999997
    endloop
  endfacet
  facet normal -0.3214394653031663 0.9469301294951041 -1.9384555777086574e-19
    outer loop
      vertex 62.75194970290473 11.771638597533851 31.299999999999997
      vertex 63.12354286469244 11.897777478867198 31.299999999999997
      vertex 63.12354286469244 11.897777478867198 7
    endloop
  endfacet
  facet normal -0.19509032201612275 0.9807852804032314 -2.3544988241986045e-20
    outer loop
      vertex 63.12354286469244 11.897777478867198 31.299999999999997
      vertex 63.50842142333985 11.974334584121422 31.299999999999997
      vertex 63.50842142333985 11.974334584121422 7
    endloop
  endfacet
  facet normal -0.0654031292301486 0.997858923238603 -5.597684463698402e-20
    outer loop
      vertex 63.50842142333985 11.974334584121422 31.299999999999997
      vertex 63.9 11.999999999999993 31.299999999999997
      vertex 63.9 11.999999999999993 7
    endloop
  endfacet
  facet normal 0.06540312923014742 0.9978589232386033 3.313831060287593e-20
    outer loop
      vertex 63.9 11.999999999999993 31.299999999999997
      vertex 64.29157857666016 11.974334584121422 31.299999999999997
      vertex 64.29157857666016 11.974334584121422 7
    endloop
  endfacet
  facet normal 0.1950903220161262 0.9807852804032308 -5.3241772064647633e-20
    outer loop
      vertex 64.29157857666016 11.974334584121422 31.299999999999997
      vertex 64.67645713530756 11.897777478867198 31.299999999999997
      vertex 64.67645713530756 11.897777478867198 7
    endloop
  endfacet
  facet normal 0.3214394653031608 0.9469301294951059 7.289633980723117e-20
    outer loop
      vertex 64.67645713530756 11.897777478867198 31.299999999999997
      vertex 65.04805029709527 11.771638597533851 31.299999999999997
      vertex 65.04805029709527 11.771638597533851 7
    endloop
  endfacet
  facet normal -0.7518398074789826 0.659345815100063 0
    outer loop
      vertex 61.51993997912629 10.826284287026155 31.299999999999997
      vertex 61.77867965644035 11.121320343559638 31.299999999999997
      vertex 61.51993997912629 10.826284287026155 7
    endloop
  endfacet
  facet normal -0.659345815100063 0.7518398074789826 0
    outer loop
      vertex 62.073715712973836 11.3800600208737 31.299999999999997
      vertex 62.073715712973836 11.3800600208737 7
      vertex 61.77867965644035 11.121320343559638 31.299999999999997
    endloop
  endfacet
  facet normal -0.5555702330196001 0.8314696123025467 3.463651800905294e-19
    outer loop
      vertex 62.073715712973836 11.3800600208737 31.299999999999997
      vertex 62.4 11.598076211353309 31.299999999999997
      vertex 62.4 11.598076211353309 7
    endloop
  endfacet
  facet normal -0.8314696123025467 0.5555702330196001 3.463651800905294e-19
    outer loop
      vertex 61.51993997912629 10.826284287026155 31.299999999999997
      vertex 61.30192378864668 10.499999999999993 7
      vertex 61.30192378864668 10.499999999999993 31.299999999999997
    endloop
  endfacet
  facet normal -0.8968727415326916 0.4422886902189946 -2.5069671124880775e-19
    outer loop
      vertex 61.30192378864668 10.499999999999993 31.299999999999997
      vertex 61.12836140246614 10.14805029709526 7
      vertex 61.12836140246614 10.14805029709526 31.299999999999997
    endloop
  endfacet
  facet normal -0.9469301294951041 0.3214394653031663 0
    outer loop
      vertex 61.00222252113279 9.776457135307552 31.299999999999997
      vertex 61.12836140246614 10.14805029709526 31.299999999999997
      vertex 61.00222252113279 9.776457135307552 7
    endloop
  endfacet
  facet normal -0.9807852804032314 0.19509032201612275 -2.3544988241986045e-20
    outer loop
      vertex 61.00222252113279 9.776457135307552 31.299999999999997
      vertex 60.92566541587857 9.391578576660145 7
      vertex 60.92566541587857 9.391578576660145 31.299999999999997
    endloop
  endfacet
  facet normal -0.997858923238603 0.0654031292301486 -5.597684463698402e-20
    outer loop
      vertex 60.92566541587857 9.391578576660145 31.299999999999997
      vertex 60.9 8.999999999999993 7
      vertex 60.9 8.999999999999993 31.299999999999997
    endloop
  endfacet
  facet normal -0.997858923238603 -0.0654031292301486 5.597684463698402e-20
    outer loop
      vertex 60.9 8.999999999999993 31.299999999999997
      vertex 60.92566541587857 8.608421423339841 7
      vertex 60.92566541587857 8.608421423339841 31.299999999999997
    endloop
  endfacet
  facet normal -0.9807852804032314 -0.19509032201612275 2.3544988241986045e-20
    outer loop
      vertex 60.92566541587857 8.608421423339841 31.299999999999997
      vertex 61.00222252113279 8.223542864692433 7
      vertex 61.00222252113279 8.223542864692433 31.299999999999997
    endloop
  endfacet
  facet normal -0.9469301294951041 -0.3214394653031663 1.9384555777086574e-19
    outer loop
      vertex 61.00222252113279 8.223542864692433 31.299999999999997
      vertex 61.12836140246614 7.851949702904726 7
      vertex 61.12836140246614 7.851949702904726 31.299999999999997
    endloop
  endfacet
  facet normal 0.4422886902189946 0.8968727415326916 2.5069671124880775e-19
    outer loop
      vertex 65.04805029709527 11.771638597533851 31.299999999999997
      vertex 65.4 11.598076211353309 31.299999999999997
      vertex 65.4 11.598076211353309 7
    endloop
  endfacet
  facet normal -0.8968727415326916 -0.4422886902189946 2.5069671124880775e-19
    outer loop
      vertex 61.12836140246614 7.851949702904726 31.299999999999997
      vertex 61.30192378864668 7.499999999999993 7
      vertex 61.30192378864668 7.499999999999993 31.299999999999997
    endloop
  endfacet
  facet normal -0.8314696123025467 -0.5555702330196001 -3.463651800905294e-19
    outer loop
      vertex 61.30192378864668 7.499999999999993 31.299999999999997
      vertex 61.51993997912629 7.173715712973831 7
      vertex 61.51993997912629 7.173715712973831 31.299999999999997
    endloop
  endfacet
  facet normal -0.7518398074789826 -0.659345815100063 1.0541403170424545e-20
    outer loop
      vertex 61.51993997912629 7.173715712973831 31.299999999999997
      vertex 61.77867965644035 6.878679656440347 7
      vertex 61.77867965644035 6.878679656440347 31.299999999999997
    endloop
  endfacet
  facet normal -0.659345815100063 -0.7518398074789826 0
    outer loop
      vertex 61.77867965644035 6.878679656440347 31.299999999999997
      vertex 61.77867965644035 6.878679656440347 7
      vertex 62.073715712973836 6.619939979126286 31.299999999999997
    endloop
  endfacet
  facet normal -0.5555702330196001 -0.8314696123025467 0
    outer loop
      vertex 62.073715712973836 6.619939979126286 31.299999999999997
      vertex 62.073715712973836 6.619939979126286 7
      vertex 62.4 6.401923788646677 31.299999999999997
    endloop
  endfacet
  facet normal -0.4422886902189946 -0.8968727415326916 0
    outer loop
      vertex 62.4 6.401923788646677 31.299999999999997
      vertex 62.4 6.401923788646677 7
      vertex 62.75194970290473 6.228361402466135 31.299999999999997
    endloop
  endfacet
  facet normal -0.3214394653031663 -0.9469301294951041 0
    outer loop
      vertex 62.75194970290473 6.228361402466135 31.299999999999997
      vertex 62.75194970290473 6.228361402466135 7
      vertex 63.12354286469244 6.102222521132788 31.299999999999997
    endloop
  endfacet
  facet normal -0.19509032201612275 -0.9807852804032314 0
    outer loop
      vertex 63.12354286469244 6.102222521132788 31.299999999999997
      vertex 63.12354286469244 6.102222521132788 7
      vertex 63.50842142333985 6.025665415878564 31.299999999999997
    endloop
  endfacet
  facet normal -0.0654031292301486 -0.997858923238603 0
    outer loop
      vertex 63.50842142333985 6.025665415878564 31.299999999999997
      vertex 63.50842142333985 6.025665415878564 7
      vertex 63.9 5.999999999999993 31.299999999999997
    endloop
  endfacet
  facet normal 0.06540312923014742 -0.9978589232386033 0
    outer loop
      vertex 63.9 5.999999999999993 31.299999999999997
      vertex 63.9 5.999999999999993 7
      vertex 64.29157857666016 6.025665415878564 31.299999999999997
    endloop
  endfacet
  facet normal 0.1950903220161262 -0.9807852804032308 0
    outer loop
      vertex 64.29157857666016 6.025665415878564 31.299999999999997
      vertex 64.29157857666016 6.025665415878564 7
      vertex 64.67645713530756 6.102222521132788 31.299999999999997
    endloop
  endfacet
  facet normal 0.3214394653031608 -0.9469301294951059 0
    outer loop
      vertex 64.67645713530756 6.102222521132788 31.299999999999997
      vertex 64.67645713530756 6.102222521132788 7
      vertex 65.04805029709527 6.228361402466135 31.299999999999997
    endloop
  endfacet
  facet normal 0.4422886902189946 -0.8968727415326916 0
    outer loop
      vertex 65.04805029709527 6.228361402466135 31.299999999999997
      vertex 65.04805029709527 6.228361402466135 7
      vertex 65.4 6.401923788646677 31.299999999999997
    endloop
  endfacet
  facet normal 0 0 1
    outer loop
      vertex 65.4 11.598076211353309 31.299999999999997
      vertex 65.54207390469142 9.439992376674276 31.299999999999997
      vertex 65.72628428702616 11.3800600208737 31.299999999999997
    endloop
  endfacet
  facet normal 0 0 1
    outer loop
      vertex 65.2487006784951 10.034894429314818 31.299999999999997
      vertex 65.37224318643355 9.849999999999994 31.299999999999997
      vertex 65.4 11.598076211353309 31.299999999999997
    endloop
  endfacet
  facet normal 0 0 1
    outer loop
      vertex 65.4 11.598076211353309 31.299999999999997
      vertex 65.37224318643355 9.849999999999994 31.299999999999997
      vertex 65.47059520526919 9.650561835020646 31.299999999999997
    endloop
  endfacet
  facet normal 0 0 1
    outer loop
      vertex 65.4 11.598076211353309 31.299999999999997
      vertex 65.47059520526919 9.650561835020646 31.299999999999997
      vertex 65.54207390469142 9.439992376674276 31.299999999999997
    endloop
  endfacet
  facet normal 0 0 1
    outer loop
      vertex 65.72628428702616 11.3800600208737 31.299999999999997
      vertex 65.54207390469142 9.439992376674276 31.299999999999997
      vertex 65.58545626433548 9.22189452677408 31.299999999999997
    endloop
  endfacet
  facet normal 0 0 1
    outer loop
      vertex 65.72628428702616 11.3800600208737 31.299999999999997
      vertex 65.58545626433548 9.22189452677408 31.299999999999997
      vertex 65.6 8.999999999999993 31.299999999999997
    endloop
  endfacet
  facet normal 0 0 1
    outer loop
      vertex 65.72628428702616 11.3800600208737 31.299999999999997
      vertex 66.02132034355964 6.878679656440347 31.299999999999997
      vertex 66.02132034355964 11.121320343559638 31.299999999999997
    endloop
  endfacet
  facet normal 0 0 1
    outer loop
      vertex 65.72628428702616 11.3800600208737 31.299999999999997
      vertex 65.6 8.999999999999993 31.299999999999997
      vertex 65.72628428702616 6.619939979126286 31.299999999999997
    endloop
  endfacet
  facet normal 0 0 1
    outer loop
      vertex 66.02132034355964 11.121320343559638 31.299999999999997
      vertex 66.2800600208737 7.173715712973831 31.299999999999997
      vertex 66.2800600208737 10.826284287026155 31.299999999999997
    endloop
  endfacet
  facet normal 0 0 1
    outer loop
      vertex 66.2800600208737 10.826284287026155 31.299999999999997
      vertex 66.49807621135332 7.499999999999993 31.299999999999997
      vertex 66.49807621135332 10.499999999999993 31.299999999999997
    endloop
  endfacet
  facet normal 0 0 1
    outer loop
      vertex 66.49807621135332 10.499999999999993 31.299999999999997
      vertex 66.67163859753386 7.851949702904726 31.299999999999997
      vertex 66.67163859753386 10.14805029709526 31.299999999999997
    endloop
  endfacet
  facet normal 0 0 1
    outer loop
      vertex 65.72628428702616 11.3800600208737 31.299999999999997
      vertex 65.72628428702616 6.619939979126286 31.299999999999997
      vertex 66.02132034355964 6.878679656440347 31.299999999999997
    endloop
  endfacet
  facet normal 0 0 1
    outer loop
      vertex 65.6 8.999999999999993 31.299999999999997
      vertex 65.58545626433548 8.778105473225907 31.299999999999997
      vertex 65.72628428702616 6.619939979126286 31.299999999999997
    endloop
  endfacet
  facet normal 0 0 1
    outer loop
      vertex 65.58545626433548 8.778105473225907 31.299999999999997
      vertex 65.54207390469142 8.56000762332571 31.299999999999997
      vertex 65.72628428702616 6.619939979126286 31.299999999999997
    endloop
  endfacet
  facet normal 0 0 1
    outer loop
      vertex 65.54207390469142 8.56000762332571 31.299999999999997
      vertex 65.47059520526919 8.34943816497934 31.299999999999997
      vertex 65.72628428702616 6.619939979126286 31.299999999999997
    endloop
  endfacet
  facet normal 0 0 1
    outer loop
      vertex 66.02132034355964 11.121320343559638 31.299999999999997
      vertex 66.02132034355964 6.878679656440347 31.299999999999997
      vertex 66.2800600208737 7.173715712973831 31.299999999999997
    endloop
  endfacet
  facet normal 0 0 1
    outer loop
      vertex 66.2800600208737 10.826284287026155 31.299999999999997
      vertex 66.2800600208737 7.173715712973831 31.299999999999997
      vertex 66.49807621135332 7.499999999999993 31.299999999999997
    endloop
  endfacet
  facet normal 0 0 1
    outer loop
      vertex 66.67163859753386 10.14805029709526 31.299999999999997
      vertex 66.67163859753386 7.851949702904726 31.299999999999997
      vertex 66.7977774788672 8.223542864692433 31.299999999999997
    endloop
  endfacet
  facet normal 0 0 1
    outer loop
      vertex 66.49807621135332 10.499999999999993 31.299999999999997
      vertex 66.49807621135332 7.499999999999993 31.299999999999997
      vertex 66.67163859753386 7.851949702904726 31.299999999999997
    endloop
  endfacet
  facet normal 0 0 1
    outer loop
      vertex 66.67163859753386 10.14805029709526 31.299999999999997
      vertex 66.7977774788672 8.223542864692433 31.299999999999997
      vertex 66.7977774788672 9.776457135307552 31.299999999999997
    endloop
  endfacet
  facet normal 0 0 1
    outer loop
      vertex 66.7977774788672 9.776457135307552 31.299999999999997
      vertex 66.87433458412143 8.608421423339841 31.299999999999997
      vertex 66.87433458412143 9.391578576660145 31.299999999999997
    endloop
  endfacet
  facet normal 0 0 1
    outer loop
      vertex 66.87433458412143 9.391578576660145 31.299999999999997
      vertex 66.87433458412143 8.608421423339841 31.299999999999997
      vertex 66.9 8.999999999999993 31.299999999999997
    endloop
  endfacet
  facet normal 0 0 1
    outer loop
      vertex 66.7977774788672 9.776457135307552 31.299999999999997
      vertex 66.7977774788672 8.223542864692433 31.299999999999997
      vertex 66.87433458412143 8.608421423339841 31.299999999999997
    endloop
  endfacet
  facet normal 0 0 1
    outer loop
      vertex 65.47059520526919 8.34943816497934 31.299999999999997
      vertex 65.37224318643355 8.149999999999991 31.299999999999997
      vertex 65.72628428702616 6.619939979126286 31.299999999999997
    endloop
  endfacet
  facet normal 0 0 1
    outer loop
      vertex 65.2487006784951 7.965105570685168 31.299999999999997
      vertex 65.4 6.401923788646677 31.299999999999997
      vertex 65.37224318643355 8.149999999999991 31.299999999999997
    endloop
  endfacet
  facet normal 0 0 1
    outer loop
      vertex 65.37224318643355 8.149999999999991 31.299999999999997
      vertex 65.4 6.401923788646677 31.299999999999997
      vertex 65.72628428702616 6.619939979126286 31.299999999999997
    endloop
  endfacet
  facet normal 0.5555702330196085 0.8314696123025411 5.621877627130834e-19
    outer loop
      vertex 65.4 11.598076211353309 31.299999999999997
      vertex 65.72628428702616 11.3800600208737 31.299999999999997
      vertex 65.72628428702616 11.3800600208737 7
    endloop
  endfacet
  facet normal 0.6593458151000718 0.7518398074789747 7.014123805985333e-19
    outer loop
      vertex 65.72628428702616 11.3800600208737 31.299999999999997
      vertex 66.02132034355964 11.121320343559638 31.299999999999997
      vertex 66.02132034355964 11.121320343559638 7
    endloop
  endfacet
  facet normal 0.7518398074789736 0.6593458151000732 0
    outer loop
      vertex 66.02132034355964 11.121320343559638 31.299999999999997
      vertex 66.2800600208737 10.826284287026155 31.299999999999997
      vertex 66.02132034355964 11.121320343559638 7
    endloop
  endfacet
  facet normal 0.8314696123025382 0.5555702330196126 0
    outer loop
      vertex 66.2800600208737 10.826284287026155 31.299999999999997
      vertex 66.49807621135332 10.499999999999993 31.299999999999997
      vertex 66.2800600208737 10.826284287026155 7
    endloop
  endfacet
  facet normal 0.8968727415326988 0.4422886902189801 0
    outer loop
      vertex 66.49807621135332 10.499999999999993 31.299999999999997
      vertex 66.67163859753386 10.14805029709526 31.299999999999997
      vertex 66.49807621135332 10.499999999999993 7
    endloop
  endfacet
  facet normal 0.9469301294951041 0.3214394653031663 0
    outer loop
      vertex 66.67163859753386 10.14805029709526 31.299999999999997
      vertex 66.7977774788672 9.776457135307552 31.299999999999997
      vertex 66.67163859753386 10.14805029709526 7
    endloop
  endfacet
  facet normal 0.9807852804032314 0.19509032201612275 0
    outer loop
      vertex 66.7977774788672 9.776457135307552 31.299999999999997
      vertex 66.87433458412143 9.391578576660145 31.299999999999997
      vertex 66.7977774788672 9.776457135307552 7
    endloop
  endfacet
  facet normal 0.9978589232386019 0.06540312923016664 0
    outer loop
      vertex 66.87433458412143 9.391578576660145 31.299999999999997
      vertex 66.9 8.999999999999993 31.299999999999997
      vertex 66.87433458412143 9.391578576660145 7
    endloop
  endfacet
  facet normal 0.9978589232386019 -0.06540312923016664 0
    outer loop
      vertex 66.9 8.999999999999993 31.299999999999997
      vertex 66.87433458412143 8.608421423339841 31.299999999999997
      vertex 66.9 8.999999999999993 7
    endloop
  endfacet
  facet normal 0.9807852804032314 -0.19509032201612275 0
    outer loop
      vertex 66.87433458412143 8.608421423339841 31.299999999999997
      vertex 66.7977774788672 8.223542864692433 31.299999999999997
      vertex 66.87433458412143 8.608421423339841 7
    endloop
  endfacet
  facet normal 0.9469301294951041 -0.3214394653031663 -1.9384555777086574e-19
    outer loop
      vertex 66.67163859753386 7.851949702904726 31.299999999999997
      vertex 66.7977774788672 8.223542864692433 7
      vertex 66.7977774788672 8.223542864692433 31.299999999999997
    endloop
  endfacet
  facet normal 0.8968727415326988 -0.4422886902189801 0
    outer loop
      vertex 66.67163859753386 7.851949702904726 31.299999999999997
      vertex 66.49807621135332 7.499999999999993 31.299999999999997
      vertex 66.67163859753386 7.851949702904726 7
    endloop
  endfacet
  facet normal 0.8314696123025382 -0.5555702330196126 0
    outer loop
      vertex 66.49807621135332 7.499999999999993 31.299999999999997
      vertex 66.2800600208737 7.173715712973831 31.299999999999997
      vertex 66.49807621135332 7.499999999999993 7
    endloop
  endfacet
  facet normal 0.7518398074789736 -0.6593458151000732 0
    outer loop
      vertex 66.2800600208737 7.173715712973831 31.299999999999997
      vertex 66.02132034355964 6.878679656440347 31.299999999999997
      vertex 66.2800600208737 7.173715712973831 7
    endloop
  endfacet
  facet normal 0.5555702330196085 -0.8314696123025411 0
    outer loop
      vertex 65.4 6.401923788646677 31.299999999999997
      vertex 65.4 6.401923788646677 7
      vertex 65.72628428702616 6.619939979126286 31.299999999999997
    endloop
  endfacet
  facet normal 0.6593458151000718 -0.7518398074789747 -7.014123805985333e-19
    outer loop
      vertex 66.02132034355964 6.878679656440347 31.299999999999997
      vertex 65.72628428702616 6.619939979126286 31.299999999999997
      vertex 65.72628428702616 6.619939979126286 7
    endloop
  endfacet
  facet normal -0.3214394653031663 0.9469301294951041 0
    outer loop
      vertex 62.75194970290473 11.771638597533851 31.299999999999997
      vertex 63.12354286469244 11.897777478867198 7
      vertex 62.75194970290473 11.771638597533851 7
    endloop
  endfacet
  facet normal -0.19509032201612275 0.9807852804032314 0
    outer loop
      vertex 63.12354286469244 11.897777478867198 31.299999999999997
      vertex 63.50842142333985 11.974334584121422 7
      vertex 63.12354286469244 11.897777478867198 7
    endloop
  endfacet
  facet normal -0.0654031292301486 0.997858923238603 0
    outer loop
      vertex 63.50842142333985 11.974334584121422 31.299999999999997
      vertex 63.9 11.999999999999993 7
      vertex 63.50842142333985 11.974334584121422 7
    endloop
  endfacet
  facet normal 0.06540312923014742 0.9978589232386033 0
    outer loop
      vertex 63.9 11.999999999999993 31.299999999999997
      vertex 64.29157857666016 11.974334584121422 7
      vertex 63.9 11.999999999999993 7
    endloop
  endfacet
  facet normal 0.1950903220161262 0.9807852804032308 0
    outer loop
      vertex 64.29157857666016 11.974334584121422 31.299999999999997
      vertex 64.67645713530756 11.897777478867198 7
      vertex 64.29157857666016 11.974334584121422 7
    endloop
  endfacet
  facet normal 0.3214394653031608 0.9469301294951059 0
    outer loop
      vertex 64.67645713530756 11.897777478867198 31.299999999999997
      vertex 65.04805029709527 11.771638597533851 7
      vertex 64.67645713530756 11.897777478867198 7
    endloop
  endfacet
  facet normal 0.4422886902189946 0.8968727415326916 0
    outer loop
      vertex 65.04805029709527 11.771638597533851 31.299999999999997
      vertex 65.4 11.598076211353309 7
      vertex 65.04805029709527 11.771638597533851 7
    endloop
  endfacet
  facet normal -0.7518398074789826 0.659345815100063 0
    outer loop
      vertex 61.77867965644035 11.121320343559638 31.299999999999997
      vertex 61.77867965644035 11.121320343559638 7
      vertex 61.51993997912629 10.826284287026155 7
    endloop
  endfacet
  facet normal -0.8314696123025467 0.5555702330196001 0
    outer loop
      vertex 61.51993997912629 10.826284287026155 31.299999999999997
      vertex 61.51993997912629 10.826284287026155 7
      vertex 61.30192378864668 10.499999999999993 7
    endloop
  endfacet
  facet normal -0.659345815100063 0.7518398074789826 0
    outer loop
      vertex 61.77867965644035 11.121320343559638 31.299999999999997
      vertex 62.073715712973836 11.3800600208737 7
      vertex 61.77867965644035 11.121320343559638 7
    endloop
  endfacet
  facet normal -0.5555702330196001 0.8314696123025467 0
    outer loop
      vertex 62.073715712973836 11.3800600208737 31.299999999999997
      vertex 62.4 11.598076211353309 7
      vertex 62.073715712973836 11.3800600208737 7
    endloop
  endfacet
  facet normal -0.8968727415326916 0.4422886902189946 0
    outer loop
      vertex 61.30192378864668 10.499999999999993 31.299999999999997
      vertex 61.30192378864668 10.499999999999993 7
      vertex 61.12836140246614 10.14805029709526 7
    endloop
  endfacet
  facet normal -0.9469301294951041 0.3214394653031663 0
    outer loop
      vertex 61.12836140246614 10.14805029709526 31.299999999999997
      vertex 61.12836140246614 10.14805029709526 7
      vertex 61.00222252113279 9.776457135307552 7
    endloop
  endfacet
  facet normal -0.9807852804032314 0.19509032201612275 0
    outer loop
      vertex 61.00222252113279 9.776457135307552 31.299999999999997
      vertex 61.00222252113279 9.776457135307552 7
      vertex 60.92566541587857 9.391578576660145 7
    endloop
  endfacet
  facet normal -0.997858923238603 0.0654031292301486 0
    outer loop
      vertex 60.92566541587857 9.391578576660145 31.299999999999997
      vertex 60.92566541587857 9.391578576660145 7
      vertex 60.9 8.999999999999993 7
    endloop
  endfacet
  facet normal -0.997858923238603 -0.0654031292301486 0
    outer loop
      vertex 60.9 8.999999999999993 31.299999999999997
      vertex 60.9 8.999999999999993 7
      vertex 60.92566541587857 8.608421423339841 7
    endloop
  endfacet
  facet normal -0.9807852804032314 -0.19509032201612275 0
    outer loop
      vertex 60.92566541587857 8.608421423339841 31.299999999999997
      vertex 60.92566541587857 8.608421423339841 7
      vertex 61.00222252113279 8.223542864692433 7
    endloop
  endfacet
  facet normal -0.9469301294951041 -0.3214394653031663 0
    outer loop
      vertex 61.00222252113279 8.223542864692433 31.299999999999997
      vertex 61.00222252113279 8.223542864692433 7
      vertex 61.12836140246614 7.851949702904726 7
    endloop
  endfacet
  facet normal -0.4422886902189946 0.8968727415326916 0
    outer loop
      vertex 62.4 11.598076211353309 31.299999999999997
      vertex 62.75194970290473 11.771638597533851 7
      vertex 62.4 11.598076211353309 7
    endloop
  endfacet
  facet normal -0.8968727415326916 -0.4422886902189946 0
    outer loop
      vertex 61.12836140246614 7.851949702904726 31.299999999999997
      vertex 61.12836140246614 7.851949702904726 7
      vertex 61.30192378864668 7.499999999999993 7
    endloop
  endfacet
  facet normal -0.8314696123025467 -0.5555702330196001 0
    outer loop
      vertex 61.30192378864668 7.499999999999993 31.299999999999997
      vertex 61.30192378864668 7.499999999999993 7
      vertex 61.51993997912629 7.173715712973831 7
    endloop
  endfacet
  facet normal -0.7518398074789826 -0.659345815100063 0
    outer loop
      vertex 61.51993997912629 7.173715712973831 31.299999999999997
      vertex 61.51993997912629 7.173715712973831 7
      vertex 61.77867965644035 6.878679656440347 7
    endloop
  endfacet
  facet normal -0.659345815100063 -0.7518398074789826 0
    outer loop
      vertex 62.073715712973836 6.619939979126286 31.299999999999997
      vertex 61.77867965644035 6.878679656440347 7
      vertex 62.073715712973836 6.619939979126286 7
    endloop
  endfacet
  facet normal -0.5555702330196001 -0.8314696123025467 0
    outer loop
      vertex 62.4 6.401923788646677 31.299999999999997
      vertex 62.073715712973836 6.619939979126286 7
      vertex 62.4 6.401923788646677 7
    endloop
  endfacet
  facet normal -0.4422886902189946 -0.8968727415326916 0
    outer loop
      vertex 62.75194970290473 6.228361402466135 31.299999999999997
      vertex 62.4 6.401923788646677 7
      vertex 62.75194970290473 6.228361402466135 7
    endloop
  endfacet
  facet normal -0.3214394653031663 -0.9469301294951041 0
    outer loop
      vertex 63.12354286469244 6.102222521132788 31.299999999999997
      vertex 62.75194970290473 6.228361402466135 7
      vertex 63.12354286469244 6.102222521132788 7
    endloop
  endfacet
  facet normal -0.19509032201612275 -0.9807852804032314 0
    outer loop
      vertex 63.50842142333985 6.025665415878564 31.299999999999997
      vertex 63.12354286469244 6.102222521132788 7
      vertex 63.50842142333985 6.025665415878564 7
    endloop
  endfacet
  facet normal -0.0654031292301486 -0.997858923238603 0
    outer loop
      vertex 63.9 5.999999999999993 31.299999999999997
      vertex 63.50842142333985 6.025665415878564 7
      vertex 63.9 5.999999999999993 7
    endloop
  endfacet
  facet normal 0.06540312923014742 -0.9978589232386033 0
    outer loop
      vertex 64.29157857666016 6.025665415878564 31.299999999999997
      vertex 63.9 5.999999999999993 7
      vertex 64.29157857666016 6.025665415878564 7
    endloop
  endfacet
  facet normal 0.1950903220161262 -0.9807852804032308 0
    outer loop
      vertex 64.67645713530756 6.102222521132788 31.299999999999997
      vertex 64.29157857666016 6.025665415878564 7
      vertex 64.67645713530756 6.102222521132788 7
    endloop
  endfacet
  facet normal 0.4422886902189946 -0.8968727415326916 0
    outer loop
      vertex 65.4 6.401923788646677 31.299999999999997
      vertex 65.04805029709527 6.228361402466135 7
      vertex 65.4 6.401923788646677 7
    endloop
  endfacet
  facet normal 0.3214394653031608 -0.9469301294951059 0
    outer loop
      vertex 65.04805029709527 6.228361402466135 31.299999999999997
      vertex 64.67645713530756 6.102222521132788 7
      vertex 65.04805029709527 6.228361402466135 7
    endloop
  endfacet
  facet normal 0.5555702330196085 0.8314696123025411 0
    outer loop
      vertex 65.4 11.598076211353309 31.299999999999997
      vertex 65.72628428702616 11.3800600208737 7
      vertex 65.4 11.598076211353309 7
    endloop
  endfacet
  facet normal 0.6593458151000718 0.7518398074789747 0
    outer loop
      vertex 65.72628428702616 11.3800600208737 31.299999999999997
      vertex 66.02132034355964 11.121320343559638 7
      vertex 65.72628428702616 11.3800600208737 7
    endloop
  endfacet
  facet normal 0.7518398074789736 0.6593458151000732 0
    outer loop
      vertex 66.2800600208737 10.826284287026155 31.299999999999997
      vertex 66.2800600208737 10.826284287026155 7
      vertex 66.02132034355964 11.121320343559638 7
    endloop
  endfacet
  facet normal 0.8314696123025382 0.5555702330196126 0
    outer loop
      vertex 66.49807621135332 10.499999999999993 31.299999999999997
      vertex 66.49807621135332 10.499999999999993 7
      vertex 66.2800600208737 10.826284287026155 7
    endloop
  endfacet
  facet normal 0.8968727415326988 0.4422886902189801 0
    outer loop
      vertex 66.67163859753386 10.14805029709526 31.299999999999997
      vertex 66.67163859753386 10.14805029709526 7
      vertex 66.49807621135332 10.499999999999993 7
    endloop
  endfacet
  facet normal 0.9469301294951041 0.3214394653031663 0
    outer loop
      vertex 66.7977774788672 9.776457135307552 31.299999999999997
      vertex 66.7977774788672 9.776457135307552 7
      vertex 66.67163859753386 10.14805029709526 7
    endloop
  endfacet
  facet normal 0.9469301294951041 -0.3214394653031663 0
    outer loop
      vertex 66.67163859753386 7.851949702904726 31.299999999999997
      vertex 66.67163859753386 7.851949702904726 7
      vertex 66.7977774788672 8.223542864692433 7
    endloop
  endfacet
  facet normal 0.9807852804032314 0.19509032201612275 0
    outer loop
      vertex 66.87433458412143 9.391578576660145 31.299999999999997
      vertex 66.87433458412143 9.391578576660145 7
      vertex 66.7977774788672 9.776457135307552 7
    endloop
  endfacet
  facet normal 0.9978589232386019 0.06540312923016664 0
    outer loop
      vertex 66.9 8.999999999999993 31.299999999999997
      vertex 66.9 8.999999999999993 7
      vertex 66.87433458412143 9.391578576660145 7
    endloop
  endfacet
  facet normal 0.9978589232386019 -0.06540312923016664 0
    outer loop
      vertex 66.87433458412143 8.608421423339841 31.299999999999997
      vertex 66.87433458412143 8.608421423339841 7
      vertex 66.9 8.999999999999993 7
    endloop
  endfacet
  facet normal 0.9807852804032314 -0.19509032201612275 0
    outer loop
      vertex 66.7977774788672 8.223542864692433 31.299999999999997
      vertex 66.7977774788672 8.223542864692433 7
      vertex 66.87433458412143 8.608421423339841 7
    endloop
  endfacet
  facet normal 0.8968727415326988 -0.4422886902189801 0
    outer loop
      vertex 66.49807621135332 7.499999999999993 31.299999999999997
      vertex 66.49807621135332 7.499999999999993 7
      vertex 66.67163859753386 7.851949702904726 7
    endloop
  endfacet
  facet normal 0.8314696123025382 -0.5555702330196126 0
    outer loop
      vertex 66.2800600208737 7.173715712973831 31.299999999999997
      vertex 66.2800600208737 7.173715712973831 7
      vertex 66.49807621135332 7.499999999999993 7
    endloop
  endfacet
  facet normal 0.7518398074789736 -0.6593458151000732 0
    outer loop
      vertex 66.02132034355964 6.878679656440347 31.299999999999997
      vertex 66.02132034355964 6.878679656440347 7
      vertex 66.2800600208737 7.173715712973831 7
    endloop
  endfacet
  facet normal 0.5555702330196085 -0.8314696123025411 0
    outer loop
      vertex 65.72628428702616 6.619939979126286 31.299999999999997
      vertex 65.4 6.401923788646677 7
      vertex 65.72628428702616 6.619939979126286 7
    endloop
  endfacet
  facet normal 0.6593458151000718 -0.7518398074789747 0
    outer loop
      vertex 66.02132034355964 6.878679656440347 31.299999999999997
      vertex 65.72628428702616 6.619939979126286 7
      vertex 66.02132034355964 6.878679656440347 7
    endloop
  endfacet
  facet normal -0.978636426504195 0.06414322023021633 0.19533661207668546
    outer loop
      vertex 2.9256654158785693 58.391578576660145 7
      vertex 1.9019960079840332 57.99999999999999 2
      vertex 2.9000000000000004 57.99999999999999 7
    endloop
  endfacet
  facet normal -0.978636426504195 -0.06414322023021517 0.19533661207668537
    outer loop
      vertex 2.9000000000000004 57.99999999999999 7
      vertex 1.9361994863637895 57.47815576244158 2
      vertex 2.9256654158785693 57.608421423339834 7
    endloop
  endfacet
  facet normal -0.6466443475053668 0.7373565594892075 0.19533661207668576
    outer loop
      vertex 4.073715712973838 60.3800600208737 7
      vertex 3.0729842660346223 60.82701573396537 2
      vertex 3.7786796564403575 60.12132034355963 7
    endloop
  endfacet
  facet normal -0.5448678714520019 0.8154523963063495 0.19533661207668448
    outer loop
      vertex 4.073715712973838 60.3800600208737 7
      vertex 4.4 60.59807621135331 7
      vertex 3.4661693766377906 61.17182982156355 2
    endloop
  endfacet
  facet normal -0.19133215240864163 0.9618916859174317 0.19533661207668523
    outer loop
      vertex 5.123542864692438 60.8977774788672 7
      vertex 5.508421423339845 60.97433458412142 7
      vertex 4.865240424470362 61.86177530949501 2
    endloop
  endfacet
  facet normal -0.4337685550521864 0.8795956165365657 0.19533661207668476
    outer loop
      vertex 4.4 60.59807621135331 7
      vertex 4.7519497029047315 60.77163859753385 7
      vertex 3.900998003992017 61.462373021517415 2
    endloop
  endfacet
  facet normal -0.31524733841207675 0.9286887118978588 0.1953366120766855
    outer loop
      vertex 4.7519497029047315 60.77163859753385 7
      vertex 5.123542864692438 60.8977774788672 7
      vertex 4.370030109725999 61.69367405912196 2
    endloop
  endfacet
  facet normal -0.8154523963063484 0.5448678714520033 0.19533661207668535
    outer loop
      vertex 3.3019237886466843 59.49999999999999 7
      vertex 3.5199399791262946 59.826284287026155 7
      vertex 2.4376269784825753 59.999001996007976 2
    endloop
  endfacet
  facet normal -0.8795956165365647 0.43376855505218814 0.19533661207668523
    outer loop
      vertex 3.3019237886466843 59.49999999999999 7
      vertex 2.2063259408780307 59.52996989027399 2
      vertex 3.1283614024661404 59.14805029709526 7
    endloop
  endfacet
  facet normal -0.7373565594892092 0.6466443475053647 0.19533661207668554
    outer loop
      vertex 3.5199399791262946 59.826284287026155 7
      vertex 3.7786796564403575 60.12132034355963 7
      vertex 2.7281701784364403 60.433830623362205 2
    endloop
  endfacet
  facet normal -0.9286887118978605 0.3152473384120721 0.19533661207668526
    outer loop
      vertex 3.1283614024661404 59.14805029709526 7
      vertex 2.038224690504984 59.03475957552963 2
      vertex 3.0022225211327953 58.77645713530755 7
    endloop
  endfacet
  facet normal -0.961891685917431 0.19133215240864546 0.1953366120766854
    outer loop
      vertex 2.9256654158785693 58.391578576660145 7
      vertex 3.0022225211327953 58.77645713530755 7
      vertex 1.9361994863637895 58.5218442375584 2
    endloop
  endfacet
  facet normal -0.06414322023022018 0.9786364265041948 0.19533661207668535
    outer loop
      vertex 5.508421423339845 60.97433458412142 7
      vertex 5.9 60.99999999999999 7
      vertex 5.37815576244159 61.9638005136362 2
    endloop
  endfacet
  facet normal 0.06414322023022018 0.9786364265041948 0.19533661207668537
    outer loop
      vertex 5.9 60.99999999999999 7
      vertex 6.2915785766601555 60.97433458412142 7
      vertex 5.9 61.99800399201596 2
    endloop
  endfacet
  facet normal 0.19133215240864163 0.9618916859174317 0.19533661207668535
    outer loop
      vertex 6.2915785766601555 60.97433458412142 7
      vertex 6.676457135307563 60.8977774788672 7
      vertex 6.42184423755841 61.9638005136362 2
    endloop
  endfacet
  facet normal 0.31524733841207675 0.9286887118978588 0.19533661207668523
    outer loop
      vertex 6.676457135307563 60.8977774788672 7
      vertex 7.048050297095269 60.77163859753385 7
      vertex 6.934759575529639 61.86177530949501 2
    endloop
  endfacet
  facet normal 0.4337685550521863 0.8795956165365655 0.19533661207668548
    outer loop
      vertex 7.048050297095269 60.77163859753385 7
      vertex 7.4 60.59807621135331 7
      vertex 7.429969890274002 61.69367405912196 2
    endloop
  endfacet
  facet normal 0.5448678714520019 0.8154523963063495 0.1953366120766849
    outer loop
      vertex 7.4 60.59807621135331 7
      vertex 7.7262842870261625 60.3800600208737 7
      vertex 7.899001996007984 61.462373021517415 2
    endloop
  endfacet
  facet normal 0.6466443475053658 0.7373565594892086 0.19533661207668454
    outer loop
      vertex 7.7262842870261625 60.3800600208737 7
      vertex 8.021320343559644 60.12132034355963 7
      vertex 8.33383062336221 61.17182982156355 2
    endloop
  endfacet
  facet normal -0.9618916859174301 -0.19133215240864881 0.1953366120766856
    outer loop
      vertex 2.9256654158785693 57.608421423339834 7
      vertex 2.038224690504984 56.96524042447035 2
      vertex 3.0022225211327953 57.22354286469243 7
    endloop
  endfacet
  facet normal -0.9286887118978624 -0.3152473384120667 0.19533661207668523
    outer loop
      vertex 3.0022225211327953 57.22354286469243 7
      vertex 2.2063259408780307 56.47003010972599 2
      vertex 3.1283614024661404 56.85194970290472 7
    endloop
  endfacet
  facet normal -0.8795956165365612 -0.4337685550521952 0.1953366120766854
    outer loop
      vertex 3.1283614024661404 56.85194970290472 7
      vertex 2.4376269784825753 56.00099800399201 2
      vertex 3.3019237886466843 56.49999999999999 7
    endloop
  endfacet
  facet normal -0.8154523963063484 -0.5448678714520033 0.1953366120766856
    outer loop
      vertex 3.3019237886466843 56.49999999999999 7
      vertex 2.7281701784364403 55.56616937663778 2
      vertex 3.5199399791262946 56.17371571297383 7
    endloop
  endfacet
  facet normal -0.737356559489217 -0.6466443475053559 0.1953366120766855
    outer loop
      vertex 3.5199399791262946 56.17371571297383 7
      vertex 3.0729842660346223 55.17298426603461 2
      vertex 3.7786796564403575 55.87867965644035 7
    endloop
  endfacet
  facet normal -0.6466443475053566 -0.7373565594892162 0.19533661207668565
    outer loop
      vertex 3.7786796564403575 55.87867965644035 7
      vertex 3.4661693766377906 54.82817017843643 2
      vertex 4.073715712973838 55.619939979126286 7
    endloop
  endfacet
  facet normal -0.5448678714520018 -0.8154523963063492 0.195336612076686
    outer loop
      vertex 4.073715712973838 55.619939979126286 7
      vertex 3.900998003992017 54.537626978482564 2
      vertex 4.4 55.40192378864668 7
    endloop
  endfacet
  facet normal -0.4337685550521863 -0.8795956165365655 0.19533661207668548
    outer loop
      vertex 4.4 55.40192378864668 7
      vertex 4.370030109725999 54.306325940878025 2
      vertex 4.7519497029047315 55.228361402466135 7
    endloop
  endfacet
  facet normal -0.31524733841207675 -0.9286887118978588 0.19533661207668523
    outer loop
      vertex 4.7519497029047315 55.228361402466135 7
      vertex 4.865240424470362 54.13822469050498 2
      vertex 5.123542864692438 55.10222252113279 7
    endloop
  endfacet
  facet normal -0.19133215240864154 -0.9618916859174313 0.19533661207668662
    outer loop
      vertex 5.123542864692438 55.10222252113279 7
      vertex 5.37815576244159 54.03619948636378 2
      vertex 5.508421423339845 55.025665415878564 7
    endloop
  endfacet
  facet normal -0.06414322023022018 -0.9786364265041948 0.19533661207668537
    outer loop
      vertex 5.508421423339845 55.025665415878564 7
      vertex 5.9 54.001996007984026 2
      vertex 5.9 54.99999999999999 7
    endloop
  endfacet
  facet normal 0.06414322023022015 -0.9786364265041944 0.19533661207668665
    outer loop
      vertex 5.9 54.99999999999999 7
      vertex 6.42184423755841 54.03619948636378 2
      vertex 6.2915785766601555 55.025665415878564 7
    endloop
  endfacet
  facet normal 0.19133215240864163 -0.9618916859174317 0.19533661207668526
    outer loop
      vertex 6.2915785766601555 55.025665415878564 7
      vertex 6.934759575529639 54.13822469050498 2
      vertex 6.676457135307563 55.10222252113279 7
    endloop
  endfacet
  facet normal 0.6466443475053555 -0.7373565594892171 0.19533661207668546
    outer loop
      vertex 7.7262842870261625 55.619939979126286 7
      vertex 8.727015733965379 55.17298426603461 2
      vertex 8.021320343559644 55.87867965644035 7
    endloop
  endfacet
  facet normal 0.4337685550521863 -0.8795956165365655 0.19533661207668596
    outer loop
      vertex 7.4 55.40192378864668 7
      vertex 7.048050297095269 55.228361402466135 7
      vertex 7.899001996007984 54.537626978482564 2
    endloop
  endfacet
  facet normal 0.31524733841207675 -0.9286887118978588 0.19533661207668548
    outer loop
      vertex 6.676457135307563 55.10222252113279 7
      vertex 7.429969890274002 54.306325940878025 2
      vertex 7.048050297095269 55.228361402466135 7
    endloop
  endfacet
  facet normal 0.5448678714520018 -0.8154523963063492 0.19533661207668562
    outer loop
      vertex 7.4 55.40192378864668 7
      vertex 8.33383062336221 54.82817017843643 2
      vertex 7.7262842870261625 55.619939979126286 7
    endloop
  endfacet
  facet normal -0.9286887118978604 0.3152473384120719 0.19533661207668523
    outer loop
      vertex 3.1283614024661404 59.14805029709526 7
      vertex 2.2063259408780307 59.52996989027399 2
      vertex 2.038224690504984 59.03475957552963 2
    endloop
  endfacet
  facet normal -0.9618916859174307 0.19133215240864643 0.1953366120766853
    outer loop
      vertex 3.0022225211327953 58.77645713530755 7
      vertex 2.038224690504984 59.03475957552963 2
      vertex 1.9361994863637895 58.5218442375584 2
    endloop
  endfacet
  facet normal -0.9786364265041949 0.06414322023021643 0.1953366120766854
    outer loop
      vertex 2.9256654158785693 58.391578576660145 7
      vertex 1.9361994863637895 58.5218442375584 2
      vertex 1.9019960079840332 57.99999999999999 2
    endloop
  endfacet
  facet normal -0.9786364265041949 -0.06414322023021547 0.1953366120766854
    outer loop
      vertex 2.9000000000000004 57.99999999999999 7
      vertex 1.9019960079840332 57.99999999999999 2
      vertex 1.9361994863637895 57.47815576244158 2
    endloop
  endfacet
  facet normal -0.9618916859174307 -0.19133215240864626 0.19533661207668535
    outer loop
      vertex 2.9256654158785693 57.608421423339834 7
      vertex 1.9361994863637895 57.47815576244158 2
      vertex 2.038224690504984 56.96524042447035 2
    endloop
  endfacet
  facet normal -0.9286887118978605 -0.31524733841207164 0.19533661207668568
    outer loop
      vertex 3.0022225211327953 57.22354286469243 7
      vertex 2.038224690504984 56.96524042447035 2
      vertex 2.2063259408780307 56.47003010972599 2
    endloop
  endfacet
  facet normal -0.8795956165365624 -0.4337685550521928 0.1953366120766852
    outer loop
      vertex 3.1283614024661404 56.85194970290472 7
      vertex 2.2063259408780307 56.47003010972599 2
      vertex 2.4376269784825753 56.00099800399201 2
    endloop
  endfacet
  facet normal -0.73735655948921 0.6466443475053637 0.19533661207668565
    outer loop
      vertex 3.7786796564403575 60.12132034355963 7
      vertex 3.0729842660346223 60.82701573396537 2
      vertex 2.7281701784364403 60.433830623362205 2
    endloop
  endfacet
  facet normal -0.6466443475053574 0.7373565594892157 0.1953366120766846
    outer loop
      vertex 4.073715712973838 60.3800600208737 7
      vertex 3.4661693766377906 61.17182982156355 2
      vertex 3.0729842660346223 60.82701573396537 2
    endloop
  endfacet
  facet normal -0.5448678714520053 0.8154523963063472 0.19533661207668485
    outer loop
      vertex 4.4 60.59807621135331 7
      vertex 3.900998003992017 61.462373021517415 2
      vertex 3.4661693766377906 61.17182982156355 2
    endloop
  endfacet
  facet normal -0.43376855505219303 0.8795956165365623 0.1953366120766854
    outer loop
      vertex 4.7519497029047315 60.77163859753385 7
      vertex 4.370030109725999 61.69367405912196 2
      vertex 3.900998003992017 61.462373021517415 2
    endloop
  endfacet
  facet normal -0.31524733841207425 0.9286887118978595 0.19533661207668523
    outer loop
      vertex 5.123542864692438 60.8977774788672 7
      vertex 4.865240424470362 61.86177530949501 2
      vertex 4.370030109725999 61.69367405912196 2
    endloop
  endfacet
  facet normal -0.19133215240864257 0.9618916859174313 0.1953366120766853
    outer loop
      vertex 5.508421423339845 60.97433458412142 7
      vertex 5.37815576244159 61.9638005136362 2
      vertex 4.865240424470362 61.86177530949501 2
    endloop
  endfacet
  facet normal -0.8154523963063495 0.5448678714520016 0.19533661207668554
    outer loop
      vertex 3.5199399791262946 59.826284287026155 7
      vertex 2.7281701784364403 60.433830623362205 2
      vertex 2.4376269784825753 59.999001996007976 2
    endloop
  endfacet
  facet normal -0.8795956165365652 0.43376855505218764 0.19533661207668535
    outer loop
      vertex 3.3019237886466843 59.49999999999999 7
      vertex 2.4376269784825753 59.999001996007976 2
      vertex 2.2063259408780307 59.52996989027399 2
    endloop
  endfacet
  facet normal -0.06414322023022034 0.9786364265041947 0.19533661207668532
    outer loop
      vertex 5.9 60.99999999999999 7
      vertex 5.9 61.99800399201596 2
      vertex 5.37815576244159 61.9638005136362 2
    endloop
  endfacet
  facet normal 0.06414322023022034 0.9786364265041947 0.19533661207668532
    outer loop
      vertex 6.2915785766601555 60.97433458412142 7
      vertex 6.42184423755841 61.9638005136362 2
      vertex 5.9 61.99800399201596 2
    endloop
  endfacet
  facet normal 0.19133215240864257 0.9618916859174313 0.19533661207668523
    outer loop
      vertex 6.676457135307563 60.8977774788672 7
      vertex 6.934759575529639 61.86177530949501 2
      vertex 6.42184423755841 61.9638005136362 2
    endloop
  endfacet
  facet normal 0.31524733841207425 0.9286887118978595 0.19533661207668543
    outer loop
      vertex 7.048050297095269 60.77163859753385 7
      vertex 7.429969890274002 61.69367405912196 2
      vertex 6.934759575529639 61.86177530949501 2
    endloop
  endfacet
  facet normal 0.43376855505219303 0.8795956165365623 0.19533661207668482
    outer loop
      vertex 7.4 60.59807621135331 7
      vertex 7.899001996007984 61.462373021517415 2
      vertex 7.429969890274002 61.69367405912196 2
    endloop
  endfacet
  facet normal 0.5448678714520048 0.8154523963063474 0.19533661207668454
    outer loop
      vertex 7.7262842870261625 60.3800600208737 7
      vertex 8.33383062336221 61.17182982156355 2
      vertex 7.899001996007984 61.462373021517415 2
    endloop
  endfacet
  facet normal -0.8154523963063495 -0.5448678714520017 0.19533661207668537
    outer loop
      vertex 3.3019237886466843 56.49999999999999 7
      vertex 2.4376269784825753 56.00099800399201 2
      vertex 2.7281701784364403 55.56616937663778 2
    endloop
  endfacet
  facet normal -0.7373565594892157 -0.6466443475053569 0.19533661207668562
    outer loop
      vertex 3.5199399791262946 56.17371571297383 7
      vertex 2.7281701784364403 55.56616937663778 2
      vertex 3.0729842660346223 55.17298426603461 2
    endloop
  endfacet
  facet normal -0.6466443475053573 -0.7373565594892156 0.19533661207668557
    outer loop
      vertex 3.7786796564403575 55.87867965644035 7
      vertex 3.0729842660346223 55.17298426603461 2
      vertex 3.4661693766377906 54.82817017843643 2
    endloop
  endfacet
  facet normal -0.5448678714520052 -0.815452396306347 0.19533661207668565
    outer loop
      vertex 4.073715712973838 55.619939979126286 7
      vertex 3.4661693766377906 54.82817017843643 2
      vertex 3.900998003992017 54.537626978482564 2
    endloop
  endfacet
  facet normal -0.4337685550521822 -0.8795956165365674 0.19533661207668587
    outer loop
      vertex 4.4 55.40192378864668 7
      vertex 3.900998003992017 54.537626978482564 2
      vertex 4.370030109725999 54.306325940878025 2
    endloop
  endfacet
  facet normal -0.31524733841207425 -0.9286887118978595 0.19533661207668543
    outer loop
      vertex 4.7519497029047315 55.228361402466135 7
      vertex 4.370030109725999 54.306325940878025 2
      vertex 4.865240424470362 54.13822469050498 2
    endloop
  endfacet
  facet normal -0.1913321524086554 -0.9618916859174288 0.1953366120766854
    outer loop
      vertex 5.123542864692438 55.10222252113279 7
      vertex 4.865240424470362 54.13822469050498 2
      vertex 5.37815576244159 54.03619948636378 2
    endloop
  endfacet
  facet normal 0.31524733841207425 -0.9286887118978595 0.19533661207668523
    outer loop
      vertex 6.676457135307563 55.10222252113279 7
      vertex 6.934759575529639 54.13822469050498 2
      vertex 7.429969890274002 54.306325940878025 2
    endloop
  endfacet
  facet normal 0.43376855505218226 -0.8795956165365676 0.19533661207668554
    outer loop
      vertex 7.048050297095269 55.228361402466135 7
      vertex 7.429969890274002 54.306325940878025 2
      vertex 7.899001996007984 54.537626978482564 2
    endloop
  endfacet
  facet normal 0.5448678714520048 -0.8154523963063472 0.19533661207668596
    outer loop
      vertex 7.4 55.40192378864668 7
      vertex 7.899001996007984 54.537626978482564 2
      vertex 8.33383062336221 54.82817017843643 2
    endloop
  endfacet
  facet normal 0.6466443475053573 -0.7373565594892156 0.19533661207668568
    outer loop
      vertex 7.7262842870261625 55.619939979126286 7
      vertex 8.33383062336221 54.82817017843643 2
      vertex 8.727015733965379 55.17298426603461 2
    endloop
  endfacet
  facet normal -0.06414322023020706 -0.9786364265041954 0.19533661207668648
    outer loop
      vertex 5.508421423339845 55.025665415878564 7
      vertex 5.37815576244159 54.03619948636378 2
      vertex 5.9 54.001996007984026 2
    endloop
  endfacet
  facet normal 0.06414322023020706 -0.9786364265041955 0.19533661207668548
    outer loop
      vertex 5.9 54.99999999999999 7
      vertex 5.9 54.001996007984026 2
      vertex 6.42184423755841 54.03619948636378 2
    endloop
  endfacet
  facet normal 0.19133215240865534 -0.9618916859174287 0.19533661207668648
    outer loop
      vertex 6.2915785766601555 55.025665415878564 7
      vertex 6.42184423755841 54.03619948636378 2
      vertex 6.934759575529639 54.13822469050498 2
    endloop
  endfacet
  facet normal 0.7373565594892115 0.6466443475053623 0.1953366120766856
    outer loop
      vertex 8.021320343559644 60.12132034355963 7
      vertex 8.280060020873705 59.826284287026155 7
      vertex 8.727015733965379 60.82701573396537 2
    endloop
  endfacet
  facet normal 0.8154523963063472 0.5448678714520049 0.1953366120766859
    outer loop
      vertex 8.280060020873705 59.826284287026155 7
      vertex 8.498076211353316 59.49999999999999 7
      vertex 9.071829821563561 60.433830623362205 2
    endloop
  endfacet
  facet normal 0.8795956165365647 0.43376855505218814 0.19533661207668537
    outer loop
      vertex 8.498076211353316 59.49999999999999 7
      vertex 8.67163859753386 59.14805029709526 7
      vertex 9.362373021517426 59.999001996007976 2
    endloop
  endfacet
  facet normal 0.9286887118978603 0.3152473384120721 0.19533661207668548
    outer loop
      vertex 8.67163859753386 59.14805029709526 7
      vertex 8.797777478867205 58.77645713530755 7
      vertex 9.591829988198795 59.529206051087634 2.009999999999998
    endloop
  endfacet
  facet normal 0.9618916859174308 0.19133215240864543 0.19533661207668546
    outer loop
      vertex 8.797777478867205 58.77645713530755 7
      vertex 8.874334584121431 58.391578576660145 7
      vertex 9.759847313833761 59.03424297064919 2.009999999999998
    endloop
  endfacet
  facet normal 0.9786364265041948 0.06414322023021632 0.1953366120766858
    outer loop
      vertex 8.874334584121431 58.391578576660145 7
      vertex 8.9 57.99999999999999 7
      vertex 9.861821581777184 58.521583706236605 2.009999999999998
    endloop
  endfacet
  facet normal 0.978636426504195 -0.06414322023021517 0.19533661207668543
    outer loop
      vertex 8.9 57.99999999999999 7
      vertex 8.874334584121431 57.608421423339834 7
      vertex 9.896007984031936 57.99999999999999 2.009999999999998
    endloop
  endfacet
  facet normal 0.9618916859174301 -0.19133215240864884 0.1953366120766858
    outer loop
      vertex 8.874334584121431 57.608421423339834 7
      vertex 8.797777478867205 57.22354286469243 7
      vertex 9.861821581777184 57.478416293763374 2.009999999999998
    endloop
  endfacet
  facet normal 0.8795956165365612 -0.4337685550521952 0.1953366120766854
    outer loop
      vertex 8.498076211353316 56.49999999999999 7
      vertex 9.591829988198795 56.470793948912345 2.009999999999998
      vertex 8.67163859753386 56.85194970290472 7
    endloop
  endfacet
  facet normal 0.9286887118978621 -0.31524733841206665 0.19533661207668562
    outer loop
      vertex 8.797777478867205 57.22354286469243 7
      vertex 8.67163859753386 56.85194970290472 7
      vertex 9.759847313833761 56.9657570293508 2.009999999999998
    endloop
  endfacet
  facet normal 0.8154523963063472 -0.5448678714520049 0.19533661207668532
    outer loop
      vertex 8.280060020873705 56.17371571297383 7
      vertex 9.360644427897098 56.001996007984026 2.009999999999998
      vertex 8.498076211353316 56.49999999999999 7
    endloop
  endfacet
  facet normal 0.7373565594892191 -0.6466443475053534 0.19533661207668598
    outer loop
      vertex 8.280060020873705 56.17371571297383 7
      vertex 8.021320343559644 55.87867965644035 7
      vertex 9.071829821563561 55.56616937663778 2
    endloop
  endfacet
  facet normal 0.6466443475053573 0.7373565594892156 0.1953366120766855
    outer loop
      vertex 8.021320343559644 60.12132034355963 7
      vertex 8.727015733965379 60.82701573396537 2
      vertex 8.33383062336221 61.17182982156355 2
    endloop
  endfacet
  facet normal 0.7373565594892095 0.646644347505364 0.19533661207668576
    outer loop
      vertex 8.280060020873705 59.826284287026155 7
      vertex 9.071829821563561 60.433830623362205 2
      vertex 8.727015733965379 60.82701573396537 2
    endloop
  endfacet
  facet normal 0.8154523963063499 0.544867871452001 0.19533661207668546
    outer loop
      vertex 8.498076211353316 59.49999999999999 7
      vertex 9.362373021517426 59.999001996007976 2
      vertex 9.071829821563561 60.433830623362205 2
    endloop
  endfacet
  facet normal 0.879595616536565 0.4337685550521873 0.19533661207668532
    outer loop
      vertex 8.67163859753386 59.14805029709526 7
      vertex 9.408974648292581 59.89999999999999 2.009999999999998
      vertex 9.362373021517426 59.999001996007976 2
    endloop
  endfacet
  facet normal 0.8795956165365638 0.4337685550521897 0.19533661207668546
    outer loop
      vertex 8.67163859753386 59.14805029709526 7
      vertex 9.591829988198795 59.529206051087634 2.009999999999998
      vertex 9.408974648292581 59.89999999999999 2.009999999999998
    endloop
  endfacet
  facet normal 0.9286887118978601 0.3152473384120729 0.19533661207668554
    outer loop
      vertex 8.797777478867205 58.77645713530755 7
      vertex 9.759847313833761 59.03424297064919 2.009999999999998
      vertex 9.591829988198795 59.529206051087634 2.009999999999998
    endloop
  endfacet
  facet normal 0.9618916859174301 0.1913321524086489 0.1953366120766858
    outer loop
      vertex 8.874334584121431 58.391578576660145 7
      vertex 9.861821581777184 58.521583706236605 2.009999999999998
      vertex 9.759847313833761 59.03424297064919 2.009999999999998
    endloop
  endfacet
  facet normal 0.8795956165365717 0.4337685550521875 0.19533661207665515
    outer loop
      vertex 9.362373021517426 59.999001996007976 2
      vertex 9.408974648292581 59.89999999999999 2.009999999999998
      vertex 9.411195403016732 59.89999999999999 2
    endloop
  endfacet
  facet normal 0.9786364265041952 0.06414322023021306 0.19533661207668548
    outer loop
      vertex 8.9 57.99999999999999 7
      vertex 9.896007984031936 57.99999999999999 2.009999999999998
      vertex 9.861821581777184 58.521583706236605 2.009999999999998
    endloop
  endfacet
  facet normal 0.9786364265041952 -0.06414322023021206 0.1953366120766857
    outer loop
      vertex 8.874334584121431 57.608421423339834 7
      vertex 9.861821581777184 57.478416293763374 2.009999999999998
      vertex 9.896007984031936 57.99999999999999 2.009999999999998
    endloop
  endfacet
  facet normal 0.9618916859174296 -0.19133215240865134 0.1953366120766855
    outer loop
      vertex 8.797777478867205 57.22354286469243 7
      vertex 9.759847313833761 56.9657570293508 2.009999999999998
      vertex 9.861821581777184 57.478416293763374 2.009999999999998
    endloop
  endfacet
  facet normal 0.9286887118978614 -0.3152473384120687 0.19533661207668546
    outer loop
      vertex 8.67163859753386 56.85194970290472 7
      vertex 9.591829988198795 56.470793948912345 2.009999999999998
      vertex 9.759847313833761 56.9657570293508 2.009999999999998
    endloop
  endfacet
  facet normal 0.8154523963063566 -0.5448678714519904 0.1953366120766869
    outer loop
      vertex 8.280060020873705 56.17371571297383 7
      vertex 9.292492874209122 55.89999999999999 2.009999999999998
      vertex 9.360644427897098 56.001996007984026 2.009999999999998
    endloop
  endfacet
  facet normal 0.7373565594892155 -0.6466443475053576 0.19533661207668548
    outer loop
      vertex 8.021320343559644 55.87867965644035 7
      vertex 8.727015733965379 55.17298426603461 2
      vertex 9.071829821563561 55.56616937663778 2
    endloop
  endfacet
  facet normal 0.8154523963063484 -0.544867871452003 0.19533661207668582
    outer loop
      vertex 8.280060020873705 56.17371571297383 7
      vertex 9.071829821563561 55.56616937663778 2
      vertex 9.292492874209122 55.89999999999999 2.009999999999998
    endloop
  endfacet
  facet normal 0.8795956165365613 -0.4337685550521953 0.19533661207668543
    outer loop
      vertex 8.498076211353316 56.49999999999999 7
      vertex 9.360644427897098 56.001996007984026 2.009999999999998
      vertex 9.591829988198795 56.470793948912345 2.009999999999998
    endloop
  endfacet
  facet normal 0.8154523963063436 -0.5448678714520006 0.19533661207671266
    outer loop
      vertex 9.071829821563561 55.56616937663778 2
      vertex 9.294888312777474 55.89999999999999 2
      vertex 9.292492874209122 55.89999999999999 2.009999999999998
    endloop
  endfacet
  facet normal -0.978636426504195 0.06414322023021633 0.19533661207668546
    outer loop
      vertex 2.9256654158785693 9.391578576660145 7
      vertex 1.9019960079840332 8.999999999999993 2
      vertex 2.9000000000000004 8.999999999999993 7
    endloop
  endfacet
  facet normal -0.978636426504195 -0.06414322023021633 0.19533661207668546
    outer loop
      vertex 2.9000000000000004 8.999999999999993 7
      vertex 1.9361994863637895 8.478155762441588 2
      vertex 2.9256654158785693 8.608421423339841 7
    endloop
  endfacet
  facet normal -0.5448678714520018 0.8154523963063492 0.1953366120766856
    outer loop
      vertex 4.073715712973838 11.3800600208737 7
      vertex 4.4 11.598076211353309 7
      vertex 3.4661693766377906 12.171829821563556 2
    endloop
  endfacet
  facet normal -0.4337685550521863 0.8795956165365655 0.19533661207668596
    outer loop
      vertex 4.7519497029047315 11.771638597533851 7
      vertex 3.900998003992017 12.462373021517422 2
      vertex 4.4 11.598076211353309 7
    endloop
  endfacet
  facet normal -0.19133215240864163 0.9618916859174317 0.19533661207668523
    outer loop
      vertex 5.123542864692438 11.897777478867198 7
      vertex 5.508421423339845 11.974334584121422 7
      vertex 4.865240424470362 12.861775309495009 2
    endloop
  endfacet
  facet normal -0.31524733841207675 0.9286887118978588 0.1953366120766855
    outer loop
      vertex 4.7519497029047315 11.771638597533851 7
      vertex 5.123542864692438 11.897777478867198 7
      vertex 4.370030109725999 12.69367405912196 2
    endloop
  endfacet
  facet normal -0.06414322023022015 0.9786364265041944 0.19533661207668665
    outer loop
      vertex 5.508421423339845 11.974334584121422 7
      vertex 5.9 11.999999999999993 7
      vertex 5.37815576244159 12.963800513636208 2
    endloop
  endfacet
  facet normal 0.06414322023022018 0.9786364265041948 0.19533661207668537
    outer loop
      vertex 5.9 11.999999999999993 7
      vertex 6.2915785766601555 11.974334584121422 7
      vertex 5.9 12.99800399201596 2
    endloop
  endfacet
  facet normal 0.19133215240864154 0.9618916859174313 0.19533661207668662
    outer loop
      vertex 6.2915785766601555 11.974334584121422 7
      vertex 6.676457135307563 11.897777478867198 7
      vertex 6.42184423755841 12.963800513636208 2
    endloop
  endfacet
  facet normal 0.31524733841207675 0.9286887118978588 0.19533661207668523
    outer loop
      vertex 6.676457135307563 11.897777478867198 7
      vertex 7.048050297095269 11.771638597533851 7
      vertex 6.934759575529639 12.861775309495009 2
    endloop
  endfacet
  facet normal 0.4337685550521863 0.8795956165365655 0.19533661207668548
    outer loop
      vertex 7.048050297095269 11.771638597533851 7
      vertex 7.4 11.598076211353309 7
      vertex 7.429969890274002 12.69367405912196 2
    endloop
  endfacet
  facet normal 0.5448678714520018 0.8154523963063492 0.195336612076686
    outer loop
      vertex 7.4 11.598076211353309 7
      vertex 7.7262842870261625 11.3800600208737 7
      vertex 7.899001996007984 12.462373021517422 2
    endloop
  endfacet
  facet normal -0.8154523963063484 0.5448678714520033 0.19533661207668535
    outer loop
      vertex 3.5199399791262946 10.826284287026155 7
      vertex 2.4376269784825753 10.999001996007976 2
      vertex 3.3019237886466843 10.499999999999993 7
    endloop
  endfacet
  facet normal -0.6466443475053566 0.7373565594892162 0.19533661207668554
    outer loop
      vertex 3.7786796564403575 11.121320343559638 7
      vertex 4.073715712973838 11.3800600208737 7
      vertex 3.0729842660346223 11.827015733965375 2
    endloop
  endfacet
  facet normal -0.737356559489217 0.6466443475053559 0.19533661207668568
    outer loop
      vertex 3.5199399791262946 10.826284287026155 7
      vertex 3.7786796564403575 11.121320343559638 7
      vertex 2.7281701784364403 11.433830623362205 2
    endloop
  endfacet
  facet normal -0.8795956165365647 0.43376855505218814 0.19533661207668584
    outer loop
      vertex 3.3019237886466843 10.499999999999993 7
      vertex 2.2063259408780307 10.529969890273996 2
      vertex 3.1283614024661404 10.14805029709526 7
    endloop
  endfacet
  facet normal -0.9286887118978603 0.31524733841207203 0.19533661207668568
    outer loop
      vertex 3.1283614024661404 10.14805029709526 7
      vertex 2.038224690504984 10.034759575529634 2
      vertex 3.0022225211327953 9.776457135307552 7
    endloop
  endfacet
  facet normal -0.961891685917431 0.19133215240864546 0.1953366120766854
    outer loop
      vertex 3.0022225211327953 9.776457135307552 7
      vertex 1.9361994863637895 9.521844237558398 2
      vertex 2.9256654158785693 9.391578576660145 7
    endloop
  endfacet
  facet normal -0.961891685917431 -0.19133215240864546 0.19533661207668557
    outer loop
      vertex 2.9256654158785693 8.608421423339841 7
      vertex 2.038224690504984 7.965240424470352 2
      vertex 3.0022225211327953 8.223542864692433 7
    endloop
  endfacet
  facet normal -0.9286887118978603 -0.31524733841207203 0.1953366120766857
    outer loop
      vertex 3.0022225211327953 8.223542864692433 7
      vertex 2.2063259408780307 7.47003010972599 2
      vertex 3.1283614024661404 7.851949702904726 7
    endloop
  endfacet
  facet normal 0.6466443475053555 0.7373565594892171 0.1953366120766857
    outer loop
      vertex 7.7262842870261625 11.3800600208737 7
      vertex 8.021320343559644 11.121320343559638 7
      vertex 8.33383062336221 12.171829821563556 2
    endloop
  endfacet
  facet normal -0.9286887118978604 0.3152473384120719 0.1953366120766857
    outer loop
      vertex 3.1283614024661404 10.14805029709526 7
      vertex 2.2063259408780307 10.529969890273996 2
      vertex 2.038224690504984 10.034759575529634 2
    endloop
  endfacet
  facet normal -0.9618916859174311 0.19133215240864387 0.19533661207668554
    outer loop
      vertex 3.0022225211327953 9.776457135307552 7
      vertex 2.038224690504984 10.034759575529634 2
      vertex 1.9361994863637895 9.521844237558398 2
    endloop
  endfacet
  facet normal -0.9786364265041949 0.06414322023021643 0.1953366120766854
    outer loop
      vertex 2.9256654158785693 9.391578576660145 7
      vertex 1.9361994863637895 9.521844237558398 2
      vertex 1.9019960079840332 8.999999999999993 2
    endloop
  endfacet
  facet normal -0.9786364265041949 -0.06414322023021635 0.19533661207668546
    outer loop
      vertex 2.9000000000000004 8.999999999999993 7
      vertex 1.9019960079840332 8.999999999999993 2
      vertex 1.9361994863637895 8.478155762441588 2
    endloop
  endfacet
  facet normal -0.9618916859174311 -0.1913321524086437 0.1953366120766854
    outer loop
      vertex 2.9256654158785693 8.608421423339841 7
      vertex 1.9361994863637895 8.478155762441588 2
      vertex 2.038224690504984 7.965240424470352 2
    endloop
  endfacet
  facet normal -0.9286887118978605 -0.31524733841207164 0.19533661207668568
    outer loop
      vertex 3.0022225211327953 8.223542864692433 7
      vertex 2.038224690504984 7.965240424470352 2
      vertex 2.2063259408780307 7.47003010972599 2
    endloop
  endfacet
  facet normal -0.6466443475053573 0.7373565594892156 0.1953366120766856
    outer loop
      vertex 4.073715712973838 11.3800600208737 7
      vertex 3.4661693766377906 12.171829821563556 2
      vertex 3.0729842660346223 11.827015733965375 2
    endloop
  endfacet
  facet normal -0.5448678714520051 0.8154523963063469 0.19533661207668596
    outer loop
      vertex 4.4 11.598076211353309 7
      vertex 3.900998003992017 12.462373021517422 2
      vertex 3.4661693766377906 12.171829821563556 2
    endloop
  endfacet
  facet normal -0.43376855505218226 0.8795956165365676 0.19533661207668554
    outer loop
      vertex 4.7519497029047315 11.771638597533851 7
      vertex 4.370030109725999 12.69367405912196 2
      vertex 3.900998003992017 12.462373021517422 2
    endloop
  endfacet
  facet normal -0.31524733841207425 0.9286887118978595 0.19533661207668523
    outer loop
      vertex 5.123542864692438 11.897777478867198 7
      vertex 4.865240424470362 12.861775309495009 2
      vertex 4.370030109725999 12.69367405912196 2
    endloop
  endfacet
  facet normal -0.19133215240865534 0.9618916859174287 0.19533661207668648
    outer loop
      vertex 5.508421423339845 11.974334584121422 7
      vertex 5.37815576244159 12.963800513636208 2
      vertex 4.865240424470362 12.861775309495009 2
    endloop
  endfacet
  facet normal -0.06414322023020706 0.9786364265041955 0.19533661207668548
    outer loop
      vertex 5.9 11.999999999999993 7
      vertex 5.9 12.99800399201596 2
      vertex 5.37815576244159 12.963800513636208 2
    endloop
  endfacet
  facet normal 0.06414322023020706 0.9786364265041954 0.19533661207668648
    outer loop
      vertex 6.2915785766601555 11.974334584121422 7
      vertex 6.42184423755841 12.963800513636208 2
      vertex 5.9 12.99800399201596 2
    endloop
  endfacet
  facet normal 0.1913321524086554 0.9618916859174288 0.1953366120766854
    outer loop
      vertex 6.676457135307563 11.897777478867198 7
      vertex 6.934759575529639 12.861775309495009 2
      vertex 6.42184423755841 12.963800513636208 2
    endloop
  endfacet
  facet normal 0.31524733841207425 0.9286887118978595 0.19533661207668543
    outer loop
      vertex 7.048050297095269 11.771638597533851 7
      vertex 7.429969890274002 12.69367405912196 2
      vertex 6.934759575529639 12.861775309495009 2
    endloop
  endfacet
  facet normal 0.4337685550521822 0.8795956165365674 0.19533661207668587
    outer loop
      vertex 7.4 11.598076211353309 7
      vertex 7.899001996007984 12.462373021517422 2
      vertex 7.429969890274002 12.69367405912196 2
    endloop
  endfacet
  facet normal 0.5448678714520048 0.8154523963063472 0.19533661207668565
    outer loop
      vertex 7.7262842870261625 11.3800600208737 7
      vertex 8.33383062336221 12.171829821563556 2
      vertex 7.899001996007984 12.462373021517422 2
    endloop
  endfacet
  facet normal -0.7373565594892159 0.646644347505357 0.19533661207668554
    outer loop
      vertex 3.7786796564403575 11.121320343559638 7
      vertex 3.0729842660346223 11.827015733965375 2
      vertex 2.7281701784364403 11.433830623362205 2
    endloop
  endfacet
  facet normal -0.8154523963063495 0.5448678714520016 0.19533661207668554
    outer loop
      vertex 3.5199399791262946 10.826284287026155 7
      vertex 2.7281701784364403 11.433830623362205 2
      vertex 2.4376269784825753 10.999001996007976 2
    endloop
  endfacet
  facet normal -0.8795956165365624 0.4337685550521928 0.1953366120766854
    outer loop
      vertex 3.3019237886466843 10.499999999999993 7
      vertex 2.4376269784825753 10.999001996007976 2
      vertex 2.2063259408780307 10.529969890273996 2
    endloop
  endfacet
  facet normal -0.8795956165365647 -0.43376855505218814 0.1953366120766853
    outer loop
      vertex 3.1283614024661404 7.851949702904726 7
      vertex 2.4376269784825753 7.0009980039920094 2
      vertex 3.3019237886466843 7.499999999999993 7
    endloop
  endfacet
  facet normal -0.8154523963063484 -0.5448678714520033 0.1953366120766856
    outer loop
      vertex 3.3019237886466843 7.499999999999993 7
      vertex 2.7281701784364403 6.566169376637781 2
      vertex 3.5199399791262946 7.173715712973831 7
    endloop
  endfacet
  facet normal -0.737356559489217 -0.6466443475053559 0.1953366120766855
    outer loop
      vertex 3.5199399791262946 7.173715712973831 7
      vertex 3.0729842660346223 6.172984266034611 2
      vertex 3.7786796564403575 6.878679656440347 7
    endloop
  endfacet
  facet normal -0.6466443475053566 -0.7373565594892162 0.19533661207668565
    outer loop
      vertex 3.7786796564403575 6.878679656440347 7
      vertex 3.4661693766377906 5.82817017843643 2
      vertex 4.073715712973838 6.619939979126286 7
    endloop
  endfacet
  facet normal -0.5448678714520018 -0.8154523963063492 0.195336612076686
    outer loop
      vertex 4.073715712973838 6.619939979126286 7
      vertex 3.900998003992017 5.537626978482564 2
      vertex 4.4 6.401923788646677 7
    endloop
  endfacet
  facet normal -0.4337685550521863 -0.8795956165365655 0.19533661207668548
    outer loop
      vertex 4.4 6.401923788646677 7
      vertex 4.370030109725999 5.3063259408780254 2
      vertex 4.7519497029047315 6.228361402466135 7
    endloop
  endfacet
  facet normal -0.31524733841207675 -0.9286887118978588 0.19533661207668523
    outer loop
      vertex 4.7519497029047315 6.228361402466135 7
      vertex 4.865240424470362 5.138224690504977 2
      vertex 5.123542864692438 6.102222521132788 7
    endloop
  endfacet
  facet normal -0.19133215240864154 -0.9618916859174313 0.19533661207668662
    outer loop
      vertex 5.123542864692438 6.102222521132788 7
      vertex 5.37815576244159 5.036199486363778 2
      vertex 5.508421423339845 6.025665415878564 7
    endloop
  endfacet
  facet normal 0.31524733841207675 -0.9286887118978588 0.19533661207668548
    outer loop
      vertex 6.676457135307563 6.102222521132788 7
      vertex 7.429969890274002 5.3063259408780254 2
      vertex 7.048050297095269 6.228361402466135 7
    endloop
  endfacet
  facet normal 0.4337685550521863 -0.8795956165365655 0.19533661207668596
    outer loop
      vertex 7.4 6.401923788646677 7
      vertex 7.048050297095269 6.228361402466135 7
      vertex 7.899001996007984 5.537626978482564 2
    endloop
  endfacet
  facet normal 0.6466443475053555 -0.7373565594892171 0.19533661207668546
    outer loop
      vertex 8.021320343559644 6.878679656440347 7
      vertex 7.7262842870261625 6.619939979126286 7
      vertex 8.727015733965379 6.172984266034611 2
    endloop
  endfacet
  facet normal 0.5448678714520018 -0.8154523963063492 0.19533661207668562
    outer loop
      vertex 7.4 6.401923788646677 7
      vertex 8.33383062336221 5.82817017843643 2
      vertex 7.7262842870261625 6.619939979126286 7
    endloop
  endfacet
  facet normal -0.06414322023022018 -0.9786364265041948 0.19533661207668537
    outer loop
      vertex 5.508421423339845 6.025665415878564 7
      vertex 5.9 5.001996007984026 2
      vertex 5.9 5.999999999999993 7
    endloop
  endfacet
  facet normal 0.06414322023022015 -0.9786364265041944 0.19533661207668665
    outer loop
      vertex 5.9 5.999999999999993 7
      vertex 6.42184423755841 5.036199486363778 2
      vertex 6.2915785766601555 6.025665415878564 7
    endloop
  endfacet
  facet normal 0.19133215240864163 -0.9618916859174317 0.19533661207668526
    outer loop
      vertex 6.2915785766601555 6.025665415878564 7
      vertex 6.934759575529639 5.138224690504977 2
      vertex 6.676457135307563 6.102222521132788 7
    endloop
  endfacet
  facet normal -0.8795956165365624 -0.4337685550521928 0.1953366120766858
    outer loop
      vertex 3.1283614024661404 7.851949702904726 7
      vertex 2.2063259408780307 7.47003010972599 2
      vertex 2.4376269784825753 7.0009980039920094 2
    endloop
  endfacet
  facet normal -0.8154523963063495 -0.5448678714520017 0.19533661207668537
    outer loop
      vertex 3.3019237886466843 7.499999999999993 7
      vertex 2.4376269784825753 7.0009980039920094 2
      vertex 2.7281701784364403 6.566169376637781 2
    endloop
  endfacet
  facet normal -0.7373565594892157 -0.6466443475053569 0.19533661207668562
    outer loop
      vertex 3.5199399791262946 7.173715712973831 7
      vertex 2.7281701784364403 6.566169376637781 2
      vertex 3.0729842660346223 6.172984266034611 2
    endloop
  endfacet
  facet normal -0.6466443475053573 -0.7373565594892156 0.19533661207668557
    outer loop
      vertex 3.7786796564403575 6.878679656440347 7
      vertex 3.0729842660346223 6.172984266034611 2
      vertex 3.4661693766377906 5.82817017843643 2
    endloop
  endfacet
  facet normal -0.5448678714520052 -0.815452396306347 0.19533661207668565
    outer loop
      vertex 4.073715712973838 6.619939979126286 7
      vertex 3.4661693766377906 5.82817017843643 2
      vertex 3.900998003992017 5.537626978482564 2
    endloop
  endfacet
  facet normal -0.4337685550521822 -0.8795956165365674 0.19533661207668587
    outer loop
      vertex 4.4 6.401923788646677 7
      vertex 3.900998003992017 5.537626978482564 2
      vertex 4.370030109725999 5.3063259408780254 2
    endloop
  endfacet
  facet normal -0.31524733841207425 -0.9286887118978595 0.19533661207668543
    outer loop
      vertex 4.7519497029047315 6.228361402466135 7
      vertex 4.370030109725999 5.3063259408780254 2
      vertex 4.865240424470362 5.138224690504977 2
    endloop
  endfacet
  facet normal -0.1913321524086554 -0.9618916859174288 0.1953366120766854
    outer loop
      vertex 5.123542864692438 6.102222521132788 7
      vertex 4.865240424470362 5.138224690504977 2
      vertex 5.37815576244159 5.036199486363778 2
    endloop
  endfacet
  facet normal 0.5448678714520048 -0.8154523963063472 0.19533661207668596
    outer loop
      vertex 7.4 6.401923788646677 7
      vertex 7.899001996007984 5.537626978482564 2
      vertex 8.33383062336221 5.82817017843643 2
    endloop
  endfacet
  facet normal 0.6466443475053573 -0.7373565594892156 0.19533661207668568
    outer loop
      vertex 7.7262842870261625 6.619939979126286 7
      vertex 8.33383062336221 5.82817017843643 2
      vertex 8.727015733965379 6.172984266034611 2
    endloop
  endfacet
  facet normal -0.06414322023020706 -0.9786364265041954 0.19533661207668648
    outer loop
      vertex 5.508421423339845 6.025665415878564 7
      vertex 5.37815576244159 5.036199486363778 2
      vertex 5.9 5.001996007984026 2
    endloop
  endfacet
  facet normal 0.06414322023020706 -0.9786364265041955 0.19533661207668548
    outer loop
      vertex 5.9 5.999999999999993 7
      vertex 5.9 5.001996007984026 2
      vertex 6.42184423755841 5.036199486363778 2
    endloop
  endfacet
  facet normal 0.19133215240865534 -0.9618916859174287 0.19533661207668648
    outer loop
      vertex 6.2915785766601555 6.025665415878564 7
      vertex 6.42184423755841 5.036199486363778 2
      vertex 6.934759575529639 5.138224690504977 2
    endloop
  endfacet
  facet normal 0.31524733841207425 -0.9286887118978595 0.19533661207668523
    outer loop
      vertex 6.676457135307563 6.102222521132788 7
      vertex 6.934759575529639 5.138224690504977 2
      vertex 7.429969890274002 5.3063259408780254 2
    endloop
  endfacet
  facet normal 0.43376855505218226 -0.8795956165365676 0.19533661207668554
    outer loop
      vertex 7.048050297095269 6.228361402466135 7
      vertex 7.429969890274002 5.3063259408780254 2
      vertex 7.899001996007984 5.537626978482564 2
    endloop
  endfacet
  facet normal 0.7373565594892191 0.6466443475053534 0.1953366120766854
    outer loop
      vertex 8.021320343559644 11.121320343559638 7
      vertex 8.280060020873705 10.826284287026155 7
      vertex 8.727015733965379 11.827015733965375 2
    endloop
  endfacet
  facet normal 0.8154523963063472 0.5448678714520049 0.1953366120766859
    outer loop
      vertex 8.280060020873705 10.826284287026155 7
      vertex 8.498076211353316 10.499999999999993 7
      vertex 9.071829821563561 11.433830623362205 2
    endloop
  endfacet
  facet normal 0.8795956165365647 0.43376855505218814 0.19533661207668537
    outer loop
      vertex 8.498076211353316 10.499999999999993 7
      vertex 8.67163859753386 10.14805029709526 7
      vertex 9.362373021517426 10.999001996007976 2
    endloop
  endfacet
  facet normal 0.9286887118978603 0.31524733841207203 0.19533661207668562
    outer loop
      vertex 8.67163859753386 10.14805029709526 7
      vertex 8.797777478867205 9.776457135307552 7
      vertex 9.59367405912197 10.529969890273996 2
    endloop
  endfacet
  facet normal 0.961891685917431 0.19133215240864546 0.1953366120766855
    outer loop
      vertex 8.797777478867205 9.776457135307552 7
      vertex 8.874334584121431 9.391578576660145 7
      vertex 9.761775309495016 10.034759575529634 2
    endloop
  endfacet
  facet normal 0.978636426504195 0.06414322023021633 0.19533661207668562
    outer loop
      vertex 8.874334584121431 9.391578576660145 7
      vertex 8.9 8.999999999999993 7
      vertex 9.863800513636212 9.521844237558398 2
    endloop
  endfacet
  facet normal 0.978636426504195 -0.06414322023021633 0.19533661207668543
    outer loop
      vertex 8.9 8.999999999999993 7
      vertex 8.874334584121431 8.608421423339841 7
      vertex 9.898003992015967 8.999999999999993 2
    endloop
  endfacet
  facet normal 0.961891685917431 -0.19133215240864546 0.19533661207668557
    outer loop
      vertex 8.874334584121431 8.608421423339841 7
      vertex 8.797777478867205 8.223542864692433 7
      vertex 9.863800513636212 8.478155762441588 2
    endloop
  endfacet
  facet normal 0.9286887118978603 -0.31524733841207203 0.1953366120766856
    outer loop
      vertex 8.797777478867205 8.223542864692433 7
      vertex 8.67163859753386 7.851949702904726 7
      vertex 9.761775309495016 7.965240424470352 2
    endloop
  endfacet
  facet normal 0.6466443475053573 0.7373565594892156 0.1953366120766855
    outer loop
      vertex 8.021320343559644 11.121320343559638 7
      vertex 8.727015733965379 11.827015733965375 2
      vertex 8.33383062336221 12.171829821563556 2
    endloop
  endfacet
  facet normal 0.7373565594892154 0.6466443475053575 0.1953366120766859
    outer loop
      vertex 8.280060020873705 10.826284287026155 7
      vertex 9.071829821563561 11.433830623362205 2
      vertex 8.727015733965379 11.827015733965375 2
    endloop
  endfacet
  facet normal 0.8154523963063499 0.544867871452001 0.19533661207668546
    outer loop
      vertex 8.498076211353316 10.499999999999993 7
      vertex 9.362373021517426 10.999001996007976 2
      vertex 9.071829821563561 11.433830623362205 2
    endloop
  endfacet
  facet normal 0.8795956165365629 0.43376855505219164 0.1953366120766857
    outer loop
      vertex 8.67163859753386 10.14805029709526 7
      vertex 9.59367405912197 10.529969890273996 2
      vertex 9.362373021517426 10.999001996007976 2
    endloop
  endfacet
  facet normal 0.9286887118978604 0.31524733841207175 0.19533661207668557
    outer loop
      vertex 8.797777478867205 9.776457135307552 7
      vertex 9.761775309495016 10.034759575529634 2
      vertex 9.59367405912197 10.529969890273996 2
    endloop
  endfacet
  facet normal 0.9618916859174307 0.1913321524086461 0.1953366120766855
    outer loop
      vertex 8.874334584121431 9.391578576660145 7
      vertex 9.863800513636212 9.521844237558398 2
      vertex 9.761775309495016 10.034759575529634 2
    endloop
  endfacet
  facet normal 0.9786364265041949 0.06414322023021435 0.1953366120766854
    outer loop
      vertex 8.9 8.999999999999993 7
      vertex 9.898003992015967 8.999999999999993 2
      vertex 9.863800513636212 9.521844237558398 2
    endloop
  endfacet
  facet normal 0.9786364265041949 -0.06414322023021435 0.19533661207668554
    outer loop
      vertex 8.874334584121431 8.608421423339841 7
      vertex 9.863800513636212 8.478155762441588 2
      vertex 9.898003992015967 8.999999999999993 2
    endloop
  endfacet
  facet normal 0.9618916859174307 -0.1913321524086461 0.19533661207668546
    outer loop
      vertex 8.797777478867205 8.223542864692433 7
      vertex 9.761775309495016 7.965240424470352 2
      vertex 9.863800513636212 8.478155762441588 2
    endloop
  endfacet
  facet normal 0.8795956165365647 -0.43376855505218814 0.1953366120766858
    outer loop
      vertex 8.67163859753386 7.851949702904726 7
      vertex 8.498076211353316 7.499999999999993 7
      vertex 9.59367405912197 7.47003010972599 2
    endloop
  endfacet
  facet normal 0.7373565594892191 -0.6466443475053534 0.19533661207668598
    outer loop
      vertex 8.280060020873705 7.173715712973831 7
      vertex 8.021320343559644 6.878679656440347 7
      vertex 9.071829821563561 6.566169376637781 2
    endloop
  endfacet
  facet normal 0.8154523963063472 -0.5448678714520049 0.1953366120766854
    outer loop
      vertex 8.280060020873705 7.173715712973831 7
      vertex 9.362373021517426 7.0009980039920094 2
      vertex 8.498076211353316 7.499999999999993 7
    endloop
  endfacet
  facet normal 0.8154523963063499 -0.544867871452001 0.19533661207668584
    outer loop
      vertex 8.280060020873705 7.173715712973831 7
      vertex 9.071829821563561 6.566169376637781 2
      vertex 9.362373021517426 7.0009980039920094 2
    endloop
  endfacet
  facet normal 0.9286887118978604 -0.31524733841207175 0.19533661207668562
    outer loop
      vertex 8.67163859753386 7.851949702904726 7
      vertex 9.59367405912197 7.47003010972599 2
      vertex 9.761775309495016 7.965240424470352 2
    endloop
  endfacet
  facet normal 0.8795956165365629 -0.43376855505219164 0.19533661207668546
    outer loop
      vertex 8.498076211353316 7.499999999999993 7
      vertex 9.362373021517426 7.0009980039920094 2
      vertex 9.59367405912197 7.47003010972599 2
    endloop
  endfacet
  facet normal 0.7373565594892155 -0.6466443475053576 0.19533661207668548
    outer loop
      vertex 8.021320343559644 6.878679656440347 7
      vertex 8.727015733965379 6.172984266034611 2
      vertex 9.071829821563561 6.566169376637781 2
    endloop
  endfacet
  facet normal -0.6466443475053634 0.7373565594892102 0.19533661207668582
    outer loop
      vertex 62.073715712973836 60.3800600208737 7
      vertex 61.07298426603462 60.82701573396537 2
      vertex 61.77867965644035 60.12132034355963 7
    endloop
  endfacet
  facet normal -0.4337685550521847 0.8795956165365666 0.19533661207668476
    outer loop
      vertex 62.4 60.59807621135331 7
      vertex 62.75194970290473 60.77163859753385 7
      vertex 61.900998003992015 61.462373021517415 2
    endloop
  endfacet
  facet normal -0.5448678714520019 0.8154523963063495 0.1953366120766847
    outer loop
      vertex 62.073715712973836 60.3800600208737 7
      vertex 62.4 60.59807621135331 7
      vertex 61.46616937663779 61.17182982156355 2
    endloop
  endfacet
  facet normal -0.8795956165365666 0.4337685550521847 0.19533661207668526
    outer loop
      vertex 61.30192378864668 59.49999999999999 7
      vertex 60.20632594087803 59.52996989027399 2
      vertex 61.12836140246614 59.14805029709526 7
    endloop
  endfacet
  facet normal -0.9286887118978591 0.3152473384120761 0.1953366120766851
    outer loop
      vertex 61.00222252113279 58.77645713530755 7
      vertex 61.12836140246614 59.14805029709526 7
      vertex 60.03822469050498 59.03475957552963 2
    endloop
  endfacet
  facet normal -0.9618916859174316 0.19133215240864115 0.19533661207668662
    outer loop
      vertex 61.00222252113279 58.77645713530755 7
      vertex 59.93619948636378 58.5218442375584 2
      vertex 60.92566541587857 58.391578576660145 7
    endloop
  endfacet
  facet normal -0.7373565594892113 0.6466443475053621 0.19533661207668582
    outer loop
      vertex 61.51993997912629 59.826284287026155 7
      vertex 61.77867965644035 60.12132034355963 7
      vertex 60.728170178436436 60.433830623362205 2
    endloop
  endfacet
  facet normal -0.8154523963063492 0.5448678714520018 0.195336612076686
    outer loop
      vertex 61.51993997912629 59.826284287026155 7
      vertex 60.43762697848257 59.999001996007976 2
      vertex 61.30192378864668 59.49999999999999 7
    endloop
  endfacet
  facet normal -0.19133215240864118 0.9618916859174318 0.19533661207668543
    outer loop
      vertex 63.12354286469244 60.8977774788672 7
      vertex 63.50842142333985 60.97433458412142 7
      vertex 62.86524042447036 61.86177530949501 2
    endloop
  endfacet
  facet normal -0.06414322023022075 0.9786364265041946 0.1953366120766853
    outer loop
      vertex 63.50842142333985 60.97433458412142 7
      vertex 63.9 60.99999999999999 7
      vertex 63.378155762441594 61.9638005136362 2
    endloop
  endfacet
  facet normal -0.3152473384120761 0.9286887118978591 0.19533661207668568
    outer loop
      vertex 62.75194970290473 60.77163859753385 7
      vertex 63.12354286469244 60.8977774788672 7
      vertex 62.370030109725995 61.69367405912196 2
    endloop
  endfacet
  facet normal 0.0641432202302196 0.9786364265041948 0.19533661207668535
    outer loop
      vertex 63.9 60.99999999999999 7
      vertex 64.29157857666016 60.97433458412142 7
      vertex 63.9 61.99800399201596 2
    endloop
  endfacet
  facet normal 0.1913321524086446 0.9618916859174311 0.19533661207668496
    outer loop
      vertex 64.29157857666016 60.97433458412142 7
      vertex 64.67645713530756 60.8977774788672 7
      vertex 64.4218442375584 61.9638005136362 2
    endloop
  endfacet
  facet normal 0.3152473384120707 0.928688711897861 0.19533661207668565
    outer loop
      vertex 64.67645713530756 60.8977774788672 7
      vertex 65.04805029709527 60.77163859753385 7
      vertex 64.93475957552964 61.86177530949501 2
    endloop
  endfacet
  facet normal 0.4337685550521847 0.8795956165365666 0.19533661207668465
    outer loop
      vertex 65.04805029709527 60.77163859753385 7
      vertex 65.4 60.59807621135331 7
      vertex 65.429969890274 61.69367405912196 2
    endloop
  endfacet
  facet normal -0.9786364265041946 0.06414322023022075 0.19533661207668532
    outer loop
      vertex 60.92566541587857 58.391578576660145 7
      vertex 59.90199600798403 57.99999999999999 2
      vertex 60.9 57.99999999999999 7
    endloop
  endfacet
  facet normal -0.9786364265041946 -0.06414322023021958 0.19533661207668665
    outer loop
      vertex 60.9 57.99999999999999 7
      vertex 59.93619948636378 57.47815576244158 2
      vertex 60.92566541587857 57.608421423339834 7
    endloop
  endfacet
  facet normal -0.9618916859174309 -0.19133215240864454 0.19533661207668546
    outer loop
      vertex 60.92566541587857 57.608421423339834 7
      vertex 60.03822469050498 56.96524042447035 2
      vertex 61.00222252113279 57.22354286469243 7
    endloop
  endfacet
  facet normal -0.928688711897861 -0.3152473384120707 0.19533661207668518
    outer loop
      vertex 61.00222252113279 57.22354286469243 7
      vertex 60.20632594087803 56.47003010972599 2
      vertex 61.12836140246614 56.85194970290472 7
    endloop
  endfacet
  facet normal -0.8795956165365629 -0.43376855505219164 0.19533661207668604
    outer loop
      vertex 61.12836140246614 56.85194970290472 7
      vertex 60.43762697848257 56.00099800399201 2
      vertex 61.30192378864668 56.49999999999999 7
    endloop
  endfacet
  facet normal -0.8154523963063492 -0.5448678714520018 0.19533661207668582
    outer loop
      vertex 61.30192378864668 56.49999999999999 7
      vertex 60.728170178436436 55.56616937663778 2
      vertex 61.51993997912629 56.17371571297383 7
    endloop
  endfacet
  facet normal -0.7373565594892191 -0.6466443475053534 0.19533661207668565
    outer loop
      vertex 61.51993997912629 56.17371571297383 7
      vertex 61.07298426603462 55.17298426603461 2
      vertex 61.77867965644035 55.87867965644035 7
    endloop
  endfacet
  facet normal -0.6466443475053534 -0.7373565594892191 0.19533661207668598
    outer loop
      vertex 61.77867965644035 55.87867965644035 7
      vertex 61.46616937663779 54.82817017843643 2
      vertex 62.073715712973836 55.619939979126286 7
    endloop
  endfacet
  facet normal -0.5448678714520018 -0.8154523963063492 0.195336612076686
    outer loop
      vertex 62.073715712973836 55.619939979126286 7
      vertex 61.900998003992015 54.537626978482564 2
      vertex 62.4 55.40192378864668 7
    endloop
  endfacet
  facet normal -0.4337685550521846 -0.8795956165365665 0.19533661207668582
    outer loop
      vertex 62.4 55.40192378864668 7
      vertex 62.370030109725995 54.306325940878025 2
      vertex 62.75194970290473 55.228361402466135 7
    endloop
  endfacet
  facet normal -0.3152473384120761 -0.9286887118978591 0.19533661207668554
    outer loop
      vertex 62.75194970290473 55.228361402466135 7
      vertex 62.86524042447036 54.13822469050498 2
      vertex 63.12354286469244 55.10222252113279 7
    endloop
  endfacet
  facet normal -0.19133215240864115 -0.9618916859174316 0.19533661207668662
    outer loop
      vertex 63.12354286469244 55.10222252113279 7
      vertex 63.378155762441594 54.03619948636378 2
      vertex 63.50842142333985 55.025665415878564 7
    endloop
  endfacet
  facet normal -0.06414322023022075 -0.9786364265041946 0.1953366120766853
    outer loop
      vertex 63.50842142333985 55.025665415878564 7
      vertex 63.9 54.001996007984026 2
      vertex 63.9 54.99999999999999 7
    endloop
  endfacet
  facet normal 0.06414322023021958 -0.9786364265041946 0.19533661207668654
    outer loop
      vertex 63.9 54.99999999999999 7
      vertex 64.4218442375584 54.03619948636378 2
      vertex 64.29157857666016 55.025665415878564 7
    endloop
  endfacet
  facet normal 0.19133215240864454 -0.9618916859174309 0.19533661207668546
    outer loop
      vertex 64.29157857666016 55.025665415878564 7
      vertex 64.93475957552964 54.13822469050498 2
      vertex 64.67645713530756 55.10222252113279 7
    endloop
  endfacet
  facet normal 0.3152473384120707 -0.928688711897861 0.19533661207668473
    outer loop
      vertex 64.67645713530756 55.10222252113279 7
      vertex 65.429969890274 54.306325940878025 2
      vertex 65.04805029709527 55.228361402466135 7
    endloop
  endfacet
  facet normal -0.4337685550521943 0.8795956165365616 0.1953366120766857
    outer loop
      vertex 62.75194970290473 60.77163859753385 7
      vertex 62.370030109725995 61.69367405912196 2
      vertex 61.900998003992015 61.462373021517415 2
    endloop
  endfacet
  facet normal -0.6466443475053558 0.7373565594892172 0.19533661207668493
    outer loop
      vertex 62.073715712973836 60.3800600208737 7
      vertex 61.46616937663779 61.17182982156355 2
      vertex 61.07298426603462 60.82701573396537 2
    endloop
  endfacet
  facet normal -0.7373565594892113 0.6466443475053623 0.1953366120766858
    outer loop
      vertex 61.77867965644035 60.12132034355963 7
      vertex 61.07298426603462 60.82701573396537 2
      vertex 60.728170178436436 60.433830623362205 2
    endloop
  endfacet
  facet normal -0.5448678714520033 0.8154523963063484 0.1953366120766849
    outer loop
      vertex 62.4 60.59807621135331 7
      vertex 61.900998003992015 61.462373021517415 2
      vertex 61.46616937663779 61.17182982156355 2
    endloop
  endfacet
  facet normal -0.8154523963063482 0.5448678714520032 0.19533661207668582
    outer loop
      vertex 61.51993997912629 59.826284287026155 7
      vertex 60.728170178436436 60.433830623362205 2
      vertex 60.43762697848257 59.999001996007976 2
    endloop
  endfacet
  facet normal -0.8795956165365695 0.4337685550521783 0.19533661207668587
    outer loop
      vertex 61.30192378864668 59.49999999999999 7
      vertex 60.43762697848257 59.999001996007976 2
      vertex 60.20632594087803 59.52996989027399 2
    endloop
  endfacet
  facet normal -0.9286887118978594 0.31524733841207475 0.1953366120766852
    outer loop
      vertex 61.12836140246614 59.14805029709526 7
      vertex 60.20632594087803 59.52996989027399 2
      vertex 60.03822469050498 59.03475957552963 2
    endloop
  endfacet
  facet normal -0.9618916859174289 0.19133215240865506 0.19533661207668532
    outer loop
      vertex 61.00222252113279 58.77645713530755 7
      vertex 60.03822469050498 59.03475957552963 2
      vertex 59.93619948636378 58.5218442375584 2
    endloop
  endfacet
  facet normal -0.31524733841207475 0.9286887118978594 0.1953366120766856
    outer loop
      vertex 63.12354286469244 60.8977774788672 7
      vertex 62.86524042447036 61.86177530949501 2
      vertex 62.370030109725995 61.69367405912196 2
    endloop
  endfacet
  facet normal -0.19133215240863968 0.961891685917432 0.19533661207668526
    outer loop
      vertex 63.50842142333985 60.97433458412142 7
      vertex 63.378155762441594 61.9638005136362 2
      vertex 62.86524042447036 61.86177530949501 2
    endloop
  endfacet
  facet normal -0.064143220230221 0.9786364265041946 0.19533661207668535
    outer loop
      vertex 63.9 60.99999999999999 7
      vertex 63.9 61.99800399201596 2
      vertex 63.378155762441594 61.9638005136362 2
    endloop
  endfacet
  facet normal 0.064143220230221 0.9786364265041948 0.19533661207668526
    outer loop
      vertex 64.29157857666016 60.97433458412142 7
      vertex 64.4218442375584 61.9638005136362 2
      vertex 63.9 61.99800399201596 2
    endloop
  endfacet
  facet normal 0.19133215240863968 0.961891685917432 0.1953366120766854
    outer loop
      vertex 64.67645713530756 60.8977774788672 7
      vertex 64.93475957552964 61.86177530949501 2
      vertex 64.4218442375584 61.9638005136362 2
    endloop
  endfacet
  facet normal 0.31524733841207886 0.9286887118978582 0.19533661207668487
    outer loop
      vertex 65.04805029709527 60.77163859753385 7
      vertex 65.429969890274 61.69367405912196 2
      vertex 64.93475957552964 61.86177530949501 2
    endloop
  endfacet
  facet normal -0.9786364265041952 0.06414322023020771 0.19533661207668648
    outer loop
      vertex 60.92566541587857 58.391578576660145 7
      vertex 59.93619948636378 58.5218442375584 2
      vertex 59.90199600798403 57.99999999999999 2
    endloop
  endfacet
  facet normal -0.9786364265041956 -0.06414322023020685 0.19533661207668548
    outer loop
      vertex 60.9 57.99999999999999 7
      vertex 59.90199600798403 57.99999999999999 2
      vertex 59.93619948636378 57.47815576244158 2
    endloop
  endfacet
  facet normal -0.9618916859174287 -0.19133215240865503 0.1953366120766864
    outer loop
      vertex 60.92566541587857 57.608421423339834 7
      vertex 59.93619948636378 57.47815576244158 2
      vertex 60.03822469050498 56.96524042447035 2
    endloop
  endfacet
  facet normal -0.9286887118978594 -0.31524733841207475 0.1953366120766856
    outer loop
      vertex 61.00222252113279 57.22354286469243 7
      vertex 60.03822469050498 56.96524042447035 2
      vertex 60.20632594087803 56.47003010972599 2
    endloop
  endfacet
  facet normal -0.879595616536567 -0.43376855505218365 0.19533661207668523
    outer loop
      vertex 61.12836140246614 56.85194970290472 7
      vertex 60.20632594087803 56.47003010972599 2
      vertex 60.43762697848257 56.00099800399201 2
    endloop
  endfacet
  facet normal -0.8154523963063482 -0.5448678714520032 0.19533661207668598
    outer loop
      vertex 61.30192378864668 56.49999999999999 7
      vertex 60.43762697848257 56.00099800399201 2
      vertex 60.728170178436436 55.56616937663778 2
    endloop
  endfacet
  facet normal -0.737356559489217 -0.6466443475053556 0.1953366120766859
    outer loop
      vertex 61.51993997912629 56.17371571297383 7
      vertex 60.728170178436436 55.56616937663778 2
      vertex 61.07298426603462 55.17298426603461 2
    endloop
  endfacet
  facet normal -0.6466443475053557 -0.7373565594892171 0.19533661207668568
    outer loop
      vertex 61.77867965644035 55.87867965644035 7
      vertex 61.07298426603462 55.17298426603461 2
      vertex 61.46616937663779 54.82817017843643 2
    endloop
  endfacet
  facet normal -0.5448678714520032 -0.8154523963063482 0.19533661207668584
    outer loop
      vertex 62.073715712973836 55.619939979126286 7
      vertex 61.46616937663779 54.82817017843643 2
      vertex 61.900998003992015 54.537626978482564 2
    endloop
  endfacet
  facet normal -0.4337685550521836 -0.8795956165365669 0.1953366120766859
    outer loop
      vertex 62.4 55.40192378864668 7
      vertex 61.900998003992015 54.537626978482564 2
      vertex 62.370030109725995 54.306325940878025 2
    endloop
  endfacet
  facet normal -0.3152473384120747 -0.9286887118978593 0.19533661207668565
    outer loop
      vertex 62.75194970290473 55.228361402466135 7
      vertex 62.370030109725995 54.306325940878025 2
      vertex 62.86524042447036 54.13822469050498 2
    endloop
  endfacet
  facet normal -0.1913321524086525 -0.9618916859174294 0.19533661207668554
    outer loop
      vertex 63.12354286469244 55.10222252113279 7
      vertex 62.86524042447036 54.13822469050498 2
      vertex 63.378155762441594 54.03619948636378 2
    endloop
  endfacet
  facet normal 0.3152473384120788 -0.928688711897858 0.1953366120766855
    outer loop
      vertex 64.67645713530756 55.10222252113279 7
      vertex 64.93475957552964 54.13822469050498 2
      vertex 65.429969890274 54.306325940878025 2
    endloop
  endfacet
  facet normal -0.06414322023020771 -0.9786364265041952 0.19533661207668648
    outer loop
      vertex 63.50842142333985 55.025665415878564 7
      vertex 63.378155762441594 54.03619948636378 2
      vertex 63.9 54.001996007984026 2
    endloop
  endfacet
  facet normal 0.06414322023020771 -0.9786364265041955 0.1953366120766855
    outer loop
      vertex 63.9 54.99999999999999 7
      vertex 63.9 54.001996007984026 2
      vertex 64.4218442375584 54.03619948636378 2
    endloop
  endfacet
  facet normal 0.19133215240865248 -0.9618916859174292 0.19533661207668618
    outer loop
      vertex 64.29157857666016 55.025665415878564 7
      vertex 64.4218442375584 54.03619948636378 2
      vertex 64.93475957552964 54.13822469050498 2
    endloop
  endfacet
  facet normal 0.54486787145201 0.8154523963063438 0.19533661207668548
    outer loop
      vertex 65.4 60.59807621135331 7
      vertex 65.72628428702616 60.3800600208737 7
      vertex 65.899001996008 61.462373021517415 2
    endloop
  endfacet
  facet normal 0.6466443475053723 0.7373565594892026 0.19533661207668554
    outer loop
      vertex 65.72628428702616 60.3800600208737 7
      vertex 66.02132034355964 60.12132034355963 7
      vertex 66.33383062336222 61.17182982156355 2
    endloop
  endfacet
  facet normal 0.7373565594892024 0.6466443475053721 0.19533661207668598
    outer loop
      vertex 66.02132034355964 60.12132034355963 7
      vertex 66.2800600208737 59.826284287026155 7
      vertex 66.72701573396537 60.82701573396537 2
    endloop
  endfacet
  facet normal 0.8154523963063413 0.5448678714520142 0.1953366120766849
    outer loop
      vertex 66.2800600208737 59.826284287026155 7
      vertex 66.49807621135332 59.49999999999999 7
      vertex 67.07182982156355 60.433830623362205 2
    endloop
  endfacet
  facet normal 0.8795956165365737 0.4337685550521704 0.1953366120766845
    outer loop
      vertex 66.49807621135332 59.49999999999999 7
      vertex 66.67163859753386 59.14805029709526 7
      vertex 67.36237302151743 59.999001996007976 2
    endloop
  endfacet
  facet normal 0.9286887118978591 0.3152473384120761 0.19533661207668523
    outer loop
      vertex 66.67163859753386 59.14805029709526 7
      vertex 66.7977774788672 58.77645713530755 7
      vertex 67.59367405912197 59.52996989027399 2
    endloop
  endfacet
  facet normal 0.961891685917432 0.19133215240864124 0.19533661207668385
    outer loop
      vertex 66.7977774788672 58.77645713530755 7
      vertex 66.87433458412143 58.391578576660145 7
      vertex 67.76177530949501 59.03475957552963 2
    endloop
  endfacet
  facet normal 0.9786364265041935 0.06414322023023844 0.19533661207668557
    outer loop
      vertex 66.87433458412143 58.391578576660145 7
      vertex 66.9 57.99999999999999 7
      vertex 67.8638005136362 58.5218442375584 2
    endloop
  endfacet
  facet normal 0.9786364265041937 -0.06414322023023729 0.19533661207668512
    outer loop
      vertex 66.9 57.99999999999999 7
      vertex 66.87433458412143 57.608421423339834 7
      vertex 67.89800399201597 57.99999999999999 2
    endloop
  endfacet
  facet normal 0.9618916859174311 -0.1913321524086446 0.19533661207668523
    outer loop
      vertex 66.87433458412143 57.608421423339834 7
      vertex 66.7977774788672 57.22354286469243 7
      vertex 67.8638005136362 57.47815576244158 2
    endloop
  endfacet
  facet normal 0.9286887118978611 -0.31524733841207075 0.19533661207668437
    outer loop
      vertex 66.67163859753386 56.85194970290472 7
      vertex 67.76177530949501 56.96524042447035 2
      vertex 66.7977774788672 57.22354286469243 7
    endloop
  endfacet
  facet normal 0.8795956165365701 -0.43376855505217743 0.19533661207668537
    outer loop
      vertex 66.67163859753386 56.85194970290472 7
      vertex 66.49807621135332 56.49999999999999 7
      vertex 67.59367405912197 56.47003010972599 2
    endloop
  endfacet
  facet normal 0.8154523963063413 -0.5448678714520142 0.1953366120766847
    outer loop
      vertex 66.49807621135332 56.49999999999999 7
      vertex 66.2800600208737 56.17371571297383 7
      vertex 67.36237302151743 56.00099800399201 2
    endloop
  endfacet
  facet normal 0.6466443475053621 -0.7373565594892113 0.1953366120766858
    outer loop
      vertex 65.72628428702616 55.619939979126286 7
      vertex 66.72701573396537 55.17298426603461 2
      vertex 66.02132034355964 55.87867965644035 7
    endloop
  endfacet
  facet normal 0.7373565594892104 -0.6466443475053635 0.19533661207668482
    outer loop
      vertex 66.2800600208737 56.17371571297383 7
      vertex 66.02132034355964 55.87867965644035 7
      vertex 67.07182982156355 55.56616937663778 2
    endloop
  endfacet
  facet normal 0.4337685550521845 -0.8795956165365663 0.1953366120766865
    outer loop
      vertex 65.04805029709527 55.228361402466135 7
      vertex 65.899001996008 54.537626978482564 2
      vertex 65.4 55.40192378864668 7
    endloop
  endfacet
  facet normal 0.5448678714520099 -0.8154523963063436 0.1953366120766867
    outer loop
      vertex 65.4 55.40192378864668 7
      vertex 66.33383062336222 54.82817017843643 2
      vertex 65.72628428702616 55.619939979126286 7
    endloop
  endfacet
  facet normal 0.4337685550521785 0.8795956165365695 0.19533661207668523
    outer loop
      vertex 65.4 60.59807621135331 7
      vertex 65.899001996008 61.462373021517415 2
      vertex 65.429969890274 61.69367405912196 2
    endloop
  endfacet
  facet normal 0.5448678714520093 0.8154523963063441 0.19533661207668557
    outer loop
      vertex 65.72628428702616 60.3800600208737 7
      vertex 66.33383062336222 61.17182982156355 2
      vertex 65.899001996008 61.462373021517415 2
    endloop
  endfacet
  facet normal 0.6466443475053688 0.7373565594892054 0.1953366120766859
    outer loop
      vertex 66.02132034355964 60.12132034355963 7
      vertex 66.72701573396537 60.82701573396537 2
      vertex 66.33383062336222 61.17182982156355 2
    endloop
  endfacet
  facet normal 0.7373565594892114 0.6466443475053624 0.1953366120766848
    outer loop
      vertex 66.2800600208737 59.826284287026155 7
      vertex 67.07182982156355 60.433830623362205 2
      vertex 66.72701573396537 60.82701573396537 2
    endloop
  endfacet
  facet normal 0.8154523963063423 0.5448678714520125 0.1953366120766847
    outer loop
      vertex 66.49807621135332 59.49999999999999 7
      vertex 67.36237302151743 59.999001996007976 2
      vertex 67.07182982156355 60.433830623362205 2
    endloop
  endfacet
  facet normal 0.8795956165365695 0.4337685550521783 0.1953366120766853
    outer loop
      vertex 66.67163859753386 59.14805029709526 7
      vertex 67.59367405912197 59.52996989027399 2
      vertex 67.36237302151743 59.999001996007976 2
    endloop
  endfacet
  facet normal 0.9286887118978637 0.3152473384120629 0.195336612076684
    outer loop
      vertex 66.7977774788672 58.77645713530755 7
      vertex 67.76177530949501 59.03475957552963 2
      vertex 67.59367405912197 59.52996989027399 2
    endloop
  endfacet
  facet normal 0.961891685917429 0.1913321524086551 0.1953366120766851
    outer loop
      vertex 66.87433458412143 58.391578576660145 7
      vertex 67.8638005136362 58.5218442375584 2
      vertex 67.76177530949501 59.03475957552963 2
    endloop
  endfacet
  facet normal 0.9786364265041938 0.06414322023023426 0.19533661207668518
    outer loop
      vertex 66.9 57.99999999999999 7
      vertex 67.89800399201597 57.99999999999999 2
      vertex 67.8638005136362 58.5218442375584 2
    endloop
  endfacet
  facet normal 0.9786364265041938 -0.06414322023023339 0.19533661207668546
    outer loop
      vertex 66.87433458412143 57.608421423339834 7
      vertex 67.8638005136362 57.47815576244158 2
      vertex 67.89800399201597 57.99999999999999 2
    endloop
  endfacet
  facet normal 0.9286887118978634 -0.3152473384120628 0.19533661207668507
    outer loop
      vertex 66.67163859753386 56.85194970290472 7
      vertex 67.59367405912197 56.47003010972599 2
      vertex 67.76177530949501 56.96524042447035 2
    endloop
  endfacet
  facet normal 0.9618916859174292 -0.19133215240865512 0.1953366120766843
    outer loop
      vertex 66.7977774788672 57.22354286469243 7
      vertex 67.76177530949501 56.96524042447035 2
      vertex 67.8638005136362 57.47815576244158 2
    endloop
  endfacet
  facet normal 0.7373565594892171 -0.6466443475053557 0.19533661207668568
    outer loop
      vertex 66.02132034355964 55.87867965644035 7
      vertex 66.72701573396537 55.17298426603461 2
      vertex 67.07182982156355 55.56616937663778 2
    endloop
  endfacet
  facet normal 0.5448678714520092 -0.815452396306344 0.19533661207668662
    outer loop
      vertex 65.4 55.40192378864668 7
      vertex 65.899001996008 54.537626978482564 2
      vertex 66.33383062336222 54.82817017843643 2
    endloop
  endfacet
  facet normal 0.43376855505216777 -0.8795956165365748 0.19533661207668487
    outer loop
      vertex 65.04805029709527 55.228361402466135 7
      vertex 65.429969890274 54.306325940878025 2
      vertex 65.899001996008 54.537626978482564 2
    endloop
  endfacet
  facet normal 0.6466443475053687 -0.7373565594892053 0.1953366120766866
    outer loop
      vertex 65.72628428702616 55.619939979126286 7
      vertex 66.33383062336222 54.82817017843643 2
      vertex 66.72701573396537 55.17298426603461 2
    endloop
  endfacet
  facet normal 0.8154523963063423 -0.5448678714520125 0.19533661207668485
    outer loop
      vertex 66.2800600208737 56.17371571297383 7
      vertex 67.07182982156355 55.56616937663778 2
      vertex 67.36237302151743 56.00099800399201 2
    endloop
  endfacet
  facet normal 0.879595616536567 -0.43376855505218365 0.19533661207668473
    outer loop
      vertex 66.49807621135332 56.49999999999999 7
      vertex 67.36237302151743 56.00099800399201 2
      vertex 67.59367405912197 56.47003010972599 2
    endloop
  endfacet
  facet normal -0.5448678714520018 0.8154523963063492 0.19533661207668582
    outer loop
      vertex 62.073715712973836 11.3800600208737 7
      vertex 62.4 11.598076211353309 7
      vertex 61.46616937663779 12.171829821563556 2
    endloop
  endfacet
  facet normal -0.4337685550521846 0.8795956165365665 0.19533661207668596
    outer loop
      vertex 62.75194970290473 11.771638597533851 7
      vertex 61.900998003992015 12.462373021517422 2
      vertex 62.4 11.598076211353309 7
    endloop
  endfacet
  facet normal -0.3152473384120761 0.9286887118978591 0.19533661207668568
    outer loop
      vertex 62.75194970290473 11.771638597533851 7
      vertex 63.12354286469244 11.897777478867198 7
      vertex 62.370030109725995 12.69367405912196 2
    endloop
  endfacet
  facet normal -0.19133215240864118 0.9618916859174318 0.19533661207668543
    outer loop
      vertex 63.12354286469244 11.897777478867198 7
      vertex 63.50842142333985 11.974334584121422 7
      vertex 62.86524042447036 12.861775309495009 2
    endloop
  endfacet
  facet normal -0.06414322023022073 0.9786364265041944 0.19533661207668665
    outer loop
      vertex 63.50842142333985 11.974334584121422 7
      vertex 63.9 11.999999999999993 7
      vertex 63.378155762441594 12.963800513636208 2
    endloop
  endfacet
  facet normal 0.0641432202302196 0.9786364265041948 0.19533661207668535
    outer loop
      vertex 63.9 11.999999999999993 7
      vertex 64.29157857666016 11.974334584121422 7
      vertex 63.9 12.99800399201596 2
    endloop
  endfacet
  facet normal 0.19133215240864454 0.9618916859174309 0.1953366120766863
    outer loop
      vertex 64.29157857666016 11.974334584121422 7
      vertex 64.67645713530756 11.897777478867198 7
      vertex 64.4218442375584 12.963800513636208 2
    endloop
  endfacet
  facet normal 0.3152473384120707 0.928688711897861 0.19533661207668565
    outer loop
      vertex 64.67645713530756 11.897777478867198 7
      vertex 65.04805029709527 11.771638597533851 7
      vertex 64.93475957552964 12.861775309495009 2
    endloop
  endfacet
  facet normal 0.4337685550521847 0.8795956165365666 0.19533661207668465
    outer loop
      vertex 65.04805029709527 11.771638597533851 7
      vertex 65.4 11.598076211353309 7
      vertex 65.429969890274 12.69367405912196 2
    endloop
  endfacet
  facet normal -0.8795956165365665 0.4337685550521846 0.19533661207668582
    outer loop
      vertex 61.30192378864668 10.499999999999993 7
      vertex 60.20632594087803 10.529969890273996 2
      vertex 61.12836140246614 10.14805029709526 7
    endloop
  endfacet
  facet normal -0.9286887118978591 0.3152473384120761 0.19533661207668557
    outer loop
      vertex 61.00222252113279 9.776457135307552 7
      vertex 61.12836140246614 10.14805029709526 7
      vertex 60.03822469050498 10.034759575529634 2
    endloop
  endfacet
  facet normal -0.6466443475053534 0.7373565594892191 0.19533661207668568
    outer loop
      vertex 62.073715712973836 11.3800600208737 7
      vertex 61.07298426603462 11.827015733965375 2
      vertex 61.77867965644035 11.121320343559638 7
    endloop
  endfacet
  facet normal -0.7373565594892191 0.6466443475053534 0.19533661207668598
    outer loop
      vertex 61.51993997912629 10.826284287026155 7
      vertex 61.77867965644035 11.121320343559638 7
      vertex 60.728170178436436 11.433830623362205 2
    endloop
  endfacet
  facet normal -0.8154523963063492 0.5448678714520018 0.195336612076686
    outer loop
      vertex 61.51993997912629 10.826284287026155 7
      vertex 60.43762697848257 10.999001996007976 2
      vertex 61.30192378864668 10.499999999999993 7
    endloop
  endfacet
  facet normal -0.9618916859174316 0.19133215240864115 0.19533661207668662
    outer loop
      vertex 61.00222252113279 9.776457135307552 7
      vertex 59.93619948636378 9.521844237558398 2
      vertex 60.92566541587857 9.391578576660145 7
    endloop
  endfacet
  facet normal -0.9786364265041946 0.06414322023022075 0.19533661207668532
    outer loop
      vertex 60.92566541587857 9.391578576660145 7
      vertex 59.90199600798403 8.999999999999993 2
      vertex 60.9 8.999999999999993 7
    endloop
  endfacet
  facet normal -0.9786364265041944 -0.06414322023022073 0.19533661207668665
    outer loop
      vertex 60.9 8.999999999999993 7
      vertex 59.93619948636378 8.478155762441588 2
      vertex 60.92566541587857 8.608421423339841 7
    endloop
  endfacet
  facet normal -0.9618916859174318 -0.19133215240864118 0.19533661207668543
    outer loop
      vertex 60.92566541587857 8.608421423339841 7
      vertex 60.03822469050498 7.965240424470352 2
      vertex 61.00222252113279 8.223542864692433 7
    endloop
  endfacet
  facet normal -0.9286887118978591 -0.3152473384120761 0.19533661207668568
    outer loop
      vertex 61.00222252113279 8.223542864692433 7
      vertex 60.20632594087803 7.47003010972599 2
      vertex 61.12836140246614 7.851949702904726 7
    endloop
  endfacet
  facet normal -0.6466443475053556 0.737356559489217 0.1953366120766859
    outer loop
      vertex 62.073715712973836 11.3800600208737 7
      vertex 61.46616937663779 12.171829821563556 2
      vertex 61.07298426603462 11.827015733965375 2
    endloop
  endfacet
  facet normal -0.4337685550521836 0.8795956165365669 0.19533661207668582
    outer loop
      vertex 62.75194970290473 11.771638597533851 7
      vertex 62.370030109725995 12.69367405912196 2
      vertex 61.900998003992015 12.462373021517422 2
    endloop
  endfacet
  facet normal -0.5448678714520032 0.8154523963063482 0.19533661207668598
    outer loop
      vertex 62.4 11.598076211353309 7
      vertex 61.900998003992015 12.462373021517422 2
      vertex 61.46616937663779 12.171829821563556 2
    endloop
  endfacet
  facet normal -0.06414322023020771 0.9786364265041955 0.1953366120766855
    outer loop
      vertex 63.9 11.999999999999993 7
      vertex 63.9 12.99800399201596 2
      vertex 63.378155762441594 12.963800513636208 2
    endloop
  endfacet
  facet normal -0.31524733841207475 0.9286887118978594 0.1953366120766856
    outer loop
      vertex 63.12354286469244 11.897777478867198 7
      vertex 62.86524042447036 12.861775309495009 2
      vertex 62.370030109725995 12.69367405912196 2
    endloop
  endfacet
  facet normal -0.19133215240865248 0.9618916859174292 0.19533661207668643
    outer loop
      vertex 63.50842142333985 11.974334584121422 7
      vertex 63.378155762441594 12.963800513636208 2
      vertex 62.86524042447036 12.861775309495009 2
    endloop
  endfacet
  facet normal 0.06414322023020771 0.9786364265041952 0.1953366120766864
    outer loop
      vertex 64.29157857666016 11.974334584121422 7
      vertex 64.4218442375584 12.963800513636208 2
      vertex 63.9 12.99800399201596 2
    endloop
  endfacet
  facet normal 0.1913321524086525 0.9618916859174294 0.19533661207668554
    outer loop
      vertex 64.67645713530756 11.897777478867198 7
      vertex 64.93475957552964 12.861775309495009 2
      vertex 64.4218442375584 12.963800513636208 2
    endloop
  endfacet
  facet normal 0.31524733841207886 0.9286887118978582 0.19533661207668487
    outer loop
      vertex 65.04805029709527 11.771638597533851 7
      vertex 65.429969890274 12.69367405912196 2
      vertex 64.93475957552964 12.861775309495009 2
    endloop
  endfacet
  facet normal -0.8154523963063482 0.5448678714520032 0.19533661207668582
    outer loop
      vertex 61.51993997912629 10.826284287026155 7
      vertex 60.728170178436436 11.433830623362205 2
      vertex 60.43762697848257 10.999001996007976 2
    endloop
  endfacet
  facet normal -0.8795956165365669 0.4337685550521836 0.19533661207668596
    outer loop
      vertex 61.30192378864668 10.499999999999993 7
      vertex 60.43762697848257 10.999001996007976 2
      vertex 60.20632594087803 10.529969890273996 2
    endloop
  endfacet
  facet normal -0.9286887118978593 0.3152473384120747 0.19533661207668565
    outer loop
      vertex 61.12836140246614 10.14805029709526 7
      vertex 60.20632594087803 10.529969890273996 2
      vertex 60.03822469050498 10.034759575529634 2
    endloop
  endfacet
  facet normal -0.9618916859174294 0.1913321524086525 0.19533661207668554
    outer loop
      vertex 61.00222252113279 9.776457135307552 7
      vertex 60.03822469050498 10.034759575529634 2
      vertex 59.93619948636378 9.521844237558398 2
    endloop
  endfacet
  facet normal -0.7373565594892171 0.6466443475053557 0.19533661207668568
    outer loop
      vertex 61.77867965644035 11.121320343559638 7
      vertex 61.07298426603462 11.827015733965375 2
      vertex 60.728170178436436 11.433830623362205 2
    endloop
  endfacet
  facet normal -0.9786364265041952 0.06414322023020771 0.19533661207668648
    outer loop
      vertex 60.92566541587857 9.391578576660145 7
      vertex 59.93619948636378 9.521844237558398 2
      vertex 59.90199600798403 8.999999999999993 2
    endloop
  endfacet
  facet normal -0.9786364265041955 -0.06414322023020771 0.1953366120766855
    outer loop
      vertex 60.9 8.999999999999993 7
      vertex 59.90199600798403 8.999999999999993 2
      vertex 59.93619948636378 8.478155762441588 2
    endloop
  endfacet
  facet normal -0.9618916859174292 -0.19133215240865248 0.19533661207668643
    outer loop
      vertex 60.92566541587857 8.608421423339841 7
      vertex 59.93619948636378 8.478155762441588 2
      vertex 60.03822469050498 7.965240424470352 2
    endloop
  endfacet
  facet normal -0.9286887118978594 -0.31524733841207475 0.1953366120766856
    outer loop
      vertex 61.00222252113279 8.223542864692433 7
      vertex 60.03822469050498 7.965240424470352 2
      vertex 60.20632594087803 7.47003010972599 2
    endloop
  endfacet
  facet normal -0.8795956165365665 -0.4337685550521846 0.19533661207668596
    outer loop
      vertex 61.12836140246614 7.851949702904726 7
      vertex 60.43762697848257 7.0009980039920094 2
      vertex 61.30192378864668 7.499999999999993 7
    endloop
  endfacet
  facet normal -0.8154523963063492 -0.5448678714520018 0.19533661207668582
    outer loop
      vertex 61.30192378864668 7.499999999999993 7
      vertex 60.728170178436436 6.566169376637781 2
      vertex 61.51993997912629 7.173715712973831 7
    endloop
  endfacet
  facet normal -0.7373565594892191 -0.6466443475053534 0.19533661207668565
    outer loop
      vertex 61.51993997912629 7.173715712973831 7
      vertex 61.07298426603462 6.172984266034611 2
      vertex 61.77867965644035 6.878679656440347 7
    endloop
  endfacet
  facet normal -0.6466443475053534 -0.7373565594892191 0.19533661207668598
    outer loop
      vertex 61.77867965644035 6.878679656440347 7
      vertex 61.46616937663779 5.82817017843643 2
      vertex 62.073715712973836 6.619939979126286 7
    endloop
  endfacet
  facet normal -0.5448678714520018 -0.8154523963063492 0.195336612076686
    outer loop
      vertex 62.073715712973836 6.619939979126286 7
      vertex 61.900998003992015 5.537626978482564 2
      vertex 62.4 6.401923788646677 7
    endloop
  endfacet
  facet normal -0.4337685550521846 -0.8795956165365665 0.19533661207668582
    outer loop
      vertex 62.4 6.401923788646677 7
      vertex 62.370030109725995 5.3063259408780254 2
      vertex 62.75194970290473 6.228361402466135 7
    endloop
  endfacet
  facet normal 0.3152473384120707 -0.928688711897861 0.19533661207668473
    outer loop
      vertex 64.67645713530756 6.102222521132788 7
      vertex 65.429969890274 5.3063259408780254 2
      vertex 65.04805029709527 6.228361402466135 7
    endloop
  endfacet
  facet normal -0.3152473384120761 -0.9286887118978591 0.19533661207668554
    outer loop
      vertex 62.75194970290473 6.228361402466135 7
      vertex 62.86524042447036 5.138224690504977 2
      vertex 63.12354286469244 6.102222521132788 7
    endloop
  endfacet
  facet normal -0.19133215240864115 -0.9618916859174316 0.19533661207668662
    outer loop
      vertex 63.12354286469244 6.102222521132788 7
      vertex 63.378155762441594 5.036199486363778 2
      vertex 63.50842142333985 6.025665415878564 7
    endloop
  endfacet
  facet normal -0.06414322023022075 -0.9786364265041946 0.1953366120766853
    outer loop
      vertex 63.50842142333985 6.025665415878564 7
      vertex 63.9 5.001996007984026 2
      vertex 63.9 5.999999999999993 7
    endloop
  endfacet
  facet normal 0.06414322023021958 -0.9786364265041946 0.19533661207668654
    outer loop
      vertex 63.9 5.999999999999993 7
      vertex 64.4218442375584 5.036199486363778 2
      vertex 64.29157857666016 6.025665415878564 7
    endloop
  endfacet
  facet normal 0.19133215240864454 -0.9618916859174309 0.19533661207668546
    outer loop
      vertex 64.29157857666016 6.025665415878564 7
      vertex 64.93475957552964 5.138224690504977 2
      vertex 64.67645713530756 6.102222521132788 7
    endloop
  endfacet
  facet normal -0.8795956165365669 -0.4337685550521836 0.19533661207668582
    outer loop
      vertex 61.12836140246614 7.851949702904726 7
      vertex 60.20632594087803 7.47003010972599 2
      vertex 60.43762697848257 7.0009980039920094 2
    endloop
  endfacet
  facet normal -0.8154523963063482 -0.5448678714520032 0.19533661207668598
    outer loop
      vertex 61.30192378864668 7.499999999999993 7
      vertex 60.43762697848257 7.0009980039920094 2
      vertex 60.728170178436436 6.566169376637781 2
    endloop
  endfacet
  facet normal -0.737356559489217 -0.6466443475053556 0.1953366120766859
    outer loop
      vertex 61.51993997912629 7.173715712973831 7
      vertex 60.728170178436436 6.566169376637781 2
      vertex 61.07298426603462 6.172984266034611 2
    endloop
  endfacet
  facet normal -0.6466443475053557 -0.7373565594892171 0.19533661207668568
    outer loop
      vertex 61.77867965644035 6.878679656440347 7
      vertex 61.07298426603462 6.172984266034611 2
      vertex 61.46616937663779 5.82817017843643 2
    endloop
  endfacet
  facet normal -0.5448678714520032 -0.8154523963063482 0.19533661207668584
    outer loop
      vertex 62.073715712973836 6.619939979126286 7
      vertex 61.46616937663779 5.82817017843643 2
      vertex 61.900998003992015 5.537626978482564 2
    endloop
  endfacet
  facet normal -0.4337685550521836 -0.8795956165365669 0.1953366120766859
    outer loop
      vertex 62.4 6.401923788646677 7
      vertex 61.900998003992015 5.537626978482564 2
      vertex 62.370030109725995 5.3063259408780254 2
    endloop
  endfacet
  facet normal -0.3152473384120747 -0.9286887118978593 0.19533661207668565
    outer loop
      vertex 62.75194970290473 6.228361402466135 7
      vertex 62.370030109725995 5.3063259408780254 2
      vertex 62.86524042447036 5.138224690504977 2
    endloop
  endfacet
  facet normal -0.1913321524086525 -0.9618916859174294 0.19533661207668554
    outer loop
      vertex 63.12354286469244 6.102222521132788 7
      vertex 62.86524042447036 5.138224690504977 2
      vertex 63.378155762441594 5.036199486363778 2
    endloop
  endfacet
  facet normal -0.06414322023020771 -0.9786364265041952 0.19533661207668648
    outer loop
      vertex 63.50842142333985 6.025665415878564 7
      vertex 63.378155762441594 5.036199486363778 2
      vertex 63.9 5.001996007984026 2
    endloop
  endfacet
  facet normal 0.06414322023020771 -0.9786364265041955 0.1953366120766855
    outer loop
      vertex 63.9 5.999999999999993 7
      vertex 63.9 5.001996007984026 2
      vertex 64.4218442375584 5.036199486363778 2
    endloop
  endfacet
  facet normal 0.19133215240865248 -0.9618916859174292 0.19533661207668618
    outer loop
      vertex 64.29157857666016 6.025665415878564 7
      vertex 64.4218442375584 5.036199486363778 2
      vertex 64.93475957552964 5.138224690504977 2
    endloop
  endfacet
  facet normal 0.3152473384120788 -0.928688711897858 0.1953366120766855
    outer loop
      vertex 64.67645713530756 6.102222521132788 7
      vertex 64.93475957552964 5.138224690504977 2
      vertex 65.429969890274 5.3063259408780254 2
    endloop
  endfacet
  facet normal 0.5448678714520099 0.8154523963063436 0.19533661207668662
    outer loop
      vertex 65.4 11.598076211353309 7
      vertex 65.72628428702616 11.3800600208737 7
      vertex 65.899001996008 12.462373021517422 2
    endloop
  endfacet
  facet normal 0.6466443475053621 0.7373565594892113 0.19533661207668673
    outer loop
      vertex 65.72628428702616 11.3800600208737 7
      vertex 66.02132034355964 11.121320343559638 7
      vertex 66.33383062336222 12.171829821563556 2
    endloop
  endfacet
  facet normal 0.7373565594892102 0.6466443475053634 0.19533661207668582
    outer loop
      vertex 66.02132034355964 11.121320343559638 7
      vertex 66.2800600208737 10.826284287026155 7
      vertex 66.72701573396537 11.827015733965375 2
    endloop
  endfacet
  facet normal 0.8154523963063413 0.5448678714520142 0.1953366120766849
    outer loop
      vertex 66.2800600208737 10.826284287026155 7
      vertex 66.49807621135332 10.499999999999993 7
      vertex 67.07182982156355 11.433830623362205 2
    endloop
  endfacet
  facet normal 0.8795956165365737 0.4337685550521704 0.1953366120766845
    outer loop
      vertex 66.49807621135332 10.499999999999993 7
      vertex 66.67163859753386 10.14805029709526 7
      vertex 67.36237302151743 10.999001996007976 2
    endloop
  endfacet
  facet normal 0.9286887118978591 0.3152473384120761 0.19533661207668568
    outer loop
      vertex 66.67163859753386 10.14805029709526 7
      vertex 66.7977774788672 9.776457135307552 7
      vertex 67.59367405912197 10.529969890273996 2
    endloop
  endfacet
  facet normal 0.961891685917432 0.19133215240864124 0.19533661207668412
    outer loop
      vertex 66.7977774788672 9.776457135307552 7
      vertex 66.87433458412143 9.391578576660145 7
      vertex 67.76177530949501 10.034759575529634 2
    endloop
  endfacet
  facet normal 0.9786364265041935 0.06414322023023844 0.19533661207668557
    outer loop
      vertex 66.87433458412143 9.391578576660145 7
      vertex 66.9 8.999999999999993 7
      vertex 67.8638005136362 9.521844237558398 2
    endloop
  endfacet
  facet normal 0.9786364265041935 -0.06414322023023844 0.19533661207668512
    outer loop
      vertex 66.9 8.999999999999993 7
      vertex 66.87433458412143 8.608421423339841 7
      vertex 67.89800399201597 8.999999999999993 2
    endloop
  endfacet
  facet normal 0.9618916859174318 -0.19133215240864118 0.1953366120766853
    outer loop
      vertex 66.87433458412143 8.608421423339841 7
      vertex 66.7977774788672 8.223542864692433 7
      vertex 67.8638005136362 8.478155762441588 2
    endloop
  endfacet
  facet normal 0.9286887118978593 -0.31524733841207614 0.1953366120766843
    outer loop
      vertex 66.67163859753386 7.851949702904726 7
      vertex 67.76177530949501 7.965240424470352 2
      vertex 66.7977774788672 8.223542864692433 7
    endloop
  endfacet
  facet normal 0.43376855505216766 0.8795956165365746 0.1953366120766863
    outer loop
      vertex 65.4 11.598076211353309 7
      vertex 65.899001996008 12.462373021517422 2
      vertex 65.429969890274 12.69367405912196 2
    endloop
  endfacet
  facet normal 0.5448678714520092 0.815452396306344 0.19533661207668668
    outer loop
      vertex 65.72628428702616 11.3800600208737 7
      vertex 66.33383062336222 12.171829821563556 2
      vertex 65.899001996008 12.462373021517422 2
    endloop
  endfacet
  facet normal 0.6466443475053688 0.7373565594892054 0.1953366120766859
    outer loop
      vertex 66.02132034355964 11.121320343559638 7
      vertex 66.72701573396537 11.827015733965375 2
      vertex 66.33383062336222 12.171829821563556 2
    endloop
  endfacet
  facet normal 0.7373565594892172 0.6466443475053558 0.19533661207668493
    outer loop
      vertex 66.2800600208737 10.826284287026155 7
      vertex 67.07182982156355 11.433830623362205 2
      vertex 66.72701573396537 11.827015733965375 2
    endloop
  endfacet
  facet normal 0.8154523963063423 0.5448678714520125 0.1953366120766847
    outer loop
      vertex 66.49807621135332 10.499999999999993 7
      vertex 67.36237302151743 10.999001996007976 2
      vertex 67.07182982156355 11.433830623362205 2
    endloop
  endfacet
  facet normal 0.8795956165365669 0.4337685550521836 0.19533661207668582
    outer loop
      vertex 66.67163859753386 10.14805029709526 7
      vertex 67.59367405912197 10.529969890273996 2
      vertex 67.36237302151743 10.999001996007976 2
    endloop
  endfacet
  facet normal 0.9286887118978636 0.31524733841206287 0.19533661207668443
    outer loop
      vertex 66.7977774788672 9.776457135307552 7
      vertex 67.76177530949501 10.034759575529634 2
      vertex 67.59367405912197 10.529969890273996 2
    endloop
  endfacet
  facet normal 0.9618916859174294 0.1913321524086525 0.1953366120766851
    outer loop
      vertex 66.87433458412143 9.391578576660145 7
      vertex 67.8638005136362 9.521844237558398 2
      vertex 67.76177530949501 10.034759575529634 2
    endloop
  endfacet
  facet normal 0.9786364265041938 0.06414322023023426 0.19533661207668518
    outer loop
      vertex 66.9 8.999999999999993 7
      vertex 67.89800399201597 8.999999999999993 2
      vertex 67.8638005136362 9.521844237558398 2
    endloop
  endfacet
  facet normal 0.9786364265041938 -0.06414322023023426 0.1953366120766855
    outer loop
      vertex 66.87433458412143 8.608421423339841 7
      vertex 67.8638005136362 8.478155762441588 2
      vertex 67.89800399201597 8.999999999999993 2
    endloop
  endfacet
  facet normal 0.9618916859174297 -0.1913321524086526 0.19533661207668424
    outer loop
      vertex 66.7977774788672 8.223542864692433 7
      vertex 67.76177530949501 7.965240424470352 2
      vertex 67.8638005136362 8.478155762441588 2
    endloop
  endfacet
  facet normal 0.8154523963063413 -0.5448678714520142 0.1953366120766847
    outer loop
      vertex 66.49807621135332 7.499999999999993 7
      vertex 66.2800600208737 7.173715712973831 7
      vertex 67.36237302151743 7.0009980039920094 2
    endloop
  endfacet
  facet normal 0.7373565594892104 -0.6466443475053635 0.19533661207668482
    outer loop
      vertex 66.2800600208737 7.173715712973831 7
      vertex 66.02132034355964 6.878679656440347 7
      vertex 67.07182982156355 6.566169376637781 2
    endloop
  endfacet
  facet normal 0.4337685550521845 -0.8795956165365663 0.1953366120766865
    outer loop
      vertex 65.04805029709527 6.228361402466135 7
      vertex 65.899001996008 5.537626978482564 2
      vertex 65.4 6.401923788646677 7
    endloop
  endfacet
  facet normal 0.5448678714520099 -0.8154523963063436 0.1953366120766867
    outer loop
      vertex 65.4 6.401923788646677 7
      vertex 66.33383062336222 5.82817017843643 2
      vertex 65.72628428702616 6.619939979126286 7
    endloop
  endfacet
  facet normal 0.6466443475053621 -0.7373565594892113 0.19533661207668582
    outer loop
      vertex 66.02132034355964 6.878679656440347 7
      vertex 65.72628428702616 6.619939979126286 7
      vertex 66.72701573396537 6.172984266034611 2
    endloop
  endfacet
  facet normal 0.8795956165365735 -0.4337685550521703 0.19533661207668604
    outer loop
      vertex 66.67163859753386 7.851949702904726 7
      vertex 66.49807621135332 7.499999999999993 7
      vertex 67.59367405912197 7.47003010972599 2
    endloop
  endfacet
  facet normal 0.5448678714520092 -0.815452396306344 0.19533661207668662
    outer loop
      vertex 65.4 6.401923788646677 7
      vertex 65.899001996008 5.537626978482564 2
      vertex 66.33383062336222 5.82817017843643 2
    endloop
  endfacet
  facet normal 0.7373565594892171 -0.6466443475053557 0.19533661207668568
    outer loop
      vertex 66.02132034355964 6.878679656440347 7
      vertex 66.72701573396537 6.172984266034611 2
      vertex 67.07182982156355 6.566169376637781 2
    endloop
  endfacet
  facet normal 0.6466443475053687 -0.7373565594892053 0.1953366120766866
    outer loop
      vertex 65.72628428702616 6.619939979126286 7
      vertex 66.33383062336222 5.82817017843643 2
      vertex 66.72701573396537 6.172984266034611 2
    endloop
  endfacet
  facet normal 0.9286887118978634 -0.3152473384120628 0.1953366120766855
    outer loop
      vertex 66.67163859753386 7.851949702904726 7
      vertex 67.59367405912197 7.47003010972599 2
      vertex 67.76177530949501 7.965240424470352 2
    endloop
  endfacet
  facet normal 0.879595616536567 -0.43376855505218365 0.19533661207668473
    outer loop
      vertex 66.49807621135332 7.499999999999993 7
      vertex 67.36237302151743 7.0009980039920094 2
      vertex 67.59367405912197 7.47003010972599 2
    endloop
  endfacet
  facet normal 0.8154523963063423 -0.5448678714520125 0.19533661207668485
    outer loop
      vertex 66.2800600208737 7.173715712973831 7
      vertex 67.07182982156355 6.566169376637781 2
      vertex 67.36237302151743 7.0009980039920094 2
    endloop
  endfacet
  facet normal 0.43376855505216777 -0.8795956165365748 0.19533661207668487
    outer loop
      vertex 65.04805029709527 6.228361402466135 7
      vertex 65.429969890274 5.3063259408780254 2
      vertex 65.899001996008 5.537626978482564 2
    endloop
  endfacet
  facet normal 0.5555702330196005 -0.8314696123025463 0
    outer loop
      vertex 4.865105570685175 59.34870067849509 31.299999999999997
      vertex 4.865105570685175 59.34870067849509 29.799999999999997
      vertex 5.050000000000001 59.47224318643354 31.299999999999997
    endloop
  endfacet
  facet normal 0.32143946530316453 -0.9469301294951047 0
    outer loop
      vertex 5.249438164979348 59.57059520526918 31.299999999999997
      vertex 5.249438164979348 59.57059520526918 29.799999999999997
      vertex 5.4600076233257155 59.64207390469141 31.299999999999997
    endloop
  endfacet
  facet normal 0.44228869021899797 -0.89687274153269 0
    outer loop
      vertex 5.050000000000001 59.47224318643354 31.299999999999997
      vertex 5.050000000000001 59.47224318643354 29.799999999999997
      vertex 5.249438164979348 59.57059520526918 31.299999999999997
    endloop
  endfacet
  facet normal 0.6593458151000636 -0.7518398074789819 0
    outer loop
      vertex 4.865105570685175 59.34870067849509 31.299999999999997
      vertex 4.697918471982869 59.202081528017125 29.799999999999997
      vertex 4.865105570685175 59.34870067849509 29.799999999999997
    endloop
  endfacet
  facet normal 0.5555702330196005 -0.8314696123025463 0
    outer loop
      vertex 5.050000000000001 59.47224318643354 31.299999999999997
      vertex 4.865105570685175 59.34870067849509 29.799999999999997
      vertex 5.050000000000001 59.47224318643354 29.799999999999997
    endloop
  endfacet
  facet normal 0.44228869021899797 -0.89687274153269 0
    outer loop
      vertex 5.249438164979348 59.57059520526918 31.299999999999997
      vertex 5.050000000000001 59.47224318643354 29.799999999999997
      vertex 5.249438164979348 59.57059520526918 29.799999999999997
    endloop
  endfacet
  facet normal 0.32143946530316453 -0.9469301294951047 0
    outer loop
      vertex 5.4600076233257155 59.64207390469141 31.299999999999997
      vertex 5.249438164979348 59.57059520526918 29.799999999999997
      vertex 5.4600076233257155 59.64207390469141 29.799999999999997
    endloop
  endfacet
  facet normal 0.7518398074789817 -0.6593458151000638 -1.7644498185471505e-18
    outer loop
      vertex 4.697918471982869 59.202081528017125 31.299999999999997
      vertex 4.551299321504901 59.03489442931482 31.299999999999997
      vertex 4.551299321504901 59.03489442931482 29.799999999999997
    endloop
  endfacet
  facet normal 0.831469612302542 -0.5555702330196071 -3.8652498670738016e-18
    outer loop
      vertex 4.551299321504901 59.03489442931482 31.299999999999997
      vertex 4.427756813566455 58.849999999999994 31.299999999999997
      vertex 4.427756813566455 58.849999999999994 29.799999999999997
    endloop
  endfacet
  facet normal 0.8968727415326891 -0.4422886902189996 -2.248949749614516e-18
    outer loop
      vertex 4.427756813566455 58.849999999999994 31.299999999999997
      vertex 4.329404794730813 58.650561835020646 31.299999999999997
      vertex 4.329404794730813 58.650561835020646 29.799999999999997
    endloop
  endfacet
  facet normal 0.9469301294951071 -0.32143946530315726 -1.4768681963374687e-18
    outer loop
      vertex 4.329404794730813 58.650561835020646 31.299999999999997
      vertex 4.2579260953085845 58.439992376674276 31.299999999999997
      vertex 4.2579260953085845 58.439992376674276 29.799999999999997
    endloop
  endfacet
  facet normal 0.6593458151000636 -0.7518398074789819 5.1587202117404355e-18
    outer loop
      vertex 4.865105570685175 59.34870067849509 31.299999999999997
      vertex 4.697918471982869 59.202081528017125 31.299999999999997
      vertex 4.697918471982869 59.202081528017125 29.799999999999997
    endloop
  endfacet
  facet normal 0.7518398074789817 -0.6593458151000638 0
    outer loop
      vertex 4.697918471982869 59.202081528017125 31.299999999999997
      vertex 4.551299321504901 59.03489442931482 29.799999999999997
      vertex 4.697918471982869 59.202081528017125 29.799999999999997
    endloop
  endfacet
  facet normal 0.831469612302542 -0.5555702330196071 0
    outer loop
      vertex 4.551299321504901 59.03489442931482 31.299999999999997
      vertex 4.427756813566455 58.849999999999994 29.799999999999997
      vertex 4.551299321504901 59.03489442931482 29.799999999999997
    endloop
  endfacet
  facet normal 0.9469301294951071 -0.32143946530315726 0
    outer loop
      vertex 4.329404794730813 58.650561835020646 31.299999999999997
      vertex 4.2579260953085845 58.439992376674276 29.799999999999997
      vertex 4.329404794730813 58.650561835020646 29.799999999999997
    endloop
  endfacet
  facet normal 0.9807852804032304 -0.1950903220161284 0
    outer loop
      vertex 4.2579260953085845 58.439992376674276 31.299999999999997
      vertex 4.214543735664523 58.22189452677408 29.799999999999997
      vertex 4.2579260953085845 58.439992376674276 29.799999999999997
    endloop
  endfacet
  facet normal 0.8968727415326891 -0.4422886902189996 0
    outer loop
      vertex 4.427756813566455 58.849999999999994 31.299999999999997
      vertex 4.329404794730813 58.650561835020646 29.799999999999997
      vertex 4.427756813566455 58.849999999999994 29.799999999999997
    endloop
  endfacet
  facet normal 0.1950903220161353 -0.9807852804032291 0
    outer loop
      vertex 5.4600076233257155 59.64207390469141 31.299999999999997
      vertex 5.4600076233257155 59.64207390469141 29.799999999999997
      vertex 5.678105473225913 59.68545626433547 31.299999999999997
    endloop
  endfacet
  facet normal 0.06540312923012169 -0.9978589232386049 0
    outer loop
      vertex 5.678105473225913 59.68545626433547 31.299999999999997
      vertex 5.678105473225913 59.68545626433547 29.799999999999997
      vertex 5.9 59.69999999999999 31.299999999999997
    endloop
  endfacet
  facet normal -0.06540312923012169 -0.9978589232386049 0
    outer loop
      vertex 5.9 59.69999999999999 31.299999999999997
      vertex 5.9 59.69999999999999 29.799999999999997
      vertex 6.121894526774088 59.68545626433547 31.299999999999997
    endloop
  endfacet
  facet normal -0.1950903220161353 -0.9807852804032291 0
    outer loop
      vertex 6.121894526774088 59.68545626433547 31.299999999999997
      vertex 6.121894526774088 59.68545626433547 29.799999999999997
      vertex 6.339992376674285 59.64207390469141 31.299999999999997
    endloop
  endfacet
  facet normal -0.32143946530316453 -0.9469301294951047 0
    outer loop
      vertex 6.339992376674285 59.64207390469141 31.299999999999997
      vertex 6.339992376674285 59.64207390469141 29.799999999999997
      vertex 6.550561835020653 59.57059520526918 31.299999999999997
    endloop
  endfacet
  facet normal -0.44228869021899797 -0.89687274153269 0
    outer loop
      vertex 6.550561835020653 59.57059520526918 31.299999999999997
      vertex 6.550561835020653 59.57059520526918 29.799999999999997
      vertex 6.75 59.47224318643354 31.299999999999997
    endloop
  endfacet
  facet normal -0.5555702330196005 -0.8314696123025463 0
    outer loop
      vertex 6.75 59.47224318643354 31.299999999999997
      vertex 6.75 59.47224318643354 29.799999999999997
      vertex 6.934894429314825 59.34870067849509 31.299999999999997
    endloop
  endfacet
  facet normal 0.1950903220161353 -0.9807852804032291 0
    outer loop
      vertex 5.678105473225913 59.68545626433547 31.299999999999997
      vertex 5.4600076233257155 59.64207390469141 29.799999999999997
      vertex 5.678105473225913 59.68545626433547 29.799999999999997
    endloop
  endfacet
  facet normal 0.06540312923012169 -0.9978589232386049 0
    outer loop
      vertex 5.9 59.69999999999999 31.299999999999997
      vertex 5.678105473225913 59.68545626433547 29.799999999999997
      vertex 5.9 59.69999999999999 29.799999999999997
    endloop
  endfacet
  facet normal -0.06540312923012169 -0.9978589232386049 0
    outer loop
      vertex 6.121894526774088 59.68545626433547 31.299999999999997
      vertex 5.9 59.69999999999999 29.799999999999997
      vertex 6.121894526774088 59.68545626433547 29.799999999999997
    endloop
  endfacet
  facet normal -0.1950903220161353 -0.9807852804032291 0
    outer loop
      vertex 6.339992376674285 59.64207390469141 31.299999999999997
      vertex 6.121894526774088 59.68545626433547 29.799999999999997
      vertex 6.339992376674285 59.64207390469141 29.799999999999997
    endloop
  endfacet
  facet normal -0.32143946530316453 -0.9469301294951047 0
    outer loop
      vertex 6.550561835020653 59.57059520526918 31.299999999999997
      vertex 6.339992376674285 59.64207390469141 29.799999999999997
      vertex 6.550561835020653 59.57059520526918 29.799999999999997
    endloop
  endfacet
  facet normal -0.44228869021899797 -0.89687274153269 0
    outer loop
      vertex 6.75 59.47224318643354 31.299999999999997
      vertex 6.550561835020653 59.57059520526918 29.799999999999997
      vertex 6.75 59.47224318643354 29.799999999999997
    endloop
  endfacet
  facet normal -0.5555702330196005 -0.8314696123025463 0
    outer loop
      vertex 6.934894429314825 59.34870067849509 31.299999999999997
      vertex 6.75 59.47224318643354 29.799999999999997
      vertex 6.934894429314825 59.34870067849509 29.799999999999997
    endloop
  endfacet
  facet normal -0.6593458151000636 -0.7518398074789819 0
    outer loop
      vertex 6.934894429314825 59.34870067849509 31.299999999999997
      vertex 6.934894429314825 59.34870067849509 29.799999999999997
      vertex 7.102081528017131 59.202081528017125 31.299999999999997
    endloop
  endfacet
  facet normal -0.7518398074789817 -0.6593458151000638 0
    outer loop
      vertex 7.102081528017131 59.202081528017125 31.299999999999997
      vertex 7.102081528017131 59.202081528017125 29.799999999999997
      vertex 7.2487006784951 59.03489442931482 31.299999999999997
    endloop
  endfacet
  facet normal -0.831469612302542 -0.5555702330196071 0
    outer loop
      vertex 7.2487006784951 59.03489442931482 31.299999999999997
      vertex 7.2487006784951 59.03489442931482 29.799999999999997
      vertex 7.372243186433546 58.849999999999994 31.299999999999997
    endloop
  endfacet
  facet normal -0.8968727415326891 -0.4422886902189996 0
    outer loop
      vertex 7.372243186433546 58.849999999999994 31.299999999999997
      vertex 7.372243186433546 58.849999999999994 29.799999999999997
      vertex 7.470595205269188 58.650561835020646 31.299999999999997
    endloop
  endfacet
  facet normal -0.9469301294951071 -0.32143946530315726 0
    outer loop
      vertex 7.470595205269188 58.650561835020646 31.299999999999997
      vertex 7.470595205269188 58.650561835020646 29.799999999999997
      vertex 7.542073904691416 58.439992376674276 31.299999999999997
    endloop
  endfacet
  facet normal -0.9807852804032304 -0.1950903220161284 0
    outer loop
      vertex 7.542073904691416 58.439992376674276 31.299999999999997
      vertex 7.542073904691416 58.439992376674276 29.799999999999997
      vertex 7.585456264335478 58.22189452677408 31.299999999999997
    endloop
  endfacet
  facet normal -0.6593458151000636 -0.7518398074789819 0
    outer loop
      vertex 7.102081528017131 59.202081528017125 31.299999999999997
      vertex 6.934894429314825 59.34870067849509 29.799999999999997
      vertex 7.102081528017131 59.202081528017125 29.799999999999997
    endloop
  endfacet
  facet normal -0.7518398074789817 -0.6593458151000638 0
    outer loop
      vertex 7.2487006784951 59.03489442931482 31.299999999999997
      vertex 7.102081528017131 59.202081528017125 29.799999999999997
      vertex 7.2487006784951 59.03489442931482 29.799999999999997
    endloop
  endfacet
  facet normal -0.831469612302542 -0.5555702330196071 0
    outer loop
      vertex 7.372243186433546 58.849999999999994 31.299999999999997
      vertex 7.2487006784951 59.03489442931482 29.799999999999997
      vertex 7.372243186433546 58.849999999999994 29.799999999999997
    endloop
  endfacet
  facet normal -0.8968727415326891 -0.4422886902189996 0
    outer loop
      vertex 7.470595205269188 58.650561835020646 31.299999999999997
      vertex 7.372243186433546 58.849999999999994 29.799999999999997
      vertex 7.470595205269188 58.650561835020646 29.799999999999997
    endloop
  endfacet
  facet normal -0.9469301294951071 -0.32143946530315726 0
    outer loop
      vertex 7.542073904691416 58.439992376674276 31.299999999999997
      vertex 7.470595205269188 58.650561835020646 29.799999999999997
      vertex 7.542073904691416 58.439992376674276 29.799999999999997
    endloop
  endfacet
  facet normal 0.9807852804032304 -0.1950903220161284 -1.942396967310516e-18
    outer loop
      vertex 4.2579260953085845 58.439992376674276 31.299999999999997
      vertex 4.214543735664523 58.22189452677408 31.299999999999997
      vertex 4.214543735664523 58.22189452677408 29.799999999999997
    endloop
  endfacet
  facet normal 0.9978589232386034 -0.06540312923014581 6.49180916470506e-19
    outer loop
      vertex 4.214543735664523 58.22189452677408 31.299999999999997
      vertex 4.2 57.99999999999999 31.299999999999997
      vertex 4.2 57.99999999999999 29.799999999999997
    endloop
  endfacet
  facet normal 0.9978589232386034 0.06540312923014581 -6.49180916470506e-19
    outer loop
      vertex 4.2 57.99999999999999 31.299999999999997
      vertex 4.214543735664523 57.77810547322591 31.299999999999997
      vertex 4.214543735664523 57.77810547322591 29.799999999999997
    endloop
  endfacet
  facet normal 0.9807852804032318 0.19509032201612228 -1.667641383222654e-18
    outer loop
      vertex 4.214543735664523 57.77810547322591 31.299999999999997
      vertex 4.2579260953085845 57.5600076233257 31.299999999999997
      vertex 4.2579260953085845 57.5600076233257 29.799999999999997
    endloop
  endfacet
  facet normal 0.9469301294951038 0.32143946530316697 3.158273267978062e-19
    outer loop
      vertex 4.2579260953085845 57.5600076233257 31.299999999999997
      vertex 4.329404794730813 57.34943816497934 31.299999999999997
      vertex 4.329404794730813 57.34943816497934 29.799999999999997
    endloop
  endfacet
  facet normal 0.9978589232386034 -0.06540312923014581 0
    outer loop
      vertex 4.214543735664523 58.22189452677408 31.299999999999997
      vertex 4.2 57.99999999999999 29.799999999999997
      vertex 4.214543735664523 58.22189452677408 29.799999999999997
    endloop
  endfacet
  facet normal 0.9978589232386034 0.06540312923014581 0
    outer loop
      vertex 4.2 57.99999999999999 31.299999999999997
      vertex 4.214543735664523 57.77810547322591 29.799999999999997
      vertex 4.2 57.99999999999999 29.799999999999997
    endloop
  endfacet
  facet normal 0.9807852804032318 0.19509032201612228 0
    outer loop
      vertex 4.214543735664523 57.77810547322591 31.299999999999997
      vertex 4.2579260953085845 57.5600076233257 29.799999999999997
      vertex 4.214543735664523 57.77810547322591 29.799999999999997
    endloop
  endfacet
  facet normal 0.9469301294951038 0.32143946530316697 0
    outer loop
      vertex 4.2579260953085845 57.5600076233257 31.299999999999997
      vertex 4.329404794730813 57.34943816497934 29.799999999999997
      vertex 4.2579260953085845 57.5600076233257 29.799999999999997
    endloop
  endfacet
  facet normal 0.8968727415326891 0.4422886902189996 2.248949749614516e-18
    outer loop
      vertex 4.329404794730813 57.34943816497934 31.299999999999997
      vertex 4.427756813566455 57.14999999999999 31.299999999999997
      vertex 4.427756813566455 57.14999999999999 29.799999999999997
    endloop
  endfacet
  facet normal 0.831469612302542 0.5555702330196071 3.8652498670738016e-18
    outer loop
      vertex 4.427756813566455 57.14999999999999 31.299999999999997
      vertex 4.551299321504901 56.96510557068517 31.299999999999997
      vertex 4.551299321504901 56.96510557068517 29.799999999999997
    endloop
  endfacet
  facet normal 0.7518398074789817 0.6593458151000638 1.7644498185471505e-18
    outer loop
      vertex 4.551299321504901 56.96510557068517 31.299999999999997
      vertex 4.697918471982869 56.79791847198286 31.299999999999997
      vertex 4.697918471982869 56.79791847198286 29.799999999999997
    endloop
  endfacet
  facet normal 0.6593458151000636 0.7518398074789819 -5.1587202117404355e-18
    outer loop
      vertex 4.697918471982869 56.79791847198286 31.299999999999997
      vertex 4.865105570685175 56.651299321504894 31.299999999999997
      vertex 4.865105570685175 56.651299321504894 29.799999999999997
    endloop
  endfacet
  facet normal 0.5555702330196005 0.8314696123025463 4.6891426228799534e-18
    outer loop
      vertex 4.865105570685175 56.651299321504894 31.299999999999997
      vertex 5.050000000000001 56.52775681356645 31.299999999999997
      vertex 5.050000000000001 56.52775681356645 29.799999999999997
    endloop
  endfacet
  facet normal 0.4422886902190237 0.8968727415326773 1.1871795852800117e-20
    outer loop
      vertex 5.050000000000001 56.52775681356645 31.299999999999997
      vertex 5.249438164979348 56.4294047947308 31.299999999999997
      vertex 5.249438164979348 56.4294047947308 29.799999999999997
    endloop
  endfacet
  facet normal 0.32143946530313583 0.9469301294951143 -1.267950331260236e-18
    outer loop
      vertex 5.249438164979348 56.4294047947308 31.299999999999997
      vertex 5.4600076233257155 56.35792609530858 31.299999999999997
      vertex 5.4600076233257155 56.35792609530858 29.799999999999997
    endloop
  endfacet
  facet normal 0.8968727415326891 0.4422886902189996 0
    outer loop
      vertex 4.329404794730813 57.34943816497934 31.299999999999997
      vertex 4.427756813566455 57.14999999999999 29.799999999999997
      vertex 4.329404794730813 57.34943816497934 29.799999999999997
    endloop
  endfacet
  facet normal 0.831469612302542 0.5555702330196071 0
    outer loop
      vertex 4.427756813566455 57.14999999999999 31.299999999999997
      vertex 4.551299321504901 56.96510557068517 29.799999999999997
      vertex 4.427756813566455 57.14999999999999 29.799999999999997
    endloop
  endfacet
  facet normal 0.7518398074789817 0.6593458151000638 0
    outer loop
      vertex 4.551299321504901 56.96510557068517 31.299999999999997
      vertex 4.697918471982869 56.79791847198286 29.799999999999997
      vertex 4.551299321504901 56.96510557068517 29.799999999999997
    endloop
  endfacet
  facet normal 0.6593458151000636 0.7518398074789819 0
    outer loop
      vertex 4.697918471982869 56.79791847198286 31.299999999999997
      vertex 4.865105570685175 56.651299321504894 29.799999999999997
      vertex 4.697918471982869 56.79791847198286 29.799999999999997
    endloop
  endfacet
  facet normal 0.5555702330196005 0.8314696123025463 0
    outer loop
      vertex 4.865105570685175 56.651299321504894 31.299999999999997
      vertex 5.050000000000001 56.52775681356645 29.799999999999997
      vertex 4.865105570685175 56.651299321504894 29.799999999999997
    endloop
  endfacet
  facet normal 0.4422886902190237 0.8968727415326773 0
    outer loop
      vertex 5.050000000000001 56.52775681356645 31.299999999999997
      vertex 5.249438164979348 56.4294047947308 29.799999999999997
      vertex 5.050000000000001 56.52775681356645 29.799999999999997
    endloop
  endfacet
  facet normal 0.32143946530313583 0.9469301294951143 0
    outer loop
      vertex 5.249438164979348 56.4294047947308 31.299999999999997
      vertex 5.4600076233257155 56.35792609530858 29.799999999999997
      vertex 5.249438164979348 56.4294047947308 29.799999999999997
    endloop
  endfacet
  facet normal -0.32143946530313583 0.9469301294951143 0
    outer loop
      vertex 6.550561835020653 56.4294047947308 31.299999999999997
      vertex 6.550561835020653 56.4294047947308 29.799999999999997
      vertex 6.339992376674285 56.35792609530858 31.299999999999997
    endloop
  endfacet
  facet normal -0.4422886902190237 0.8968727415326773 -1.1871795852800117e-20
    outer loop
      vertex 6.550561835020653 56.4294047947308 31.299999999999997
      vertex 6.75 56.52775681356645 31.299999999999997
      vertex 6.75 56.52775681356645 29.799999999999997
    endloop
  endfacet
  facet normal -0.5555702330196005 0.8314696123025463 -4.6891426228799534e-18
    outer loop
      vertex 6.75 56.52775681356645 31.299999999999997
      vertex 6.934894429314825 56.651299321504894 31.299999999999997
      vertex 6.934894429314825 56.651299321504894 29.799999999999997
    endloop
  endfacet
  facet normal -0.32143946530313583 0.9469301294951143 0
    outer loop
      vertex 6.339992376674285 56.35792609530858 31.299999999999997
      vertex 6.550561835020653 56.4294047947308 29.799999999999997
      vertex 6.339992376674285 56.35792609530858 29.799999999999997
    endloop
  endfacet
  facet normal -0.4422886902190237 0.8968727415326773 0
    outer loop
      vertex 6.550561835020653 56.4294047947308 31.299999999999997
      vertex 6.75 56.52775681356645 29.799999999999997
      vertex 6.550561835020653 56.4294047947308 29.799999999999997
    endloop
  endfacet
  facet normal -0.5555702330196005 0.8314696123025463 0
    outer loop
      vertex 6.75 56.52775681356645 31.299999999999997
      vertex 6.934894429314825 56.651299321504894 29.799999999999997
      vertex 6.75 56.52775681356645 29.799999999999997
    endloop
  endfacet
  facet normal -0.9807852804032318 0.19509032201612228 0
    outer loop
      vertex 7.585456264335478 57.77810547322591 31.299999999999997
      vertex 7.585456264335478 57.77810547322591 29.799999999999997
      vertex 7.542073904691416 57.5600076233257 31.299999999999997
    endloop
  endfacet
  facet normal -0.9469301294951038 0.32143946530316697 0
    outer loop
      vertex 7.542073904691416 57.5600076233257 31.299999999999997
      vertex 7.542073904691416 57.5600076233257 29.799999999999997
      vertex 7.470595205269188 57.34943816497934 31.299999999999997
    endloop
  endfacet
  facet normal -0.9978589232386034 -0.06540312923014581 0
    outer loop
      vertex 7.585456264335478 58.22189452677408 31.299999999999997
      vertex 7.585456264335478 58.22189452677408 29.799999999999997
      vertex 7.6000000000000005 57.99999999999999 31.299999999999997
    endloop
  endfacet
  facet normal -0.9978589232386034 0.06540312923014581 6.49180916470506e-19
    outer loop
      vertex 7.585456264335478 57.77810547322591 31.299999999999997
      vertex 7.6000000000000005 57.99999999999999 31.299999999999997
      vertex 7.6000000000000005 57.99999999999999 29.799999999999997
    endloop
  endfacet
  facet normal -0.9807852804032304 -0.1950903220161284 0
    outer loop
      vertex 7.585456264335478 58.22189452677408 31.299999999999997
      vertex 7.542073904691416 58.439992376674276 29.799999999999997
      vertex 7.585456264335478 58.22189452677408 29.799999999999997
    endloop
  endfacet
  facet normal -0.9807852804032318 0.19509032201612228 0
    outer loop
      vertex 7.542073904691416 57.5600076233257 31.299999999999997
      vertex 7.585456264335478 57.77810547322591 29.799999999999997
      vertex 7.542073904691416 57.5600076233257 29.799999999999997
    endloop
  endfacet
  facet normal -0.9469301294951038 0.32143946530316697 0
    outer loop
      vertex 7.470595205269188 57.34943816497934 31.299999999999997
      vertex 7.542073904691416 57.5600076233257 29.799999999999997
      vertex 7.470595205269188 57.34943816497934 29.799999999999997
    endloop
  endfacet
  facet normal -0.9978589232386034 -0.06540312923014581 0
    outer loop
      vertex 7.6000000000000005 57.99999999999999 31.299999999999997
      vertex 7.585456264335478 58.22189452677408 29.799999999999997
      vertex 7.6000000000000005 57.99999999999999 29.799999999999997
    endloop
  endfacet
  facet normal -0.9978589232386034 0.06540312923014581 0
    outer loop
      vertex 7.585456264335478 57.77810547322591 31.299999999999997
      vertex 7.6000000000000005 57.99999999999999 29.799999999999997
      vertex 7.585456264335478 57.77810547322591 29.799999999999997
    endloop
  endfacet
  facet normal -0.7518398074789817 0.6593458151000638 0
    outer loop
      vertex 7.2487006784951 56.96510557068517 31.299999999999997
      vertex 7.2487006784951 56.96510557068517 29.799999999999997
      vertex 7.102081528017131 56.79791847198286 31.299999999999997
    endloop
  endfacet
  facet normal -0.8968727415326891 0.4422886902189996 0
    outer loop
      vertex 7.470595205269188 57.34943816497934 31.299999999999997
      vertex 7.470595205269188 57.34943816497934 29.799999999999997
      vertex 7.372243186433546 57.14999999999999 31.299999999999997
    endloop
  endfacet
  facet normal -0.831469612302542 0.5555702330196071 0
    outer loop
      vertex 7.372243186433546 57.14999999999999 31.299999999999997
      vertex 7.372243186433546 57.14999999999999 29.799999999999997
      vertex 7.2487006784951 56.96510557068517 31.299999999999997
    endloop
  endfacet
  facet normal -0.6593458151000636 0.7518398074789819 5.1587202117404355e-18
    outer loop
      vertex 6.934894429314825 56.651299321504894 31.299999999999997
      vertex 7.102081528017131 56.79791847198286 31.299999999999997
      vertex 7.102081528017131 56.79791847198286 29.799999999999997
    endloop
  endfacet
  facet normal -0.8968727415326891 0.4422886902189996 0
    outer loop
      vertex 7.372243186433546 57.14999999999999 31.299999999999997
      vertex 7.470595205269188 57.34943816497934 29.799999999999997
      vertex 7.372243186433546 57.14999999999999 29.799999999999997
    endloop
  endfacet
  facet normal -0.831469612302542 0.5555702330196071 0
    outer loop
      vertex 7.2487006784951 56.96510557068517 31.299999999999997
      vertex 7.372243186433546 57.14999999999999 29.799999999999997
      vertex 7.2487006784951 56.96510557068517 29.799999999999997
    endloop
  endfacet
  facet normal -0.6593458151000636 0.7518398074789819 0
    outer loop
      vertex 6.934894429314825 56.651299321504894 31.299999999999997
      vertex 7.102081528017131 56.79791847198286 29.799999999999997
      vertex 6.934894429314825 56.651299321504894 29.799999999999997
    endloop
  endfacet
  facet normal -0.7518398074789817 0.6593458151000638 0
    outer loop
      vertex 7.102081528017131 56.79791847198286 31.299999999999997
      vertex 7.2487006784951 56.96510557068517 29.799999999999997
      vertex 7.102081528017131 56.79791847198286 29.799999999999997
    endloop
  endfacet
  facet normal 0.1950903220161353 0.9807852804032291 -8.866076426889731e-19
    outer loop
      vertex 5.4600076233257155 56.35792609530858 31.299999999999997
      vertex 5.678105473225913 56.314543735664515 31.299999999999997
      vertex 5.678105473225913 56.314543735664515 29.799999999999997
    endloop
  endfacet
  facet normal 0.06540312923015351 0.9978589232386029 -2.1434063877292315e-19
    outer loop
      vertex 5.678105473225913 56.314543735664515 31.299999999999997
      vertex 5.9 56.29999999999999 31.299999999999997
      vertex 5.9 56.29999999999999 29.799999999999997
    endloop
  endfacet
  facet normal -0.06540312923015351 0.9978589232386029 2.1434063877292315e-19
    outer loop
      vertex 5.9 56.29999999999999 31.299999999999997
      vertex 6.121894526774088 56.314543735664515 31.299999999999997
      vertex 6.121894526774088 56.314543735664515 29.799999999999997
    endloop
  endfacet
  facet normal -0.1950903220161353 0.9807852804032291 8.866076426889731e-19
    outer loop
      vertex 6.121894526774088 56.314543735664515 31.299999999999997
      vertex 6.339992376674285 56.35792609530858 31.299999999999997
      vertex 6.339992376674285 56.35792609530858 29.799999999999997
    endloop
  endfacet
  facet normal 0.1950903220161353 0.9807852804032291 0
    outer loop
      vertex 5.4600076233257155 56.35792609530858 31.299999999999997
      vertex 5.678105473225913 56.314543735664515 29.799999999999997
      vertex 5.4600076233257155 56.35792609530858 29.799999999999997
    endloop
  endfacet
  facet normal 0.06540312923015351 0.9978589232386029 0
    outer loop
      vertex 5.678105473225913 56.314543735664515 31.299999999999997
      vertex 5.9 56.29999999999999 29.799999999999997
      vertex 5.678105473225913 56.314543735664515 29.799999999999997
    endloop
  endfacet
  facet normal -0.06540312923015351 0.9978589232386029 0
    outer loop
      vertex 5.9 56.29999999999999 31.299999999999997
      vertex 6.121894526774088 56.314543735664515 29.799999999999997
      vertex 5.9 56.29999999999999 29.799999999999997
    endloop
  endfacet
  facet normal -0.1950903220161353 0.9807852804032291 0
    outer loop
      vertex 6.121894526774088 56.314543735664515 31.299999999999997
      vertex 6.339992376674285 56.35792609530858 29.799999999999997
      vertex 6.121894526774088 56.314543735664515 29.799999999999997
    endloop
  endfacet
  facet normal 0 0 1
    outer loop
      vertex 4.551299321504901 59.03489442931482 29.799999999999997
      vertex 4.427756813566455 58.849999999999994 29.799999999999997
      vertex 4.427756813566455 57.14999999999999 29.799999999999997
    endloop
  endfacet
  facet normal 0 0 1
    outer loop
      vertex 4.697918471982869 59.202081528017125 29.799999999999997
      vertex 4.551299321504901 59.03489442931482 29.799999999999997
      vertex 4.551299321504901 56.96510557068517 29.799999999999997
    endloop
  endfacet
  facet normal 0 0 1
    outer loop
      vertex 4.865105570685175 59.34870067849509 29.799999999999997
      vertex 4.697918471982869 59.202081528017125 29.799999999999997
      vertex 4.697918471982869 56.79791847198286 29.799999999999997
    endloop
  endfacet
  facet normal 0 0 1
    outer loop
      vertex 4.865105570685175 59.34870067849509 29.799999999999997
      vertex 4.865105570685175 56.651299321504894 29.799999999999997
      vertex 5.050000000000001 59.47224318643354 29.799999999999997
    endloop
  endfacet
  facet normal 0 0 1
    outer loop
      vertex 5.050000000000001 59.47224318643354 29.799999999999997
      vertex 5.050000000000001 56.52775681356645 29.799999999999997
      vertex 5.249438164979348 59.57059520526918 29.799999999999997
    endloop
  endfacet
  facet normal 0 0 1
    outer loop
      vertex 5.249438164979348 59.57059520526918 29.799999999999997
      vertex 5.249438164979348 56.4294047947308 29.799999999999997
      vertex 5.4600076233257155 59.64207390469141 29.799999999999997
    endloop
  endfacet
  facet normal 0 0 1
    outer loop
      vertex 5.4600076233257155 59.64207390469141 29.799999999999997
      vertex 5.4600076233257155 56.35792609530858 29.799999999999997
      vertex 5.678105473225913 59.68545626433547 29.799999999999997
    endloop
  endfacet
  facet normal 0 0 1
    outer loop
      vertex 5.678105473225913 59.68545626433547 29.799999999999997
      vertex 5.678105473225913 56.314543735664515 29.799999999999997
      vertex 5.9 59.69999999999999 29.799999999999997
    endloop
  endfacet
  facet normal 0 0 1
    outer loop
      vertex 5.9 59.69999999999999 29.799999999999997
      vertex 5.9 56.29999999999999 29.799999999999997
      vertex 6.121894526774088 59.68545626433547 29.799999999999997
    endloop
  endfacet
  facet normal 0 0 1
    outer loop
      vertex 6.121894526774088 59.68545626433547 29.799999999999997
      vertex 6.121894526774088 56.314543735664515 29.799999999999997
      vertex 6.339992376674285 59.64207390469141 29.799999999999997
    endloop
  endfacet
  facet normal 0 0 1
    outer loop
      vertex 6.339992376674285 59.64207390469141 29.799999999999997
      vertex 6.339992376674285 56.35792609530858 29.799999999999997
      vertex 6.550561835020653 59.57059520526918 29.799999999999997
    endloop
  endfacet
  facet normal 0 0 1
    outer loop
      vertex 6.550561835020653 59.57059520526918 29.799999999999997
      vertex 6.550561835020653 56.4294047947308 29.799999999999997
      vertex 6.75 59.47224318643354 29.799999999999997
    endloop
  endfacet
  facet normal 0 0 1
    outer loop
      vertex 6.75 59.47224318643354 29.799999999999997
      vertex 6.75 56.52775681356645 29.799999999999997
      vertex 6.934894429314825 59.34870067849509 29.799999999999997
    endloop
  endfacet
  facet normal 0 0 1
    outer loop
      vertex 6.934894429314825 59.34870067849509 29.799999999999997
      vertex 6.934894429314825 56.651299321504894 29.799999999999997
      vertex 7.102081528017131 59.202081528017125 29.799999999999997
    endloop
  endfacet
  facet normal 0 0 1
    outer loop
      vertex 7.102081528017131 59.202081528017125 29.799999999999997
      vertex 7.102081528017131 56.79791847198286 29.799999999999997
      vertex 7.2487006784951 59.03489442931482 29.799999999999997
    endloop
  endfacet
  facet normal 0 0 1
    outer loop
      vertex 4.329404794730813 58.650561835020646 29.799999999999997
      vertex 4.2579260953085845 58.439992376674276 29.799999999999997
      vertex 4.2579260953085845 57.5600076233257 29.799999999999997
    endloop
  endfacet
  facet normal 0 0 1
    outer loop
      vertex 4.427756813566455 58.849999999999994 29.799999999999997
      vertex 4.329404794730813 58.650561835020646 29.799999999999997
      vertex 4.329404794730813 57.34943816497934 29.799999999999997
    endloop
  endfacet
  facet normal 0 0 1
    outer loop
      vertex 4.2579260953085845 58.439992376674276 29.799999999999997
      vertex 4.214543735664523 58.22189452677408 29.799999999999997
      vertex 4.214543735664523 57.77810547322591 29.799999999999997
    endloop
  endfacet
  facet normal 0 0 1
    outer loop
      vertex 4.214543735664523 58.22189452677408 29.799999999999997
      vertex 4.2 57.99999999999999 29.799999999999997
      vertex 4.214543735664523 57.77810547322591 29.799999999999997
    endloop
  endfacet
  facet normal 0 0 1
    outer loop
      vertex 4.2579260953085845 58.439992376674276 29.799999999999997
      vertex 4.214543735664523 57.77810547322591 29.799999999999997
      vertex 4.2579260953085845 57.5600076233257 29.799999999999997
    endloop
  endfacet
  facet normal 0 0 1
    outer loop
      vertex 4.329404794730813 58.650561835020646 29.799999999999997
      vertex 4.2579260953085845 57.5600076233257 29.799999999999997
      vertex 4.329404794730813 57.34943816497934 29.799999999999997
    endloop
  endfacet
  facet normal 0 0 1
    outer loop
      vertex 4.427756813566455 58.849999999999994 29.799999999999997
      vertex 4.329404794730813 57.34943816497934 29.799999999999997
      vertex 4.427756813566455 57.14999999999999 29.799999999999997
    endloop
  endfacet
  facet normal 0 0 1
    outer loop
      vertex 4.551299321504901 59.03489442931482 29.799999999999997
      vertex 4.427756813566455 57.14999999999999 29.799999999999997
      vertex 4.551299321504901 56.96510557068517 29.799999999999997
    endloop
  endfacet
  facet normal 0 0 1
    outer loop
      vertex 4.697918471982869 59.202081528017125 29.799999999999997
      vertex 4.551299321504901 56.96510557068517 29.799999999999997
      vertex 4.697918471982869 56.79791847198286 29.799999999999997
    endloop
  endfacet
  facet normal 0 0 1
    outer loop
      vertex 4.865105570685175 59.34870067849509 29.799999999999997
      vertex 4.697918471982869 56.79791847198286 29.799999999999997
      vertex 4.865105570685175 56.651299321504894 29.799999999999997
    endloop
  endfacet
  facet normal 0 0 1
    outer loop
      vertex 5.050000000000001 59.47224318643354 29.799999999999997
      vertex 4.865105570685175 56.651299321504894 29.799999999999997
      vertex 5.050000000000001 56.52775681356645 29.799999999999997
    endloop
  endfacet
  facet normal 0 0 1
    outer loop
      vertex 5.249438164979348 59.57059520526918 29.799999999999997
      vertex 5.050000000000001 56.52775681356645 29.799999999999997
      vertex 5.249438164979348 56.4294047947308 29.799999999999997
    endloop
  endfacet
  facet normal 0 0 1
    outer loop
      vertex 5.4600076233257155 59.64207390469141 29.799999999999997
      vertex 5.249438164979348 56.4294047947308 29.799999999999997
      vertex 5.4600076233257155 56.35792609530858 29.799999999999997
    endloop
  endfacet
  facet normal 0 0 1
    outer loop
      vertex 5.678105473225913 59.68545626433547 29.799999999999997
      vertex 5.4600076233257155 56.35792609530858 29.799999999999997
      vertex 5.678105473225913 56.314543735664515 29.799999999999997
    endloop
  endfacet
  facet normal 0 0 1
    outer loop
      vertex 5.9 59.69999999999999 29.799999999999997
      vertex 5.678105473225913 56.314543735664515 29.799999999999997
      vertex 5.9 56.29999999999999 29.799999999999997
    endloop
  endfacet
  facet normal 0 0 1
    outer loop
      vertex 6.121894526774088 59.68545626433547 29.799999999999997
      vertex 5.9 56.29999999999999 29.799999999999997
      vertex 6.121894526774088 56.314543735664515 29.799999999999997
    endloop
  endfacet
  facet normal 0 0 1
    outer loop
      vertex 6.339992376674285 59.64207390469141 29.799999999999997
      vertex 6.121894526774088 56.314543735664515 29.799999999999997
      vertex 6.339992376674285 56.35792609530858 29.799999999999997
    endloop
  endfacet
  facet normal 0 0 1
    outer loop
      vertex 6.550561835020653 59.57059520526918 29.799999999999997
      vertex 6.339992376674285 56.35792609530858 29.799999999999997
      vertex 6.550561835020653 56.4294047947308 29.799999999999997
    endloop
  endfacet
  facet normal 0 0 1
    outer loop
      vertex 6.75 59.47224318643354 29.799999999999997
      vertex 6.550561835020653 56.4294047947308 29.799999999999997
      vertex 6.75 56.52775681356645 29.799999999999997
    endloop
  endfacet
  facet normal 0 0 1
    outer loop
      vertex 6.934894429314825 59.34870067849509 29.799999999999997
      vertex 6.75 56.52775681356645 29.799999999999997
      vertex 6.934894429314825 56.651299321504894 29.799999999999997
    endloop
  endfacet
  facet normal 0 0 1
    outer loop
      vertex 7.2487006784951 59.03489442931482 29.799999999999997
      vertex 7.2487006784951 56.96510557068517 29.799999999999997
      vertex 7.372243186433546 58.849999999999994 29.799999999999997
    endloop
  endfacet
  facet normal 0 0 1
    outer loop
      vertex 7.372243186433546 58.849999999999994 29.799999999999997
      vertex 7.372243186433546 57.14999999999999 29.799999999999997
      vertex 7.470595205269188 58.650561835020646 29.799999999999997
    endloop
  endfacet
  facet normal 0 0 1
    outer loop
      vertex 7.470595205269188 58.650561835020646 29.799999999999997
      vertex 7.470595205269188 57.34943816497934 29.799999999999997
      vertex 7.542073904691416 58.439992376674276 29.799999999999997
    endloop
  endfacet
  facet normal 0 0 1
    outer loop
      vertex 7.542073904691416 58.439992376674276 29.799999999999997
      vertex 7.542073904691416 57.5600076233257 29.799999999999997
      vertex 7.585456264335478 58.22189452677408 29.799999999999997
    endloop
  endfacet
  facet normal 0 0 1
    outer loop
      vertex 7.585456264335478 58.22189452677408 29.799999999999997
      vertex 7.542073904691416 57.5600076233257 29.799999999999997
      vertex 7.585456264335478 57.77810547322591 29.799999999999997
    endloop
  endfacet
  facet normal 0 0 1
    outer loop
      vertex 7.2487006784951 59.03489442931482 29.799999999999997
      vertex 7.102081528017131 56.79791847198286 29.799999999999997
      vertex 7.2487006784951 56.96510557068517 29.799999999999997
    endloop
  endfacet
  facet normal 0 0 1
    outer loop
      vertex 7.102081528017131 59.202081528017125 29.799999999999997
      vertex 6.934894429314825 56.651299321504894 29.799999999999997
      vertex 7.102081528017131 56.79791847198286 29.799999999999997
    endloop
  endfacet
  facet normal 0 0 1
    outer loop
      vertex 7.372243186433546 58.849999999999994 29.799999999999997
      vertex 7.2487006784951 56.96510557068517 29.799999999999997
      vertex 7.372243186433546 57.14999999999999 29.799999999999997
    endloop
  endfacet
  facet normal 0 0 1
    outer loop
      vertex 7.470595205269188 58.650561835020646 29.799999999999997
      vertex 7.372243186433546 57.14999999999999 29.799999999999997
      vertex 7.470595205269188 57.34943816497934 29.799999999999997
    endloop
  endfacet
  facet normal 0 0 1
    outer loop
      vertex 7.542073904691416 58.439992376674276 29.799999999999997
      vertex 7.470595205269188 57.34943816497934 29.799999999999997
      vertex 7.542073904691416 57.5600076233257 29.799999999999997
    endloop
  endfacet
  facet normal 0 0 1
    outer loop
      vertex 7.585456264335478 58.22189452677408 29.799999999999997
      vertex 7.585456264335478 57.77810547322591 29.799999999999997
      vertex 7.6000000000000005 57.99999999999999 29.799999999999997
    endloop
  endfacet
  facet normal 0.7518398074789817 -0.6593458151000638 0
    outer loop
      vertex 4.551299321504901 10.034894429314818 31.299999999999997
      vertex 4.551299321504901 10.034894429314818 29.799999999999997
      vertex 4.697918471982869 10.202081528017125 31.299999999999997
    endloop
  endfacet
  facet normal 0.831469612302542 -0.5555702330196071 -3.8652498670738016e-18
    outer loop
      vertex 4.551299321504901 10.034894429314818 31.299999999999997
      vertex 4.427756813566455 9.849999999999994 31.299999999999997
      vertex 4.427756813566455 9.849999999999994 29.799999999999997
    endloop
  endfacet
  facet normal 0.6593458151000636 -0.7518398074789819 0
    outer loop
      vertex 4.697918471982869 10.202081528017125 31.299999999999997
      vertex 4.697918471982869 10.202081528017125 29.799999999999997
      vertex 4.865105570685175 10.348700678495092 31.299999999999997
    endloop
  endfacet
  facet normal 0.5555702330196005 -0.8314696123025463 -4.6891426228799534e-18
    outer loop
      vertex 5.050000000000001 10.472243186433538 31.299999999999997
      vertex 4.865105570685175 10.348700678495092 31.299999999999997
      vertex 4.865105570685175 10.348700678495092 29.799999999999997
    endloop
  endfacet
  facet normal 0.44228869021899797 -0.89687274153269 0
    outer loop
      vertex 5.050000000000001 10.472243186433538 31.299999999999997
      vertex 5.050000000000001 10.472243186433538 29.799999999999997
      vertex 5.249438164979348 10.570595205269179 31.299999999999997
    endloop
  endfacet
  facet normal 0.32143946530316453 -0.9469301294951047 0
    outer loop
      vertex 5.249438164979348 10.570595205269179 31.299999999999997
      vertex 5.249438164979348 10.570595205269179 29.799999999999997
      vertex 5.4600076233257155 10.642073904691408 31.299999999999997
    endloop
  endfacet
  facet normal 0.831469612302542 -0.5555702330196071 0
    outer loop
      vertex 4.551299321504901 10.034894429314818 31.299999999999997
      vertex 4.427756813566455 9.849999999999994 29.799999999999997
      vertex 4.551299321504901 10.034894429314818 29.799999999999997
    endloop
  endfacet
  facet normal 0.7518398074789817 -0.6593458151000638 0
    outer loop
      vertex 4.697918471982869 10.202081528017125 31.299999999999997
      vertex 4.551299321504901 10.034894429314818 29.799999999999997
      vertex 4.697918471982869 10.202081528017125 29.799999999999997
    endloop
  endfacet
  facet normal 0.8968727415326891 -0.4422886902189996 0
    outer loop
      vertex 4.427756813566455 9.849999999999994 31.299999999999997
      vertex 4.329404794730813 9.650561835020646 29.799999999999997
      vertex 4.427756813566455 9.849999999999994 29.799999999999997
    endloop
  endfacet
  facet normal 0.6593458151000636 -0.7518398074789819 0
    outer loop
      vertex 4.865105570685175 10.348700678495092 31.299999999999997
      vertex 4.697918471982869 10.202081528017125 29.799999999999997
      vertex 4.865105570685175 10.348700678495092 29.799999999999997
    endloop
  endfacet
  facet normal 0.5555702330196005 -0.8314696123025463 0
    outer loop
      vertex 5.050000000000001 10.472243186433538 31.299999999999997
      vertex 4.865105570685175 10.348700678495092 29.799999999999997
      vertex 5.050000000000001 10.472243186433538 29.799999999999997
    endloop
  endfacet
  facet normal 0.44228869021899797 -0.89687274153269 0
    outer loop
      vertex 5.249438164979348 10.570595205269179 31.299999999999997
      vertex 5.050000000000001 10.472243186433538 29.799999999999997
      vertex 5.249438164979348 10.570595205269179 29.799999999999997
    endloop
  endfacet
  facet normal 0.32143946530316453 -0.9469301294951047 0
    outer loop
      vertex 5.4600076233257155 10.642073904691408 31.299999999999997
      vertex 5.249438164979348 10.570595205269179 29.799999999999997
      vertex 5.4600076233257155 10.642073904691408 29.799999999999997
    endloop
  endfacet
  facet normal 0.8968727415326891 -0.4422886902189996 -2.248949749614516e-18
    outer loop
      vertex 4.427756813566455 9.849999999999994 31.299999999999997
      vertex 4.329404794730813 9.650561835020646 31.299999999999997
      vertex 4.329404794730813 9.650561835020646 29.799999999999997
    endloop
  endfacet
  facet normal 0.9469301294951071 -0.32143946530315726 -1.4768681963374687e-18
    outer loop
      vertex 4.329404794730813 9.650561835020646 31.299999999999997
      vertex 4.2579260953085845 9.439992376674276 31.299999999999997
      vertex 4.2579260953085845 9.439992376674276 29.799999999999997
    endloop
  endfacet
  facet normal 0.9807852804032304 -0.1950903220161284 -1.942396967310516e-18
    outer loop
      vertex 4.2579260953085845 9.439992376674276 31.299999999999997
      vertex 4.214543735664523 9.22189452677408 31.299999999999997
      vertex 4.214543735664523 9.22189452677408 29.799999999999997
    endloop
  endfacet
  facet normal 0.9978589232386034 -0.06540312923014581 0
    outer loop
      vertex 4.2 8.999999999999993 31.299999999999997
      vertex 4.2 8.999999999999993 29.799999999999997
      vertex 4.214543735664523 9.22189452677408 31.299999999999997
    endloop
  endfacet
  facet normal 0.9978589232386034 0.06540312923014581 -6.49180916470506e-19
    outer loop
      vertex 4.2 8.999999999999993 31.299999999999997
      vertex 4.214543735664523 8.778105473225907 31.299999999999997
      vertex 4.214543735664523 8.778105473225907 29.799999999999997
    endloop
  endfacet
  facet normal 0.9469301294951071 -0.32143946530315726 0
    outer loop
      vertex 4.329404794730813 9.650561835020646 31.299999999999997
      vertex 4.2579260953085845 9.439992376674276 29.799999999999997
      vertex 4.329404794730813 9.650561835020646 29.799999999999997
    endloop
  endfacet
  facet normal 0.9807852804032304 -0.1950903220161284 0
    outer loop
      vertex 4.2579260953085845 9.439992376674276 31.299999999999997
      vertex 4.214543735664523 9.22189452677408 29.799999999999997
      vertex 4.2579260953085845 9.439992376674276 29.799999999999997
    endloop
  endfacet
  facet normal 0.9978589232386034 -0.06540312923014581 0
    outer loop
      vertex 4.214543735664523 9.22189452677408 31.299999999999997
      vertex 4.2 8.999999999999993 29.799999999999997
      vertex 4.214543735664523 9.22189452677408 29.799999999999997
    endloop
  endfacet
  facet normal 0.9978589232386034 0.06540312923014581 0
    outer loop
      vertex 4.2 8.999999999999993 31.299999999999997
      vertex 4.214543735664523 8.778105473225907 29.799999999999997
      vertex 4.2 8.999999999999993 29.799999999999997
    endloop
  endfacet
  facet normal 0.9807852804032304 0.1950903220161284 1.942396967310516e-18
    outer loop
      vertex 4.214543735664523 8.778105473225907 31.299999999999997
      vertex 4.2579260953085845 8.56000762332571 31.299999999999997
      vertex 4.2579260953085845 8.56000762332571 29.799999999999997
    endloop
  endfacet
  facet normal 0.9469301294951071 0.32143946530315726 1.4768681963374687e-18
    outer loop
      vertex 4.2579260953085845 8.56000762332571 31.299999999999997
      vertex 4.329404794730813 8.34943816497934 31.299999999999997
      vertex 4.329404794730813 8.34943816497934 29.799999999999997
    endloop
  endfacet
  facet normal 0.8968727415326891 0.4422886902189996 2.248949749614516e-18
    outer loop
      vertex 4.329404794730813 8.34943816497934 31.299999999999997
      vertex 4.427756813566455 8.149999999999991 31.299999999999997
      vertex 4.427756813566455 8.149999999999991 29.799999999999997
    endloop
  endfacet
  facet normal 0.831469612302542 0.5555702330196071 3.8652498670738016e-18
    outer loop
      vertex 4.427756813566455 8.149999999999991 31.299999999999997
      vertex 4.551299321504901 7.965105570685168 31.299999999999997
      vertex 4.551299321504901 7.965105570685168 29.799999999999997
    endloop
  endfacet
  facet normal 0.7518398074789817 0.6593458151000638 1.7644498185471505e-18
    outer loop
      vertex 4.551299321504901 7.965105570685168 31.299999999999997
      vertex 4.697918471982869 7.797918471982861 31.299999999999997
      vertex 4.697918471982869 7.797918471982861 29.799999999999997
    endloop
  endfacet
  facet normal 0.9807852804032304 0.1950903220161284 0
    outer loop
      vertex 4.214543735664523 8.778105473225907 31.299999999999997
      vertex 4.2579260953085845 8.56000762332571 29.799999999999997
      vertex 4.214543735664523 8.778105473225907 29.799999999999997
    endloop
  endfacet
  facet normal 0.9469301294951071 0.32143946530315726 0
    outer loop
      vertex 4.2579260953085845 8.56000762332571 31.299999999999997
      vertex 4.329404794730813 8.34943816497934 29.799999999999997
      vertex 4.2579260953085845 8.56000762332571 29.799999999999997
    endloop
  endfacet
  facet normal 0.8968727415326891 0.4422886902189996 0
    outer loop
      vertex 4.329404794730813 8.34943816497934 31.299999999999997
      vertex 4.427756813566455 8.149999999999991 29.799999999999997
      vertex 4.329404794730813 8.34943816497934 29.799999999999997
    endloop
  endfacet
  facet normal 0.831469612302542 0.5555702330196071 0
    outer loop
      vertex 4.427756813566455 8.149999999999991 31.299999999999997
      vertex 4.551299321504901 7.965105570685168 29.799999999999997
      vertex 4.427756813566455 8.149999999999991 29.799999999999997
    endloop
  endfacet
  facet normal 0.7518398074789817 0.6593458151000638 0
    outer loop
      vertex 4.551299321504901 7.965105570685168 31.299999999999997
      vertex 4.697918471982869 7.797918471982861 29.799999999999997
      vertex 4.551299321504901 7.965105570685168 29.799999999999997
    endloop
  endfacet
  facet normal -0.06540312923015351 -0.9978589232386029 0
    outer loop
      vertex 5.9 10.699999999999996 31.299999999999997
      vertex 5.9 10.699999999999996 29.799999999999997
      vertex 6.121894526774088 10.685456264335471 31.299999999999997
    endloop
  endfacet
  facet normal 0.06540312923015351 -0.9978589232386029 0
    outer loop
      vertex 5.9 10.699999999999996 31.299999999999997
      vertex 5.678105473225913 10.685456264335471 29.799999999999997
      vertex 5.9 10.699999999999996 29.799999999999997
    endloop
  endfacet
  facet normal 0.1950903220161353 -0.9807852804032291 0
    outer loop
      vertex 5.4600076233257155 10.642073904691408 31.299999999999997
      vertex 5.4600076233257155 10.642073904691408 29.799999999999997
      vertex 5.678105473225913 10.685456264335471 31.299999999999997
    endloop
  endfacet
  facet normal 0.06540312923015351 -0.9978589232386029 2.1434063877292315e-19
    outer loop
      vertex 5.9 10.699999999999996 31.299999999999997
      vertex 5.678105473225913 10.685456264335471 31.299999999999997
      vertex 5.678105473225913 10.685456264335471 29.799999999999997
    endloop
  endfacet
  facet normal -0.1950903220161353 -0.9807852804032291 0
    outer loop
      vertex 6.121894526774088 10.685456264335471 31.299999999999997
      vertex 6.121894526774088 10.685456264335471 29.799999999999997
      vertex 6.339992376674285 10.642073904691408 31.299999999999997
    endloop
  endfacet
  facet normal -0.32143946530316453 -0.9469301294951047 0
    outer loop
      vertex 6.339992376674285 10.642073904691408 31.299999999999997
      vertex 6.339992376674285 10.642073904691408 29.799999999999997
      vertex 6.550561835020653 10.570595205269179 31.299999999999997
    endloop
  endfacet
  facet normal -0.44228869021899797 -0.89687274153269 0
    outer loop
      vertex 6.550561835020653 10.570595205269179 31.299999999999997
      vertex 6.550561835020653 10.570595205269179 29.799999999999997
      vertex 6.75 10.472243186433538 31.299999999999997
    endloop
  endfacet
  facet normal -0.5555702330196005 -0.8314696123025463 0
    outer loop
      vertex 6.75 10.472243186433538 31.299999999999997
      vertex 6.75 10.472243186433538 29.799999999999997
      vertex 6.934894429314825 10.348700678495092 31.299999999999997
    endloop
  endfacet
  facet normal 0.1950903220161353 -0.9807852804032291 0
    outer loop
      vertex 5.678105473225913 10.685456264335471 31.299999999999997
      vertex 5.4600076233257155 10.642073904691408 29.799999999999997
      vertex 5.678105473225913 10.685456264335471 29.799999999999997
    endloop
  endfacet
  facet normal -0.06540312923015351 -0.9978589232386029 0
    outer loop
      vertex 6.121894526774088 10.685456264335471 31.299999999999997
      vertex 5.9 10.699999999999996 29.799999999999997
      vertex 6.121894526774088 10.685456264335471 29.799999999999997
    endloop
  endfacet
  facet normal -0.1950903220161353 -0.9807852804032291 0
    outer loop
      vertex 6.339992376674285 10.642073904691408 31.299999999999997
      vertex 6.121894526774088 10.685456264335471 29.799999999999997
      vertex 6.339992376674285 10.642073904691408 29.799999999999997
    endloop
  endfacet
  facet normal -0.32143946530316453 -0.9469301294951047 0
    outer loop
      vertex 6.550561835020653 10.570595205269179 31.299999999999997
      vertex 6.339992376674285 10.642073904691408 29.799999999999997
      vertex 6.550561835020653 10.570595205269179 29.799999999999997
    endloop
  endfacet
  facet normal -0.44228869021899797 -0.89687274153269 0
    outer loop
      vertex 6.75 10.472243186433538 31.299999999999997
      vertex 6.550561835020653 10.570595205269179 29.799999999999997
      vertex 6.75 10.472243186433538 29.799999999999997
    endloop
  endfacet
  facet normal -0.5555702330196005 -0.8314696123025463 0
    outer loop
      vertex 6.934894429314825 10.348700678495092 31.299999999999997
      vertex 6.75 10.472243186433538 29.799999999999997
      vertex 6.934894429314825 10.348700678495092 29.799999999999997
    endloop
  endfacet
  facet normal -0.6593458151000636 -0.7518398074789819 0
    outer loop
      vertex 6.934894429314825 10.348700678495092 31.299999999999997
      vertex 6.934894429314825 10.348700678495092 29.799999999999997
      vertex 7.102081528017131 10.202081528017125 31.299999999999997
    endloop
  endfacet
  facet normal -0.7518398074789817 -0.6593458151000638 0
    outer loop
      vertex 7.102081528017131 10.202081528017125 31.299999999999997
      vertex 7.102081528017131 10.202081528017125 29.799999999999997
      vertex 7.2487006784951 10.034894429314818 31.299999999999997
    endloop
  endfacet
  facet normal -0.831469612302542 -0.5555702330196071 0
    outer loop
      vertex 7.2487006784951 10.034894429314818 31.299999999999997
      vertex 7.2487006784951 10.034894429314818 29.799999999999997
      vertex 7.372243186433546 9.849999999999994 31.299999999999997
    endloop
  endfacet
  facet normal -0.8968727415326891 -0.4422886902189996 0
    outer loop
      vertex 7.372243186433546 9.849999999999994 31.299999999999997
      vertex 7.372243186433546 9.849999999999994 29.799999999999997
      vertex 7.470595205269188 9.650561835020646 31.299999999999997
    endloop
  endfacet
  facet normal -0.6593458151000636 -0.7518398074789819 0
    outer loop
      vertex 7.102081528017131 10.202081528017125 31.299999999999997
      vertex 6.934894429314825 10.348700678495092 29.799999999999997
      vertex 7.102081528017131 10.202081528017125 29.799999999999997
    endloop
  endfacet
  facet normal -0.7518398074789817 -0.6593458151000638 0
    outer loop
      vertex 7.2487006784951 10.034894429314818 31.299999999999997
      vertex 7.102081528017131 10.202081528017125 29.799999999999997
      vertex 7.2487006784951 10.034894429314818 29.799999999999997
    endloop
  endfacet
  facet normal -0.831469612302542 -0.5555702330196071 0
    outer loop
      vertex 7.372243186433546 9.849999999999994 31.299999999999997
      vertex 7.2487006784951 10.034894429314818 29.799999999999997
      vertex 7.372243186433546 9.849999999999994 29.799999999999997
    endloop
  endfacet
  facet normal -0.9469301294951071 -0.32143946530315726 0
    outer loop
      vertex 7.470595205269188 9.650561835020646 31.299999999999997
      vertex 7.470595205269188 9.650561835020646 29.799999999999997
      vertex 7.542073904691416 9.439992376674276 31.299999999999997
    endloop
  endfacet
  facet normal -0.9807852804032304 -0.1950903220161284 0
    outer loop
      vertex 7.542073904691416 9.439992376674276 31.299999999999997
      vertex 7.542073904691416 9.439992376674276 29.799999999999997
      vertex 7.585456264335478 9.22189452677408 31.299999999999997
    endloop
  endfacet
  facet normal -0.9978589232386034 -0.06540312923014581 0
    outer loop
      vertex 7.585456264335478 9.22189452677408 31.299999999999997
      vertex 7.585456264335478 9.22189452677408 29.799999999999997
      vertex 7.6000000000000005 8.999999999999993 31.299999999999997
    endloop
  endfacet
  facet normal -0.9978589232386034 0.06540312923014581 6.49180916470506e-19
    outer loop
      vertex 7.585456264335478 8.778105473225907 31.299999999999997
      vertex 7.6000000000000005 8.999999999999993 31.299999999999997
      vertex 7.6000000000000005 8.999999999999993 29.799999999999997
    endloop
  endfacet
  facet normal -0.8968727415326891 -0.4422886902189996 0
    outer loop
      vertex 7.470595205269188 9.650561835020646 31.299999999999997
      vertex 7.372243186433546 9.849999999999994 29.799999999999997
      vertex 7.470595205269188 9.650561835020646 29.799999999999997
    endloop
  endfacet
  facet normal -0.9469301294951071 -0.32143946530315726 0
    outer loop
      vertex 7.542073904691416 9.439992376674276 31.299999999999997
      vertex 7.470595205269188 9.650561835020646 29.799999999999997
      vertex 7.542073904691416 9.439992376674276 29.799999999999997
    endloop
  endfacet
  facet normal -0.9807852804032304 -0.1950903220161284 0
    outer loop
      vertex 7.585456264335478 9.22189452677408 31.299999999999997
      vertex 7.542073904691416 9.439992376674276 29.799999999999997
      vertex 7.585456264335478 9.22189452677408 29.799999999999997
    endloop
  endfacet
  facet normal -0.9978589232386034 -0.06540312923014581 0
    outer loop
      vertex 7.6000000000000005 8.999999999999993 31.299999999999997
      vertex 7.585456264335478 9.22189452677408 29.799999999999997
      vertex 7.6000000000000005 8.999999999999993 29.799999999999997
    endloop
  endfacet
  facet normal -0.9978589232386034 0.06540312923014581 0
    outer loop
      vertex 7.585456264335478 8.778105473225907 31.299999999999997
      vertex 7.6000000000000005 8.999999999999993 29.799999999999997
      vertex 7.585456264335478 8.778105473225907 29.799999999999997
    endloop
  endfacet
  facet normal -0.9807852804032304 0.1950903220161284 0
    outer loop
      vertex 7.585456264335478 8.778105473225907 31.299999999999997
      vertex 7.585456264335478 8.778105473225907 29.799999999999997
      vertex 7.542073904691416 8.56000762332571 31.299999999999997
    endloop
  endfacet
  facet normal -0.9469301294951071 0.32143946530315726 0
    outer loop
      vertex 7.542073904691416 8.56000762332571 31.299999999999997
      vertex 7.542073904691416 8.56000762332571 29.799999999999997
      vertex 7.470595205269188 8.34943816497934 31.299999999999997
    endloop
  endfacet
  facet normal -0.8968727415326891 0.4422886902189996 0
    outer loop
      vertex 7.470595205269188 8.34943816497934 31.299999999999997
      vertex 7.470595205269188 8.34943816497934 29.799999999999997
      vertex 7.372243186433546 8.149999999999991 31.299999999999997
    endloop
  endfacet
  facet normal -0.7518398074789817 0.6593458151000638 -1.7644498185471505e-18
    outer loop
      vertex 7.102081528017131 7.797918471982861 31.299999999999997
      vertex 7.2487006784951 7.965105570685168 31.299999999999997
      vertex 7.2487006784951 7.965105570685168 29.799999999999997
    endloop
  endfacet
  facet normal -0.831469612302542 0.5555702330196071 0
    outer loop
      vertex 7.372243186433546 8.149999999999991 31.299999999999997
      vertex 7.372243186433546 8.149999999999991 29.799999999999997
      vertex 7.2487006784951 7.965105570685168 31.299999999999997
    endloop
  endfacet
  facet normal -0.9807852804032304 0.1950903220161284 0
    outer loop
      vertex 7.542073904691416 8.56000762332571 31.299999999999997
      vertex 7.585456264335478 8.778105473225907 29.799999999999997
      vertex 7.542073904691416 8.56000762332571 29.799999999999997
    endloop
  endfacet
  facet normal -0.9469301294951071 0.32143946530315726 0
    outer loop
      vertex 7.470595205269188 8.34943816497934 31.299999999999997
      vertex 7.542073904691416 8.56000762332571 29.799999999999997
      vertex 7.470595205269188 8.34943816497934 29.799999999999997
    endloop
  endfacet
  facet normal -0.7518398074789817 0.6593458151000638 0
    outer loop
      vertex 7.102081528017131 7.797918471982861 31.299999999999997
      vertex 7.2487006784951 7.965105570685168 29.799999999999997
      vertex 7.102081528017131 7.797918471982861 29.799999999999997
    endloop
  endfacet
  facet normal -0.8968727415326891 0.4422886902189996 0
    outer loop
      vertex 7.372243186433546 8.149999999999991 31.299999999999997
      vertex 7.470595205269188 8.34943816497934 29.799999999999997
      vertex 7.372243186433546 8.149999999999991 29.799999999999997
    endloop
  endfacet
  facet normal -0.831469612302542 0.5555702330196071 0
    outer loop
      vertex 7.2487006784951 7.965105570685168 31.299999999999997
      vertex 7.372243186433546 8.149999999999991 29.799999999999997
      vertex 7.2487006784951 7.965105570685168 29.799999999999997
    endloop
  endfacet
  facet normal 0 0 1
    outer loop
      vertex 4.427756813566455 9.849999999999994 29.799999999999997
      vertex 4.329404794730813 9.650561835020646 29.799999999999997
      vertex 4.329404794730813 8.34943816497934 29.799999999999997
    endloop
  endfacet
  facet normal 0 0 1
    outer loop
      vertex 4.551299321504901 10.034894429314818 29.799999999999997
      vertex 4.427756813566455 9.849999999999994 29.799999999999997
      vertex 4.427756813566455 8.149999999999991 29.799999999999997
    endloop
  endfacet
  facet normal 0 0 1
    outer loop
      vertex 4.551299321504901 10.034894429314818 29.799999999999997
      vertex 4.551299321504901 7.965105570685168 29.799999999999997
      vertex 4.697918471982869 10.202081528017125 29.799999999999997
    endloop
  endfacet
  facet normal 0 0 1
    outer loop
      vertex 4.329404794730813 9.650561835020646 29.799999999999997
      vertex 4.2579260953085845 9.439992376674276 29.799999999999997
      vertex 4.2579260953085845 8.56000762332571 29.799999999999997
    endloop
  endfacet
  facet normal 0 0 1
    outer loop
      vertex 4.2579260953085845 9.439992376674276 29.799999999999997
      vertex 4.214543735664523 9.22189452677408 29.799999999999997
      vertex 4.214543735664523 8.778105473225907 29.799999999999997
    endloop
  endfacet
  facet normal 0 0 1
    outer loop
      vertex 4.2 8.999999999999993 29.799999999999997
      vertex 4.214543735664523 8.778105473225907 29.799999999999997
      vertex 4.214543735664523 9.22189452677408 29.799999999999997
    endloop
  endfacet
  facet normal 0 0 1
    outer loop
      vertex 4.2579260953085845 9.439992376674276 29.799999999999997
      vertex 4.214543735664523 8.778105473225907 29.799999999999997
      vertex 4.2579260953085845 8.56000762332571 29.799999999999997
    endloop
  endfacet
  facet normal 0 0 1
    outer loop
      vertex 4.329404794730813 9.650561835020646 29.799999999999997
      vertex 4.2579260953085845 8.56000762332571 29.799999999999997
      vertex 4.329404794730813 8.34943816497934 29.799999999999997
    endloop
  endfacet
  facet normal 0 0 1
    outer loop
      vertex 4.427756813566455 9.849999999999994 29.799999999999997
      vertex 4.329404794730813 8.34943816497934 29.799999999999997
      vertex 4.427756813566455 8.149999999999991 29.799999999999997
    endloop
  endfacet
  facet normal 0 0 1
    outer loop
      vertex 5.050000000000001 10.472243186433538 29.799999999999997
      vertex 4.865105570685175 10.348700678495092 29.799999999999997
      vertex 4.865105570685175 7.651299321504894 29.799999999999997
    endloop
  endfacet
  facet normal 0 0 1
    outer loop
      vertex 4.697918471982869 10.202081528017125 29.799999999999997
      vertex 4.697918471982869 7.797918471982861 29.799999999999997
      vertex 4.865105570685175 10.348700678495092 29.799999999999997
    endloop
  endfacet
  facet normal 0 0 1
    outer loop
      vertex 5.050000000000001 10.472243186433538 29.799999999999997
      vertex 5.050000000000001 7.527756813566448 29.799999999999997
      vertex 5.249438164979348 10.570595205269179 29.799999999999997
    endloop
  endfacet
  facet normal 0 0 1
    outer loop
      vertex 5.249438164979348 10.570595205269179 29.799999999999997
      vertex 5.249438164979348 7.429404794730807 29.799999999999997
      vertex 5.4600076233257155 10.642073904691408 29.799999999999997
    endloop
  endfacet
  facet normal 0 0 1
    outer loop
      vertex 4.551299321504901 10.034894429314818 29.799999999999997
      vertex 4.427756813566455 8.149999999999991 29.799999999999997
      vertex 4.551299321504901 7.965105570685168 29.799999999999997
    endloop
  endfacet
  facet normal 0 0 1
    outer loop
      vertex 4.697918471982869 10.202081528017125 29.799999999999997
      vertex 4.551299321504901 7.965105570685168 29.799999999999997
      vertex 4.697918471982869 7.797918471982861 29.799999999999997
    endloop
  endfacet
  facet normal 0 0 1
    outer loop
      vertex 4.865105570685175 10.348700678495092 29.799999999999997
      vertex 4.697918471982869 7.797918471982861 29.799999999999997
      vertex 4.865105570685175 7.651299321504894 29.799999999999997
    endloop
  endfacet
  facet normal 0 0 1
    outer loop
      vertex 5.050000000000001 10.472243186433538 29.799999999999997
      vertex 4.865105570685175 7.651299321504894 29.799999999999997
      vertex 5.050000000000001 7.527756813566448 29.799999999999997
    endloop
  endfacet
  facet normal 0 0 1
    outer loop
      vertex 5.249438164979348 10.570595205269179 29.799999999999997
      vertex 5.050000000000001 7.527756813566448 29.799999999999997
      vertex 5.249438164979348 7.429404794730807 29.799999999999997
    endloop
  endfacet
  facet normal 0 0 1
    outer loop
      vertex 5.4600076233257155 10.642073904691408 29.799999999999997
      vertex 5.249438164979348 7.429404794730807 29.799999999999997
      vertex 5.4600076233257155 7.357926095308578 29.799999999999997
    endloop
  endfacet
  facet normal 0 0 1
    outer loop
      vertex 5.4600076233257155 10.642073904691408 29.799999999999997
      vertex 5.4600076233257155 7.357926095308578 29.799999999999997
      vertex 5.678105473225913 10.685456264335471 29.799999999999997
    endloop
  endfacet
  facet normal 0 0 1
    outer loop
      vertex 5.9 10.699999999999996 29.799999999999997
      vertex 5.678105473225913 10.685456264335471 29.799999999999997
      vertex 5.678105473225913 7.314543735664515 29.799999999999997
    endloop
  endfacet
  facet normal 0 0 1
    outer loop
      vertex 5.9 10.699999999999996 29.799999999999997
      vertex 5.9 7.29999999999999 29.799999999999997
      vertex 6.121894526774088 10.685456264335471 29.799999999999997
    endloop
  endfacet
  facet normal 0 0 1
    outer loop
      vertex 6.121894526774088 10.685456264335471 29.799999999999997
      vertex 6.121894526774088 7.314543735664515 29.799999999999997
      vertex 6.339992376674285 10.642073904691408 29.799999999999997
    endloop
  endfacet
  facet normal 0 0 1
    outer loop
      vertex 6.339992376674285 10.642073904691408 29.799999999999997
      vertex 6.339992376674285 7.357926095308578 29.799999999999997
      vertex 6.550561835020653 10.570595205269179 29.799999999999997
    endloop
  endfacet
  facet normal 0 0 1
    outer loop
      vertex 6.550561835020653 10.570595205269179 29.799999999999997
      vertex 6.550561835020653 7.429404794730807 29.799999999999997
      vertex 6.75 10.472243186433538 29.799999999999997
    endloop
  endfacet
  facet normal 0 0 1
    outer loop
      vertex 6.75 10.472243186433538 29.799999999999997
      vertex 6.75 7.527756813566448 29.799999999999997
      vertex 6.934894429314825 10.348700678495092 29.799999999999997
    endloop
  endfacet
  facet normal 0 0 1
    outer loop
      vertex 5.678105473225913 10.685456264335471 29.799999999999997
      vertex 5.4600076233257155 7.357926095308578 29.799999999999997
      vertex 5.678105473225913 7.314543735664515 29.799999999999997
    endloop
  endfacet
  facet normal 0 0 1
    outer loop
      vertex 5.9 10.699999999999996 29.799999999999997
      vertex 5.678105473225913 7.314543735664515 29.799999999999997
      vertex 5.9 7.29999999999999 29.799999999999997
    endloop
  endfacet
  facet normal 0 0 1
    outer loop
      vertex 6.121894526774088 10.685456264335471 29.799999999999997
      vertex 5.9 7.29999999999999 29.799999999999997
      vertex 6.121894526774088 7.314543735664515 29.799999999999997
    endloop
  endfacet
  facet normal 0 0 1
    outer loop
      vertex 6.339992376674285 10.642073904691408 29.799999999999997
      vertex 6.121894526774088 7.314543735664515 29.799999999999997
      vertex 6.339992376674285 7.357926095308578 29.799999999999997
    endloop
  endfacet
  facet normal 0 0 1
    outer loop
      vertex 6.550561835020653 10.570595205269179 29.799999999999997
      vertex 6.339992376674285 7.357926095308578 29.799999999999997
      vertex 6.550561835020653 7.429404794730807 29.799999999999997
    endloop
  endfacet
  facet normal 0 0 1
    outer loop
      vertex 6.934894429314825 10.348700678495092 29.799999999999997
      vertex 6.75 7.527756813566448 29.799999999999997
      vertex 6.934894429314825 7.651299321504894 29.799999999999997
    endloop
  endfacet
  facet normal 0 0 1
    outer loop
      vertex 6.75 10.472243186433538 29.799999999999997
      vertex 6.550561835020653 7.429404794730807 29.799999999999997
      vertex 6.75 7.527756813566448 29.799999999999997
    endloop
  endfacet
  facet normal 0 0 1
    outer loop
      vertex 6.934894429314825 10.348700678495092 29.799999999999997
      vertex 6.934894429314825 7.651299321504894 29.799999999999997
      vertex 7.102081528017131 10.202081528017125 29.799999999999997
    endloop
  endfacet
  facet normal 0 0 1
    outer loop
      vertex 7.102081528017131 10.202081528017125 29.799999999999997
      vertex 7.102081528017131 7.797918471982861 29.799999999999997
      vertex 7.2487006784951 10.034894429314818 29.799999999999997
    endloop
  endfacet
  facet normal 0 0 1
    outer loop
      vertex 7.2487006784951 10.034894429314818 29.799999999999997
      vertex 7.2487006784951 7.965105570685168 29.799999999999997
      vertex 7.372243186433546 9.849999999999994 29.799999999999997
    endloop
  endfacet
  facet normal 0 0 1
    outer loop
      vertex 7.372243186433546 9.849999999999994 29.799999999999997
      vertex 7.372243186433546 8.149999999999991 29.799999999999997
      vertex 7.470595205269188 9.650561835020646 29.799999999999997
    endloop
  endfacet
  facet normal 0 0 1
    outer loop
      vertex 7.470595205269188 9.650561835020646 29.799999999999997
      vertex 7.470595205269188 8.34943816497934 29.799999999999997
      vertex 7.542073904691416 9.439992376674276 29.799999999999997
    endloop
  endfacet
  facet normal 0 0 1
    outer loop
      vertex 7.542073904691416 9.439992376674276 29.799999999999997
      vertex 7.542073904691416 8.56000762332571 29.799999999999997
      vertex 7.585456264335478 9.22189452677408 29.799999999999997
    endloop
  endfacet
  facet normal 0 0 1
    outer loop
      vertex 7.585456264335478 9.22189452677408 29.799999999999997
      vertex 7.542073904691416 8.56000762332571 29.799999999999997
      vertex 7.585456264335478 8.778105473225907 29.799999999999997
    endloop
  endfacet
  facet normal 0 0 1
    outer loop
      vertex 7.542073904691416 9.439992376674276 29.799999999999997
      vertex 7.470595205269188 8.34943816497934 29.799999999999997
      vertex 7.542073904691416 8.56000762332571 29.799999999999997
    endloop
  endfacet
  facet normal 0 0 1
    outer loop
      vertex 7.585456264335478 9.22189452677408 29.799999999999997
      vertex 7.585456264335478 8.778105473225907 29.799999999999997
      vertex 7.6000000000000005 8.999999999999993 29.799999999999997
    endloop
  endfacet
  facet normal 0 0 1
    outer loop
      vertex 7.102081528017131 10.202081528017125 29.799999999999997
      vertex 6.934894429314825 7.651299321504894 29.799999999999997
      vertex 7.102081528017131 7.797918471982861 29.799999999999997
    endloop
  endfacet
  facet normal 0 0 1
    outer loop
      vertex 7.2487006784951 10.034894429314818 29.799999999999997
      vertex 7.102081528017131 7.797918471982861 29.799999999999997
      vertex 7.2487006784951 7.965105570685168 29.799999999999997
    endloop
  endfacet
  facet normal 0 0 1
    outer loop
      vertex 7.372243186433546 9.849999999999994 29.799999999999997
      vertex 7.2487006784951 7.965105570685168 29.799999999999997
      vertex 7.372243186433546 8.149999999999991 29.799999999999997
    endloop
  endfacet
  facet normal 0 0 1
    outer loop
      vertex 7.470595205269188 9.650561835020646 29.799999999999997
      vertex 7.372243186433546 8.149999999999991 29.799999999999997
      vertex 7.470595205269188 8.34943816497934 29.799999999999997
    endloop
  endfacet
  facet normal 0.6593458151000636 0.7518398074789819 -5.1587202117404355e-18
    outer loop
      vertex 4.697918471982869 7.797918471982861 31.299999999999997
      vertex 4.865105570685175 7.651299321504894 31.299999999999997
      vertex 4.865105570685175 7.651299321504894 29.799999999999997
    endloop
  endfacet
  facet normal 0.5555702330196005 0.8314696123025463 4.6891426228799534e-18
    outer loop
      vertex 4.865105570685175 7.651299321504894 31.299999999999997
      vertex 5.050000000000001 7.527756813566448 31.299999999999997
      vertex 5.050000000000001 7.527756813566448 29.799999999999997
    endloop
  endfacet
  facet normal 0.44228869021899797 0.89687274153269 4.685861735205519e-18
    outer loop
      vertex 5.050000000000001 7.527756813566448 31.299999999999997
      vertex 5.249438164979348 7.429404794730807 31.299999999999997
      vertex 5.249438164979348 7.429404794730807 29.799999999999997
    endloop
  endfacet
  facet normal 0.32143946530316453 0.9469301294951047 1.3713961847630058e-18
    outer loop
      vertex 5.249438164979348 7.429404794730807 31.299999999999997
      vertex 5.4600076233257155 7.357926095308578 31.299999999999997
      vertex 5.4600076233257155 7.357926095308578 29.799999999999997
    endloop
  endfacet
  facet normal 0.6593458151000636 0.7518398074789819 0
    outer loop
      vertex 4.697918471982869 7.797918471982861 31.299999999999997
      vertex 4.865105570685175 7.651299321504894 29.799999999999997
      vertex 4.697918471982869 7.797918471982861 29.799999999999997
    endloop
  endfacet
  facet normal 0.5555702330196005 0.8314696123025463 0
    outer loop
      vertex 4.865105570685175 7.651299321504894 31.299999999999997
      vertex 5.050000000000001 7.527756813566448 29.799999999999997
      vertex 4.865105570685175 7.651299321504894 29.799999999999997
    endloop
  endfacet
  facet normal 0.44228869021899797 0.89687274153269 0
    outer loop
      vertex 5.050000000000001 7.527756813566448 31.299999999999997
      vertex 5.249438164979348 7.429404794730807 29.799999999999997
      vertex 5.050000000000001 7.527756813566448 29.799999999999997
    endloop
  endfacet
  facet normal 0.32143946530316453 0.9469301294951047 0
    outer loop
      vertex 5.249438164979348 7.429404794730807 31.299999999999997
      vertex 5.4600076233257155 7.357926095308578 29.799999999999997
      vertex 5.249438164979348 7.429404794730807 29.799999999999997
    endloop
  endfacet
  facet normal 0.1950903220161353 0.9807852804032291 -8.866076426889731e-19
    outer loop
      vertex 5.4600076233257155 7.357926095308578 31.299999999999997
      vertex 5.678105473225913 7.314543735664515 31.299999999999997
      vertex 5.678105473225913 7.314543735664515 29.799999999999997
    endloop
  endfacet
  facet normal 0.06540312923015351 0.9978589232386029 -2.1434063877292315e-19
    outer loop
      vertex 5.678105473225913 7.314543735664515 31.299999999999997
      vertex 5.9 7.29999999999999 31.299999999999997
      vertex 5.9 7.29999999999999 29.799999999999997
    endloop
  endfacet
  facet normal -0.06540312923015351 0.9978589232386029 2.1434063877292315e-19
    outer loop
      vertex 5.9 7.29999999999999 31.299999999999997
      vertex 6.121894526774088 7.314543735664515 31.299999999999997
      vertex 6.121894526774088 7.314543735664515 29.799999999999997
    endloop
  endfacet
  facet normal -0.1950903220161353 0.9807852804032291 8.866076426889731e-19
    outer loop
      vertex 6.121894526774088 7.314543735664515 31.299999999999997
      vertex 6.339992376674285 7.357926095308578 31.299999999999997
      vertex 6.339992376674285 7.357926095308578 29.799999999999997
    endloop
  endfacet
  facet normal -0.32143946530316453 0.9469301294951047 -1.3713961847630058e-18
    outer loop
      vertex 6.339992376674285 7.357926095308578 31.299999999999997
      vertex 6.550561835020653 7.429404794730807 31.299999999999997
      vertex 6.550561835020653 7.429404794730807 29.799999999999997
    endloop
  endfacet
  facet normal -0.5555702330196005 0.8314696123025463 -4.6891426228799534e-18
    outer loop
      vertex 6.75 7.527756813566448 31.299999999999997
      vertex 6.934894429314825 7.651299321504894 31.299999999999997
      vertex 6.934894429314825 7.651299321504894 29.799999999999997
    endloop
  endfacet
  facet normal -0.44228869021899797 0.89687274153269 -4.685861735205519e-18
    outer loop
      vertex 6.550561835020653 7.429404794730807 31.299999999999997
      vertex 6.75 7.527756813566448 31.299999999999997
      vertex 6.75 7.527756813566448 29.799999999999997
    endloop
  endfacet
  facet normal 0.1950903220161353 0.9807852804032291 0
    outer loop
      vertex 5.4600076233257155 7.357926095308578 31.299999999999997
      vertex 5.678105473225913 7.314543735664515 29.799999999999997
      vertex 5.4600076233257155 7.357926095308578 29.799999999999997
    endloop
  endfacet
  facet normal 0.06540312923015351 0.9978589232386029 0
    outer loop
      vertex 5.678105473225913 7.314543735664515 31.299999999999997
      vertex 5.9 7.29999999999999 29.799999999999997
      vertex 5.678105473225913 7.314543735664515 29.799999999999997
    endloop
  endfacet
  facet normal -0.06540312923015351 0.9978589232386029 0
    outer loop
      vertex 5.9 7.29999999999999 31.299999999999997
      vertex 6.121894526774088 7.314543735664515 29.799999999999997
      vertex 5.9 7.29999999999999 29.799999999999997
    endloop
  endfacet
  facet normal -0.1950903220161353 0.9807852804032291 0
    outer loop
      vertex 6.121894526774088 7.314543735664515 31.299999999999997
      vertex 6.339992376674285 7.357926095308578 29.799999999999997
      vertex 6.121894526774088 7.314543735664515 29.799999999999997
    endloop
  endfacet
  facet normal -0.32143946530316453 0.9469301294951047 0
    outer loop
      vertex 6.339992376674285 7.357926095308578 31.299999999999997
      vertex 6.550561835020653 7.429404794730807 29.799999999999997
      vertex 6.339992376674285 7.357926095308578 29.799999999999997
    endloop
  endfacet
  facet normal -0.5555702330196005 0.8314696123025463 0
    outer loop
      vertex 6.75 7.527756813566448 31.299999999999997
      vertex 6.934894429314825 7.651299321504894 29.799999999999997
      vertex 6.75 7.527756813566448 29.799999999999997
    endloop
  endfacet
  facet normal -0.44228869021899797 0.89687274153269 0
    outer loop
      vertex 6.550561835020653 7.429404794730807 31.299999999999997
      vertex 6.75 7.527756813566448 29.799999999999997
      vertex 6.550561835020653 7.429404794730807 29.799999999999997
    endloop
  endfacet
  facet normal -0.6593458151000636 0.7518398074789819 0
    outer loop
      vertex 7.102081528017131 7.797918471982861 31.299999999999997
      vertex 7.102081528017131 7.797918471982861 29.799999999999997
      vertex 6.934894429314825 7.651299321504894 31.299999999999997
    endloop
  endfacet
  facet normal -0.6593458151000636 0.7518398074789819 5.1587202117404355e-18
    outer loop
      vertex 7.102081528017131 7.797918471982861 29.799999999999997
      vertex 6.934894429314825 7.651299321504894 29.799999999999997
      vertex 6.934894429314825 7.651299321504894 31.299999999999997
    endloop
  endfacet
  facet normal 0.8968727415326907 -0.44228869021899636 -2.8331984920359723e-18
    outer loop
      vertex 62.427756813566454 58.849999999999994 31.299999999999997
      vertex 62.32940479473081 58.650561835020646 31.299999999999997
      vertex 62.32940479473081 58.650561835020646 29.799999999999997
    endloop
  endfacet
  facet normal 0.946930129495106 -0.32143946530316087 -2.4568736359419175e-18
    outer loop
      vertex 62.32940479473081 58.650561835020646 31.299999999999997
      vertex 62.257926095308584 58.439992376674276 31.299999999999997
      vertex 62.257926095308584 58.439992376674276 29.799999999999997
    endloop
  endfacet
  facet normal 0.8968727415326907 -0.44228869021899636 0
    outer loop
      vertex 62.427756813566454 58.849999999999994 31.299999999999997
      vertex 62.32940479473081 58.650561835020646 29.799999999999997
      vertex 62.427756813566454 58.849999999999994 29.799999999999997
    endloop
  endfacet
  facet normal 0.946930129495106 -0.32143946530316087 0
    outer loop
      vertex 62.32940479473081 58.650561835020646 31.299999999999997
      vertex 62.257926095308584 58.439992376674276 29.799999999999997
      vertex 62.32940479473081 58.650561835020646 29.799999999999997
    endloop
  endfacet
  facet normal 0.9807852804032288 -0.19509032201613605 0
    outer loop
      vertex 62.257926095308584 58.439992376674276 31.299999999999997
      vertex 62.21454373566452 58.22189452677408 29.799999999999997
      vertex 62.257926095308584 58.439992376674276 29.799999999999997
    endloop
  endfacet
  facet normal 0.5555702330196043 -0.8314696123025439 0
    outer loop
      vertex 62.865105570685174 59.34870067849509 31.299999999999997
      vertex 62.865105570685174 59.34870067849509 29.799999999999997
      vertex 63.05 59.47224318643354 31.299999999999997
    endloop
  endfacet
  facet normal 0.44228869021899636 -0.8968727415326907 0
    outer loop
      vertex 63.05 59.47224318643354 31.299999999999997
      vertex 63.05 59.47224318643354 29.799999999999997
      vertex 63.249438164979345 59.57059520526918 31.299999999999997
    endloop
  endfacet
  facet normal 0.32143946530316087 -0.946930129495106 0
    outer loop
      vertex 63.249438164979345 59.57059520526918 31.299999999999997
      vertex 63.249438164979345 59.57059520526918 29.799999999999997
      vertex 63.460007623325716 59.64207390469141 31.299999999999997
    endloop
  endfacet
  facet normal 0.19509032201613605 -0.9807852804032288 0
    outer loop
      vertex 63.460007623325716 59.64207390469141 31.299999999999997
      vertex 63.460007623325716 59.64207390469141 29.799999999999997
      vertex 63.67810547322591 59.68545626433547 31.299999999999997
    endloop
  endfacet
  facet normal 0.06540312923012195 -0.9978589232386048 0
    outer loop
      vertex 63.67810547322591 59.68545626433547 31.299999999999997
      vertex 63.67810547322591 59.68545626433547 29.799999999999997
      vertex 63.9 59.69999999999999 31.299999999999997
    endloop
  endfacet
  facet normal 0.6593458151000616 -0.7518398074789837 0
    outer loop
      vertex 62.865105570685174 59.34870067849509 31.299999999999997
      vertex 62.69791847198287 59.202081528017125 29.799999999999997
      vertex 62.865105570685174 59.34870067849509 29.799999999999997
    endloop
  endfacet
  facet normal 0.5555702330196043 -0.8314696123025439 0
    outer loop
      vertex 63.05 59.47224318643354 31.299999999999997
      vertex 62.865105570685174 59.34870067849509 29.799999999999997
      vertex 63.05 59.47224318643354 29.799999999999997
    endloop
  endfacet
  facet normal 0.44228869021899636 -0.8968727415326907 0
    outer loop
      vertex 63.249438164979345 59.57059520526918 31.299999999999997
      vertex 63.05 59.47224318643354 29.799999999999997
      vertex 63.249438164979345 59.57059520526918 29.799999999999997
    endloop
  endfacet
  facet normal 0.32143946530316087 -0.946930129495106 0
    outer loop
      vertex 63.460007623325716 59.64207390469141 31.299999999999997
      vertex 63.249438164979345 59.57059520526918 29.799999999999997
      vertex 63.460007623325716 59.64207390469141 29.799999999999997
    endloop
  endfacet
  facet normal 0.19509032201613605 -0.9807852804032288 0
    outer loop
      vertex 63.67810547322591 59.68545626433547 31.299999999999997
      vertex 63.460007623325716 59.64207390469141 29.799999999999997
      vertex 63.67810547322591 59.68545626433547 29.799999999999997
    endloop
  endfacet
  facet normal 0.06540312923012195 -0.9978589232386048 0
    outer loop
      vertex 63.9 59.69999999999999 31.299999999999997
      vertex 63.67810547322591 59.68545626433547 29.799999999999997
      vertex 63.9 59.69999999999999 29.799999999999997
    endloop
  endfacet
  facet normal 0.7518398074789837 -0.6593458151000616 3.168975399873456e-19
    outer loop
      vertex 62.69791847198287 59.202081528017125 31.299999999999997
      vertex 62.5512993215049 59.03489442931482 31.299999999999997
      vertex 62.5512993215049 59.03489442931482 29.799999999999997
    endloop
  endfacet
  facet normal 0.6593458151000616 -0.7518398074789837 3.168975399873456e-19
    outer loop
      vertex 62.865105570685174 59.34870067849509 31.299999999999997
      vertex 62.69791847198287 59.202081528017125 31.299999999999997
      vertex 62.69791847198287 59.202081528017125 29.799999999999997
    endloop
  endfacet
  facet normal 0.8314696123025439 -0.5555702330196043 0
    outer loop
      vertex 62.427756813566454 58.849999999999994 31.299999999999997
      vertex 62.427756813566454 58.849999999999994 29.799999999999997
      vertex 62.5512993215049 59.03489442931482 31.299999999999997
    endloop
  endfacet
  facet normal 0.7518398074789837 -0.6593458151000616 0
    outer loop
      vertex 62.69791847198287 59.202081528017125 31.299999999999997
      vertex 62.5512993215049 59.03489442931482 29.799999999999997
      vertex 62.69791847198287 59.202081528017125 29.799999999999997
    endloop
  endfacet
  facet normal 0.8314696123025439 -0.5555702330196043 0
    outer loop
      vertex 62.5512993215049 59.03489442931482 31.299999999999997
      vertex 62.427756813566454 58.849999999999994 29.799999999999997
      vertex 62.5512993215049 59.03489442931482 29.799999999999997
    endloop
  endfacet
  facet normal -0.06540312923012195 -0.9978589232386048 0
    outer loop
      vertex 63.9 59.69999999999999 31.299999999999997
      vertex 63.9 59.69999999999999 29.799999999999997
      vertex 64.12189452677408 59.68545626433547 31.299999999999997
    endloop
  endfacet
  facet normal -0.19509032201612994 -0.9807852804032301 0
    outer loop
      vertex 64.12189452677408 59.68545626433547 31.299999999999997
      vertex 64.12189452677408 59.68545626433547 29.799999999999997
      vertex 64.33999237667429 59.64207390469141 31.299999999999997
    endloop
  endfacet
  facet normal -0.3214394653031803 -0.9469301294950992 0
    outer loop
      vertex 64.33999237667429 59.64207390469141 31.299999999999997
      vertex 64.33999237667429 59.64207390469141 29.799999999999997
      vertex 64.55056183502064 59.57059520526918 31.299999999999997
    endloop
  endfacet
  facet normal -0.4422886902189837 -0.8968727415326969 0
    outer loop
      vertex 64.55056183502064 59.57059520526918 31.299999999999997
      vertex 64.55056183502064 59.57059520526918 29.799999999999997
      vertex 64.75 59.47224318643354 31.299999999999997
    endloop
  endfacet
  facet normal -0.5555702330196043 -0.8314696123025439 0
    outer loop
      vertex 64.75 59.47224318643354 31.299999999999997
      vertex 64.75 59.47224318643354 29.799999999999997
      vertex 64.93489442931482 59.34870067849509 31.299999999999997
    endloop
  endfacet
  facet normal -0.6593458151000775 -0.7518398074789698 0
    outer loop
      vertex 64.93489442931482 59.34870067849509 31.299999999999997
      vertex 64.93489442931482 59.34870067849509 29.799999999999997
      vertex 65.10208152801712 59.202081528017125 31.299999999999997
    endloop
  endfacet
  facet normal -0.06540312923012195 -0.9978589232386048 0
    outer loop
      vertex 64.12189452677408 59.68545626433547 31.299999999999997
      vertex 63.9 59.69999999999999 29.799999999999997
      vertex 64.12189452677408 59.68545626433547 29.799999999999997
    endloop
  endfacet
  facet normal -0.19509032201612994 -0.9807852804032301 0
    outer loop
      vertex 64.33999237667429 59.64207390469141 31.299999999999997
      vertex 64.12189452677408 59.68545626433547 29.799999999999997
      vertex 64.33999237667429 59.64207390469141 29.799999999999997
    endloop
  endfacet
  facet normal -0.3214394653031803 -0.9469301294950992 0
    outer loop
      vertex 64.55056183502064 59.57059520526918 31.299999999999997
      vertex 64.33999237667429 59.64207390469141 29.799999999999997
      vertex 64.55056183502064 59.57059520526918 29.799999999999997
    endloop
  endfacet
  facet normal -0.4422886902189837 -0.8968727415326969 0
    outer loop
      vertex 64.75 59.47224318643354 31.299999999999997
      vertex 64.55056183502064 59.57059520526918 29.799999999999997
      vertex 64.75 59.47224318643354 29.799999999999997
    endloop
  endfacet
  facet normal -0.5555702330196043 -0.8314696123025439 0
    outer loop
      vertex 64.93489442931482 59.34870067849509 31.299999999999997
      vertex 64.75 59.47224318643354 29.799999999999997
      vertex 64.93489442931482 59.34870067849509 29.799999999999997
    endloop
  endfacet
  facet normal -0.751839807478968 -0.6593458151000797 0
    outer loop
      vertex 65.10208152801712 59.202081528017125 31.299999999999997
      vertex 65.10208152801712 59.202081528017125 29.799999999999997
      vertex 65.2487006784951 59.03489442931482 31.299999999999997
    endloop
  endfacet
  facet normal -0.8314696123025291 -0.5555702330196264 0
    outer loop
      vertex 65.2487006784951 59.03489442931482 31.299999999999997
      vertex 65.2487006784951 59.03489442931482 29.799999999999997
      vertex 65.37224318643355 58.849999999999994 31.299999999999997
    endloop
  endfacet
  facet normal -0.6593458151000775 -0.7518398074789698 0
    outer loop
      vertex 65.10208152801712 59.202081528017125 31.299999999999997
      vertex 64.93489442931482 59.34870067849509 29.799999999999997
      vertex 65.10208152801712 59.202081528017125 29.799999999999997
    endloop
  endfacet
  facet normal -0.751839807478968 -0.6593458151000797 0
    outer loop
      vertex 65.2487006784951 59.03489442931482 31.299999999999997
      vertex 65.10208152801712 59.202081528017125 29.799999999999997
      vertex 65.2487006784951 59.03489442931482 29.799999999999997
    endloop
  endfacet
  facet normal 0.9807852804032288 -0.19509032201613605 -2.147342762410617e-19
    outer loop
      vertex 62.257926095308584 58.439992376674276 31.299999999999997
      vertex 62.21454373566452 58.22189452677408 31.299999999999997
      vertex 62.21454373566452 58.22189452677408 29.799999999999997
    endloop
  endfacet
  facet normal 0.9978589232386029 -0.06540312923015378 4.931361699050321e-19
    outer loop
      vertex 62.21454373566452 58.22189452677408 31.299999999999997
      vertex 62.199999999999996 57.99999999999999 31.299999999999997
      vertex 62.199999999999996 57.99999999999999 29.799999999999997
    endloop
  endfacet
  facet normal 0.9978589232386029 0.06540312923015378 -4.931361699050321e-19
    outer loop
      vertex 62.199999999999996 57.99999999999999 31.299999999999997
      vertex 62.21454373566452 57.77810547322591 31.299999999999997
      vertex 62.21454373566452 57.77810547322591 29.799999999999997
    endloop
  endfacet
  facet normal 0.9807852804032301 0.19509032201612994 1.805392926539198e-18
    outer loop
      vertex 62.21454373566452 57.77810547322591 31.299999999999997
      vertex 62.257926095308584 57.5600076233257 31.299999999999997
      vertex 62.257926095308584 57.5600076233257 29.799999999999997
    endloop
  endfacet
  facet normal 0.9469301294951026 0.3214394653031706 1.2958327664212058e-18
    outer loop
      vertex 62.257926095308584 57.5600076233257 31.299999999999997
      vertex 62.32940479473081 57.34943816497934 31.299999999999997
      vertex 62.32940479473081 57.34943816497934 29.799999999999997
    endloop
  endfacet
  facet normal 0.9978589232386029 -0.06540312923015378 0
    outer loop
      vertex 62.21454373566452 58.22189452677408 31.299999999999997
      vertex 62.199999999999996 57.99999999999999 29.799999999999997
      vertex 62.21454373566452 58.22189452677408 29.799999999999997
    endloop
  endfacet
  facet normal 0.9978589232386029 0.06540312923015378 0
    outer loop
      vertex 62.199999999999996 57.99999999999999 31.299999999999997
      vertex 62.21454373566452 57.77810547322591 29.799999999999997
      vertex 62.199999999999996 57.99999999999999 29.799999999999997
    endloop
  endfacet
  facet normal 0.9807852804032301 0.19509032201612994 0
    outer loop
      vertex 62.21454373566452 57.77810547322591 31.299999999999997
      vertex 62.257926095308584 57.5600076233257 29.799999999999997
      vertex 62.21454373566452 57.77810547322591 29.799999999999997
    endloop
  endfacet
  facet normal 0.9469301294951026 0.3214394653031706 0
    outer loop
      vertex 62.257926095308584 57.5600076233257 31.299999999999997
      vertex 62.32940479473081 57.34943816497934 29.799999999999997
      vertex 62.257926095308584 57.5600076233257 29.799999999999997
    endloop
  endfacet
  facet normal 0.8968727415326907 0.44228869021899636 2.8331984920359723e-18
    outer loop
      vertex 62.32940479473081 57.34943816497934 31.299999999999997
      vertex 62.427756813566454 57.14999999999999 31.299999999999997
      vertex 62.427756813566454 57.14999999999999 29.799999999999997
    endloop
  endfacet
  facet normal 0.8968727415326907 0.44228869021899636 0
    outer loop
      vertex 62.32940479473081 57.34943816497934 31.299999999999997
      vertex 62.427756813566454 57.14999999999999 29.799999999999997
      vertex 62.32940479473081 57.34943816497934 29.799999999999997
    endloop
  endfacet
  facet normal 0.8314696123025439 0.5555702330196043 -3.0727513606765277e-18
    outer loop
      vertex 62.427756813566454 57.14999999999999 31.299999999999997
      vertex 62.5512993215049 56.96510557068517 31.299999999999997
      vertex 62.5512993215049 56.96510557068517 29.799999999999997
    endloop
  endfacet
  facet normal 0.7518398074789837 0.6593458151000616 -3.168975399873456e-19
    outer loop
      vertex 62.5512993215049 56.96510557068517 31.299999999999997
      vertex 62.69791847198287 56.79791847198286 31.299999999999997
      vertex 62.69791847198287 56.79791847198286 29.799999999999997
    endloop
  endfacet
  facet normal 0.6593458151000616 0.7518398074789837 -3.168975399873456e-19
    outer loop
      vertex 62.69791847198287 56.79791847198286 31.299999999999997
      vertex 62.865105570685174 56.651299321504894 31.299999999999997
      vertex 62.865105570685174 56.651299321504894 29.799999999999997
    endloop
  endfacet
  facet normal 0.5555702330196043 0.8314696123025439 -3.0727513606765277e-18
    outer loop
      vertex 62.865105570685174 56.651299321504894 31.299999999999997
      vertex 63.05 56.52775681356645 31.299999999999997
      vertex 63.05 56.52775681356645 29.799999999999997
    endloop
  endfacet
  facet normal 0.44228869021902206 0.896872741532678 -1.840791447335623e-18
    outer loop
      vertex 63.05 56.52775681356645 31.299999999999997
      vertex 63.249438164979345 56.4294047947308 31.299999999999997
      vertex 63.249438164979345 56.4294047947308 29.799999999999997
    endloop
  endfacet
  facet normal 0.32143946530313217 0.9469301294951156 -1.8247288002452312e-19
    outer loop
      vertex 63.249438164979345 56.4294047947308 31.299999999999997
      vertex 63.460007623325716 56.35792609530858 31.299999999999997
      vertex 63.460007623325716 56.35792609530858 29.799999999999997
    endloop
  endfacet
  facet normal 0.8314696123025439 0.5555702330196043 0
    outer loop
      vertex 62.427756813566454 57.14999999999999 31.299999999999997
      vertex 62.5512993215049 56.96510557068517 29.799999999999997
      vertex 62.427756813566454 57.14999999999999 29.799999999999997
    endloop
  endfacet
  facet normal 0.7518398074789837 0.6593458151000616 0
    outer loop
      vertex 62.5512993215049 56.96510557068517 31.299999999999997
      vertex 62.69791847198287 56.79791847198286 29.799999999999997
      vertex 62.5512993215049 56.96510557068517 29.799999999999997
    endloop
  endfacet
  facet normal 0.6593458151000616 0.7518398074789837 0
    outer loop
      vertex 62.69791847198287 56.79791847198286 31.299999999999997
      vertex 62.865105570685174 56.651299321504894 29.799999999999997
      vertex 62.69791847198287 56.79791847198286 29.799999999999997
    endloop
  endfacet
  facet normal 0.5555702330196043 0.8314696123025439 0
    outer loop
      vertex 62.865105570685174 56.651299321504894 31.299999999999997
      vertex 63.05 56.52775681356645 29.799999999999997
      vertex 62.865105570685174 56.651299321504894 29.799999999999997
    endloop
  endfacet
  facet normal 0.44228869021902206 0.896872741532678 0
    outer loop
      vertex 63.05 56.52775681356645 31.299999999999997
      vertex 63.249438164979345 56.4294047947308 29.799999999999997
      vertex 63.05 56.52775681356645 29.799999999999997
    endloop
  endfacet
  facet normal 0.32143946530313217 0.9469301294951156 0
    outer loop
      vertex 63.249438164979345 56.4294047947308 31.299999999999997
      vertex 63.460007623325716 56.35792609530858 29.799999999999997
      vertex 63.249438164979345 56.4294047947308 29.799999999999997
    endloop
  endfacet
  facet normal -0.32143946530315165 0.946930129495109 0
    outer loop
      vertex 64.55056183502064 56.4294047947308 31.299999999999997
      vertex 64.55056183502064 56.4294047947308 29.799999999999997
      vertex 64.33999237667429 56.35792609530858 31.299999999999997
    endloop
  endfacet
  facet normal -0.751839807478968 0.6593458151000797 0
    outer loop
      vertex 65.2487006784951 56.96510557068517 31.299999999999997
      vertex 65.2487006784951 56.96510557068517 29.799999999999997
      vertex 65.10208152801712 56.79791847198286 31.299999999999997
    endloop
  endfacet
  facet normal -0.44228869021900935 0.8968727415326843 -4.140690610633493e-18
    outer loop
      vertex 64.55056183502064 56.4294047947308 31.299999999999997
      vertex 64.75 56.52775681356645 31.299999999999997
      vertex 64.75 56.52775681356645 29.799999999999997
    endloop
  endfacet
  facet normal -0.5555702330196043 0.8314696123025439 0
    outer loop
      vertex 64.93489442931482 56.651299321504894 31.299999999999997
      vertex 64.93489442931482 56.651299321504894 29.799999999999997
      vertex 64.75 56.52775681356645 31.299999999999997
    endloop
  endfacet
  facet normal -0.6593458151000775 0.7518398074789698 -2.5540970929420358e-18
    outer loop
      vertex 64.93489442931482 56.651299321504894 31.299999999999997
      vertex 65.10208152801712 56.79791847198286 31.299999999999997
      vertex 65.10208152801712 56.79791847198286 29.799999999999997
    endloop
  endfacet
  facet normal -0.32143946530315165 0.946930129495109 0
    outer loop
      vertex 64.33999237667429 56.35792609530858 31.299999999999997
      vertex 64.55056183502064 56.4294047947308 29.799999999999997
      vertex 64.33999237667429 56.35792609530858 29.799999999999997
    endloop
  endfacet
  facet normal -0.8314696123025291 0.5555702330196264 0
    outer loop
      vertex 65.2487006784951 56.96510557068517 31.299999999999997
      vertex 65.37224318643355 57.14999999999999 29.799999999999997
      vertex 65.2487006784951 56.96510557068517 29.799999999999997
    endloop
  endfacet
  facet normal -0.44228869021900935 0.8968727415326843 0
    outer loop
      vertex 64.55056183502064 56.4294047947308 31.299999999999997
      vertex 64.75 56.52775681356645 29.799999999999997
      vertex 64.55056183502064 56.4294047947308 29.799999999999997
    endloop
  endfacet
  facet normal -0.5555702330196043 0.8314696123025439 0
    outer loop
      vertex 64.75 56.52775681356645 31.299999999999997
      vertex 64.93489442931482 56.651299321504894 29.799999999999997
      vertex 64.75 56.52775681356645 29.799999999999997
    endloop
  endfacet
  facet normal -0.6593458151000775 0.7518398074789698 0
    outer loop
      vertex 64.93489442931482 56.651299321504894 31.299999999999997
      vertex 65.10208152801712 56.79791847198286 29.799999999999997
      vertex 64.93489442931482 56.651299321504894 29.799999999999997
    endloop
  endfacet
  facet normal -0.751839807478968 0.6593458151000797 0
    outer loop
      vertex 65.10208152801712 56.79791847198286 31.299999999999997
      vertex 65.2487006784951 56.96510557068517 29.799999999999997
      vertex 65.10208152801712 56.79791847198286 29.799999999999997
    endloop
  endfacet
  facet normal 0.19509032201613605 0.9807852804032288 2.147342762410617e-19
    outer loop
      vertex 63.460007623325716 56.35792609530858 31.299999999999997
      vertex 63.67810547322591 56.314543735664515 31.299999999999997
      vertex 63.67810547322591 56.314543735664515 29.799999999999997
    endloop
  endfacet
  facet normal 0.06540312923015378 0.9978589232386029 -4.931361699050321e-19
    outer loop
      vertex 63.67810547322591 56.314543735664515 31.299999999999997
      vertex 63.9 56.29999999999999 31.299999999999997
      vertex 63.9 56.29999999999999 29.799999999999997
    endloop
  endfacet
  facet normal 0.19509032201613605 0.9807852804032288 0
    outer loop
      vertex 63.460007623325716 56.35792609530858 31.299999999999997
      vertex 63.67810547322591 56.314543735664515 29.799999999999997
      vertex 63.460007623325716 56.35792609530858 29.799999999999997
    endloop
  endfacet
  facet normal 0.06540312923015378 0.9978589232386029 0
    outer loop
      vertex 63.67810547322591 56.314543735664515 31.299999999999997
      vertex 63.9 56.29999999999999 29.799999999999997
      vertex 63.67810547322591 56.314543735664515 29.799999999999997
    endloop
  endfacet
  facet normal -0.06540312923015378 0.9978589232386029 4.931361699050321e-19
    outer loop
      vertex 63.9 56.29999999999999 31.299999999999997
      vertex 64.12189452677408 56.314543735664515 31.299999999999997
      vertex 64.12189452677408 56.314543735664515 29.799999999999997
    endloop
  endfacet
  facet normal -0.19509032201612994 0.9807852804032301 -1.805392926539198e-18
    outer loop
      vertex 64.12189452677408 56.314543735664515 31.299999999999997
      vertex 64.33999237667429 56.35792609530858 31.299999999999997
      vertex 64.33999237667429 56.35792609530858 29.799999999999997
    endloop
  endfacet
  facet normal -0.06540312923015378 0.9978589232386029 0
    outer loop
      vertex 63.9 56.29999999999999 31.299999999999997
      vertex 64.12189452677408 56.314543735664515 29.799999999999997
      vertex 63.9 56.29999999999999 29.799999999999997
    endloop
  endfacet
  facet normal -0.19509032201612994 0.9807852804032301 0
    outer loop
      vertex 64.12189452677408 56.314543735664515 31.299999999999997
      vertex 64.33999237667429 56.35792609530858 29.799999999999997
      vertex 64.12189452677408 56.314543735664515 29.799999999999997
    endloop
  endfacet
  facet normal 0 0 1
    outer loop
      vertex 62.427756813566454 58.849999999999994 29.799999999999997
      vertex 62.427756813566454 57.14999999999999 29.799999999999997
      vertex 62.5512993215049 59.03489442931482 29.799999999999997
    endloop
  endfacet
  facet normal 0 0 1
    outer loop
      vertex 62.69791847198287 59.202081528017125 29.799999999999997
      vertex 62.5512993215049 59.03489442931482 29.799999999999997
      vertex 62.5512993215049 56.96510557068517 29.799999999999997
    endloop
  endfacet
  facet normal 0 0 1
    outer loop
      vertex 62.865105570685174 59.34870067849509 29.799999999999997
      vertex 62.69791847198287 59.202081528017125 29.799999999999997
      vertex 62.69791847198287 56.79791847198286 29.799999999999997
    endloop
  endfacet
  facet normal 0 0 1
    outer loop
      vertex 62.865105570685174 59.34870067849509 29.799999999999997
      vertex 62.865105570685174 56.651299321504894 29.799999999999997
      vertex 63.05 59.47224318643354 29.799999999999997
    endloop
  endfacet
  facet normal 0 0 1
    outer loop
      vertex 63.05 59.47224318643354 29.799999999999997
      vertex 63.05 56.52775681356645 29.799999999999997
      vertex 63.249438164979345 59.57059520526918 29.799999999999997
    endloop
  endfacet
  facet normal 0 0 1
    outer loop
      vertex 63.249438164979345 59.57059520526918 29.799999999999997
      vertex 63.249438164979345 56.4294047947308 29.799999999999997
      vertex 63.460007623325716 59.64207390469141 29.799999999999997
    endloop
  endfacet
  facet normal 0 0 1
    outer loop
      vertex 63.460007623325716 59.64207390469141 29.799999999999997
      vertex 63.460007623325716 56.35792609530858 29.799999999999997
      vertex 63.67810547322591 59.68545626433547 29.799999999999997
    endloop
  endfacet
  facet normal 0 0 1
    outer loop
      vertex 63.67810547322591 59.68545626433547 29.799999999999997
      vertex 63.67810547322591 56.314543735664515 29.799999999999997
      vertex 63.9 59.69999999999999 29.799999999999997
    endloop
  endfacet
  facet normal 0 0 1
    outer loop
      vertex 63.9 59.69999999999999 29.799999999999997
      vertex 63.9 56.29999999999999 29.799999999999997
      vertex 64.12189452677408 59.68545626433547 29.799999999999997
    endloop
  endfacet
  facet normal 0 0 1
    outer loop
      vertex 64.12189452677408 59.68545626433547 29.799999999999997
      vertex 64.12189452677408 56.314543735664515 29.799999999999997
      vertex 64.33999237667429 59.64207390469141 29.799999999999997
    endloop
  endfacet
  facet normal 0 0 1
    outer loop
      vertex 64.33999237667429 59.64207390469141 29.799999999999997
      vertex 64.33999237667429 56.35792609530858 29.799999999999997
      vertex 64.55056183502064 59.57059520526918 29.799999999999997
    endloop
  endfacet
  facet normal 0 0 1
    outer loop
      vertex 64.55056183502064 59.57059520526918 29.799999999999997
      vertex 64.55056183502064 56.4294047947308 29.799999999999997
      vertex 64.75 59.47224318643354 29.799999999999997
    endloop
  endfacet
  facet normal 0 0 1
    outer loop
      vertex 64.75 59.47224318643354 29.799999999999997
      vertex 64.75 56.52775681356645 29.799999999999997
      vertex 64.93489442931482 59.34870067849509 29.799999999999997
    endloop
  endfacet
  facet normal 0 0 1
    outer loop
      vertex 64.93489442931482 59.34870067849509 29.799999999999997
      vertex 64.93489442931482 56.651299321504894 29.799999999999997
      vertex 65.10208152801712 59.202081528017125 29.799999999999997
    endloop
  endfacet
  facet normal 0 0 1
    outer loop
      vertex 65.10208152801712 59.202081528017125 29.799999999999997
      vertex 65.10208152801712 56.79791847198286 29.799999999999997
      vertex 65.2487006784951 59.03489442931482 29.799999999999997
    endloop
  endfacet
  facet normal 0 0 1
    outer loop
      vertex 62.257926095308584 58.439992376674276 29.799999999999997
      vertex 62.21454373566452 58.22189452677408 29.799999999999997
      vertex 62.21454373566452 57.77810547322591 29.799999999999997
    endloop
  endfacet
  facet normal 0 0 1
    outer loop
      vertex 62.32940479473081 58.650561835020646 29.799999999999997
      vertex 62.257926095308584 58.439992376674276 29.799999999999997
      vertex 62.257926095308584 57.5600076233257 29.799999999999997
    endloop
  endfacet
  facet normal 0 0 1
    outer loop
      vertex 62.427756813566454 58.849999999999994 29.799999999999997
      vertex 62.32940479473081 58.650561835020646 29.799999999999997
      vertex 62.32940479473081 57.34943816497934 29.799999999999997
    endloop
  endfacet
  facet normal 0 0 1
    outer loop
      vertex 62.21454373566452 58.22189452677408 29.799999999999997
      vertex 62.199999999999996 57.99999999999999 29.799999999999997
      vertex 62.21454373566452 57.77810547322591 29.799999999999997
    endloop
  endfacet
  facet normal 0 0 1
    outer loop
      vertex 62.257926095308584 58.439992376674276 29.799999999999997
      vertex 62.21454373566452 57.77810547322591 29.799999999999997
      vertex 62.257926095308584 57.5600076233257 29.799999999999997
    endloop
  endfacet
  facet normal 0 0 1
    outer loop
      vertex 62.32940479473081 58.650561835020646 29.799999999999997
      vertex 62.257926095308584 57.5600076233257 29.799999999999997
      vertex 62.32940479473081 57.34943816497934 29.799999999999997
    endloop
  endfacet
  facet normal 0 0 1
    outer loop
      vertex 62.427756813566454 58.849999999999994 29.799999999999997
      vertex 62.32940479473081 57.34943816497934 29.799999999999997
      vertex 62.427756813566454 57.14999999999999 29.799999999999997
    endloop
  endfacet
  facet normal 0 0 1
    outer loop
      vertex 62.5512993215049 59.03489442931482 29.799999999999997
      vertex 62.427756813566454 57.14999999999999 29.799999999999997
      vertex 62.5512993215049 56.96510557068517 29.799999999999997
    endloop
  endfacet
  facet normal 0 0 1
    outer loop
      vertex 62.69791847198287 59.202081528017125 29.799999999999997
      vertex 62.5512993215049 56.96510557068517 29.799999999999997
      vertex 62.69791847198287 56.79791847198286 29.799999999999997
    endloop
  endfacet
  facet normal 0 0 1
    outer loop
      vertex 62.865105570685174 59.34870067849509 29.799999999999997
      vertex 62.69791847198287 56.79791847198286 29.799999999999997
      vertex 62.865105570685174 56.651299321504894 29.799999999999997
    endloop
  endfacet
  facet normal 0 0 1
    outer loop
      vertex 63.05 59.47224318643354 29.799999999999997
      vertex 62.865105570685174 56.651299321504894 29.799999999999997
      vertex 63.05 56.52775681356645 29.799999999999997
    endloop
  endfacet
  facet normal 0 0 1
    outer loop
      vertex 63.249438164979345 59.57059520526918 29.799999999999997
      vertex 63.05 56.52775681356645 29.799999999999997
      vertex 63.249438164979345 56.4294047947308 29.799999999999997
    endloop
  endfacet
  facet normal 0 0 1
    outer loop
      vertex 63.460007623325716 59.64207390469141 29.799999999999997
      vertex 63.249438164979345 56.4294047947308 29.799999999999997
      vertex 63.460007623325716 56.35792609530858 29.799999999999997
    endloop
  endfacet
  facet normal 0 0 1
    outer loop
      vertex 63.67810547322591 59.68545626433547 29.799999999999997
      vertex 63.460007623325716 56.35792609530858 29.799999999999997
      vertex 63.67810547322591 56.314543735664515 29.799999999999997
    endloop
  endfacet
  facet normal 0 0 1
    outer loop
      vertex 63.9 59.69999999999999 29.799999999999997
      vertex 63.67810547322591 56.314543735664515 29.799999999999997
      vertex 63.9 56.29999999999999 29.799999999999997
    endloop
  endfacet
  facet normal 0 0 1
    outer loop
      vertex 64.12189452677408 59.68545626433547 29.799999999999997
      vertex 63.9 56.29999999999999 29.799999999999997
      vertex 64.12189452677408 56.314543735664515 29.799999999999997
    endloop
  endfacet
  facet normal 0 0 1
    outer loop
      vertex 64.33999237667429 59.64207390469141 29.799999999999997
      vertex 64.12189452677408 56.314543735664515 29.799999999999997
      vertex 64.33999237667429 56.35792609530858 29.799999999999997
    endloop
  endfacet
  facet normal 0 0 1
    outer loop
      vertex 64.55056183502064 59.57059520526918 29.799999999999997
      vertex 64.33999237667429 56.35792609530858 29.799999999999997
      vertex 64.55056183502064 56.4294047947308 29.799999999999997
    endloop
  endfacet
  facet normal 0 0 1
    outer loop
      vertex 65.2487006784951 59.03489442931482 29.799999999999997
      vertex 65.2487006784951 56.96510557068517 29.799999999999997
      vertex 65.37224318643355 58.849999999999994 29.799999999999997
    endloop
  endfacet
  facet normal 0 0 1
    outer loop
      vertex 64.75 59.47224318643354 29.799999999999997
      vertex 64.55056183502064 56.4294047947308 29.799999999999997
      vertex 64.75 56.52775681356645 29.799999999999997
    endloop
  endfacet
  facet normal 0 0 1
    outer loop
      vertex 64.93489442931482 59.34870067849509 29.799999999999997
      vertex 64.75 56.52775681356645 29.799999999999997
      vertex 64.93489442931482 56.651299321504894 29.799999999999997
    endloop
  endfacet
  facet normal 0 0 1
    outer loop
      vertex 65.2487006784951 59.03489442931482 29.799999999999997
      vertex 65.10208152801712 56.79791847198286 29.799999999999997
      vertex 65.2487006784951 56.96510557068517 29.799999999999997
    endloop
  endfacet
  facet normal 0 0 1
    outer loop
      vertex 65.10208152801712 59.202081528017125 29.799999999999997
      vertex 64.93489442931482 56.651299321504894 29.799999999999997
      vertex 65.10208152801712 56.79791847198286 29.799999999999997
    endloop
  endfacet
  facet normal -0.8968727415326907 -0.44228869021899636 0
    outer loop
      vertex 65.37224318643355 58.849999999999994 31.299999999999997
      vertex 65.37224318643355 58.849999999999994 29.799999999999997
      vertex 65.47059520526919 58.650561835020646 31.299999999999997
    endloop
  endfacet
  facet normal -0.946930129495106 -0.32143946530316087 0
    outer loop
      vertex 65.47059520526919 58.650561835020646 31.299999999999997
      vertex 65.47059520526919 58.650561835020646 29.799999999999997
      vertex 65.54207390469142 58.439992376674276 31.299999999999997
    endloop
  endfacet
  facet normal -0.980785280403235 -0.19509032201610535 0
    outer loop
      vertex 65.54207390469142 58.439992376674276 31.299999999999997
      vertex 65.54207390469142 58.439992376674276 29.799999999999997
      vertex 65.58545626433548 58.22189452677408 31.299999999999997
    endloop
  endfacet
  facet normal -0.8314696123025291 -0.5555702330196264 4.2428845263347784e-19
    outer loop
      vertex 65.2487006784951 59.03489442931482 29.799999999999997
      vertex 65.37224318643355 58.849999999999994 29.799999999999997
      vertex 65.37224318643355 58.849999999999994 31.299999999999997
    endloop
  endfacet
  facet normal -0.8968727415326907 -0.44228869021899636 0
    outer loop
      vertex 65.47059520526919 58.650561835020646 31.299999999999997
      vertex 65.37224318643355 58.849999999999994 29.799999999999997
      vertex 65.47059520526919 58.650561835020646 29.799999999999997
    endloop
  endfacet
  facet normal -0.946930129495106 -0.32143946530316087 0
    outer loop
      vertex 65.54207390469142 58.439992376674276 31.299999999999997
      vertex 65.47059520526919 58.650561835020646 29.799999999999997
      vertex 65.54207390469142 58.439992376674276 29.799999999999997
    endloop
  endfacet
  facet normal -0.9978589232386048 -0.06540312923012195 0
    outer loop
      vertex 65.58545626433548 58.22189452677408 31.299999999999997
      vertex 65.58545626433548 58.22189452677408 29.799999999999997
      vertex 65.6 57.99999999999999 31.299999999999997
    endloop
  endfacet
  facet normal -0.9978589232386048 0.06540312923012195 0
    outer loop
      vertex 65.6 57.99999999999999 31.299999999999997
      vertex 65.6 57.99999999999999 29.799999999999997
      vertex 65.58545626433548 57.77810547322591 31.299999999999997
    endloop
  endfacet
  facet normal -0.9807852804032363 0.19509032201609924 0
    outer loop
      vertex 65.58545626433548 57.77810547322591 31.299999999999997
      vertex 65.58545626433548 57.77810547322591 29.799999999999997
      vertex 65.54207390469142 57.5600076233257 31.299999999999997
    endloop
  endfacet
  facet normal -0.9469301294951026 0.3214394653031706 -1.2958327664212058e-18
    outer loop
      vertex 65.47059520526919 57.34943816497934 31.299999999999997
      vertex 65.54207390469142 57.5600076233257 31.299999999999997
      vertex 65.54207390469142 57.5600076233257 29.799999999999997
    endloop
  endfacet
  facet normal -0.980785280403235 -0.19509032201610535 0
    outer loop
      vertex 65.58545626433548 58.22189452677408 31.299999999999997
      vertex 65.54207390469142 58.439992376674276 29.799999999999997
      vertex 65.58545626433548 58.22189452677408 29.799999999999997
    endloop
  endfacet
  facet normal -0.9978589232386048 -0.06540312923012195 0
    outer loop
      vertex 65.6 57.99999999999999 31.299999999999997
      vertex 65.58545626433548 58.22189452677408 29.799999999999997
      vertex 65.6 57.99999999999999 29.799999999999997
    endloop
  endfacet
  facet normal -0.9978589232386048 0.06540312923012195 0
    outer loop
      vertex 65.58545626433548 57.77810547322591 31.299999999999997
      vertex 65.6 57.99999999999999 29.799999999999997
      vertex 65.58545626433548 57.77810547322591 29.799999999999997
    endloop
  endfacet
  facet normal -0.9807852804032363 0.19509032201609924 0
    outer loop
      vertex 65.54207390469142 57.5600076233257 31.299999999999997
      vertex 65.58545626433548 57.77810547322591 29.799999999999997
      vertex 65.54207390469142 57.5600076233257 29.799999999999997
    endloop
  endfacet
  facet normal -0.9469301294951026 0.3214394653031706 0
    outer loop
      vertex 65.47059520526919 57.34943816497934 31.299999999999997
      vertex 65.54207390469142 57.5600076233257 29.799999999999997
      vertex 65.47059520526919 57.34943816497934 29.799999999999997
    endloop
  endfacet
  facet normal -0.8968727415326907 0.44228869021899636 0
    outer loop
      vertex 65.47059520526919 57.34943816497934 31.299999999999997
      vertex 65.47059520526919 57.34943816497934 29.799999999999997
      vertex 65.37224318643355 57.14999999999999 31.299999999999997
    endloop
  endfacet
  facet normal -0.8314696123025291 0.5555702330196264 -4.2428845263347784e-19
    outer loop
      vertex 65.2487006784951 56.96510557068517 31.299999999999997
      vertex 65.37224318643355 57.14999999999999 31.299999999999997
      vertex 65.37224318643355 57.14999999999999 29.799999999999997
    endloop
  endfacet
  facet normal -0.8968727415326907 0.44228869021899636 0
    outer loop
      vertex 65.37224318643355 57.14999999999999 31.299999999999997
      vertex 65.47059520526919 57.34943816497934 29.799999999999997
      vertex 65.37224318643355 57.14999999999999 29.799999999999997
    endloop
  endfacet
  facet normal 0 0 1
    outer loop
      vertex 65.37224318643355 58.849999999999994 29.799999999999997
      vertex 65.37224318643355 57.14999999999999 29.799999999999997
      vertex 65.47059520526919 58.650561835020646 29.799999999999997
    endloop
  endfacet
  facet normal 0 0 1
    outer loop
      vertex 65.47059520526919 58.650561835020646 29.799999999999997
      vertex 65.47059520526919 57.34943816497934 29.799999999999997
      vertex 65.54207390469142 58.439992376674276 29.799999999999997
    endloop
  endfacet
  facet normal 0 0 1
    outer loop
      vertex 65.54207390469142 58.439992376674276 29.799999999999997
      vertex 65.54207390469142 57.5600076233257 29.799999999999997
      vertex 65.58545626433548 58.22189452677408 29.799999999999997
    endloop
  endfacet
  facet normal 0 0 1
    outer loop
      vertex 65.58545626433548 58.22189452677408 29.799999999999997
      vertex 65.58545626433548 57.77810547322591 29.799999999999997
      vertex 65.6 57.99999999999999 29.799999999999997
    endloop
  endfacet
  facet normal 0 0 1
    outer loop
      vertex 65.58545626433548 58.22189452677408 29.799999999999997
      vertex 65.54207390469142 57.5600076233257 29.799999999999997
      vertex 65.58545626433548 57.77810547322591 29.799999999999997
    endloop
  endfacet
  facet normal 0 0 1
    outer loop
      vertex 65.47059520526919 58.650561835020646 29.799999999999997
      vertex 65.37224318643355 57.14999999999999 29.799999999999997
      vertex 65.47059520526919 57.34943816497934 29.799999999999997
    endloop
  endfacet
  facet normal 0 0 1
    outer loop
      vertex 65.2487006784951 56.96510557068517 29.799999999999997
      vertex 65.37224318643355 57.14999999999999 29.799999999999997
      vertex 65.37224318643355 58.849999999999994 29.799999999999997
    endloop
  endfacet
  facet normal 0 0 1
    outer loop
      vertex 65.54207390469142 58.439992376674276 29.799999999999997
      vertex 65.47059520526919 57.34943816497934 29.799999999999997
      vertex 65.54207390469142 57.5600076233257 29.799999999999997
    endloop
  endfacet
  facet normal 0.8968727415326907 -0.44228869021899636 0
    outer loop
      vertex 62.427756813566454 9.849999999999994 31.299999999999997
      vertex 62.32940479473081 9.650561835020646 29.799999999999997
      vertex 62.427756813566454 9.849999999999994 29.799999999999997
    endloop
  endfacet
  facet normal 0.8968727415326907 -0.44228869021899636 -2.8331984920359723e-18
    outer loop
      vertex 62.427756813566454 9.849999999999994 31.299999999999997
      vertex 62.32940479473081 9.650561835020646 31.299999999999997
      vertex 62.32940479473081 9.650561835020646 29.799999999999997
    endloop
  endfacet
  facet normal 0.946930129495106 -0.32143946530316087 -2.4568736359419175e-18
    outer loop
      vertex 62.32940479473081 9.650561835020646 31.299999999999997
      vertex 62.257926095308584 9.439992376674276 31.299999999999997
      vertex 62.257926095308584 9.439992376674276 29.799999999999997
    endloop
  endfacet
  facet normal 0.9807852804032288 -0.19509032201613605 -2.147342762410617e-19
    outer loop
      vertex 62.257926095308584 9.439992376674276 31.299999999999997
      vertex 62.21454373566452 9.22189452677408 31.299999999999997
      vertex 62.21454373566452 9.22189452677408 29.799999999999997
    endloop
  endfacet
  facet normal 0.9978589232386029 -0.06540312923015378 4.931361699050321e-19
    outer loop
      vertex 62.21454373566452 9.22189452677408 31.299999999999997
      vertex 62.199999999999996 8.999999999999993 31.299999999999997
      vertex 62.199999999999996 8.999999999999993 29.799999999999997
    endloop
  endfacet
  facet normal 0.9978589232386029 0.06540312923015378 -4.931361699050321e-19
    outer loop
      vertex 62.199999999999996 8.999999999999993 31.299999999999997
      vertex 62.21454373566452 8.778105473225907 31.299999999999997
      vertex 62.21454373566452 8.778105473225907 29.799999999999997
    endloop
  endfacet
  facet normal 0.946930129495106 -0.32143946530316087 0
    outer loop
      vertex 62.32940479473081 9.650561835020646 31.299999999999997
      vertex 62.257926095308584 9.439992376674276 29.799999999999997
      vertex 62.32940479473081 9.650561835020646 29.799999999999997
    endloop
  endfacet
  facet normal 0.9807852804032288 -0.19509032201613605 0
    outer loop
      vertex 62.257926095308584 9.439992376674276 31.299999999999997
      vertex 62.21454373566452 9.22189452677408 29.799999999999997
      vertex 62.257926095308584 9.439992376674276 29.799999999999997
    endloop
  endfacet
  facet normal 0.9978589232386029 -0.06540312923015378 0
    outer loop
      vertex 62.21454373566452 9.22189452677408 31.299999999999997
      vertex 62.199999999999996 8.999999999999993 29.799999999999997
      vertex 62.21454373566452 9.22189452677408 29.799999999999997
    endloop
  endfacet
  facet normal 0.9978589232386029 0.06540312923015378 0
    outer loop
      vertex 62.199999999999996 8.999999999999993 31.299999999999997
      vertex 62.21454373566452 8.778105473225907 29.799999999999997
      vertex 62.199999999999996 8.999999999999993 29.799999999999997
    endloop
  endfacet
  facet normal 0.9807852804032288 0.19509032201613605 2.147342762410617e-19
    outer loop
      vertex 62.21454373566452 8.778105473225907 31.299999999999997
      vertex 62.257926095308584 8.56000762332571 31.299999999999997
      vertex 62.257926095308584 8.56000762332571 29.799999999999997
    endloop
  endfacet
  facet normal 0.946930129495106 0.32143946530316087 2.4568736359419175e-18
    outer loop
      vertex 62.257926095308584 8.56000762332571 31.299999999999997
      vertex 62.32940479473081 8.34943816497934 31.299999999999997
      vertex 62.32940479473081 8.34943816497934 29.799999999999997
    endloop
  endfacet
  facet normal 0.8968727415326907 0.44228869021899636 2.8331984920359723e-18
    outer loop
      vertex 62.32940479473081 8.34943816497934 31.299999999999997
      vertex 62.427756813566454 8.149999999999991 31.299999999999997
      vertex 62.427756813566454 8.149999999999991 29.799999999999997
    endloop
  endfacet
  facet normal 0.9807852804032288 0.19509032201613605 0
    outer loop
      vertex 62.21454373566452 8.778105473225907 31.299999999999997
      vertex 62.257926095308584 8.56000762332571 29.799999999999997
      vertex 62.21454373566452 8.778105473225907 29.799999999999997
    endloop
  endfacet
  facet normal 0.946930129495106 0.32143946530316087 0
    outer loop
      vertex 62.257926095308584 8.56000762332571 31.299999999999997
      vertex 62.32940479473081 8.34943816497934 29.799999999999997
      vertex 62.257926095308584 8.56000762332571 29.799999999999997
    endloop
  endfacet
  facet normal 0.8968727415326907 0.44228869021899636 0
    outer loop
      vertex 62.32940479473081 8.34943816497934 31.299999999999997
      vertex 62.427756813566454 8.149999999999991 29.799999999999997
      vertex 62.32940479473081 8.34943816497934 29.799999999999997
    endloop
  endfacet
  facet normal 0.06540312923015378 -0.9978589232386029 0
    outer loop
      vertex 63.9 10.699999999999996 31.299999999999997
      vertex 63.67810547322591 10.685456264335471 29.799999999999997
      vertex 63.9 10.699999999999996 29.799999999999997
    endloop
  endfacet
  facet normal 0.6593458151000616 -0.7518398074789837 3.168975399873456e-19
    outer loop
      vertex 62.865105570685174 10.348700678495092 31.299999999999997
      vertex 62.69791847198287 10.202081528017125 31.299999999999997
      vertex 62.69791847198287 10.202081528017125 29.799999999999997
    endloop
  endfacet
  facet normal 0.44228869021899636 -0.8968727415326907 0
    outer loop
      vertex 63.05 10.472243186433538 31.299999999999997
      vertex 63.05 10.472243186433538 29.799999999999997
      vertex 63.249438164979345 10.570595205269179 31.299999999999997
    endloop
  endfacet
  facet normal 0.5555702330196043 -0.8314696123025439 3.0727513606765277e-18
    outer loop
      vertex 63.05 10.472243186433538 31.299999999999997
      vertex 62.865105570685174 10.348700678495092 31.299999999999997
      vertex 62.865105570685174 10.348700678495092 29.799999999999997
    endloop
  endfacet
  facet normal 0.7518398074789837 -0.6593458151000616 0
    outer loop
      vertex 62.5512993215049 10.034894429314818 31.299999999999997
      vertex 62.5512993215049 10.034894429314818 29.799999999999997
      vertex 62.69791847198287 10.202081528017125 31.299999999999997
    endloop
  endfacet
  facet normal 0.8314696123025439 -0.5555702330196043 0
    outer loop
      vertex 62.427756813566454 9.849999999999994 31.299999999999997
      vertex 62.427756813566454 9.849999999999994 29.799999999999997
      vertex 62.5512993215049 10.034894429314818 31.299999999999997
    endloop
  endfacet
  facet normal 0.32143946530316087 -0.946930129495106 0
    outer loop
      vertex 63.249438164979345 10.570595205269179 31.299999999999997
      vertex 63.249438164979345 10.570595205269179 29.799999999999997
      vertex 63.460007623325716 10.642073904691408 31.299999999999997
    endloop
  endfacet
  facet normal 0.19509032201613605 -0.9807852804032288 0
    outer loop
      vertex 63.460007623325716 10.642073904691408 31.299999999999997
      vertex 63.460007623325716 10.642073904691408 29.799999999999997
      vertex 63.67810547322591 10.685456264335471 31.299999999999997
    endloop
  endfacet
  facet normal 0.06540312923015378 -0.9978589232386029 0
    outer loop
      vertex 63.67810547322591 10.685456264335471 31.299999999999997
      vertex 63.67810547322591 10.685456264335471 29.799999999999997
      vertex 63.9 10.699999999999996 31.299999999999997
    endloop
  endfacet
  facet normal 0.6593458151000616 -0.7518398074789837 0
    outer loop
      vertex 62.865105570685174 10.348700678495092 31.299999999999997
      vertex 62.69791847198287 10.202081528017125 29.799999999999997
      vertex 62.865105570685174 10.348700678495092 29.799999999999997
    endloop
  endfacet
  facet normal 0.5555702330196043 -0.8314696123025439 0
    outer loop
      vertex 63.05 10.472243186433538 31.299999999999997
      vertex 62.865105570685174 10.348700678495092 29.799999999999997
      vertex 63.05 10.472243186433538 29.799999999999997
    endloop
  endfacet
  facet normal 0.8314696123025439 -0.5555702330196043 0
    outer loop
      vertex 62.5512993215049 10.034894429314818 31.299999999999997
      vertex 62.427756813566454 9.849999999999994 29.799999999999997
      vertex 62.5512993215049 10.034894429314818 29.799999999999997
    endloop
  endfacet
  facet normal 0.7518398074789837 -0.6593458151000616 0
    outer loop
      vertex 62.69791847198287 10.202081528017125 31.299999999999997
      vertex 62.5512993215049 10.034894429314818 29.799999999999997
      vertex 62.69791847198287 10.202081528017125 29.799999999999997
    endloop
  endfacet
  facet normal 0.44228869021899636 -0.8968727415326907 0
    outer loop
      vertex 63.249438164979345 10.570595205269179 31.299999999999997
      vertex 63.05 10.472243186433538 29.799999999999997
      vertex 63.249438164979345 10.570595205269179 29.799999999999997
    endloop
  endfacet
  facet normal 0.32143946530316087 -0.946930129495106 0
    outer loop
      vertex 63.460007623325716 10.642073904691408 31.299999999999997
      vertex 63.249438164979345 10.570595205269179 29.799999999999997
      vertex 63.460007623325716 10.642073904691408 29.799999999999997
    endloop
  endfacet
  facet normal 0.19509032201613605 -0.9807852804032288 0
    outer loop
      vertex 63.67810547322591 10.685456264335471 31.299999999999997
      vertex 63.460007623325716 10.642073904691408 29.799999999999997
      vertex 63.67810547322591 10.685456264335471 29.799999999999997
    endloop
  endfacet
  facet normal -0.06540312923015378 -0.9978589232386029 0
    outer loop
      vertex 63.9 10.699999999999996 31.299999999999997
      vertex 63.9 10.699999999999996 29.799999999999997
      vertex 64.12189452677408 10.685456264335471 31.299999999999997
    endloop
  endfacet
  facet normal -0.19509032201612994 -0.9807852804032301 0
    outer loop
      vertex 64.12189452677408 10.685456264335471 31.299999999999997
      vertex 64.12189452677408 10.685456264335471 29.799999999999997
      vertex 64.33999237667429 10.642073904691408 31.299999999999997
    endloop
  endfacet
  facet normal -0.3214394653031803 -0.9469301294950992 0
    outer loop
      vertex 64.33999237667429 10.642073904691408 31.299999999999997
      vertex 64.33999237667429 10.642073904691408 29.799999999999997
      vertex 64.55056183502064 10.570595205269179 31.299999999999997
    endloop
  endfacet
  facet normal -0.4422886902189837 -0.8968727415326969 0
    outer loop
      vertex 64.55056183502064 10.570595205269179 31.299999999999997
      vertex 64.55056183502064 10.570595205269179 29.799999999999997
      vertex 64.75 10.472243186433538 31.299999999999997
    endloop
  endfacet
  facet normal -0.5555702330196043 -0.8314696123025439 0
    outer loop
      vertex 64.75 10.472243186433538 31.299999999999997
      vertex 64.75 10.472243186433538 29.799999999999997
      vertex 64.93489442931482 10.348700678495092 31.299999999999997
    endloop
  endfacet
  facet normal -0.6593458151000775 -0.7518398074789698 0
    outer loop
      vertex 64.93489442931482 10.348700678495092 31.299999999999997
      vertex 64.93489442931482 10.348700678495092 29.799999999999997
      vertex 65.10208152801712 10.202081528017125 31.299999999999997
    endloop
  endfacet
  facet normal -0.751839807478968 -0.6593458151000797 0
    outer loop
      vertex 65.10208152801712 10.202081528017125 31.299999999999997
      vertex 65.10208152801712 10.202081528017125 29.799999999999997
      vertex 65.2487006784951 10.034894429314818 31.299999999999997
    endloop
  endfacet
  facet normal -0.8314696123025291 -0.5555702330196264 0
    outer loop
      vertex 65.2487006784951 10.034894429314818 31.299999999999997
      vertex 65.2487006784951 10.034894429314818 29.799999999999997
      vertex 65.37224318643355 9.849999999999994 31.299999999999997
    endloop
  endfacet
  facet normal -0.06540312923015378 -0.9978589232386029 0
    outer loop
      vertex 64.12189452677408 10.685456264335471 31.299999999999997
      vertex 63.9 10.699999999999996 29.799999999999997
      vertex 64.12189452677408 10.685456264335471 29.799999999999997
    endloop
  endfacet
  facet normal -0.19509032201612994 -0.9807852804032301 0
    outer loop
      vertex 64.33999237667429 10.642073904691408 31.299999999999997
      vertex 64.12189452677408 10.685456264335471 29.799999999999997
      vertex 64.33999237667429 10.642073904691408 29.799999999999997
    endloop
  endfacet
  facet normal -0.3214394653031803 -0.9469301294950992 0
    outer loop
      vertex 64.55056183502064 10.570595205269179 31.299999999999997
      vertex 64.33999237667429 10.642073904691408 29.799999999999997
      vertex 64.55056183502064 10.570595205269179 29.799999999999997
    endloop
  endfacet
  facet normal -0.4422886902189837 -0.8968727415326969 0
    outer loop
      vertex 64.75 10.472243186433538 31.299999999999997
      vertex 64.55056183502064 10.570595205269179 29.799999999999997
      vertex 64.75 10.472243186433538 29.799999999999997
    endloop
  endfacet
  facet normal -0.5555702330196043 -0.8314696123025439 0
    outer loop
      vertex 64.93489442931482 10.348700678495092 31.299999999999997
      vertex 64.75 10.472243186433538 29.799999999999997
      vertex 64.93489442931482 10.348700678495092 29.799999999999997
    endloop
  endfacet
  facet normal -0.6593458151000775 -0.7518398074789698 0
    outer loop
      vertex 65.10208152801712 10.202081528017125 31.299999999999997
      vertex 64.93489442931482 10.348700678495092 29.799999999999997
      vertex 65.10208152801712 10.202081528017125 29.799999999999997
    endloop
  endfacet
  facet normal -0.751839807478968 -0.6593458151000797 0
    outer loop
      vertex 65.2487006784951 10.034894429314818 31.299999999999997
      vertex 65.10208152801712 10.202081528017125 29.799999999999997
      vertex 65.2487006784951 10.034894429314818 29.799999999999997
    endloop
  endfacet
  facet normal 0.8314696123025439 0.5555702330196043 -3.0727513606765277e-18
    outer loop
      vertex 62.427756813566454 8.149999999999991 31.299999999999997
      vertex 62.5512993215049 7.965105570685168 31.299999999999997
      vertex 62.5512993215049 7.965105570685168 29.799999999999997
    endloop
  endfacet
  facet normal 0.7518398074789837 0.6593458151000616 -3.168975399873456e-19
    outer loop
      vertex 62.5512993215049 7.965105570685168 31.299999999999997
      vertex 62.69791847198287 7.797918471982861 31.299999999999997
      vertex 62.69791847198287 7.797918471982861 29.799999999999997
    endloop
  endfacet
  facet normal 0.8314696123025439 0.5555702330196043 0
    outer loop
      vertex 62.427756813566454 8.149999999999991 31.299999999999997
      vertex 62.5512993215049 7.965105570685168 29.799999999999997
      vertex 62.427756813566454 8.149999999999991 29.799999999999997
    endloop
  endfacet
  facet normal 0.7518398074789837 0.6593458151000616 0
    outer loop
      vertex 62.5512993215049 7.965105570685168 31.299999999999997
      vertex 62.69791847198287 7.797918471982861 29.799999999999997
      vertex 62.5512993215049 7.965105570685168 29.799999999999997
    endloop
  endfacet
  facet normal -0.751839807478968 0.6593458151000797 4.4689066751882046e-18
    outer loop
      vertex 65.10208152801712 7.797918471982861 31.299999999999997
      vertex 65.2487006784951 7.965105570685168 31.299999999999997
      vertex 65.2487006784951 7.965105570685168 29.799999999999997
    endloop
  endfacet
  facet normal -0.8314696123025291 0.5555702330196264 0
    outer loop
      vertex 65.2487006784951 7.965105570685168 31.299999999999997
      vertex 65.37224318643355 8.149999999999991 29.799999999999997
      vertex 65.2487006784951 7.965105570685168 29.799999999999997
    endloop
  endfacet
  facet normal -0.751839807478968 0.6593458151000797 0
    outer loop
      vertex 65.10208152801712 7.797918471982861 31.299999999999997
      vertex 65.2487006784951 7.965105570685168 29.799999999999997
      vertex 65.10208152801712 7.797918471982861 29.799999999999997
    endloop
  endfacet
  facet normal 0 0 1
    outer loop
      vertex 62.427756813566454 9.849999999999994 29.799999999999997
      vertex 62.32940479473081 9.650561835020646 29.799999999999997
      vertex 62.32940479473081 8.34943816497934 29.799999999999997
    endloop
  endfacet
  facet normal 0 0 1
    outer loop
      vertex 62.257926095308584 9.439992376674276 29.799999999999997
      vertex 62.21454373566452 9.22189452677408 29.799999999999997
      vertex 62.21454373566452 8.778105473225907 29.799999999999997
    endloop
  endfacet
  facet normal 0 0 1
    outer loop
      vertex 62.21454373566452 9.22189452677408 29.799999999999997
      vertex 62.199999999999996 8.999999999999993 29.799999999999997
      vertex 62.21454373566452 8.778105473225907 29.799999999999997
    endloop
  endfacet
  facet normal 0 0 1
    outer loop
      vertex 62.32940479473081 9.650561835020646 29.799999999999997
      vertex 62.257926095308584 9.439992376674276 29.799999999999997
      vertex 62.257926095308584 8.56000762332571 29.799999999999997
    endloop
  endfacet
  facet normal 0 0 1
    outer loop
      vertex 62.257926095308584 9.439992376674276 29.799999999999997
      vertex 62.21454373566452 8.778105473225907 29.799999999999997
      vertex 62.257926095308584 8.56000762332571 29.799999999999997
    endloop
  endfacet
  facet normal 0 0 1
    outer loop
      vertex 62.32940479473081 9.650561835020646 29.799999999999997
      vertex 62.257926095308584 8.56000762332571 29.799999999999997
      vertex 62.32940479473081 8.34943816497934 29.799999999999997
    endloop
  endfacet
  facet normal 0 0 1
    outer loop
      vertex 62.427756813566454 9.849999999999994 29.799999999999997
      vertex 62.32940479473081 8.34943816497934 29.799999999999997
      vertex 62.427756813566454 8.149999999999991 29.799999999999997
    endloop
  endfacet
  facet normal 0 0 1
    outer loop
      vertex 62.5512993215049 10.034894429314818 29.799999999999997
      vertex 62.5512993215049 7.965105570685168 29.799999999999997
      vertex 62.69791847198287 10.202081528017125 29.799999999999997
    endloop
  endfacet
  facet normal 0 0 1
    outer loop
      vertex 62.427756813566454 9.849999999999994 29.799999999999997
      vertex 62.427756813566454 8.149999999999991 29.799999999999997
      vertex 62.5512993215049 10.034894429314818 29.799999999999997
    endloop
  endfacet
  facet normal 0 0 1
    outer loop
      vertex 62.865105570685174 10.348700678495092 29.799999999999997
      vertex 62.69791847198287 10.202081528017125 29.799999999999997
      vertex 62.69791847198287 7.797918471982861 29.799999999999997
    endloop
  endfacet
  facet normal 0 0 1
    outer loop
      vertex 63.05 10.472243186433538 29.799999999999997
      vertex 62.865105570685174 10.348700678495092 29.799999999999997
      vertex 62.865105570685174 7.651299321504894 29.799999999999997
    endloop
  endfacet
  facet normal 0 0 1
    outer loop
      vertex 63.05 10.472243186433538 29.799999999999997
      vertex 63.05 7.527756813566448 29.799999999999997
      vertex 63.249438164979345 10.570595205269179 29.799999999999997
    endloop
  endfacet
  facet normal 0 0 1
    outer loop
      vertex 63.249438164979345 10.570595205269179 29.799999999999997
      vertex 63.249438164979345 7.429404794730807 29.799999999999997
      vertex 63.460007623325716 10.642073904691408 29.799999999999997
    endloop
  endfacet
  facet normal 0 0 1
    outer loop
      vertex 63.460007623325716 10.642073904691408 29.799999999999997
      vertex 63.460007623325716 7.357926095308578 29.799999999999997
      vertex 63.67810547322591 10.685456264335471 29.799999999999997
    endloop
  endfacet
  facet normal 0 0 1
    outer loop
      vertex 63.67810547322591 10.685456264335471 29.799999999999997
      vertex 63.67810547322591 7.314543735664515 29.799999999999997
      vertex 63.9 10.699999999999996 29.799999999999997
    endloop
  endfacet
  facet normal 0 0 1
    outer loop
      vertex 62.427756813566454 8.149999999999991 29.799999999999997
      vertex 62.5512993215049 7.965105570685168 29.799999999999997
      vertex 62.5512993215049 10.034894429314818 29.799999999999997
    endloop
  endfacet
  facet normal 0 0 1
    outer loop
      vertex 62.69791847198287 10.202081528017125 29.799999999999997
      vertex 62.5512993215049 7.965105570685168 29.799999999999997
      vertex 62.69791847198287 7.797918471982861 29.799999999999997
    endloop
  endfacet
  facet normal 0 0 1
    outer loop
      vertex 62.865105570685174 10.348700678495092 29.799999999999997
      vertex 62.69791847198287 7.797918471982861 29.799999999999997
      vertex 62.865105570685174 7.651299321504894 29.799999999999997
    endloop
  endfacet
  facet normal 0 0 1
    outer loop
      vertex 63.05 10.472243186433538 29.799999999999997
      vertex 62.865105570685174 7.651299321504894 29.799999999999997
      vertex 63.05 7.527756813566448 29.799999999999997
    endloop
  endfacet
  facet normal 0 0 1
    outer loop
      vertex 63.249438164979345 10.570595205269179 29.799999999999997
      vertex 63.05 7.527756813566448 29.799999999999997
      vertex 63.249438164979345 7.429404794730807 29.799999999999997
    endloop
  endfacet
  facet normal 0 0 1
    outer loop
      vertex 63.460007623325716 10.642073904691408 29.799999999999997
      vertex 63.249438164979345 7.429404794730807 29.799999999999997
      vertex 63.460007623325716 7.357926095308578 29.799999999999997
    endloop
  endfacet
  facet normal 0 0 1
    outer loop
      vertex 63.67810547322591 10.685456264335471 29.799999999999997
      vertex 63.460007623325716 7.357926095308578 29.799999999999997
      vertex 63.67810547322591 7.314543735664515 29.799999999999997
    endloop
  endfacet
  facet normal 0 0 1
    outer loop
      vertex 63.9 10.699999999999996 29.799999999999997
      vertex 63.67810547322591 7.314543735664515 29.799999999999997
      vertex 63.9 7.29999999999999 29.799999999999997
    endloop
  endfacet
  facet normal 0 0 1
    outer loop
      vertex 63.9 10.699999999999996 29.799999999999997
      vertex 63.9 7.29999999999999 29.799999999999997
      vertex 64.12189452677408 10.685456264335471 29.799999999999997
    endloop
  endfacet
  facet normal 0 0 1
    outer loop
      vertex 64.12189452677408 10.685456264335471 29.799999999999997
      vertex 64.12189452677408 7.314543735664515 29.799999999999997
      vertex 64.33999237667429 10.642073904691408 29.799999999999997
    endloop
  endfacet
  facet normal 0 0 1
    outer loop
      vertex 64.33999237667429 10.642073904691408 29.799999999999997
      vertex 64.33999237667429 7.357926095308578 29.799999999999997
      vertex 64.55056183502064 10.570595205269179 29.799999999999997
    endloop
  endfacet
  facet normal 0 0 1
    outer loop
      vertex 64.55056183502064 10.570595205269179 29.799999999999997
      vertex 64.55056183502064 7.429404794730807 29.799999999999997
      vertex 64.75 10.472243186433538 29.799999999999997
    endloop
  endfacet
  facet normal 0 0 1
    outer loop
      vertex 64.75 10.472243186433538 29.799999999999997
      vertex 64.75 7.527756813566448 29.799999999999997
      vertex 64.93489442931482 10.348700678495092 29.799999999999997
    endloop
  endfacet
  facet normal 0 0 1
    outer loop
      vertex 64.93489442931482 10.348700678495092 29.799999999999997
      vertex 64.93489442931482 7.651299321504894 29.799999999999997
      vertex 65.10208152801712 10.202081528017125 29.799999999999997
    endloop
  endfacet
  facet normal 0 0 1
    outer loop
      vertex 65.10208152801712 10.202081528017125 29.799999999999997
      vertex 65.10208152801712 7.797918471982861 29.799999999999997
      vertex 65.2487006784951 10.034894429314818 29.799999999999997
    endloop
  endfacet
  facet normal 0 0 1
    outer loop
      vertex 65.2487006784951 10.034894429314818 29.799999999999997
      vertex 65.2487006784951 7.965105570685168 29.799999999999997
      vertex 65.37224318643355 9.849999999999994 29.799999999999997
    endloop
  endfacet
  facet normal 0 0 1
    outer loop
      vertex 64.12189452677408 10.685456264335471 29.799999999999997
      vertex 63.9 7.29999999999999 29.799999999999997
      vertex 64.12189452677408 7.314543735664515 29.799999999999997
    endloop
  endfacet
  facet normal 0 0 1
    outer loop
      vertex 64.33999237667429 10.642073904691408 29.799999999999997
      vertex 64.12189452677408 7.314543735664515 29.799999999999997
      vertex 64.33999237667429 7.357926095308578 29.799999999999997
    endloop
  endfacet
  facet normal 0 0 1
    outer loop
      vertex 64.55056183502064 10.570595205269179 29.799999999999997
      vertex 64.33999237667429 7.357926095308578 29.799999999999997
      vertex 64.55056183502064 7.429404794730807 29.799999999999997
    endloop
  endfacet
  facet normal 0 0 1
    outer loop
      vertex 64.93489442931482 10.348700678495092 29.799999999999997
      vertex 64.75 7.527756813566448 29.799999999999997
      vertex 64.93489442931482 7.651299321504894 29.799999999999997
    endloop
  endfacet
  facet normal 0 0 1
    outer loop
      vertex 64.75 10.472243186433538 29.799999999999997
      vertex 64.55056183502064 7.429404794730807 29.799999999999997
      vertex 64.75 7.527756813566448 29.799999999999997
    endloop
  endfacet
  facet normal 0 0 1
    outer loop
      vertex 65.10208152801712 10.202081528017125 29.799999999999997
      vertex 64.93489442931482 7.651299321504894 29.799999999999997
      vertex 65.10208152801712 7.797918471982861 29.799999999999997
    endloop
  endfacet
  facet normal 0 0 1
    outer loop
      vertex 65.2487006784951 10.034894429314818 29.799999999999997
      vertex 65.10208152801712 7.797918471982861 29.799999999999997
      vertex 65.2487006784951 7.965105570685168 29.799999999999997
    endloop
  endfacet
  facet normal 0.6593458151000616 0.7518398074789837 -3.168975399873456e-19
    outer loop
      vertex 62.69791847198287 7.797918471982861 31.299999999999997
      vertex 62.865105570685174 7.651299321504894 31.299999999999997
      vertex 62.865105570685174 7.651299321504894 29.799999999999997
    endloop
  endfacet
  facet normal 0.5555702330196043 0.8314696123025439 -3.0727513606765277e-18
    outer loop
      vertex 62.865105570685174 7.651299321504894 31.299999999999997
      vertex 63.05 7.527756813566448 31.299999999999997
      vertex 63.05 7.527756813566448 29.799999999999997
    endloop
  endfacet
  facet normal 0.44228869021899636 0.8968727415326907 2.8331984920359723e-18
    outer loop
      vertex 63.05 7.527756813566448 31.299999999999997
      vertex 63.249438164979345 7.429404794730807 31.299999999999997
      vertex 63.249438164979345 7.429404794730807 29.799999999999997
    endloop
  endfacet
  facet normal 0.32143946530316087 0.946930129495106 2.4568736359419175e-18
    outer loop
      vertex 63.249438164979345 7.429404794730807 31.299999999999997
      vertex 63.460007623325716 7.357926095308578 31.299999999999997
      vertex 63.460007623325716 7.357926095308578 29.799999999999997
    endloop
  endfacet
  facet normal 0.19509032201613605 0.9807852804032288 2.147342762410617e-19
    outer loop
      vertex 63.460007623325716 7.357926095308578 31.299999999999997
      vertex 63.67810547322591 7.314543735664515 31.299999999999997
      vertex 63.67810547322591 7.314543735664515 29.799999999999997
    endloop
  endfacet
  facet normal 0.06540312923015378 0.9978589232386029 -4.931361699050321e-19
    outer loop
      vertex 63.67810547322591 7.314543735664515 31.299999999999997
      vertex 63.9 7.29999999999999 31.299999999999997
      vertex 63.9 7.29999999999999 29.799999999999997
    endloop
  endfacet
  facet normal 0.6593458151000616 0.7518398074789837 0
    outer loop
      vertex 62.69791847198287 7.797918471982861 31.299999999999997
      vertex 62.865105570685174 7.651299321504894 29.799999999999997
      vertex 62.69791847198287 7.797918471982861 29.799999999999997
    endloop
  endfacet
  facet normal 0.5555702330196043 0.8314696123025439 0
    outer loop
      vertex 62.865105570685174 7.651299321504894 31.299999999999997
      vertex 63.05 7.527756813566448 29.799999999999997
      vertex 62.865105570685174 7.651299321504894 29.799999999999997
    endloop
  endfacet
  facet normal 0.44228869021899636 0.8968727415326907 0
    outer loop
      vertex 63.05 7.527756813566448 31.299999999999997
      vertex 63.249438164979345 7.429404794730807 29.799999999999997
      vertex 63.05 7.527756813566448 29.799999999999997
    endloop
  endfacet
  facet normal 0.32143946530316087 0.946930129495106 0
    outer loop
      vertex 63.249438164979345 7.429404794730807 31.299999999999997
      vertex 63.460007623325716 7.357926095308578 29.799999999999997
      vertex 63.249438164979345 7.429404794730807 29.799999999999997
    endloop
  endfacet
  facet normal 0.19509032201613605 0.9807852804032288 0
    outer loop
      vertex 63.460007623325716 7.357926095308578 31.299999999999997
      vertex 63.67810547322591 7.314543735664515 29.799999999999997
      vertex 63.460007623325716 7.357926095308578 29.799999999999997
    endloop
  endfacet
  facet normal 0.06540312923015378 0.9978589232386029 0
    outer loop
      vertex 63.67810547322591 7.314543735664515 31.299999999999997
      vertex 63.9 7.29999999999999 29.799999999999997
      vertex 63.67810547322591 7.314543735664515 29.799999999999997
    endloop
  endfacet
  facet normal -0.06540312923015378 0.9978589232386029 4.931361699050321e-19
    outer loop
      vertex 63.9 7.29999999999999 31.299999999999997
      vertex 64.12189452677408 7.314543735664515 31.299999999999997
      vertex 64.12189452677408 7.314543735664515 29.799999999999997
    endloop
  endfacet
  facet normal -0.19509032201612994 0.9807852804032301 -1.805392926539198e-18
    outer loop
      vertex 64.12189452677408 7.314543735664515 31.299999999999997
      vertex 64.33999237667429 7.357926095308578 31.299999999999997
      vertex 64.33999237667429 7.357926095308578 29.799999999999997
    endloop
  endfacet
  facet normal -0.3214394653031803 0.9469301294950992 -1.3479189690042428e-19
    outer loop
      vertex 64.33999237667429 7.357926095308578 31.299999999999997
      vertex 64.55056183502064 7.429404794730807 31.299999999999997
      vertex 64.55056183502064 7.429404794730807 29.799999999999997
    endloop
  endfacet
  facet normal -0.5555702330196043 0.8314696123025439 0
    outer loop
      vertex 64.93489442931482 7.651299321504894 31.299999999999997
      vertex 64.93489442931482 7.651299321504894 29.799999999999997
      vertex 64.75 7.527756813566448 31.299999999999997
    endloop
  endfacet
  facet normal -0.4422886902189837 0.8968727415326969 1.5867134515817589e-18
    outer loop
      vertex 64.55056183502064 7.429404794730807 31.299999999999997
      vertex 64.75 7.527756813566448 31.299999999999997
      vertex 64.75 7.527756813566448 29.799999999999997
    endloop
  endfacet
  facet normal -0.6593458151000775 0.7518398074789698 0
    outer loop
      vertex 65.10208152801712 7.797918471982861 31.299999999999997
      vertex 65.10208152801712 7.797918471982861 29.799999999999997
      vertex 64.93489442931482 7.651299321504894 31.299999999999997
    endloop
  endfacet
  facet normal -0.06540312923015378 0.9978589232386029 0
    outer loop
      vertex 63.9 7.29999999999999 31.299999999999997
      vertex 64.12189452677408 7.314543735664515 29.799999999999997
      vertex 63.9 7.29999999999999 29.799999999999997
    endloop
  endfacet
  facet normal -0.19509032201612994 0.9807852804032301 0
    outer loop
      vertex 64.12189452677408 7.314543735664515 31.299999999999997
      vertex 64.33999237667429 7.357926095308578 29.799999999999997
      vertex 64.12189452677408 7.314543735664515 29.799999999999997
    endloop
  endfacet
  facet normal -0.3214394653031803 0.9469301294950992 0
    outer loop
      vertex 64.33999237667429 7.357926095308578 31.299999999999997
      vertex 64.55056183502064 7.429404794730807 29.799999999999997
      vertex 64.33999237667429 7.357926095308578 29.799999999999997
    endloop
  endfacet
  facet normal -0.5555702330196043 0.8314696123025439 0
    outer loop
      vertex 64.75 7.527756813566448 31.299999999999997
      vertex 64.93489442931482 7.651299321504894 29.799999999999997
      vertex 64.75 7.527756813566448 29.799999999999997
    endloop
  endfacet
  facet normal -0.4422886902189837 0.8968727415326969 0
    outer loop
      vertex 64.55056183502064 7.429404794730807 31.299999999999997
      vertex 64.75 7.527756813566448 29.799999999999997
      vertex 64.55056183502064 7.429404794730807 29.799999999999997
    endloop
  endfacet
  facet normal -0.6593458151000775 0.7518398074789698 -2.5540970929420358e-18
    outer loop
      vertex 65.10208152801712 7.797918471982861 29.799999999999997
      vertex 64.93489442931482 7.651299321504894 29.799999999999997
      vertex 64.93489442931482 7.651299321504894 31.299999999999997
    endloop
  endfacet
  facet normal -0.8968727415326907 -0.44228869021899636 0
    outer loop
      vertex 65.37224318643355 9.849999999999994 31.299999999999997
      vertex 65.37224318643355 9.849999999999994 29.799999999999997
      vertex 65.47059520526919 9.650561835020646 31.299999999999997
    endloop
  endfacet
  facet normal -0.8314696123025291 -0.5555702330196264 4.2428845263347784e-19
    outer loop
      vertex 65.2487006784951 10.034894429314818 29.799999999999997
      vertex 65.37224318643355 9.849999999999994 29.799999999999997
      vertex 65.37224318643355 9.849999999999994 31.299999999999997
    endloop
  endfacet
  facet normal -0.946930129495106 -0.32143946530316087 0
    outer loop
      vertex 65.47059520526919 9.650561835020646 31.299999999999997
      vertex 65.47059520526919 9.650561835020646 29.799999999999997
      vertex 65.54207390469142 9.439992376674276 31.299999999999997
    endloop
  endfacet
  facet normal -0.980785280403235 -0.19509032201610535 0
    outer loop
      vertex 65.54207390469142 9.439992376674276 31.299999999999997
      vertex 65.54207390469142 9.439992376674276 29.799999999999997
      vertex 65.58545626433548 9.22189452677408 31.299999999999997
    endloop
  endfacet
  facet normal -0.9978589232386048 -0.06540312923012195 0
    outer loop
      vertex 65.58545626433548 9.22189452677408 31.299999999999997
      vertex 65.58545626433548 9.22189452677408 29.799999999999997
      vertex 65.6 8.999999999999993 31.299999999999997
    endloop
  endfacet
  facet normal -0.9978589232386048 0.06540312923012195 0
    outer loop
      vertex 65.6 8.999999999999993 31.299999999999997
      vertex 65.6 8.999999999999993 29.799999999999997
      vertex 65.58545626433548 8.778105473225907 31.299999999999997
    endloop
  endfacet
  facet normal -0.8968727415326907 -0.44228869021899636 0
    outer loop
      vertex 65.47059520526919 9.650561835020646 31.299999999999997
      vertex 65.37224318643355 9.849999999999994 29.799999999999997
      vertex 65.47059520526919 9.650561835020646 29.799999999999997
    endloop
  endfacet
  facet normal -0.946930129495106 -0.32143946530316087 0
    outer loop
      vertex 65.54207390469142 9.439992376674276 31.299999999999997
      vertex 65.47059520526919 9.650561835020646 29.799999999999997
      vertex 65.54207390469142 9.439992376674276 29.799999999999997
    endloop
  endfacet
  facet normal -0.980785280403235 -0.19509032201610535 0
    outer loop
      vertex 65.58545626433548 9.22189452677408 31.299999999999997
      vertex 65.54207390469142 9.439992376674276 29.799999999999997
      vertex 65.58545626433548 9.22189452677408 29.799999999999997
    endloop
  endfacet
  facet normal -0.9978589232386048 -0.06540312923012195 0
    outer loop
      vertex 65.6 8.999999999999993 31.299999999999997
      vertex 65.58545626433548 9.22189452677408 29.799999999999997
      vertex 65.6 8.999999999999993 29.799999999999997
    endloop
  endfacet
  facet normal -0.9978589232386048 0.06540312923012195 0
    outer loop
      vertex 65.58545626433548 8.778105473225907 31.299999999999997
      vertex 65.6 8.999999999999993 29.799999999999997
      vertex 65.58545626433548 8.778105473225907 29.799999999999997
    endloop
  endfacet
  facet normal -0.980785280403235 0.19509032201610535 0
    outer loop
      vertex 65.58545626433548 8.778105473225907 31.299999999999997
      vertex 65.58545626433548 8.778105473225907 29.799999999999997
      vertex 65.54207390469142 8.56000762332571 31.299999999999997
    endloop
  endfacet
  facet normal -0.8968727415326907 0.44228869021899636 0
    outer loop
      vertex 65.47059520526919 8.34943816497934 31.299999999999997
      vertex 65.47059520526919 8.34943816497934 29.799999999999997
      vertex 65.37224318643355 8.149999999999991 31.299999999999997
    endloop
  endfacet
  facet normal -0.946930129495106 0.32143946530316087 0
    outer loop
      vertex 65.54207390469142 8.56000762332571 31.299999999999997
      vertex 65.54207390469142 8.56000762332571 29.799999999999997
      vertex 65.47059520526919 8.34943816497934 31.299999999999997
    endloop
  endfacet
  facet normal -0.8314696123025291 0.5555702330196264 -4.2428845263347784e-19
    outer loop
      vertex 65.2487006784951 7.965105570685168 31.299999999999997
      vertex 65.37224318643355 8.149999999999991 31.299999999999997
      vertex 65.37224318643355 8.149999999999991 29.799999999999997
    endloop
  endfacet
  facet normal -0.980785280403235 0.19509032201610535 0
    outer loop
      vertex 65.54207390469142 8.56000762332571 31.299999999999997
      vertex 65.58545626433548 8.778105473225907 29.799999999999997
      vertex 65.54207390469142 8.56000762332571 29.799999999999997
    endloop
  endfacet
  facet normal -0.946930129495106 0.32143946530316087 0
    outer loop
      vertex 65.47059520526919 8.34943816497934 31.299999999999997
      vertex 65.54207390469142 8.56000762332571 29.799999999999997
      vertex 65.47059520526919 8.34943816497934 29.799999999999997
    endloop
  endfacet
  facet normal -0.8968727415326907 0.44228869021899636 0
    outer loop
      vertex 65.37224318643355 8.149999999999991 31.299999999999997
      vertex 65.47059520526919 8.34943816497934 29.799999999999997
      vertex 65.37224318643355 8.149999999999991 29.799999999999997
    endloop
  endfacet
  facet normal 0 0 1
    outer loop
      vertex 65.37224318643355 9.849999999999994 29.799999999999997
      vertex 65.37224318643355 8.149999999999991 29.799999999999997
      vertex 65.47059520526919 9.650561835020646 29.799999999999997
    endloop
  endfacet
  facet normal 0 0 1
    outer loop
      vertex 65.47059520526919 9.650561835020646 29.799999999999997
      vertex 65.47059520526919 8.34943816497934 29.799999999999997
      vertex 65.54207390469142 9.439992376674276 29.799999999999997
    endloop
  endfacet
  facet normal 0 0 1
    outer loop
      vertex 65.54207390469142 9.439992376674276 29.799999999999997
      vertex 65.54207390469142 8.56000762332571 29.799999999999997
      vertex 65.58545626433548 9.22189452677408 29.799999999999997
    endloop
  endfacet
  facet normal 0 0 1
    outer loop
      vertex 65.58545626433548 9.22189452677408 29.799999999999997
      vertex 65.58545626433548 8.778105473225907 29.799999999999997
      vertex 65.6 8.999999999999993 29.799999999999997
    endloop
  endfacet
  facet normal 0 0 1
    outer loop
      vertex 65.54207390469142 9.439992376674276 29.799999999999997
      vertex 65.47059520526919 8.34943816497934 29.799999999999997
      vertex 65.54207390469142 8.56000762332571 29.799999999999997
    endloop
  endfacet
  facet normal 0 0 1
    outer loop
      vertex 65.58545626433548 9.22189452677408 29.799999999999997
      vertex 65.54207390469142 8.56000762332571 29.799999999999997
      vertex 65.58545626433548 8.778105473225907 29.799999999999997
    endloop
  endfacet
  facet normal 0 0 1
    outer loop
      vertex 65.2487006784951 7.965105570685168 29.799999999999997
      vertex 65.37224318643355 8.149999999999991 29.799999999999997
      vertex 65.37224318643355 9.849999999999994 29.799999999999997
    endloop
  endfacet
  facet normal 0 0 1
    outer loop
      vertex 65.47059520526919 9.650561835020646 29.799999999999997
      vertex 65.37224318643355 8.149999999999991 29.799999999999997
      vertex 65.47059520526919 8.34943816497934 29.799999999999997
    endloop
  endfacet
  facet normal 0 -1 0
    outer loop
      vertex -1.1 57.89999999999999 31.4
      vertex -0.2999999999999998 57.89999999999999 29.4
      vertex -0.2999999999999998 57.89999999999999 31.4
    endloop
  endfacet
  facet normal 0 -1 0
    outer loop
      vertex -1.1 57.89999999999999 31.4
      vertex -1.1 57.89999999999999 29.4
      vertex -0.2999999999999998 57.89999999999999 29.4
    endloop
  endfacet
  facet normal 0 0 -1
    outer loop
      vertex -1.1 57.89999999999999 31.4
      vertex -0.2999999999999998 57.89999999999999 31.4
      vertex -1.1 41.89999999999999 31.4
    endloop
  endfacet
  facet normal 0 0 -1
    outer loop
      vertex -0.2999999999999998 57.89999999999999 31.4
      vertex -0.2999999999999998 41.89999999999999 31.4
      vertex -1.1 41.89999999999999 31.4
    endloop
  endfacet
  facet normal 1 0 0
    outer loop
      vertex -1.1 57.89999999999999 31.4
      vertex -1.1 41.89999999999999 31.4
      vertex -1.1 41.89999999999999 29.4
    endloop
  endfacet
  facet normal 1 0 0
    outer loop
      vertex -1.1 57.89999999999999 31.4
      vertex -1.1 41.89999999999999 29.4
      vertex -1.1 57.89999999999999 29.4
    endloop
  endfacet
  facet normal 0 0 1
    outer loop
      vertex -1.1 57.89999999999999 29.4
      vertex -0.2999999999999998 41.89999999999999 29.4
      vertex -0.2999999999999998 57.89999999999999 29.4
    endloop
  endfacet
  facet normal 0 0 1
    outer loop
      vertex -1.1 57.89999999999999 29.4
      vertex -1.1 41.89999999999999 29.4
      vertex -0.2999999999999998 41.89999999999999 29.4
    endloop
  endfacet
  facet normal 0 1 0
    outer loop
      vertex -1.1 41.89999999999999 31.4
      vertex -0.2999999999999998 41.89999999999999 31.4
      vertex -1.1 41.89999999999999 29.4
    endloop
  endfacet
  facet normal 0 1 0
    outer loop
      vertex -0.2999999999999998 41.89999999999999 31.4
      vertex -0.2999999999999998 41.89999999999999 29.4
      vertex -1.1 41.89999999999999 29.4
    endloop
  endfacet
  facet normal 0 -1 0
    outer loop
      vertex -1.1 22.89999999999999 31.4
      vertex -0.2999999999999998 22.89999999999999 29.4
      vertex -0.2999999999999998 22.89999999999999 31.4
    endloop
  endfacet
  facet normal 0 0 -1
    outer loop
      vertex -1.1 22.89999999999999 31.4
      vertex -0.2999999999999998 22.89999999999999 31.4
      vertex -1.1 6.8999999999999915 31.4
    endloop
  endfacet
  facet normal 0 -1 0
    outer loop
      vertex -1.1 22.89999999999999 31.4
      vertex -1.1 22.89999999999999 29.4
      vertex -0.2999999999999998 22.89999999999999 29.4
    endloop
  endfacet
  facet normal 1 0 0
    outer loop
      vertex -1.1 22.89999999999999 31.4
      vertex -1.1 6.8999999999999915 29.4
      vertex -1.1 22.89999999999999 29.4
    endloop
  endfacet
  facet normal 0 0 1
    outer loop
      vertex -1.1 22.89999999999999 29.4
      vertex -0.2999999999999998 6.8999999999999915 29.4
      vertex -0.2999999999999998 22.89999999999999 29.4
    endloop
  endfacet
  facet normal 0 0 -1
    outer loop
      vertex -0.2999999999999998 22.89999999999999 31.4
      vertex -0.2999999999999998 6.8999999999999915 31.4
      vertex -1.1 6.8999999999999915 31.4
    endloop
  endfacet
  facet normal 1 0 0
    outer loop
      vertex -1.1 22.89999999999999 31.4
      vertex -1.1 6.8999999999999915 31.4
      vertex -1.1 6.8999999999999915 29.4
    endloop
  endfacet
  facet normal 0 0 1
    outer loop
      vertex -1.1 22.89999999999999 29.4
      vertex -1.1 6.8999999999999915 29.4
      vertex -0.2999999999999998 6.8999999999999915 29.4
    endloop
  endfacet
  facet normal 0 1 0
    outer loop
      vertex -1.1 6.8999999999999915 31.4
      vertex -0.2999999999999998 6.8999999999999915 31.4
      vertex -1.1 6.8999999999999915 29.4
    endloop
  endfacet
  facet normal 0 1 0
    outer loop
      vertex -0.2999999999999998 6.8999999999999915 31.4
      vertex -0.2999999999999998 6.8999999999999915 29.4
      vertex -1.1 6.8999999999999915 29.4
    endloop
  endfacet
  facet normal 1 0 0
    outer loop
      vertex -0.2999999999999998 62.19999999999999 34.4
      vertex -0.2999999999999998 57.89999999999999 31.4
      vertex -0.2999999999999998 57.89999999999999 29.4
    endloop
  endfacet
  facet normal 0 1 0
    outer loop
      vertex -3.1 62.19999999999999 34.4
      vertex -0.2999999999999998 62.19999999999999 34.4
      vertex -3.1 62.19999999999999 2
    endloop
  endfacet
  facet normal 1 0 0
    outer loop
      vertex -0.2999999999999998 62.19999999999999 34.4
      vertex -0.2999999999999998 57.89999999999999 29.4
      vertex -0.2999999999999998 62.19999999999999 2
    endloop
  endfacet
  facet normal 1 0 0
    outer loop
      vertex -0.2999999999999998 57.89999999999999 29.4
      vertex -0.2999999999999998 41.89999999999999 29.4
      vertex -0.2999999999999998 62.19999999999999 2
    endloop
  endfacet
  facet normal 0 0 1
    outer loop
      vertex -3.1 62.19999999999999 34.4
      vertex -0.2999999999999998 2.799999999999997 34.4
      vertex -0.2999999999999998 62.19999999999999 34.4
    endloop
  endfacet
  facet normal 1 0 0
    outer loop
      vertex -0.2999999999999998 62.19999999999999 34.4
      vertex -0.2999999999999998 2.799999999999997 34.4
      vertex -0.2999999999999998 57.89999999999999 31.4
    endloop
  endfacet
  facet normal 1 0 0
    outer loop
      vertex -0.2999999999999998 57.89999999999999 31.4
      vertex -0.2999999999999998 2.799999999999997 34.4
      vertex -0.2999999999999998 41.89999999999999 31.4
    endloop
  endfacet
  facet normal 1 0 0
    outer loop
      vertex -0.2999999999999998 41.89999999999999 31.4
      vertex -0.2999999999999998 22.89999999999999 29.4
      vertex -0.2999999999999998 41.89999999999999 29.4
    endloop
  endfacet
  facet normal 1 0 0
    outer loop
      vertex -0.2999999999999998 41.89999999999999 29.4
      vertex -0.2999999999999998 22.89999999999999 29.4
      vertex -0.2999999999999998 62.19999999999999 2
    endloop
  endfacet
  facet normal 0 1 0
    outer loop
      vertex -0.2999999999999998 62.19999999999999 34.4
      vertex -0.2999999999999998 62.19999999999999 2
      vertex -3.1 62.19999999999999 2
    endloop
  endfacet
  facet normal -1 0 0
    outer loop
      vertex -3.1 62.19999999999999 34.4
      vertex -3.1 62.19999999999999 2
      vertex -3.1 2.799999999999997 0
    endloop
  endfacet
  facet normal -1 0 0
    outer loop
      vertex -3.1 62.19999999999999 2
      vertex -3.1 62.19999999999999 0
      vertex -3.1 2.799999999999997 0
    endloop
  endfacet
  facet normal 1 0 0
    outer loop
      vertex -0.2999999999999998 41.89999999999999 31.4
      vertex -0.2999999999999998 22.89999999999999 31.4
      vertex -0.2999999999999998 22.89999999999999 29.4
    endloop
  endfacet
  facet normal 0 0 1
    outer loop
      vertex -3.1 62.19999999999999 34.4
      vertex -3.1 2.799999999999997 34.4
      vertex -0.31001889496408097 0.22256259527351574 34.4
    endloop
  endfacet
  facet normal 0 0 1
    outer loop
      vertex -3.1 62.19999999999999 34.4
      vertex -0.31001889496408097 0.22256259527351574 34.4
      vertex -0.2999999999999998 2.799999999999997 34.4
    endloop
  endfacet
  facet normal 1 0 0
    outer loop
      vertex -0.2999999999999998 41.89999999999999 31.4
      vertex -0.2999999999999998 2.799999999999997 34.4
      vertex -0.2999999999999998 22.89999999999999 31.4
    endloop
  endfacet
  facet normal 1 0 0
    outer loop
      vertex -0.2999999999999998 62.19999999999999 2
      vertex -0.2999999999999998 22.89999999999999 29.4
      vertex -0.2999999999999998 6.8999999999999915 29.4
    endloop
  endfacet
  facet normal -1 0 0
    outer loop
      vertex -3.1 62.19999999999999 34.4
      vertex -3.1 2.799999999999997 0
      vertex -3.1 2.799999999999997 34.4
    endloop
  endfacet
  facet normal 1 0 0
    outer loop
      vertex -0.2999999999999998 22.89999999999999 31.4
      vertex -0.2999999999999998 2.799999999999997 34.4
      vertex -0.2999999999999998 6.8999999999999915 31.4
    endloop
  endfacet
  facet normal 1 0 0
    outer loop
      vertex -0.2999999999999998 6.8999999999999915 31.4
      vertex -0.2999999999999998 2.799999999999997 34.4
      vertex -0.2999999999999998 6.8999999999999915 29.4
    endloop
  endfacet
  facet normal 0 0 1
    outer loop
      vertex -3.1 2.799999999999997 34.4
      vertex -3.1 0 34.4
      vertex -0.31001889496408097 0.22256259527351574 34.4
    endloop
  endfacet
  facet normal 0 0 1
    outer loop
      vertex -0.2999999999999998 2.799999999999997 34.4
      vertex -0.31001889496408097 0.22256259527351574 34.4
      vertex -0.2999999999999998 0.2233618233618202 34.4
    endloop
  endfacet
  facet normal 0 0 1
    outer loop
      vertex -3.1 0 34.4
      vertex -0.2999999999999998 0 34.4
      vertex -0.31001889496408097 0.22256259527351574 34.4
    endloop
  endfacet
  facet normal 1 0 0
    outer loop
      vertex -0.2999999999999998 2.799999999999997 34.4
      vertex -0.2999999999999998 2.799999999999997 2
      vertex -0.2999999999999998 6.8999999999999915 29.4
    endloop
  endfacet
  facet normal 1 0 0
    outer loop
      vertex -0.2999999999999998 62.19999999999999 2
      vertex -0.2999999999999998 6.8999999999999915 29.4
      vertex -0.2999999999999998 2.799999999999997 2
    endloop
  endfacet
  facet normal 1 0 0
    outer loop
      vertex 6 2.799999999999997 31.4
      vertex 6 2 31.4
      vertex 6 2.799999999999997 29.4
    endloop
  endfacet
  facet normal 1 0 0
    outer loop
      vertex 6 2 31.4
      vertex 6 2 29.4
      vertex 6 2.799999999999997 29.4
    endloop
  endfacet
  facet normal 0 0 -1
    outer loop
      vertex 6 2.799999999999997 31.4
      vertex 30 2 31.4
      vertex 6 2 31.4
    endloop
  endfacet
  facet normal 0 1 0
    outer loop
      vertex 6 2 31.4
      vertex 30 2 31.4
      vertex 6 2 29.4
    endloop
  endfacet
  facet normal 0 0 1
    outer loop
      vertex 6 2.799999999999997 29.4
      vertex 6 2 29.4
      vertex 30 2.799999999999997 29.4
    endloop
  endfacet
  facet normal 0 0 -1
    outer loop
      vertex 6 2.799999999999997 31.4
      vertex 30 2.799999999999997 31.4
      vertex 30 2 31.4
    endloop
  endfacet
  facet normal -1 0 0
    outer loop
      vertex 30 2.799999999999997 31.4
      vertex 30 2 29.4
      vertex 30 2 31.4
    endloop
  endfacet
  facet normal 0 1 0
    outer loop
      vertex 6 2 29.4
      vertex 30 2 31.4
      vertex 30 2 29.4
    endloop
  endfacet
  facet normal 0 0 1
    outer loop
      vertex 6 2 29.4
      vertex 30 2 29.4
      vertex 30 2.799999999999997 29.4
    endloop
  endfacet
  facet normal -1 0 0
    outer loop
      vertex 30 2.799999999999997 31.4
      vertex 30 2.799999999999997 29.4
      vertex 30 2 29.4
    endloop
  endfacet
  facet normal 0 0 -1
    outer loop
      vertex 56 2.799999999999997 31.4
      vertex 80 2 31.4
      vertex 56 2 31.4
    endloop
  endfacet
  facet normal 0 1 0
    outer loop
      vertex 56 2 31.4
      vertex 80 2 31.4
      vertex 56 2 29.4
    endloop
  endfacet
  facet normal 0 0 1
    outer loop
      vertex 56 2.799999999999997 29.4
      vertex 56 2 29.4
      vertex 80 2.799999999999997 29.4
    endloop
  endfacet
  facet normal 0 0 -1
    outer loop
      vertex 56 2.799999999999997 31.4
      vertex 80 2.799999999999997 31.4
      vertex 80 2 31.4
    endloop
  endfacet
  facet normal 0 1 0
    outer loop
      vertex 56 2 29.4
      vertex 80 2 31.4
      vertex 80 2 29.4
    endloop
  endfacet
  facet normal 0 0 1
    outer loop
      vertex 56 2 29.4
      vertex 80 2 29.4
      vertex 80 2.799999999999997 29.4
    endloop
  endfacet
  facet normal -1 0 0
    outer loop
      vertex 80 2.799999999999997 31.4
      vertex 80 2 29.4
      vertex 80 2 31.4
    endloop
  endfacet
  facet normal -1 0 0
    outer loop
      vertex 80 2.799999999999997 31.4
      vertex 80 2.799999999999997 29.4
      vertex 80 2 29.4
    endloop
  endfacet
  facet normal 0 0 1
    outer loop
      vertex -0.2999999999999998 0.2233618233618202 34.4
      vertex -0.31001889496408097 0.22256259527351574 34.4
      vertex -0.2999999999999998 0 34.4
    endloop
  endfacet
  facet normal 0 1 0
    outer loop
      vertex -0.2999999999999998 2.799999999999997 34.4
      vertex 6 2.799999999999997 31.4
      vertex 6 2.799999999999997 29.4
    endloop
  endfacet
  facet normal 0 0 1
    outer loop
      vertex -0.2999999999999998 2.799999999999997 34.4
      vertex -0.2999999999999998 0.2233618233618202 34.4
      vertex 32 2.799999999999997 34.4
    endloop
  endfacet
  facet normal 0 0 1
    outer loop
      vertex -0.2999999999999998 0.2233618233618202 34.4
      vertex -0.2999999999999998 0 34.4
      vertex 32 0 34.4
    endloop
  endfacet
  facet normal 0 1 0
    outer loop
      vertex -0.2999999999999998 2.799999999999997 34.4
      vertex 32 2.799999999999997 34.4
      vertex 6 2.799999999999997 31.4
    endloop
  endfacet
  facet normal -1 0 0
    outer loop
      vertex -3.1 2.799999999999997 34.4
      vertex -3.1 0 2
      vertex -3.1 0 34.4
    endloop
  endfacet
  facet normal 0 1 0
    outer loop
      vertex -0.2999999999999998 2.799999999999997 34.4
      vertex 6 2.799999999999997 29.4
      vertex -0.2999999999999998 2.799999999999997 2
    endloop
  endfacet
  facet normal 0 -1 0
    outer loop
      vertex -3.1 0 34.4
      vertex 32 0 2
      vertex -0.2999999999999998 0 34.4
    endloop
  endfacet
  facet normal 0 1 0
    outer loop
      vertex 6 2.799999999999997 29.4
      vertex 30 2.799999999999997 29.4
      vertex -0.2999999999999998 2.799999999999997 2
    endloop
  endfacet
  facet normal 0 0 1
    outer loop
      vertex -0.2999999999999998 0.2233618233618202 34.4
      vertex 32 0 34.4
      vertex 32 2.799999999999997 34.4
    endloop
  endfacet
  facet normal 0 1 0
    outer loop
      vertex 6 2.799999999999997 31.4
      vertex 32 2.799999999999997 34.4
      vertex 30 2.799999999999997 31.4
    endloop
  endfacet
  facet normal 0 -1 0
    outer loop
      vertex -0.2999999999999998 0 34.4
      vertex 32 0 2
      vertex 32 0 34.4
    endloop
  endfacet
  facet normal 0 1 0
    outer loop
      vertex 30 2.799999999999997 31.4
      vertex 32 2.799999999999997 2
      vertex 30 2.799999999999997 29.4
    endloop
  endfacet
  facet normal 0 1 0
    outer loop
      vertex 30 2.799999999999997 31.4
      vertex 32 2.799999999999997 34.4
      vertex 32 2.799999999999997 2
    endloop
  endfacet
  facet normal -1 0 0
    outer loop
      vertex -3.1 2.799999999999997 34.4
      vertex -3.1 0 0
      vertex -3.1 0 2
    endloop
  endfacet
  facet normal -1 0 0
    outer loop
      vertex -3.1 2.799999999999997 34.4
      vertex -3.1 2.799999999999997 0
      vertex -3.1 0 0
    endloop
  endfacet
  facet normal 0 -1 0
    outer loop
      vertex -3.1 0 34.4
      vertex -3.1 0 2
      vertex 32 0 2
    endloop
  endfacet
  facet normal 0 1 0
    outer loop
      vertex 30 2.799999999999997 29.4
      vertex 32 2.799999999999997 2
      vertex -0.2999999999999998 2.799999999999997 2
    endloop
  endfacet
  facet normal 0 1 0
    outer loop
      vertex 56 2.799999999999997 34.4
      vertex 80 2.799999999999997 31.4
      vertex 56 2.799999999999997 31.4
    endloop
  endfacet
  facet normal 0 0 1
    outer loop
      vertex 56 2.799999999999997 34.4
      vertex 56 0 34.4
      vertex 88.1 2.799999999999997 34.4
    endloop
  endfacet
  facet normal 0 1 0
    outer loop
      vertex 56 2.799999999999997 34.4
      vertex 88.1 2.799999999999997 34.4
      vertex 80 2.799999999999997 31.4
    endloop
  endfacet
  facet normal 0 0 1
    outer loop
      vertex 56 0 34.4
      vertex 88.1 0 34.4
      vertex 88.1 2.799999999999997 34.4
    endloop
  endfacet
  facet normal 0 -1 0
    outer loop
      vertex 56 0 34.4
      vertex 56 0 2
      vertex 88.1 0 34.4
    endloop
  endfacet
  facet normal 0 1 0
    outer loop
      vertex 56 2.799999999999997 29.4
      vertex 80 2.799999999999997 29.4
      vertex 88.1 2.799999999999997 2
    endloop
  endfacet
  facet normal 0 1 0
    outer loop
      vertex 80 2.799999999999997 31.4
      vertex 88.1 2.799999999999997 34.4
      vertex 88.1 2.799999999999997 2
    endloop
  endfacet
  facet normal 1 0 0
    outer loop
      vertex 88.1 2.799999999999997 34.4
      vertex 88.1 0 34.4
      vertex 88.1 2.63720930232558 2
    endloop
  endfacet
  facet normal 0 1 0
    outer loop
      vertex 80 2.799999999999997 31.4
      vertex 88.1 2.799999999999997 2
      vertex 80 2.799999999999997 29.4
    endloop
  endfacet
  facet normal 0 0 -1
    outer loop
      vertex -3.1 0 0
      vertex 88.1 2.799999999999997 0
      vertex 88.1 0 0
    endloop
  endfacet
  facet normal 0 1 0
    outer loop
      vertex 56 2.799999999999997 29.4
      vertex 88.1 2.799999999999997 2
      vertex 56 2.799999999999997 2
    endloop
  endfacet
  facet normal 0 -1 0
    outer loop
      vertex 88.1 0 34.4
      vertex 56 0 2
      vertex 88.1 0 2
    endloop
  endfacet
  facet normal 1 0 0
    outer loop
      vertex 88.1 2.799999999999997 34.4
      vertex 88.1 2.63720930232558 2
      vertex 88.1 2.799999999999997 2
    endloop
  endfacet
  facet normal 1 0 0
    outer loop
      vertex 88.1 0 34.4
      vertex 88.1 0 2
      vertex 88.1 2.63720930232558 2
    endloop
  endfacet
  facet normal 1 0 0
    outer loop
      vertex 88.1 2.63720930232558 2
      vertex 88.1 0 2
      vertex 88.1 0 0
    endloop
  endfacet
  facet normal 1 0 0
    outer loop
      vertex 88.1 2.63720930232558 2
      vertex 88.1 0 0
      vertex 88.1 2.799999999999997 0
    endloop
  endfacet
  facet normal 1 0 0
    outer loop
      vertex 32 2.799999999999997 34.4
      vertex 32 0 34.4
      vertex 32 2.799999999999997 2
    endloop
  endfacet
  facet normal 1 0 0
    outer loop
      vertex 32 0 34.4
      vertex 32 0 2
      vertex 32 2.799999999999997 2
    endloop
  endfacet
  facet normal -1 0 0
    outer loop
      vertex 56 2.799999999999997 34.4
      vertex 56 2.799999999999997 31.4
      vertex 56 2 31.4
    endloop
  endfacet
  facet normal -1 0 0
    outer loop
      vertex 56 2.799999999999997 34.4
      vertex 56 2 31.4
      vertex 56 0 34.4
    endloop
  endfacet
  facet normal -1 0 0
    outer loop
      vertex 56 0 34.4
      vertex 56 2 31.4
      vertex 56 0 2
    endloop
  endfacet
  facet normal -1 0 0
    outer loop
      vertex 56 2 31.4
      vertex 56 2 29.4
      vertex 56 0 2
    endloop
  endfacet
  facet normal -1 0 0
    outer loop
      vertex 56 2.799999999999997 29.4
      vertex 56 0 2
      vertex 56 2 29.4
    endloop
  endfacet
  facet normal -1 0 0
    outer loop
      vertex 56 2.799999999999997 29.4
      vertex 56 2.799999999999997 2
      vertex 56 0 2
    endloop
  endfacet
  facet normal 0 0 1
    outer loop
      vertex -0.2999999999999998 62.19999999999999 2
      vertex 3.0729842660346223 60.82701573396537 2
      vertex 3.4661693766377906 61.17182982156355 2
    endloop
  endfacet
  facet normal 0 0 1
    outer loop
      vertex -0.2999999999999998 62.19999999999999 2
      vertex 3.4661693766377906 61.17182982156355 2
      vertex 3.900998003992017 61.462373021517415 2
    endloop
  endfacet
  facet normal 0 0 1
    outer loop
      vertex -0.2999999999999998 62.19999999999999 2
      vertex 2.7281701784364403 60.433830623362205 2
      vertex 3.0729842660346223 60.82701573396537 2
    endloop
  endfacet
  facet normal 0 0 1
    outer loop
      vertex -0.2999999999999998 62.19999999999999 2
      vertex 2.4376269784825753 59.999001996007976 2
      vertex 2.7281701784364403 60.433830623362205 2
    endloop
  endfacet
  facet normal 0 0 1
    outer loop
      vertex -0.2999999999999998 62.19999999999999 2
      vertex 2.2063259408780307 59.52996989027399 2
      vertex 2.4376269784825753 59.999001996007976 2
    endloop
  endfacet
  facet normal 0 0 1
    outer loop
      vertex -0.2999999999999998 62.19999999999999 2
      vertex 2.038224690504984 59.03475957552963 2
      vertex 2.2063259408780307 59.52996989027399 2
    endloop
  endfacet
  facet normal 0 0 1
    outer loop
      vertex -0.2999999999999998 62.19999999999999 2
      vertex 1.9361994863637895 58.5218442375584 2
      vertex 2.038224690504984 59.03475957552963 2
    endloop
  endfacet
  facet normal 0 0 1
    outer loop
      vertex -0.2999999999999998 62.19999999999999 2
      vertex 1.9019960079840332 57.99999999999999 2
      vertex 1.9361994863637895 58.5218442375584 2
    endloop
  endfacet
  facet normal 0 0 1
    outer loop
      vertex -0.2999999999999998 62.19999999999999 2
      vertex 1.9361994863637895 57.47815576244158 2
      vertex 1.9019960079840332 57.99999999999999 2
    endloop
  endfacet
  facet normal 0 0 -1
    outer loop
      vertex -3.1 62.19999999999999 0
      vertex 3 59.89999999999999 0
      vertex 3 55.89999999999999 0
    endloop
  endfacet
  facet normal 0 0 1
    outer loop
      vertex -0.2999999999999998 62.19999999999999 2
      vertex 3.900998003992017 61.462373021517415 2
      vertex 4.370030109725999 61.69367405912196 2
    endloop
  endfacet
  facet normal 0 0 1
    outer loop
      vertex -0.2999999999999998 62.19999999999999 2
      vertex 4.370030109725999 61.69367405912196 2
      vertex 4.865240424470362 61.86177530949501 2
    endloop
  endfacet
  facet normal 0 0 1
    outer loop
      vertex -0.2999999999999998 62.19999999999999 2
      vertex 4.865240424470362 61.86177530949501 2
      vertex 5.37815576244159 61.9638005136362 2
    endloop
  endfacet
  facet normal 0 0 1
    outer loop
      vertex -0.2999999999999998 62.19999999999999 2
      vertex 5.37815576244159 61.9638005136362 2
      vertex 5.9 61.99800399201596 2
    endloop
  endfacet
  facet normal 0 0 1
    outer loop
      vertex 9.362373021517426 59.999001996007976 2
      vertex 9.411195403016732 59.89999999999999 2
      vertex 13 59.89999999999999 2
    endloop
  endfacet
  facet normal 0 0 1
    outer loop
      vertex 9.071829821563561 55.56616937663778 2
      vertex 13 55.89999999999999 2
      vertex 9.294888312777474 55.89999999999999 2
    endloop
  endfacet
  facet normal 0 0 1
    outer loop
      vertex 8.727015733965379 55.17298426603461 2
      vertex 8.33383062336221 54.82817017843643 2
      vertex 29 43.099999999999994 2
    endloop
  endfacet
  facet normal 0 0 1
    outer loop
      vertex 9.071829821563561 55.56616937663778 2
      vertex 8.727015733965379 55.17298426603461 2
      vertex 29 43.099999999999994 2
    endloop
  endfacet
  facet normal 0 0 1
    outer loop
      vertex 8.33383062336221 54.82817017843643 2
      vertex 23 43.099999999999994 2
      vertex 26 43.099999999999994 2
    endloop
  endfacet
  facet normal 0 0 1
    outer loop
      vertex -0.2999999999999998 62.19999999999999 2
      vertex 1.9019960079840332 8.999999999999993 2
      vertex 1.9361994863637895 57.47815576244158 2
    endloop
  endfacet
  facet normal 0 0 -1
    outer loop
      vertex -3.1 62.19999999999999 0
      vertex 3 55.89999999999999 0
      vertex -3.1 2.799999999999997 0
    endloop
  endfacet
  facet normal 0 0 1
    outer loop
      vertex 1.9361994863637895 57.47815576244158 2
      vertex 1.9361994863637895 9.521844237558398 2
      vertex 2.038224690504984 56.96524042447035 2
    endloop
  endfacet
  facet normal 0 0 1
    outer loop
      vertex 2.038224690504984 56.96524042447035 2
      vertex 2.038224690504984 10.034759575529634 2
      vertex 2.2063259408780307 56.47003010972599 2
    endloop
  endfacet
  facet normal 0 0 1
    outer loop
      vertex 2.2063259408780307 56.47003010972599 2
      vertex 2.2063259408780307 10.529969890273996 2
      vertex 2.4376269784825753 56.00099800399201 2
    endloop
  endfacet
  facet normal 0 0 1
    outer loop
      vertex 2.4376269784825753 56.00099800399201 2
      vertex 2.4376269784825753 10.999001996007976 2
      vertex 2.7281701784364403 55.56616937663778 2
    endloop
  endfacet
  facet normal 0 0 1
    outer loop
      vertex 2.7281701784364403 55.56616937663778 2
      vertex 2.7281701784364403 11.433830623362205 2
      vertex 3.0729842660346223 55.17298426603461 2
    endloop
  endfacet
  facet normal 0 0 1
    outer loop
      vertex 3.0729842660346223 55.17298426603461 2
      vertex 3.0729842660346223 11.827015733965375 2
      vertex 3.4661693766377906 54.82817017843643 2
    endloop
  endfacet
  facet normal 0 0 1
    outer loop
      vertex 3.4661693766377906 54.82817017843643 2
      vertex 3.4661693766377906 12.171829821563556 2
      vertex 3.900998003992017 54.537626978482564 2
    endloop
  endfacet
  facet normal 0 0 1
    outer loop
      vertex 3.900998003992017 54.537626978482564 2
      vertex 3.900998003992017 12.462373021517422 2
      vertex 4.370030109725999 54.306325940878025 2
    endloop
  endfacet
  facet normal 0 0 1
    outer loop
      vertex 4.370030109725999 54.306325940878025 2
      vertex 4.370030109725999 12.69367405912196 2
      vertex 4.865240424470362 54.13822469050498 2
    endloop
  endfacet
  facet normal 0 0 1
    outer loop
      vertex 4.865240424470362 54.13822469050498 2
      vertex 4.865240424470362 12.861775309495009 2
      vertex 5.37815576244159 54.03619948636378 2
    endloop
  endfacet
  facet normal 0 0 1
    outer loop
      vertex 5.37815576244159 54.03619948636378 2
      vertex 5.37815576244159 12.963800513636208 2
      vertex 5.9 54.001996007984026 2
    endloop
  endfacet
  facet normal 0 0 1
    outer loop
      vertex 5.9 54.001996007984026 2
      vertex 5.9 12.99800399201596 2
      vertex 6.42184423755841 54.03619948636378 2
    endloop
  endfacet
  facet normal 0 0 1
    outer loop
      vertex 6.42184423755841 54.03619948636378 2
      vertex 6.42184423755841 12.963800513636208 2
      vertex 6.934759575529639 54.13822469050498 2
    endloop
  endfacet
  facet normal 0 0 1
    outer loop
      vertex 6.934759575529639 54.13822469050498 2
      vertex 6.934759575529639 12.861775309495009 2
      vertex 7.429969890274002 54.306325940878025 2
    endloop
  endfacet
  facet normal 0 0 1
    outer loop
      vertex 7.899001996007984 54.537626978482564 2
      vertex 7.429969890274002 54.306325940878025 2
      vertex 7.429969890274002 12.69367405912196 2
    endloop
  endfacet
  facet normal 0 0 1
    outer loop
      vertex 7.899001996007984 54.537626978482564 2
      vertex 7.899001996007984 12.462373021517422 2
      vertex 8.33383062336221 54.82817017843643 2
    endloop
  endfacet
  facet normal 0 0 -1
    outer loop
      vertex -3.1 2.799999999999997 0
      vertex 3 55.89999999999999 0
      vertex 13 55.89999999999999 0
    endloop
  endfacet
  facet normal 0 0 1
    outer loop
      vertex 8.33383062336221 54.82817017843643 2
      vertex 9.59367405912197 10.529969890273996 2
      vertex 23 43.099999999999994 2
    endloop
  endfacet
  facet normal 0 0 -1
    outer loop
      vertex -3.1 2.799999999999997 0
      vertex 13 55.89999999999999 0
      vertex 23 43.099999999999994 0
    endloop
  endfacet
  facet normal 0 0 1
    outer loop
      vertex 6.42184423755841 61.9638005136362 2
      vertex 6.934759575529639 61.86177530949501 2
      vertex 62.86524042447036 61.86177530949501 2
    endloop
  endfacet
  facet normal 0 0 1
    outer loop
      vertex 6.934759575529639 61.86177530949501 2
      vertex 7.429969890274002 61.69367405912196 2
      vertex 62.370030109725995 61.69367405912196 2
    endloop
  endfacet
  facet normal 0 0 1
    outer loop
      vertex 7.429969890274002 61.69367405912196 2
      vertex 7.899001996007984 61.462373021517415 2
      vertex 61.900998003992015 61.462373021517415 2
    endloop
  endfacet
  facet normal 0 0 1
    outer loop
      vertex 7.899001996007984 61.462373021517415 2
      vertex 8.33383062336221 61.17182982156355 2
      vertex 61.46616937663779 61.17182982156355 2
    endloop
  endfacet
  facet normal 0 0 1
    outer loop
      vertex 8.33383062336221 61.17182982156355 2
      vertex 8.727015733965379 60.82701573396537 2
      vertex 61.07298426603462 60.82701573396537 2
    endloop
  endfacet
  facet normal 0 0 1
    outer loop
      vertex 8.727015733965379 60.82701573396537 2
      vertex 9.071829821563561 60.433830623362205 2
      vertex 60.728170178436436 60.433830623362205 2
    endloop
  endfacet
  facet normal 0 1 0
    outer loop
      vertex -3.1 62.19999999999999 2
      vertex -0.2999999999999998 62.19999999999999 2
      vertex 88.1 62.19999999999999 0
    endloop
  endfacet
  facet normal 0 1 0
    outer loop
      vertex -3.1 62.19999999999999 2
      vertex 88.1 62.19999999999999 0
      vertex -3.1 62.19999999999999 0
    endloop
  endfacet
  facet normal 0 0 1
    outer loop
      vertex 9.071829821563561 60.433830623362205 2
      vertex 9.362373021517426 59.999001996007976 2
      vertex 60.43762697848257 59.999001996007976 2
    endloop
  endfacet
  facet normal 0 0 1
    outer loop
      vertex 9.362373021517426 59.999001996007976 2
      vertex 13 59.89999999999999 2
      vertex 60.20632594087803 59.52996989027399 2
    endloop
  endfacet
  facet normal 0 0 -1
    outer loop
      vertex -3.1 62.19999999999999 0
      vertex 88.1 62.19999999999999 0
      vertex 3 59.89999999999999 0
    endloop
  endfacet
  facet normal 0 0 1
    outer loop
      vertex 60.20632594087803 59.52996989027399 2
      vertex 13 59.89999999999999 2
      vertex 13 55.89999999999999 2
    endloop
  endfacet
  facet normal 0 0 1
    outer loop
      vertex 9.071829821563561 55.56616937663778 2
      vertex 60.728170178436436 55.56616937663778 2
      vertex 13 55.89999999999999 2
    endloop
  endfacet
  facet normal 0 0 1
    outer loop
      vertex 8.33383062336221 54.82817017843643 2
      vertex 26 43.099999999999994 2
      vertex 29 43.099999999999994 2
    endloop
  endfacet
  facet normal 0 0 -1
    outer loop
      vertex 26 43.099999999999994 0
      vertex 23 43.099999999999994 0
      vertex 13 55.89999999999999 0
    endloop
  endfacet
  facet normal 0 0 1
    outer loop
      vertex 9.071829821563561 55.56616937663778 2
      vertex 29 43.099999999999994 2
      vertex 32 43.099999999999994 2
    endloop
  endfacet
  facet normal 0 0 1
    outer loop
      vertex 9.071829821563561 55.56616937663778 2
      vertex 32 43.099999999999994 2
      vertex 35 43.099999999999994 2
    endloop
  endfacet
  facet normal 0 0 -1
    outer loop
      vertex 26 43.099999999999994 0
      vertex 13 55.89999999999999 0
      vertex 29 43.099999999999994 0
    endloop
  endfacet
  facet normal 0 0 -1
    outer loop
      vertex 32 43.099999999999994 0
      vertex 29 43.099999999999994 0
      vertex 13 55.89999999999999 0
    endloop
  endfacet
  facet normal 0 0 1
    outer loop
      vertex 9.071829821563561 55.56616937663778 2
      vertex 35 43.099999999999994 2
      vertex 38 43.099999999999994 2
    endloop
  endfacet
  facet normal 0 0 -1
    outer loop
      vertex 32 43.099999999999994 0
      vertex 13 55.89999999999999 0
      vertex 35 43.099999999999994 0
    endloop
  endfacet
  facet normal 0 0 1
    outer loop
      vertex 9.071829821563561 55.56616937663778 2
      vertex 38 43.099999999999994 2
      vertex 41 43.099999999999994 2
    endloop
  endfacet
  facet normal 0 0 -1
    outer loop
      vertex 13 55.89999999999999 0
      vertex 38 43.099999999999994 0
      vertex 35 43.099999999999994 0
    endloop
  endfacet
  facet normal 0 0 -1
    outer loop
      vertex 13 55.89999999999999 0
      vertex 41 43.099999999999994 0
      vertex 38 43.099999999999994 0
    endloop
  endfacet
  facet normal 0 0 1
    outer loop
      vertex -0.2999999999999998 62.19999999999999 2
      vertex 5.9 61.99800399201596 2
      vertex 88.1 62.19999999999999 2
    endloop
  endfacet
  facet normal 0 0 1
    outer loop
      vertex 5.9 61.99800399201596 2
      vertex 6.42184423755841 61.9638005136362 2
      vertex 88.1 62.19999999999999 2
    endloop
  endfacet
  facet normal 0 0 -1
    outer loop
      vertex 88.1 62.19999999999999 0
      vertex 13 59.89999999999999 0
      vertex 3 59.89999999999999 0
    endloop
  endfacet
  facet normal 0 0 -1
    outer loop
      vertex 88.1 62.19999999999999 0
      vertex 13 55.89999999999999 0
      vertex 13 59.89999999999999 0
    endloop
  endfacet
  facet normal 0 0 1
    outer loop
      vertex 9.071829821563561 55.56616937663778 2
      vertex 41 43.099999999999994 2
      vertex 44 43.099999999999994 2
    endloop
  endfacet
  facet normal 0 0 -1
    outer loop
      vertex 13 55.89999999999999 0
      vertex 44 43.099999999999994 0
      vertex 41 43.099999999999994 0
    endloop
  endfacet
  facet normal 0 0 -1
    outer loop
      vertex 13 55.89999999999999 0
      vertex 47 43.099999999999994 0
      vertex 44 43.099999999999994 0
    endloop
  endfacet
  facet normal 0 0 -1
    outer loop
      vertex 13 55.89999999999999 0
      vertex 50 43.099999999999994 0
      vertex 47 43.099999999999994 0
    endloop
  endfacet
  facet normal 0 0 1
    outer loop
      vertex 9.071829821563561 55.56616937663778 2
      vertex 44 43.099999999999994 2
      vertex 60.728170178436436 55.56616937663778 2
    endloop
  endfacet
  facet normal 0 0 1
    outer loop
      vertex 29 43.099999999999994 2
      vertex 26 43.099999999999994 2
      vertex 26 19.099999999999994 2
    endloop
  endfacet
  facet normal 0 0 -1
    outer loop
      vertex 29 19.099999999999994 0
      vertex 26 43.099999999999994 0
      vertex 29 43.099999999999994 0
    endloop
  endfacet
  facet normal 0 0 1
    outer loop
      vertex 32 19.099999999999994 2
      vertex 35 43.099999999999994 2
      vertex 32 43.099999999999994 2
    endloop
  endfacet
  facet normal 0 0 -1
    outer loop
      vertex 35 19.099999999999994 0
      vertex 32 43.099999999999994 0
      vertex 35 43.099999999999994 0
    endloop
  endfacet
  facet normal 0 0 1
    outer loop
      vertex 38 19.099999999999994 2
      vertex 41 43.099999999999994 2
      vertex 38 43.099999999999994 2
    endloop
  endfacet
  facet normal 0 0 -1
    outer loop
      vertex 41 19.099999999999994 0
      vertex 38 43.099999999999994 0
      vertex 41 43.099999999999994 0
    endloop
  endfacet
  facet normal 0 0 1
    outer loop
      vertex 2.4376269784825753 56.00099800399201 2
      vertex 2.2063259408780307 10.529969890273996 2
      vertex 2.4376269784825753 10.999001996007976 2
    endloop
  endfacet
  facet normal 0 0 1
    outer loop
      vertex 2.2063259408780307 56.47003010972599 2
      vertex 2.038224690504984 10.034759575529634 2
      vertex 2.2063259408780307 10.529969890273996 2
    endloop
  endfacet
  facet normal 0 0 1
    outer loop
      vertex 2.038224690504984 56.96524042447035 2
      vertex 1.9361994863637895 9.521844237558398 2
      vertex 2.038224690504984 10.034759575529634 2
    endloop
  endfacet
  facet normal 0 0 1
    outer loop
      vertex 1.9361994863637895 57.47815576244158 2
      vertex 1.9019960079840332 8.999999999999993 2
      vertex 1.9361994863637895 9.521844237558398 2
    endloop
  endfacet
  facet normal 0 0 1
    outer loop
      vertex -0.2999999999999998 62.19999999999999 2
      vertex -0.2999999999999998 2.799999999999997 2
      vertex 1.9019960079840332 8.999999999999993 2
    endloop
  endfacet
  facet normal 0 0 1
    outer loop
      vertex 3.4661693766377906 54.82817017843643 2
      vertex 3.0729842660346223 11.827015733965375 2
      vertex 3.4661693766377906 12.171829821563556 2
    endloop
  endfacet
  facet normal 0 0 1
    outer loop
      vertex 3.900998003992017 54.537626978482564 2
      vertex 3.4661693766377906 12.171829821563556 2
      vertex 3.900998003992017 12.462373021517422 2
    endloop
  endfacet
  facet normal 0 0 1
    outer loop
      vertex 2.7281701784364403 55.56616937663778 2
      vertex 2.4376269784825753 10.999001996007976 2
      vertex 2.7281701784364403 11.433830623362205 2
    endloop
  endfacet
  facet normal 0 0 1
    outer loop
      vertex 3.0729842660346223 55.17298426603461 2
      vertex 2.7281701784364403 11.433830623362205 2
      vertex 3.0729842660346223 11.827015733965375 2
    endloop
  endfacet
  facet normal 0 0 1
    outer loop
      vertex 4.370030109725999 54.306325940878025 2
      vertex 3.900998003992017 12.462373021517422 2
      vertex 4.370030109725999 12.69367405912196 2
    endloop
  endfacet
  facet normal 0 0 1
    outer loop
      vertex 4.865240424470362 54.13822469050498 2
      vertex 4.370030109725999 12.69367405912196 2
      vertex 4.865240424470362 12.861775309495009 2
    endloop
  endfacet
  facet normal 0 0 1
    outer loop
      vertex 5.37815576244159 54.03619948636378 2
      vertex 4.865240424470362 12.861775309495009 2
      vertex 5.37815576244159 12.963800513636208 2
    endloop
  endfacet
  facet normal 0 0 1
    outer loop
      vertex 5.9 54.001996007984026 2
      vertex 5.37815576244159 12.963800513636208 2
      vertex 5.9 12.99800399201596 2
    endloop
  endfacet
  facet normal 0 0 1
    outer loop
      vertex 6.42184423755841 54.03619948636378 2
      vertex 5.9 12.99800399201596 2
      vertex 6.42184423755841 12.963800513636208 2
    endloop
  endfacet
  facet normal 0 0 1
    outer loop
      vertex 6.934759575529639 54.13822469050498 2
      vertex 6.42184423755841 12.963800513636208 2
      vertex 6.934759575529639 12.861775309495009 2
    endloop
  endfacet
  facet normal 0 0 1
    outer loop
      vertex 7.429969890274002 54.306325940878025 2
      vertex 6.934759575529639 12.861775309495009 2
      vertex 7.429969890274002 12.69367405912196 2
    endloop
  endfacet
  facet normal 0 0 1
    outer loop
      vertex 7.899001996007984 54.537626978482564 2
      vertex 7.429969890274002 12.69367405912196 2
      vertex 7.899001996007984 12.462373021517422 2
    endloop
  endfacet
  facet normal 0 0 1
    outer loop
      vertex 8.33383062336221 54.82817017843643 2
      vertex 7.899001996007984 12.462373021517422 2
      vertex 8.33383062336221 12.171829821563556 2
    endloop
  endfacet
  facet normal 0 0 1
    outer loop
      vertex 8.33383062336221 54.82817017843643 2
      vertex 8.33383062336221 12.171829821563556 2
      vertex 8.727015733965379 11.827015733965375 2
    endloop
  endfacet
  facet normal 0 0 1
    outer loop
      vertex 8.33383062336221 54.82817017843643 2
      vertex 8.727015733965379 11.827015733965375 2
      vertex 9.071829821563561 11.433830623362205 2
    endloop
  endfacet
  facet normal 0 0 1
    outer loop
      vertex 8.33383062336221 54.82817017843643 2
      vertex 9.071829821563561 11.433830623362205 2
      vertex 9.362373021517426 10.999001996007976 2
    endloop
  endfacet
  facet normal 0 0 1
    outer loop
      vertex 8.33383062336221 54.82817017843643 2
      vertex 9.362373021517426 10.999001996007976 2
      vertex 9.59367405912197 10.529969890273996 2
    endloop
  endfacet
  facet normal 0 0 1
    outer loop
      vertex 9.59367405912197 10.529969890273996 2
      vertex 23 19.099999999999994 2
      vertex 23 43.099999999999994 2
    endloop
  endfacet
  facet normal 0 0 -1
    outer loop
      vertex -3.1 2.799999999999997 0
      vertex 23 43.099999999999994 0
      vertex 23 19.099999999999994 0
    endloop
  endfacet
  facet normal 0 0 1
    outer loop
      vertex 9.59367405912197 10.529969890273996 2
      vertex 26 19.099999999999994 2
      vertex 23 19.099999999999994 2
    endloop
  endfacet
  facet normal 0 0 1
    outer loop
      vertex 1.9019960079840332 8.999999999999993 2
      vertex -0.2999999999999998 2.799999999999997 2
      vertex 1.9361994863637895 8.478155762441588 2
    endloop
  endfacet
  facet normal 0 0 1
    outer loop
      vertex 1.9361994863637895 8.478155762441588 2
      vertex -0.2999999999999998 2.799999999999997 2
      vertex 2.038224690504984 7.965240424470352 2
    endloop
  endfacet
  facet normal 0 0 1
    outer loop
      vertex 2.038224690504984 7.965240424470352 2
      vertex -0.2999999999999998 2.799999999999997 2
      vertex 2.2063259408780307 7.47003010972599 2
    endloop
  endfacet
  facet normal 0 0 1
    outer loop
      vertex 2.2063259408780307 7.47003010972599 2
      vertex -0.2999999999999998 2.799999999999997 2
      vertex 2.4376269784825753 7.0009980039920094 2
    endloop
  endfacet
  facet normal 0 0 1
    outer loop
      vertex 2.4376269784825753 7.0009980039920094 2
      vertex -0.2999999999999998 2.799999999999997 2
      vertex 2.7281701784364403 6.566169376637781 2
    endloop
  endfacet
  facet normal 0 0 1
    outer loop
      vertex -0.2999999999999998 2.799999999999997 2
      vertex 3.0729842660346223 6.172984266034611 2
      vertex 2.7281701784364403 6.566169376637781 2
    endloop
  endfacet
  facet normal 0 0 1
    outer loop
      vertex -0.2999999999999998 2.799999999999997 2
      vertex 3.4661693766377906 5.82817017843643 2
      vertex 3.0729842660346223 6.172984266034611 2
    endloop
  endfacet
  facet normal 0 0 1
    outer loop
      vertex -0.2999999999999998 2.799999999999997 2
      vertex 3.900998003992017 5.537626978482564 2
      vertex 3.4661693766377906 5.82817017843643 2
    endloop
  endfacet
  facet normal 0 0 1
    outer loop
      vertex -0.2999999999999998 2.799999999999997 2
      vertex 4.370030109725999 5.3063259408780254 2
      vertex 3.900998003992017 5.537626978482564 2
    endloop
  endfacet
  facet normal 0 0 1
    outer loop
      vertex -0.2999999999999998 2.799999999999997 2
      vertex 4.865240424470362 5.138224690504977 2
      vertex 4.370030109725999 5.3063259408780254 2
    endloop
  endfacet
  facet normal 0 0 1
    outer loop
      vertex -0.2999999999999998 2.799999999999997 2
      vertex 5.37815576244159 5.036199486363778 2
      vertex 4.865240424470362 5.138224690504977 2
    endloop
  endfacet
  facet normal 0 0 -1
    outer loop
      vertex -3.1 2.799999999999997 0
      vertex 26 19.099999999999994 0
      vertex -3.1 0 0
    endloop
  endfacet
  facet normal 0 0 -1
    outer loop
      vertex -3.1 2.799999999999997 0
      vertex 23 19.099999999999994 0
      vertex 26 19.099999999999994 0
    endloop
  endfacet
  facet normal 0 0 -1
    outer loop
      vertex -3.1 0 0
      vertex 26 19.099999999999994 0
      vertex 29 19.099999999999994 0
    endloop
  endfacet
  facet normal 0 0 -1
    outer loop
      vertex -3.1 0 0
      vertex 29 19.099999999999994 0
      vertex 32 19.099999999999994 0
    endloop
  endfacet
  facet normal 0 -1 0
    outer loop
      vertex -3.1 0 2
      vertex -3.1 0 0
      vertex 32 0 2
    endloop
  endfacet
  facet normal 0 0 1
    outer loop
      vertex -0.2999999999999998 2.799999999999997 2
      vertex 32 2.799999999999997 2
      vertex 5.37815576244159 5.036199486363778 2
    endloop
  endfacet
  facet normal 0 0 1
    outer loop
      vertex 5.37815576244159 5.036199486363778 2
      vertex 32 2.799999999999997 2
      vertex 5.9 5.001996007984026 2
    endloop
  endfacet
  facet normal 0 0 1
    outer loop
      vertex 5.9 5.001996007984026 2
      vertex 32 2.799999999999997 2
      vertex 6.42184423755841 5.036199486363778 2
    endloop
  endfacet
  facet normal 0 0 1
    outer loop
      vertex 6.42184423755841 5.036199486363778 2
      vertex 32 2.799999999999997 2
      vertex 6.934759575529639 5.138224690504977 2
    endloop
  endfacet
  facet normal 0 0 1
    outer loop
      vertex 9.362373021517426 7.0009980039920094 2
      vertex 9.071829821563561 6.566169376637781 2
      vertex 32 2.799999999999997 2
    endloop
  endfacet
  facet normal 0 0 1
    outer loop
      vertex 8.727015733965379 6.172984266034611 2
      vertex 8.33383062336221 5.82817017843643 2
      vertex 32 2.799999999999997 2
    endloop
  endfacet
  facet normal 0 0 1
    outer loop
      vertex 8.727015733965379 6.172984266034611 2
      vertex 32 2.799999999999997 2
      vertex 9.071829821563561 6.566169376637781 2
    endloop
  endfacet
  facet normal 0 0 1
    outer loop
      vertex 6.934759575529639 5.138224690504977 2
      vertex 32 2.799999999999997 2
      vertex 7.429969890274002 5.3063259408780254 2
    endloop
  endfacet
  facet normal 0 0 1
    outer loop
      vertex 7.429969890274002 5.3063259408780254 2
      vertex 32 2.799999999999997 2
      vertex 7.899001996007984 5.537626978482564 2
    endloop
  endfacet
  facet normal 0 0 1
    outer loop
      vertex 7.899001996007984 5.537626978482564 2
      vertex 32 2.799999999999997 2
      vertex 8.33383062336221 5.82817017843643 2
    endloop
  endfacet
  facet normal 0 0 1
    outer loop
      vertex 9.898003992015967 8.999999999999993 2
      vertex 9.863800513636212 8.478155762441588 2
      vertex 32 2.799999999999997 2
    endloop
  endfacet
  facet normal 0 0 1
    outer loop
      vertex 9.863800513636212 8.478155762441588 2
      vertex 9.761775309495016 7.965240424470352 2
      vertex 32 2.799999999999997 2
    endloop
  endfacet
  facet normal 0 0 1
    outer loop
      vertex 9.761775309495016 7.965240424470352 2
      vertex 9.59367405912197 7.47003010972599 2
      vertex 32 2.799999999999997 2
    endloop
  endfacet
  facet normal 0 0 1
    outer loop
      vertex 9.59367405912197 7.47003010972599 2
      vertex 9.362373021517426 7.0009980039920094 2
      vertex 32 2.799999999999997 2
    endloop
  endfacet
  facet normal 0 0 1
    outer loop
      vertex 29 43.099999999999994 2
      vertex 26 19.099999999999994 2
      vertex 29 19.099999999999994 2
    endloop
  endfacet
  facet normal 0 0 -1
    outer loop
      vertex 26 43.099999999999994 0
      vertex 29 19.099999999999994 0
      vertex 26 19.099999999999994 0
    endloop
  endfacet
  facet normal 0 0 1
    outer loop
      vertex 9.59367405912197 10.529969890273996 2
      vertex 29 19.099999999999994 2
      vertex 26 19.099999999999994 2
    endloop
  endfacet
  facet normal 0 0 -1
    outer loop
      vertex 32 43.099999999999994 0
      vertex 35 19.099999999999994 0
      vertex 32 19.099999999999994 0
    endloop
  endfacet
  facet normal 0 0 1
    outer loop
      vertex 35 43.099999999999994 2
      vertex 32 19.099999999999994 2
      vertex 35 19.099999999999994 2
    endloop
  endfacet
  facet normal 0 0 -1
    outer loop
      vertex 38 43.099999999999994 0
      vertex 41 19.099999999999994 0
      vertex 38 19.099999999999994 0
    endloop
  endfacet
  facet normal 0 0 1
    outer loop
      vertex 41 43.099999999999994 2
      vertex 38 19.099999999999994 2
      vertex 41 19.099999999999994 2
    endloop
  endfacet
  facet normal 0 0 1
    outer loop
      vertex 60.20632594087803 10.529969890273996 2
      vertex 32 19.099999999999994 2
      vertex 29 19.099999999999994 2
    endloop
  endfacet
  facet normal 0 0 1
    outer loop
      vertex 60.20632594087803 10.529969890273996 2
      vertex 35 19.099999999999994 2
      vertex 32 19.099999999999994 2
    endloop
  endfacet
  facet normal 0 0 -1
    outer loop
      vertex -3.1 0 0
      vertex 32 19.099999999999994 0
      vertex 35 19.099999999999994 0
    endloop
  endfacet
  facet normal 0 0 -1
    outer loop
      vertex -3.1 0 0
      vertex 35 19.099999999999994 0
      vertex 38 19.099999999999994 0
    endloop
  endfacet
  facet normal 0 0 -1
    outer loop
      vertex -3.1 0 0
      vertex 38 19.099999999999994 0
      vertex 41 19.099999999999994 0
    endloop
  endfacet
  facet normal 0 0 -1
    outer loop
      vertex -3.1 0 0
      vertex 41 19.099999999999994 0
      vertex 44 19.099999999999994 0
    endloop
  endfacet
  facet normal 0 0 -1
    outer loop
      vertex -3.1 0 0
      vertex 44 19.099999999999994 0
      vertex 47 19.099999999999994 0
    endloop
  endfacet
  facet normal 0 0 1
    outer loop
      vertex 9.59367405912197 10.529969890273996 2
      vertex 9.761775309495016 10.034759575529634 2
      vertex 60.03822469050498 10.034759575529634 2
    endloop
  endfacet
  facet normal 0 0 1
    outer loop
      vertex 9.761775309495016 10.034759575529634 2
      vertex 9.863800513636212 9.521844237558398 2
      vertex 59.93619948636378 9.521844237558398 2
    endloop
  endfacet
  facet normal 0 0 1
    outer loop
      vertex 9.863800513636212 9.521844237558398 2
      vertex 9.898003992015967 8.999999999999993 2
      vertex 59.90199600798403 8.999999999999993 2
    endloop
  endfacet
  facet normal 0 -1 0
    outer loop
      vertex -3.1 0 0
      vertex 56 0 2
      vertex 32 0 2
    endloop
  endfacet
  facet normal 0 0 1
    outer loop
      vertex 9.59367405912197 10.529969890273996 2
      vertex 60.20632594087803 10.529969890273996 2
      vertex 29 19.099999999999994 2
    endloop
  endfacet
  facet normal 0 0 -1
    outer loop
      vertex -3.1 0 0
      vertex 47 19.099999999999994 0
      vertex 50 19.099999999999994 0
    endloop
  endfacet
  facet normal 0 0 -1
    outer loop
      vertex -3.1 0 0
      vertex 50 19.099999999999994 0
      vertex 53 19.099999999999994 0
    endloop
  endfacet
  facet normal 0 0 -1
    outer loop
      vertex -3.1 0 0
      vertex 53 19.099999999999994 0
      vertex 56 19.099999999999994 0
    endloop
  endfacet
  facet normal 0 0 1
    outer loop
      vertex 9.898003992015967 8.999999999999993 2
      vertex 32 2.799999999999997 2
      vertex 59.90199600798403 8.999999999999993 2
    endloop
  endfacet
  facet normal 0 0 1
    outer loop
      vertex 32 2.799999999999997 2
      vertex 32 0 2
      vertex 56 0 2
    endloop
  endfacet
  facet normal 0 0 1
    outer loop
      vertex 7.429969890274002 61.69367405912196 2
      vertex 61.900998003992015 61.462373021517415 2
      vertex 62.370030109725995 61.69367405912196 2
    endloop
  endfacet
  facet normal 0 0 1
    outer loop
      vertex 7.899001996007984 61.462373021517415 2
      vertex 61.46616937663779 61.17182982156355 2
      vertex 61.900998003992015 61.462373021517415 2
    endloop
  endfacet
  facet normal 0 0 1
    outer loop
      vertex 8.33383062336221 61.17182982156355 2
      vertex 61.07298426603462 60.82701573396537 2
      vertex 61.46616937663779 61.17182982156355 2
    endloop
  endfacet
  facet normal 0 0 1
    outer loop
      vertex 8.727015733965379 60.82701573396537 2
      vertex 60.728170178436436 60.433830623362205 2
      vertex 61.07298426603462 60.82701573396537 2
    endloop
  endfacet
  facet normal 0 0 1
    outer loop
      vertex 9.071829821563561 60.433830623362205 2
      vertex 60.43762697848257 59.999001996007976 2
      vertex 60.728170178436436 60.433830623362205 2
    endloop
  endfacet
  facet normal 0 0 1
    outer loop
      vertex 6.934759575529639 61.86177530949501 2
      vertex 62.370030109725995 61.69367405912196 2
      vertex 62.86524042447036 61.86177530949501 2
    endloop
  endfacet
  facet normal 0 0 1
    outer loop
      vertex 6.42184423755841 61.9638005136362 2
      vertex 62.86524042447036 61.86177530949501 2
      vertex 63.378155762441594 61.9638005136362 2
    endloop
  endfacet
  facet normal 0 0 1
    outer loop
      vertex 6.42184423755841 61.9638005136362 2
      vertex 63.378155762441594 61.9638005136362 2
      vertex 63.9 61.99800399201596 2
    endloop
  endfacet
  facet normal 0 0 1
    outer loop
      vertex 9.362373021517426 59.999001996007976 2
      vertex 60.20632594087803 59.52996989027399 2
      vertex 60.43762697848257 59.999001996007976 2
    endloop
  endfacet
  facet normal 0 0 1
    outer loop
      vertex 60.20632594087803 59.52996989027399 2
      vertex 13 55.89999999999999 2
      vertex 60.03822469050498 59.03475957552963 2
    endloop
  endfacet
  facet normal 0 0 1
    outer loop
      vertex 59.93619948636378 58.5218442375584 2
      vertex 13 55.89999999999999 2
      vertex 59.90199600798403 57.99999999999999 2
    endloop
  endfacet
  facet normal 0 0 1
    outer loop
      vertex 60.03822469050498 59.03475957552963 2
      vertex 13 55.89999999999999 2
      vertex 59.93619948636378 58.5218442375584 2
    endloop
  endfacet
  facet normal 0 0 1
    outer loop
      vertex 59.90199600798403 57.99999999999999 2
      vertex 13 55.89999999999999 2
      vertex 59.93619948636378 57.47815576244158 2
    endloop
  endfacet
  facet normal 0 0 1
    outer loop
      vertex 59.93619948636378 57.47815576244158 2
      vertex 13 55.89999999999999 2
      vertex 60.03822469050498 56.96524042447035 2
    endloop
  endfacet
  facet normal 0 0 1
    outer loop
      vertex 60.03822469050498 56.96524042447035 2
      vertex 13 55.89999999999999 2
      vertex 60.20632594087803 56.47003010972599 2
    endloop
  endfacet
  facet normal 0 0 1
    outer loop
      vertex 60.20632594087803 56.47003010972599 2
      vertex 13 55.89999999999999 2
      vertex 60.43762697848257 56.00099800399201 2
    endloop
  endfacet
  facet normal 0 0 1
    outer loop
      vertex 60.43762697848257 56.00099800399201 2
      vertex 13 55.89999999999999 2
      vertex 60.728170178436436 55.56616937663778 2
    endloop
  endfacet
  facet normal 0 0 1
    outer loop
      vertex 6.42184423755841 61.9638005136362 2
      vertex 63.9 61.99800399201596 2
      vertex 88.1 62.19999999999999 2
    endloop
  endfacet
  facet normal 0 0 -1
    outer loop
      vertex 88.1 62.19999999999999 0
      vertex 50 43.099999999999994 0
      vertex 13 55.89999999999999 0
    endloop
  endfacet
  facet normal 0 0 1
    outer loop
      vertex 60.728170178436436 55.56616937663778 2
      vertex 44 43.099999999999994 2
      vertex 47 43.099999999999994 2
    endloop
  endfacet
  facet normal 0 0 1
    outer loop
      vertex 60.728170178436436 55.56616937663778 2
      vertex 47 43.099999999999994 2
      vertex 50 43.099999999999994 2
    endloop
  endfacet
  facet normal 0 1 0
    outer loop
      vertex -0.2999999999999998 62.19999999999999 2
      vertex 88.1 62.19999999999999 2
      vertex 88.1 62.19999999999999 0
    endloop
  endfacet
  facet normal 0 0 1
    outer loop
      vertex 60.728170178436436 55.56616937663778 2
      vertex 50 43.099999999999994 2
      vertex 53 43.099999999999994 2
    endloop
  endfacet
  facet normal 0 0 1
    outer loop
      vertex 60.728170178436436 55.56616937663778 2
      vertex 53 43.099999999999994 2
      vertex 56 43.099999999999994 2
    endloop
  endfacet
  facet normal 0 0 1
    outer loop
      vertex 60.728170178436436 55.56616937663778 2
      vertex 56 43.099999999999994 2
      vertex 59 43.099999999999994 2
    endloop
  endfacet
  facet normal 0 0 1
    outer loop
      vertex 60.728170178436436 55.56616937663778 2
      vertex 59 43.099999999999994 2
      vertex 62 43.099999999999994 2
    endloop
  endfacet
  facet normal 0 0 -1
    outer loop
      vertex 88.1 62.19999999999999 0
      vertex 53 43.099999999999994 0
      vertex 50 43.099999999999994 0
    endloop
  endfacet
  facet normal 0 0 1
    outer loop
      vertex 44 19.099999999999994 2
      vertex 47 43.099999999999994 2
      vertex 44 43.099999999999994 2
    endloop
  endfacet
  facet normal 0 0 -1
    outer loop
      vertex 47 19.099999999999994 0
      vertex 44 43.099999999999994 0
      vertex 47 43.099999999999994 0
    endloop
  endfacet
  facet normal 0 0 1
    outer loop
      vertex 50 19.099999999999994 2
      vertex 53 43.099999999999994 2
      vertex 50 43.099999999999994 2
    endloop
  endfacet
  facet normal 0 0 -1
    outer loop
      vertex 53 19.099999999999994 0
      vertex 50 43.099999999999994 0
      vertex 53 43.099999999999994 0
    endloop
  endfacet
  facet normal 0 0 1
    outer loop
      vertex 56 19.099999999999994 2
      vertex 59 43.099999999999994 2
      vertex 56 43.099999999999994 2
    endloop
  endfacet
  facet normal 0 0 -1
    outer loop
      vertex 56 43.099999999999994 0
      vertex 59 43.099999999999994 0
      vertex 59 19.099999999999994 0
    endloop
  endfacet
  facet normal 0 0 1
    outer loop
      vertex 63.9 61.99800399201596 2
      vertex 64.4218442375584 61.9638005136362 2
      vertex 88.1 62.19999999999999 2
    endloop
  endfacet
  facet normal 0 0 1
    outer loop
      vertex 64.4218442375584 61.9638005136362 2
      vertex 64.93475957552964 61.86177530949501 2
      vertex 88.1 62.19999999999999 2
    endloop
  endfacet
  facet normal 0 0 1
    outer loop
      vertex 64.93475957552964 61.86177530949501 2
      vertex 65.429969890274 61.69367405912196 2
      vertex 88.1 62.19999999999999 2
    endloop
  endfacet
  facet normal 0 0 1
    outer loop
      vertex 65.429969890274 61.69367405912196 2
      vertex 65.899001996008 61.462373021517415 2
      vertex 88.1 62.19999999999999 2
    endloop
  endfacet
  facet normal 0 0 1
    outer loop
      vertex 65.899001996008 61.462373021517415 2
      vertex 66.33383062336222 61.17182982156355 2
      vertex 88.1 62.19999999999999 2
    endloop
  endfacet
  facet normal 0 0 1
    outer loop
      vertex 66.33383062336222 61.17182982156355 2
      vertex 66.72701573396537 60.82701573396537 2
      vertex 88.1 62.19999999999999 2
    endloop
  endfacet
  facet normal 0 0 1
    outer loop
      vertex 66.72701573396537 60.82701573396537 2
      vertex 67.07182982156355 60.433830623362205 2
      vertex 88.1 62.19999999999999 2
    endloop
  endfacet
  facet normal 0 0 1
    outer loop
      vertex 67.07182982156355 60.433830623362205 2
      vertex 67.36237302151743 59.999001996007976 2
      vertex 88.1 62.19999999999999 2
    endloop
  endfacet
  facet normal 0 0 1
    outer loop
      vertex 67.36237302151743 59.999001996007976 2
      vertex 67.59367405912197 59.52996989027399 2
      vertex 88.1 62.19999999999999 2
    endloop
  endfacet
  facet normal 0 0 1
    outer loop
      vertex 67.59367405912197 59.52996989027399 2
      vertex 67.76177530949501 59.03475957552963 2
      vertex 88.1 62.19999999999999 2
    endloop
  endfacet
  facet normal 0 0 1
    outer loop
      vertex 67.76177530949501 59.03475957552963 2
      vertex 67.8638005136362 58.5218442375584 2
      vertex 88.1 62.19999999999999 2
    endloop
  endfacet
  facet normal 0 0 1
    outer loop
      vertex 67.8638005136362 58.5218442375584 2
      vertex 67.89800399201597 57.99999999999999 2
      vertex 88.1 62.19999999999999 2
    endloop
  endfacet
  facet normal 0 0 1
    outer loop
      vertex 67.76177530949501 56.96524042447035 2
      vertex 67.59367405912197 56.47003010972599 2
      vertex 88.1 62.19999999999999 2
    endloop
  endfacet
  facet normal 0 0 1
    outer loop
      vertex 67.89800399201597 57.99999999999999 2
      vertex 67.8638005136362 57.47815576244158 2
      vertex 88.1 62.19999999999999 2
    endloop
  endfacet
  facet normal 0 0 1
    outer loop
      vertex 67.8638005136362 57.47815576244158 2
      vertex 67.76177530949501 56.96524042447035 2
      vertex 88.1 62.19999999999999 2
    endloop
  endfacet
  facet normal 0 0 1
    outer loop
      vertex 66.33383062336222 54.82817017843643 2
      vertex 88.1 62.19999999999999 2
      vertex 66.72701573396537 55.17298426603461 2
    endloop
  endfacet
  facet normal 0 0 1
    outer loop
      vertex 67.36237302151743 56.00099800399201 2
      vertex 67.07182982156355 55.56616937663778 2
      vertex 88.1 62.19999999999999 2
    endloop
  endfacet
  facet normal 0 0 1
    outer loop
      vertex 67.59367405912197 56.47003010972599 2
      vertex 67.36237302151743 56.00099800399201 2
      vertex 88.1 62.19999999999999 2
    endloop
  endfacet
  facet normal 0 0 1
    outer loop
      vertex 67.07182982156355 55.56616937663778 2
      vertex 66.72701573396537 55.17298426603461 2
      vertex 88.1 62.19999999999999 2
    endloop
  endfacet
  facet normal 0 0 -1
    outer loop
      vertex 88.1 62.19999999999999 0
      vertex 56 43.099999999999994 0
      vertex 53 43.099999999999994 0
    endloop
  endfacet
  facet normal 0 0 -1
    outer loop
      vertex 88.1 62.19999999999999 0
      vertex 59 43.099999999999994 0
      vertex 56 43.099999999999994 0
    endloop
  endfacet
  facet normal 0 0 -1
    outer loop
      vertex 88.1 62.19999999999999 0
      vertex 62 43.099999999999994 0
      vertex 59 43.099999999999994 0
    endloop
  endfacet
  facet normal 0 0 -1
    outer loop
      vertex 88.1 62.19999999999999 0
      vertex 62 19.099999999999994 0
      vertex 62 43.099999999999994 0
    endloop
  endfacet
  facet normal 0 0 1
    outer loop
      vertex 60.728170178436436 55.56616937663778 2
      vertex 88.1 2.799999999999997 2
      vertex 61.07298426603462 55.17298426603461 2
    endloop
  endfacet
  facet normal 0 0 1
    outer loop
      vertex 61.07298426603462 55.17298426603461 2
      vertex 88.1 2.799999999999997 2
      vertex 61.46616937663779 54.82817017843643 2
    endloop
  endfacet
  facet normal 0 0 1
    outer loop
      vertex 61.46616937663779 54.82817017843643 2
      vertex 88.1 2.799999999999997 2
      vertex 61.900998003992015 54.537626978482564 2
    endloop
  endfacet
  facet normal 0 0 1
    outer loop
      vertex 61.900998003992015 54.537626978482564 2
      vertex 88.1 2.799999999999997 2
      vertex 62.370030109725995 54.306325940878025 2
    endloop
  endfacet
  facet normal 0 0 1
    outer loop
      vertex 60.728170178436436 55.56616937663778 2
      vertex 62 43.099999999999994 2
      vertex 88.1 2.799999999999997 2
    endloop
  endfacet
  facet normal 0 0 1
    outer loop
      vertex 62.370030109725995 54.306325940878025 2
      vertex 88.1 2.799999999999997 2
      vertex 62.86524042447036 54.13822469050498 2
    endloop
  endfacet
  facet normal 0 0 1
    outer loop
      vertex 62.86524042447036 54.13822469050498 2
      vertex 88.1 2.799999999999997 2
      vertex 63.378155762441594 54.03619948636378 2
    endloop
  endfacet
  facet normal 0 0 1
    outer loop
      vertex 63.378155762441594 54.03619948636378 2
      vertex 88.1 2.799999999999997 2
      vertex 63.9 54.001996007984026 2
    endloop
  endfacet
  facet normal 0 0 1
    outer loop
      vertex 63.9 54.001996007984026 2
      vertex 88.1 2.799999999999997 2
      vertex 64.4218442375584 54.03619948636378 2
    endloop
  endfacet
  facet normal 0 0 1
    outer loop
      vertex 64.4218442375584 54.03619948636378 2
      vertex 88.1 2.799999999999997 2
      vertex 64.93475957552964 54.13822469050498 2
    endloop
  endfacet
  facet normal 0 0 1
    outer loop
      vertex 64.93475957552964 54.13822469050498 2
      vertex 88.1 2.799999999999997 2
      vertex 65.429969890274 54.306325940878025 2
    endloop
  endfacet
  facet normal 0 0 1
    outer loop
      vertex 65.899001996008 54.537626978482564 2
      vertex 65.429969890274 54.306325940878025 2
      vertex 88.1 2.799999999999997 2
    endloop
  endfacet
  facet normal 0 0 1
    outer loop
      vertex 65.899001996008 54.537626978482564 2
      vertex 88.1 2.799999999999997 2
      vertex 66.33383062336222 54.82817017843643 2
    endloop
  endfacet
  facet normal 0 0 1
    outer loop
      vertex 66.33383062336222 54.82817017843643 2
      vertex 88.1 2.799999999999997 2
      vertex 88.1 62.19999999999999 2
    endloop
  endfacet
  facet normal 1 0 0
    outer loop
      vertex 88.1 62.19999999999999 2
      vertex 88.1 2.799999999999997 2
      vertex 88.1 62.19999999999999 0
    endloop
  endfacet
  facet normal 0 0 -1
    outer loop
      vertex 44 43.099999999999994 0
      vertex 47 19.099999999999994 0
      vertex 44 19.099999999999994 0
    endloop
  endfacet
  facet normal 0 0 1
    outer loop
      vertex 47 43.099999999999994 2
      vertex 44 19.099999999999994 2
      vertex 47 19.099999999999994 2
    endloop
  endfacet
  facet normal 0 0 -1
    outer loop
      vertex 50 43.099999999999994 0
      vertex 53 19.099999999999994 0
      vertex 50 19.099999999999994 0
    endloop
  endfacet
  facet normal 0 0 1
    outer loop
      vertex 50 19.099999999999994 2
      vertex 53 19.099999999999994 2
      vertex 53 43.099999999999994 2
    endloop
  endfacet
  facet normal 0 0 1
    outer loop
      vertex 60.20632594087803 10.529969890273996 2
      vertex 38 19.099999999999994 2
      vertex 35 19.099999999999994 2
    endloop
  endfacet
  facet normal 0 0 1
    outer loop
      vertex 60.20632594087803 10.529969890273996 2
      vertex 41 19.099999999999994 2
      vertex 38 19.099999999999994 2
    endloop
  endfacet
  facet normal 0 0 1
    outer loop
      vertex 60.20632594087803 10.529969890273996 2
      vertex 44 19.099999999999994 2
      vertex 41 19.099999999999994 2
    endloop
  endfacet
  facet normal 0 0 1
    outer loop
      vertex 60.20632594087803 10.529969890273996 2
      vertex 47 19.099999999999994 2
      vertex 44 19.099999999999994 2
    endloop
  endfacet
  facet normal 0 0 1
    outer loop
      vertex 60.20632594087803 10.529969890273996 2
      vertex 50 19.099999999999994 2
      vertex 47 19.099999999999994 2
    endloop
  endfacet
  facet normal 0 0 1
    outer loop
      vertex 59 43.099999999999994 2
      vertex 56 19.099999999999994 2
      vertex 59 19.099999999999994 2
    endloop
  endfacet
  facet normal 0 0 -1
    outer loop
      vertex 56 43.099999999999994 0
      vertex 59 19.099999999999994 0
      vertex 56 19.099999999999994 0
    endloop
  endfacet
  facet normal 0 0 1
    outer loop
      vertex 61.46616937663779 12.171829821563556 2
      vertex 53 19.099999999999994 2
      vertex 50 19.099999999999994 2
    endloop
  endfacet
  facet normal 0 0 1
    outer loop
      vertex 63.9 12.99800399201596 2
      vertex 56 19.099999999999994 2
      vertex 53 19.099999999999994 2
    endloop
  endfacet
  facet normal 0 0 1
    outer loop
      vertex 66.33383062336222 12.171829821563556 2
      vertex 59 19.099999999999994 2
      vertex 56 19.099999999999994 2
    endloop
  endfacet
  facet normal 0 0 1
    outer loop
      vertex 66.33383062336222 12.171829821563556 2
      vertex 62 19.099999999999994 2
      vertex 59 19.099999999999994 2
    endloop
  endfacet
  facet normal 0 0 1
    outer loop
      vertex 9.59367405912197 10.529969890273996 2
      vertex 60.03822469050498 10.034759575529634 2
      vertex 60.20632594087803 10.529969890273996 2
    endloop
  endfacet
  facet normal 0 0 1
    outer loop
      vertex 9.761775309495016 10.034759575529634 2
      vertex 59.93619948636378 9.521844237558398 2
      vertex 60.03822469050498 10.034759575529634 2
    endloop
  endfacet
  facet normal 0 0 1
    outer loop
      vertex 9.863800513636212 9.521844237558398 2
      vertex 59.90199600798403 8.999999999999993 2
      vertex 59.93619948636378 9.521844237558398 2
    endloop
  endfacet
  facet normal 0 0 -1
    outer loop
      vertex -3.1 0 0
      vertex 56 19.099999999999994 0
      vertex 88.1 2.799999999999997 0
    endloop
  endfacet
  facet normal 0 0 1
    outer loop
      vertex 32 2.799999999999997 2
      vertex 56 0 2
      vertex 56 2.799999999999997 2
    endloop
  endfacet
  facet normal 0 -1 0
    outer loop
      vertex -3.1 0 0
      vertex 88.1 0 2
      vertex 56 0 2
    endloop
  endfacet
  facet normal 0 0 1
    outer loop
      vertex 32 2.799999999999997 2
      vertex 56 2.799999999999997 2
      vertex 59.90199600798403 8.999999999999993 2
    endloop
  endfacet
  facet normal 0 0 1
    outer loop
      vertex 61.07298426603462 11.827015733965375 2
      vertex 50 19.099999999999994 2
      vertex 60.728170178436436 11.433830623362205 2
    endloop
  endfacet
  facet normal 0 0 1
    outer loop
      vertex 60.728170178436436 11.433830623362205 2
      vertex 50 19.099999999999994 2
      vertex 60.43762697848257 10.999001996007976 2
    endloop
  endfacet
  facet normal 0 0 1
    outer loop
      vertex 61.46616937663779 12.171829821563556 2
      vertex 50 19.099999999999994 2
      vertex 61.07298426603462 11.827015733965375 2
    endloop
  endfacet
  facet normal 0 0 1
    outer loop
      vertex 62.370030109725995 12.69367405912196 2
      vertex 53 19.099999999999994 2
      vertex 61.900998003992015 12.462373021517422 2
    endloop
  endfacet
  facet normal 0 0 1
    outer loop
      vertex 62.370030109725995 12.69367405912196 2
      vertex 62.86524042447036 12.861775309495009 2
      vertex 53 19.099999999999994 2
    endloop
  endfacet
  facet normal 0 0 1
    outer loop
      vertex 61.46616937663779 12.171829821563556 2
      vertex 61.900998003992015 12.462373021517422 2
      vertex 53 19.099999999999994 2
    endloop
  endfacet
  facet normal 0 0 1
    outer loop
      vertex 60.43762697848257 10.999001996007976 2
      vertex 50 19.099999999999994 2
      vertex 60.20632594087803 10.529969890273996 2
    endloop
  endfacet
  facet normal 0 0 1
    outer loop
      vertex 62.86524042447036 12.861775309495009 2
      vertex 63.378155762441594 12.963800513636208 2
      vertex 53 19.099999999999994 2
    endloop
  endfacet
  facet normal 0 0 1
    outer loop
      vertex 63.378155762441594 12.963800513636208 2
      vertex 63.9 12.99800399201596 2
      vertex 53 19.099999999999994 2
    endloop
  endfacet
  facet normal 0 0 1
    outer loop
      vertex 63.9 12.99800399201596 2
      vertex 64.4218442375584 12.963800513636208 2
      vertex 56 19.099999999999994 2
    endloop
  endfacet
  facet normal 0 0 1
    outer loop
      vertex 64.4218442375584 12.963800513636208 2
      vertex 64.93475957552964 12.861775309495009 2
      vertex 56 19.099999999999994 2
    endloop
  endfacet
  facet normal 0 0 1
    outer loop
      vertex 64.93475957552964 12.861775309495009 2
      vertex 65.429969890274 12.69367405912196 2
      vertex 56 19.099999999999994 2
    endloop
  endfacet
  facet normal 0 0 1
    outer loop
      vertex 65.429969890274 12.69367405912196 2
      vertex 65.899001996008 12.462373021517422 2
      vertex 56 19.099999999999994 2
    endloop
  endfacet
  facet normal 0 0 1
    outer loop
      vertex 65.899001996008 12.462373021517422 2
      vertex 66.33383062336222 12.171829821563556 2
      vertex 56 19.099999999999994 2
    endloop
  endfacet
  facet normal 0 0 1
    outer loop
      vertex 59.90199600798403 8.999999999999993 2
      vertex 56 2.799999999999997 2
      vertex 59.93619948636378 8.478155762441588 2
    endloop
  endfacet
  facet normal 0 0 1
    outer loop
      vertex 59.93619948636378 8.478155762441588 2
      vertex 56 2.799999999999997 2
      vertex 60.03822469050498 7.965240424470352 2
    endloop
  endfacet
  facet normal 0 0 1
    outer loop
      vertex 60.03822469050498 7.965240424470352 2
      vertex 56 2.799999999999997 2
      vertex 60.20632594087803 7.47003010972599 2
    endloop
  endfacet
  facet normal 0 0 1
    outer loop
      vertex 56 2.799999999999997 2
      vertex 60.43762697848257 7.0009980039920094 2
      vertex 60.20632594087803 7.47003010972599 2
    endloop
  endfacet
  facet normal 0 0 1
    outer loop
      vertex 56 2.799999999999997 2
      vertex 60.728170178436436 6.566169376637781 2
      vertex 60.43762697848257 7.0009980039920094 2
    endloop
  endfacet
  facet normal 0 0 1
    outer loop
      vertex 56 2.799999999999997 2
      vertex 61.07298426603462 6.172984266034611 2
      vertex 60.728170178436436 6.566169376637781 2
    endloop
  endfacet
  facet normal 0 0 1
    outer loop
      vertex 56 2.799999999999997 2
      vertex 61.46616937663779 5.82817017843643 2
      vertex 61.07298426603462 6.172984266034611 2
    endloop
  endfacet
  facet normal 0 -1 0
    outer loop
      vertex -3.1 0 0
      vertex 88.1 0 0
      vertex 88.1 0 2
    endloop
  endfacet
  facet normal 0 0 1
    outer loop
      vertex 56 2.799999999999997 2
      vertex 61.900998003992015 5.537626978482564 2
      vertex 61.46616937663779 5.82817017843643 2
    endloop
  endfacet
  facet normal 0 0 1
    outer loop
      vertex 56 2.799999999999997 2
      vertex 62.370030109725995 5.3063259408780254 2
      vertex 61.900998003992015 5.537626978482564 2
    endloop
  endfacet
  facet normal 0 0 1
    outer loop
      vertex 56 2.799999999999997 2
      vertex 62.86524042447036 5.138224690504977 2
      vertex 62.370030109725995 5.3063259408780254 2
    endloop
  endfacet
  facet normal 0 0 1
    outer loop
      vertex 56 2.799999999999997 2
      vertex 63.378155762441594 5.036199486363778 2
      vertex 62.86524042447036 5.138224690504977 2
    endloop
  endfacet
  facet normal 0 0 1
    outer loop
      vertex 88.1 2.799999999999997 2
      vertex 62 43.099999999999994 2
      vertex 62 19.099999999999994 2
    endloop
  endfacet
  facet normal 0 0 -1
    outer loop
      vertex 88.1 62.19999999999999 0
      vertex 88.1 2.799999999999997 0
      vertex 62 19.099999999999994 0
    endloop
  endfacet
  facet normal 1 0 0
    outer loop
      vertex 88.1 62.19999999999999 0
      vertex 88.1 2.799999999999997 2
      vertex 88.1 2.63720930232558 2
    endloop
  endfacet
  facet normal 1 0 0
    outer loop
      vertex 88.1 62.19999999999999 0
      vertex 88.1 2.63720930232558 2
      vertex 88.1 2.799999999999997 0
    endloop
  endfacet
  facet normal 0 0 -1
    outer loop
      vertex 88.1 2.799999999999997 0
      vertex 56 19.099999999999994 0
      vertex 59 19.099999999999994 0
    endloop
  endfacet
  facet normal 0 0 -1
    outer loop
      vertex 88.1 2.799999999999997 0
      vertex 59 19.099999999999994 0
      vertex 62 19.099999999999994 0
    endloop
  endfacet
  facet normal 0 0 1
    outer loop
      vertex 66.33383062336222 12.171829821563556 2
      vertex 88.1 2.799999999999997 2
      vertex 62 19.099999999999994 2
    endloop
  endfacet
  facet normal 0 0 1
    outer loop
      vertex 66.33383062336222 12.171829821563556 2
      vertex 66.72701573396537 11.827015733965375 2
      vertex 88.1 2.799999999999997 2
    endloop
  endfacet
  facet normal 0 0 1
    outer loop
      vertex 66.72701573396537 11.827015733965375 2
      vertex 67.07182982156355 11.433830623362205 2
      vertex 88.1 2.799999999999997 2
    endloop
  endfacet
  facet normal 0 0 1
    outer loop
      vertex 67.07182982156355 11.433830623362205 2
      vertex 67.36237302151743 10.999001996007976 2
      vertex 88.1 2.799999999999997 2
    endloop
  endfacet
  facet normal 0 0 1
    outer loop
      vertex 67.36237302151743 10.999001996007976 2
      vertex 67.59367405912197 10.529969890273996 2
      vertex 88.1 2.799999999999997 2
    endloop
  endfacet
  facet normal 0 0 1
    outer loop
      vertex 67.59367405912197 10.529969890273996 2
      vertex 67.76177530949501 10.034759575529634 2
      vertex 88.1 2.799999999999997 2
    endloop
  endfacet
  facet normal 0 0 1
    outer loop
      vertex 56 2.799999999999997 2
      vertex 88.1 2.799999999999997 2
      vertex 63.378155762441594 5.036199486363778 2
    endloop
  endfacet
  facet normal 0 0 1
    outer loop
      vertex 63.378155762441594 5.036199486363778 2
      vertex 88.1 2.799999999999997 2
      vertex 63.9 5.001996007984026 2
    endloop
  endfacet
  facet normal 0 0 1
    outer loop
      vertex 63.9 5.001996007984026 2
      vertex 88.1 2.799999999999997 2
      vertex 64.4218442375584 5.036199486363778 2
    endloop
  endfacet
  facet normal 0 0 1
    outer loop
      vertex 66.72701573396537 6.172984266034611 2
      vertex 66.33383062336222 5.82817017843643 2
      vertex 88.1 2.799999999999997 2
    endloop
  endfacet
  facet normal 0 0 1
    outer loop
      vertex 64.93475957552964 5.138224690504977 2
      vertex 88.1 2.799999999999997 2
      vertex 65.429969890274 5.3063259408780254 2
    endloop
  endfacet
  facet normal 0 0 1
    outer loop
      vertex 64.4218442375584 5.036199486363778 2
      vertex 88.1 2.799999999999997 2
      vertex 64.93475957552964 5.138224690504977 2
    endloop
  endfacet
  facet normal 0 0 1
    outer loop
      vertex 65.899001996008 5.537626978482564 2
      vertex 88.1 2.799999999999997 2
      vertex 66.33383062336222 5.82817017843643 2
    endloop
  endfacet
  facet normal 0 0 1
    outer loop
      vertex 65.899001996008 5.537626978482564 2
      vertex 65.429969890274 5.3063259408780254 2
      vertex 88.1 2.799999999999997 2
    endloop
  endfacet
  facet normal 0 0 1
    outer loop
      vertex 67.76177530949501 10.034759575529634 2
      vertex 67.8638005136362 9.521844237558398 2
      vertex 88.1 2.799999999999997 2
    endloop
  endfacet
  facet normal 0 0 1
    outer loop
      vertex 67.8638005136362 9.521844237558398 2
      vertex 67.89800399201597 8.999999999999993 2
      vertex 88.1 2.799999999999997 2
    endloop
  endfacet
  facet normal 0 0 1
    outer loop
      vertex 67.76177530949501 7.965240424470352 2
      vertex 67.59367405912197 7.47003010972599 2
      vertex 88.1 2.799999999999997 2
    endloop
  endfacet
  facet normal 0 0 1
    outer loop
      vertex 67.89800399201597 8.999999999999993 2
      vertex 67.8638005136362 8.478155762441588 2
      vertex 88.1 2.799999999999997 2
    endloop
  endfacet
  facet normal 0 0 1
    outer loop
      vertex 67.8638005136362 8.478155762441588 2
      vertex 67.76177530949501 7.965240424470352 2
      vertex 88.1 2.799999999999997 2
    endloop
  endfacet
  facet normal 0 0 1
    outer loop
      vertex 67.36237302151743 7.0009980039920094 2
      vertex 67.07182982156355 6.566169376637781 2
      vertex 88.1 2.799999999999997 2
    endloop
  endfacet
  facet normal 0 0 1
    outer loop
      vertex 67.36237302151743 7.0009980039920094 2
      vertex 88.1 2.799999999999997 2
      vertex 67.59367405912197 7.47003010972599 2
    endloop
  endfacet
  facet normal 0 0 1
    outer loop
      vertex 67.07182982156355 6.566169376637781 2
      vertex 66.72701573396537 6.172984266034611 2
      vertex 88.1 2.799999999999997 2
    endloop
  endfacet
  facet normal 0 -1 0
    outer loop
      vertex 26 43.099999999999994 2
      vertex 23 43.099999999999994 2
      vertex 23 43.099999999999994 0
    endloop
  endfacet
  facet normal 0 -1 0
    outer loop
      vertex 26 43.099999999999994 0
      vertex 26 43.099999999999994 2
      vertex 23 43.099999999999994 0
    endloop
  endfacet
  facet normal 1 0 0
    outer loop
      vertex 23 19.099999999999994 0
      vertex 23 43.099999999999994 0
      vertex 23 43.099999999999994 2
    endloop
  endfacet
  facet normal -1 0 0
    outer loop
      vertex 26 19.099999999999994 2
      vertex 26 43.099999999999994 2
      vertex 26 43.099999999999994 0
    endloop
  endfacet
  facet normal 1 0 0
    outer loop
      vertex 23 43.099999999999994 2
      vertex 23 19.099999999999994 2
      vertex 23 19.099999999999994 0
    endloop
  endfacet
  facet normal -1 0 0
    outer loop
      vertex 26 43.099999999999994 0
      vertex 26 19.099999999999994 0
      vertex 26 19.099999999999994 2
    endloop
  endfacet
  facet normal 0 1 0
    outer loop
      vertex 23 19.099999999999994 2
      vertex 26 19.099999999999994 2
      vertex 26 19.099999999999994 0
    endloop
  endfacet
  facet normal 0 1 0
    outer loop
      vertex 23 19.099999999999994 2
      vertex 26 19.099999999999994 0
      vertex 23 19.099999999999994 0
    endloop
  endfacet
  facet normal 0 -1 0
    outer loop
      vertex 32 43.099999999999994 2
      vertex 29 43.099999999999994 2
      vertex 29 43.099999999999994 0
    endloop
  endfacet
  facet normal 0 -1 0
    outer loop
      vertex 32 43.099999999999994 0
      vertex 32 43.099999999999994 2
      vertex 29 43.099999999999994 0
    endloop
  endfacet
  facet normal 1 0 0
    outer loop
      vertex 29 19.099999999999994 0
      vertex 29 43.099999999999994 0
      vertex 29 43.099999999999994 2
    endloop
  endfacet
  facet normal -1 0 0
    outer loop
      vertex 32 19.099999999999994 2
      vertex 32 43.099999999999994 2
      vertex 32 43.099999999999994 0
    endloop
  endfacet
  facet normal 1 0 0
    outer loop
      vertex 29 43.099999999999994 2
      vertex 29 19.099999999999994 2
      vertex 29 19.099999999999994 0
    endloop
  endfacet
  facet normal 0 1 0
    outer loop
      vertex 32 19.099999999999994 2
      vertex 32 19.099999999999994 0
      vertex 29 19.099999999999994 2
    endloop
  endfacet
  facet normal 0 1 0
    outer loop
      vertex 29 19.099999999999994 2
      vertex 32 19.099999999999994 0
      vertex 29 19.099999999999994 0
    endloop
  endfacet
  facet normal -1 0 0
    outer loop
      vertex 32 43.099999999999994 0
      vertex 32 19.099999999999994 0
      vertex 32 19.099999999999994 2
    endloop
  endfacet
  facet normal 0 -1 0
    outer loop
      vertex 38 43.099999999999994 2
      vertex 35 43.099999999999994 2
      vertex 35 43.099999999999994 0
    endloop
  endfacet
  facet normal 0 -1 0
    outer loop
      vertex 38 43.099999999999994 0
      vertex 38 43.099999999999994 2
      vertex 35 43.099999999999994 0
    endloop
  endfacet
  facet normal 1 0 0
    outer loop
      vertex 35 19.099999999999994 0
      vertex 35 43.099999999999994 0
      vertex 35 43.099999999999994 2
    endloop
  endfacet
  facet normal -1 0 0
    outer loop
      vertex 38 19.099999999999994 2
      vertex 38 43.099999999999994 2
      vertex 38 43.099999999999994 0
    endloop
  endfacet
  facet normal 1 0 0
    outer loop
      vertex 35 43.099999999999994 2
      vertex 35 19.099999999999994 2
      vertex 35 19.099999999999994 0
    endloop
  endfacet
  facet normal -1 0 0
    outer loop
      vertex 38 43.099999999999994 0
      vertex 38 19.099999999999994 0
      vertex 38 19.099999999999994 2
    endloop
  endfacet
  facet normal 0 1 0
    outer loop
      vertex 35 19.099999999999994 2
      vertex 38 19.099999999999994 0
      vertex 35 19.099999999999994 0
    endloop
  endfacet
  facet normal 0 1 0
    outer loop
      vertex 38 19.099999999999994 2
      vertex 38 19.099999999999994 0
      vertex 35 19.099999999999994 2
    endloop
  endfacet
  facet normal 0 -1 0
    outer loop
      vertex 44 43.099999999999994 2
      vertex 41 43.099999999999994 2
      vertex 41 43.099999999999994 0
    endloop
  endfacet
  facet normal 1 0 0
    outer loop
      vertex 41 19.099999999999994 0
      vertex 41 43.099999999999994 0
      vertex 41 43.099999999999994 2
    endloop
  endfacet
  facet normal 1 0 0
    outer loop
      vertex 41 43.099999999999994 2
      vertex 41 19.099999999999994 2
      vertex 41 19.099999999999994 0
    endloop
  endfacet
  facet normal 0 1 0
    outer loop
      vertex 41 19.099999999999994 2
      vertex 44 19.099999999999994 0
      vertex 41 19.099999999999994 0
    endloop
  endfacet
  facet normal 0 -1 0
    outer loop
      vertex 44 43.099999999999994 0
      vertex 44 43.099999999999994 2
      vertex 41 43.099999999999994 0
    endloop
  endfacet
  facet normal -1 0 0
    outer loop
      vertex 44 19.099999999999994 2
      vertex 44 43.099999999999994 2
      vertex 44 43.099999999999994 0
    endloop
  endfacet
  facet normal -1 0 0
    outer loop
      vertex 44 43.099999999999994 0
      vertex 44 19.099999999999994 0
      vertex 44 19.099999999999994 2
    endloop
  endfacet
  facet normal 0 1 0
    outer loop
      vertex 44 19.099999999999994 2
      vertex 44 19.099999999999994 0
      vertex 41 19.099999999999994 2
    endloop
  endfacet
  facet normal 0 -1 0
    outer loop
      vertex 50 43.099999999999994 2
      vertex 47 43.099999999999994 2
      vertex 47 43.099999999999994 0
    endloop
  endfacet
  facet normal 0 -1 0
    outer loop
      vertex 50 43.099999999999994 0
      vertex 50 43.099999999999994 2
      vertex 47 43.099999999999994 0
    endloop
  endfacet
  facet normal 1 0 0
    outer loop
      vertex 47 19.099999999999994 0
      vertex 47 43.099999999999994 0
      vertex 47 43.099999999999994 2
    endloop
  endfacet
  facet normal -1 0 0
    outer loop
      vertex 50 19.099999999999994 2
      vertex 50 43.099999999999994 2
      vertex 50 43.099999999999994 0
    endloop
  endfacet
  facet normal 1 0 0
    outer loop
      vertex 47 43.099999999999994 2
      vertex 47 19.099999999999994 2
      vertex 47 19.099999999999994 0
    endloop
  endfacet
  facet normal -1 0 0
    outer loop
      vertex 50 43.099999999999994 0
      vertex 50 19.099999999999994 0
      vertex 50 19.099999999999994 2
    endloop
  endfacet
  facet normal 0 1 0
    outer loop
      vertex 47 19.099999999999994 2
      vertex 50 19.099999999999994 0
      vertex 47 19.099999999999994 0
    endloop
  endfacet
  facet normal 0 1 0
    outer loop
      vertex 50 19.099999999999994 2
      vertex 50 19.099999999999994 0
      vertex 47 19.099999999999994 2
    endloop
  endfacet
  facet normal 1 0 0
    outer loop
      vertex 53 19.099999999999994 0
      vertex 53 43.099999999999994 0
      vertex 53 43.099999999999994 2
    endloop
  endfacet
  facet normal 0 -1 0
    outer loop
      vertex 56 43.099999999999994 2
      vertex 53 43.099999999999994 2
      vertex 53 43.099999999999994 0
    endloop
  endfacet
  facet normal 0 -1 0
    outer loop
      vertex 56 43.099999999999994 0
      vertex 56 43.099999999999994 2
      vertex 53 43.099999999999994 0
    endloop
  endfacet
  facet normal -1 0 0
    outer loop
      vertex 56 19.099999999999994 2
      vertex 56 43.099999999999994 2
      vertex 56 43.099999999999994 0
    endloop
  endfacet
  facet normal 1 0 0
    outer loop
      vertex 53 43.099999999999994 2
      vertex 53 19.099999999999994 2
      vertex 53 19.099999999999994 0
    endloop
  endfacet
  facet normal -1 0 0
    outer loop
      vertex 56 43.099999999999994 0
      vertex 56 19.099999999999994 0
      vertex 56 19.099999999999994 2
    endloop
  endfacet
  facet normal 0 1 0
    outer loop
      vertex 56 19.099999999999994 2
      vertex 56 19.099999999999994 0
      vertex 53 19.099999999999994 2
    endloop
  endfacet
  facet normal 0 1 0
    outer loop
      vertex 53 19.099999999999994 2
      vertex 56 19.099999999999994 0
      vertex 53 19.099999999999994 0
    endloop
  endfacet
  facet normal 0 -1 0
    outer loop
      vertex 62 43.099999999999994 2
      vertex 59 43.099999999999994 2
      vertex 59 43.099999999999994 0
    endloop
  endfacet
  facet normal 0 -1 0
    outer loop
      vertex 62 43.099999999999994 2
      vertex 59 43.099999999999994 0
      vertex 62 43.099999999999994 0
    endloop
  endfacet
  facet normal 1 0 0
    outer loop
      vertex 59 19.099999999999994 0
      vertex 59 43.099999999999994 0
      vertex 59 43.099999999999994 2
    endloop
  endfacet
  facet normal -1 0 0
    outer loop
      vertex 62 19.099999999999994 2
      vertex 62 43.099999999999994 2
      vertex 62 43.099999999999994 0
    endloop
  endfacet
  facet normal 1 0 0
    outer loop
      vertex 59 43.099999999999994 2
      vertex 59 19.099999999999994 2
      vertex 59 19.099999999999994 0
    endloop
  endfacet
  facet normal -1 0 0
    outer loop
      vertex 62 19.099999999999994 2
      vertex 62 43.099999999999994 0
      vertex 62 19.099999999999994 0
    endloop
  endfacet
  facet normal 0 1 0
    outer loop
      vertex 62 19.099999999999994 2
      vertex 62 19.099999999999994 0
      vertex 59 19.099999999999994 2
    endloop
  endfacet
  facet normal 0 1 0
    outer loop
      vertex 59 19.099999999999994 2
      vertex 62 19.099999999999994 0
      vertex 59 19.099999999999994 0
    endloop
  endfacet
  facet normal 0 -1 0
    outer loop
      vertex 3 59.89999999999999 2.009999999999998
      vertex 3 59.89999999999999 0
      vertex 9.411195403016732 59.89999999999999 2
    endloop
  endfacet
  facet normal 1 0 0
    outer loop
      vertex 3 59.89999999999999 2.009999999999998
      vertex 3 55.89999999999999 0
      vertex 3 59.89999999999999 0
    endloop
  endfacet
  facet normal 0 -1 0
    outer loop
      vertex 3 59.89999999999999 2.009999999999998
      vertex 9.411195403016732 59.89999999999999 2
      vertex 9.408974648292581 59.89999999999999 2.009999999999998
    endloop
  endfacet
  facet normal 0 0 -1
    outer loop
      vertex 3 59.89999999999999 2.009999999999998
      vertex 9.408974648292581 59.89999999999999 2.009999999999998
      vertex 9.591829988198795 59.529206051087634 2.009999999999998
    endloop
  endfacet
  facet normal 0 0 -1
    outer loop
      vertex 3 59.89999999999999 2.009999999999998
      vertex 9.591829988198795 59.529206051087634 2.009999999999998
      vertex 9.759847313833761 59.03424297064919 2.009999999999998
    endloop
  endfacet
  facet normal 0 0 -1
    outer loop
      vertex 3 59.89999999999999 2.009999999999998
      vertex 9.759847313833761 59.03424297064919 2.009999999999998
      vertex 9.861821581777184 58.521583706236605 2.009999999999998
    endloop
  endfacet
  facet normal 0 0 -1
    outer loop
      vertex 3 59.89999999999999 2.009999999999998
      vertex 9.861821581777184 58.521583706236605 2.009999999999998
      vertex 9.896007984031936 57.99999999999999 2.009999999999998
    endloop
  endfacet
  facet normal 0 0 -1
    outer loop
      vertex 3 59.89999999999999 2.009999999999998
      vertex 9.896007984031936 57.99999999999999 2.009999999999998
      vertex 9.861821581777184 57.478416293763374 2.009999999999998
    endloop
  endfacet
  facet normal 1 0 0
    outer loop
      vertex 3 59.89999999999999 2.009999999999998
      vertex 3 55.89999999999999 2.009999999999998
      vertex 3 55.89999999999999 0
    endloop
  endfacet
  facet normal 0 0 -1
    outer loop
      vertex 3 59.89999999999999 2.009999999999998
      vertex 9.292492874209122 55.89999999999999 2.009999999999998
      vertex 3 55.89999999999999 2.009999999999998
    endloop
  endfacet
  facet normal 0 1 0
    outer loop
      vertex 3 55.89999999999999 2.009999999999998
      vertex 9.292492874209122 55.89999999999999 2.009999999999998
      vertex 3 55.89999999999999 0
    endloop
  endfacet
  facet normal 0 0 -1
    outer loop
      vertex 3 59.89999999999999 2.009999999999998
      vertex 9.861821581777184 57.478416293763374 2.009999999999998
      vertex 9.759847313833761 56.9657570293508 2.009999999999998
    endloop
  endfacet
  facet normal 0 0 -1
    outer loop
      vertex 3 59.89999999999999 2.009999999999998
      vertex 9.759847313833761 56.9657570293508 2.009999999999998
      vertex 9.591829988198795 56.470793948912345 2.009999999999998
    endloop
  endfacet
  facet normal 0 0 -1
    outer loop
      vertex 3 59.89999999999999 2.009999999999998
      vertex 9.591829988198795 56.470793948912345 2.009999999999998
      vertex 9.360644427897098 56.001996007984026 2.009999999999998
    endloop
  endfacet
  facet normal 0 0 -1
    outer loop
      vertex 3 59.89999999999999 2.009999999999998
      vertex 9.360644427897098 56.001996007984026 2.009999999999998
      vertex 9.292492874209122 55.89999999999999 2.009999999999998
    endloop
  endfacet
  facet normal 0 1 0
    outer loop
      vertex 9.294888312777474 55.89999999999999 2
      vertex 3 55.89999999999999 0
      vertex 9.292492874209122 55.89999999999999 2.009999999999998
    endloop
  endfacet
  facet normal 0 -1 0
    outer loop
      vertex 9.411195403016732 59.89999999999999 2
      vertex 3 59.89999999999999 0
      vertex 13 59.89999999999999 2
    endloop
  endfacet
  facet normal 0 -1 0
    outer loop
      vertex 13 59.89999999999999 2
      vertex 3 59.89999999999999 0
      vertex 13 59.89999999999999 0
    endloop
  endfacet
  facet normal -1 0 0
    outer loop
      vertex 13 55.89999999999999 2
      vertex 13 59.89999999999999 2
      vertex 13 59.89999999999999 0
    endloop
  endfacet
  facet normal 0 1 0
    outer loop
      vertex 9.294888312777474 55.89999999999999 2
      vertex 13 55.89999999999999 0
      vertex 3 55.89999999999999 0
    endloop
  endfacet
  facet normal -1 0 0
    outer loop
      vertex 13 55.89999999999999 2
      vertex 13 59.89999999999999 0
      vertex 13 55.89999999999999 0
    endloop
  endfacet
  facet normal 0 1 0
    outer loop
      vertex 9.294888312777474 55.89999999999999 2
      vertex 13 55.89999999999999 2
      vertex 13 55.89999999999999 0
    endloop
  endfacet
endsolid OpenSCAD_Model
