solid OpenSCAD_Model
  facet normal -0.7518398074789766 -0.6593458151000698 0
    outer loop
      vertex 9.878640657621395 -8.291389857711337 6
      vertex 9.990761184457488 -8.419238815542512 6
      vertex 9.878640657621395 -8.291389857711337 7.75
    endloop
  endfacet
  facet normal -0.8314696123025471 -0.5555702330195994 0
    outer loop
      vertex 9.78416697508023 -8.15 6
      vertex 9.878640657621395 -8.291389857711337 6
      vertex 9.78416697508023 -8.15 7.75
    endloop
  endfacet
  facet normal -0.6593458151000698 -0.7518398074789766 -5.669999507303878e-19
    outer loop
      vertex 9.990761184457488 -8.419238815542512 6
      vertex 10.118610142288663 -8.531359342378606 6
      vertex 10.118610142288663 -8.531359342378606 7.75
    endloop
  endfacet
  facet normal -0.5555702330195994 -0.8314696123025471 -8.505809321505394e-19
    outer loop
      vertex 10.118610142288663 -8.531359342378606 6
      vertex 10.26 -8.62583302491977 6
      vertex 10.26 -8.62583302491977 7.75
    endloop
  endfacet
  facet normal -0.4422886902190059 -0.896872741532686 2.670523883921328e-18
    outer loop
      vertex 10.26 -8.62583302491977 6
      vertex 10.41 -8.699804838824466 6
      vertex 10.41 -8.699804838824466 7.75
    endloop
  endfacet
  facet normal -0.9807852804032307 -0.19509032201612744 -1.26228471938756e-18
    outer loop
      vertex 9.654296425824212 -7.8364647586332765 6
      vertex 9.621121680214047 -7.669684049886067 7.75
      vertex 9.621121680214047 -7.669684049886067 6
    endloop
  endfacet
  facet normal -0.8968727415326876 -0.44228869021900297 5.189247240395943e-19
    outer loop
      vertex 9.78416697508023 -8.15 6
      vertex 9.708956607735328 -7.9974884620746165 7.75
      vertex 9.708956607735328 -7.9974884620746165 6
    endloop
  endfacet
  facet normal -0.9469301294951064 -0.3214394653031593 0
    outer loop
      vertex 9.654296425824212 -7.8364647586332765 6
      vertex 9.708956607735328 -7.9974884620746165 6
      vertex 9.654296425824212 -7.8364647586332765 7.75
    endloop
  endfacet
  facet normal -0.9978589232386029 -0.06540312923015157 3.6003133409717924e-19
    outer loop
      vertex 9.621121680214047 -7.669684049886067 6
      vertex 9.61 -7.5 7.75
      vertex 9.61 -7.5 6
    endloop
  endfacet
  facet normal -0.9978589232386029 0.06540312923015157 -3.6003133409717924e-19
    outer loop
      vertex 9.61 -7.5 6
      vertex 9.621121680214047 -7.330315950113933 7.75
      vertex 9.621121680214047 -7.330315950113933 6
    endloop
  endfacet
  facet normal -0.9807852804032307 0.19509032201612744 1.26228471938756e-18
    outer loop
      vertex 9.621121680214047 -7.330315950113933 6
      vertex 9.654296425824212 -7.1635352413667235 7.75
      vertex 9.654296425824212 -7.1635352413667235 6
    endloop
  endfacet
  facet normal -0.9469301294951064 0.3214394653031593 1.3525384814251595e-18
    outer loop
      vertex 9.654296425824212 -7.1635352413667235 6
      vertex 9.708956607735328 -7.0025115379253835 7.75
      vertex 9.708956607735328 -7.0025115379253835 6
    endloop
  endfacet
  facet normal -0.8968727415326876 0.44228869021900297 -5.189247240395943e-19
    outer loop
      vertex 9.708956607735328 -7.0025115379253835 6
      vertex 9.78416697508023 -6.85 7.75
      vertex 9.78416697508023 -6.85 6
    endloop
  endfacet
  facet normal -0.8314696123025471 0.5555702330195994 8.505809321505394e-19
    outer loop
      vertex 9.78416697508023 -6.85 6
      vertex 9.878640657621395 -6.708610142288663 7.75
      vertex 9.878640657621395 -6.708610142288663 6
    endloop
  endfacet
  facet normal -0.7518398074789766 0.6593458151000698 5.669999507303878e-19
    outer loop
      vertex 9.878640657621395 -6.708610142288663 6
      vertex 9.990761184457488 -6.580761184457488 7.75
      vertex 9.990761184457488 -6.580761184457488 6
    endloop
  endfacet
  facet normal -0.6593458151000698 0.7518398074789766 0
    outer loop
      vertex 9.990761184457488 -6.580761184457488 6
      vertex 9.990761184457488 -6.580761184457488 7.75
      vertex 10.118610142288663 -6.468640657621394 6
    endloop
  endfacet
  facet normal -0.7518398074789766 -0.6593458151000698 0
    outer loop
      vertex 9.990761184457488 -8.419238815542512 6
      vertex 9.990761184457488 -8.419238815542512 7.75
      vertex 9.878640657621395 -8.291389857711337 7.75
    endloop
  endfacet
  facet normal -0.8314696123025471 -0.5555702330195994 0
    outer loop
      vertex 9.878640657621395 -8.291389857711337 6
      vertex 9.878640657621395 -8.291389857711337 7.75
      vertex 9.78416697508023 -8.15 7.75
    endloop
  endfacet
  facet normal -0.6593458151000698 -0.7518398074789766 0
    outer loop
      vertex 9.990761184457488 -8.419238815542512 6
      vertex 10.118610142288663 -8.531359342378606 7.75
      vertex 9.990761184457488 -8.419238815542512 7.75
    endloop
  endfacet
  facet normal -0.5555702330195994 -0.8314696123025471 0
    outer loop
      vertex 10.118610142288663 -8.531359342378606 6
      vertex 10.26 -8.62583302491977 7.75
      vertex 10.118610142288663 -8.531359342378606 7.75
    endloop
  endfacet
  facet normal -0.4422886902190059 -0.896872741532686 0
    outer loop
      vertex 10.26 -8.62583302491977 6
      vertex 10.41 -8.699804838824466 7.75
      vertex 10.26 -8.62583302491977 7.75
    endloop
  endfacet
  facet normal -0.9469301294951064 -0.3214394653031593 0
    outer loop
      vertex 9.708956607735328 -7.9974884620746165 6
      vertex 9.708956607735328 -7.9974884620746165 7.75
      vertex 9.654296425824212 -7.8364647586332765 7.75
    endloop
  endfacet
  facet normal -0.8968727415326876 -0.44228869021900297 0
    outer loop
      vertex 9.78416697508023 -8.15 6
      vertex 9.78416697508023 -8.15 7.75
      vertex 9.708956607735328 -7.9974884620746165 7.75
    endloop
  endfacet
  facet normal -0.9807852804032307 -0.19509032201612744 0
    outer loop
      vertex 9.654296425824212 -7.8364647586332765 6
      vertex 9.654296425824212 -7.8364647586332765 7.75
      vertex 9.621121680214047 -7.669684049886067 7.75
    endloop
  endfacet
  facet normal -0.9978589232386029 -0.06540312923015157 0
    outer loop
      vertex 9.621121680214047 -7.669684049886067 6
      vertex 9.621121680214047 -7.669684049886067 7.75
      vertex 9.61 -7.5 7.75
    endloop
  endfacet
  facet normal -0.9978589232386029 0.06540312923015157 0
    outer loop
      vertex 9.61 -7.5 6
      vertex 9.61 -7.5 7.75
      vertex 9.621121680214047 -7.330315950113933 7.75
    endloop
  endfacet
  facet normal -0.9807852804032307 0.19509032201612744 0
    outer loop
      vertex 9.621121680214047 -7.330315950113933 6
      vertex 9.621121680214047 -7.330315950113933 7.75
      vertex 9.654296425824212 -7.1635352413667235 7.75
    endloop
  endfacet
  facet normal -0.9469301294951064 0.3214394653031593 0
    outer loop
      vertex 9.654296425824212 -7.1635352413667235 6
      vertex 9.654296425824212 -7.1635352413667235 7.75
      vertex 9.708956607735328 -7.0025115379253835 7.75
    endloop
  endfacet
  facet normal -0.8968727415326876 0.44228869021900297 0
    outer loop
      vertex 9.708956607735328 -7.0025115379253835 6
      vertex 9.708956607735328 -7.0025115379253835 7.75
      vertex 9.78416697508023 -6.85 7.75
    endloop
  endfacet
  facet normal -0.8314696123025471 0.5555702330195994 0
    outer loop
      vertex 9.78416697508023 -6.85 6
      vertex 9.78416697508023 -6.85 7.75
      vertex 9.878640657621395 -6.708610142288663 7.75
    endloop
  endfacet
  facet normal -0.7518398074789766 0.6593458151000698 0
    outer loop
      vertex 9.878640657621395 -6.708610142288663 6
      vertex 9.878640657621395 -6.708610142288663 7.75
      vertex 9.990761184457488 -6.580761184457488 7.75
    endloop
  endfacet
  facet normal -0.6593458151000698 0.7518398074789766 0
    outer loop
      vertex 10.118610142288663 -6.468640657621394 6
      vertex 9.990761184457488 -6.580761184457488 7.75
      vertex 10.118610142288663 -6.468640657621394 7.75
    endloop
  endfacet
  facet normal -0.555570233019603 0.8314696123025447 0
    outer loop
      vertex 10.118610142288663 -6.468640657621394 6
      vertex 10.118610142288663 -6.468640657621394 7.75
      vertex 10.26 -6.37416697508023 6
    endloop
  endfacet
  facet normal -0.4422886902190017 0.8968727415326881 0
    outer loop
      vertex 10.26 -6.37416697508023 6
      vertex 10.26 -6.37416697508023 7.75
      vertex 10.41 -6.300195161175534 6
    endloop
  endfacet
  facet normal -0.555570233019603 0.8314696123025447 0
    outer loop
      vertex 10.26 -6.37416697508023 6
      vertex 10.118610142288663 -6.468640657621394 7.75
      vertex 10.26 -6.37416697508023 7.75
    endloop
  endfacet
  facet normal -0.4422886902190017 0.8968727415326881 0
    outer loop
      vertex 10.41 -6.300195161175534 6
      vertex 10.26 -6.37416697508023 7.75
      vertex 10.41 -6.300195161175534 7.75
    endloop
  endfacet
  facet normal 0.4422886902190059 -0.896872741532686 -2.670523883921328e-18
    outer loop
      vertex 11.41 -8.699804838824466 6
      vertex 11.56 -8.62583302491977 6
      vertex 11.56 -8.62583302491977 7.75
    endloop
  endfacet
  facet normal 0.5555702330195994 -0.8314696123025471 8.505809321505394e-19
    outer loop
      vertex 11.56 -8.62583302491977 6
      vertex 11.701389857711337 -8.531359342378606 6
      vertex 11.701389857711337 -8.531359342378606 7.75
    endloop
  endfacet
  facet normal 0.6593458151000698 -0.7518398074789766 5.669999507303878e-19
    outer loop
      vertex 11.701389857711337 -8.531359342378606 6
      vertex 11.829238815542512 -8.419238815542512 6
      vertex 11.829238815542512 -8.419238815542512 7.75
    endloop
  endfacet
  facet normal 0.7518398074789766 -0.6593458151000698 0
    outer loop
      vertex 11.829238815542512 -8.419238815542512 6
      vertex 11.941359342378606 -8.291389857711337 6
      vertex 11.829238815542512 -8.419238815542512 7.75
    endloop
  endfacet
  facet normal 0.6593458151000698 0.7518398074789766 0
    outer loop
      vertex 11.701389857711337 -6.468640657621394 6
      vertex 11.701389857711337 -6.468640657621394 7.75
      vertex 11.829238815542512 -6.580761184457488 6
    endloop
  endfacet
  facet normal 0.8314696123025471 -0.5555702330195994 0
    outer loop
      vertex 11.941359342378606 -8.291389857711337 6
      vertex 12.03583302491977 -8.15 6
      vertex 11.941359342378606 -8.291389857711337 7.75
    endloop
  endfacet
  facet normal 0.8968727415326876 -0.44228869021900297 0
    outer loop
      vertex 12.03583302491977 -8.15 6
      vertex 12.111043392264673 -7.9974884620746165 6
      vertex 12.03583302491977 -8.15 7.75
    endloop
  endfacet
  facet normal 0.9469301294951064 -0.3214394653031593 0
    outer loop
      vertex 12.111043392264673 -7.9974884620746165 6
      vertex 12.165703574175788 -7.8364647586332765 6
      vertex 12.111043392264673 -7.9974884620746165 7.75
    endloop
  endfacet
  facet normal 0.9807852804032307 -0.19509032201612744 0
    outer loop
      vertex 12.165703574175788 -7.8364647586332765 6
      vertex 12.198878319785953 -7.669684049886067 6
      vertex 12.165703574175788 -7.8364647586332765 7.75
    endloop
  endfacet
  facet normal 0.9978589232386029 -0.06540312923015157 0
    outer loop
      vertex 12.198878319785953 -7.669684049886067 6
      vertex 12.21 -7.5 6
      vertex 12.198878319785953 -7.669684049886067 7.75
    endloop
  endfacet
  facet normal 0.9978589232386029 0.06540312923015157 3.6003133409717924e-19
    outer loop
      vertex 12.198878319785953 -7.330315950113933 6
      vertex 12.21 -7.5 7.75
      vertex 12.21 -7.5 6
    endloop
  endfacet
  facet normal 0.9807852804032307 0.19509032201612744 0
    outer loop
      vertex 12.198878319785953 -7.330315950113933 6
      vertex 12.165703574175788 -7.1635352413667235 6
      vertex 12.198878319785953 -7.330315950113933 7.75
    endloop
  endfacet
  facet normal 0.9469301294951064 0.3214394653031593 -1.3525384814251595e-18
    outer loop
      vertex 12.111043392264673 -7.0025115379253835 6
      vertex 12.165703574175788 -7.1635352413667235 7.75
      vertex 12.165703574175788 -7.1635352413667235 6
    endloop
  endfacet
  facet normal 0.8968727415326876 0.44228869021900297 0
    outer loop
      vertex 12.111043392264673 -7.0025115379253835 6
      vertex 12.03583302491977 -6.85 6
      vertex 12.111043392264673 -7.0025115379253835 7.75
    endloop
  endfacet
  facet normal 0.8314696123025471 0.5555702330195994 -8.505809321505394e-19
    outer loop
      vertex 11.941359342378606 -6.708610142288663 6
      vertex 12.03583302491977 -6.85 7.75
      vertex 12.03583302491977 -6.85 6
    endloop
  endfacet
  facet normal 0.7518398074789766 0.6593458151000698 -5.669999507303878e-19
    outer loop
      vertex 11.829238815542512 -6.580761184457488 6
      vertex 11.941359342378606 -6.708610142288663 7.75
      vertex 11.941359342378606 -6.708610142288663 6
    endloop
  endfacet
  facet normal 0.4422886902190059 -0.896872741532686 0
    outer loop
      vertex 11.41 -8.699804838824466 6
      vertex 11.56 -8.62583302491977 7.75
      vertex 11.41 -8.699804838824466 7.75
    endloop
  endfacet
  facet normal 0.5555702330195994 -0.8314696123025471 0
    outer loop
      vertex 11.56 -8.62583302491977 6
      vertex 11.701389857711337 -8.531359342378606 7.75
      vertex 11.56 -8.62583302491977 7.75
    endloop
  endfacet
  facet normal 0.6593458151000698 -0.7518398074789766 0
    outer loop
      vertex 11.701389857711337 -8.531359342378606 6
      vertex 11.829238815542512 -8.419238815542512 7.75
      vertex 11.701389857711337 -8.531359342378606 7.75
    endloop
  endfacet
  facet normal 0.6593458151000698 0.7518398074789766 0
    outer loop
      vertex 11.829238815542512 -6.580761184457488 6
      vertex 11.701389857711337 -6.468640657621394 7.75
      vertex 11.829238815542512 -6.580761184457488 7.75
    endloop
  endfacet
  facet normal 0.7518398074789766 0.6593458151000698 0
    outer loop
      vertex 11.829238815542512 -6.580761184457488 6
      vertex 11.829238815542512 -6.580761184457488 7.75
      vertex 11.941359342378606 -6.708610142288663 7.75
    endloop
  endfacet
  facet normal 0.7518398074789766 -0.6593458151000698 0
    outer loop
      vertex 11.941359342378606 -8.291389857711337 6
      vertex 11.941359342378606 -8.291389857711337 7.75
      vertex 11.829238815542512 -8.419238815542512 7.75
    endloop
  endfacet
  facet normal 0.8314696123025471 -0.5555702330195994 0
    outer loop
      vertex 12.03583302491977 -8.15 6
      vertex 12.03583302491977 -8.15 7.75
      vertex 11.941359342378606 -8.291389857711337 7.75
    endloop
  endfacet
  facet normal 0.8968727415326876 -0.44228869021900297 0
    outer loop
      vertex 12.111043392264673 -7.9974884620746165 6
      vertex 12.111043392264673 -7.9974884620746165 7.75
      vertex 12.03583302491977 -8.15 7.75
    endloop
  endfacet
  facet normal 0.9469301294951064 -0.3214394653031593 0
    outer loop
      vertex 12.165703574175788 -7.8364647586332765 6
      vertex 12.165703574175788 -7.8364647586332765 7.75
      vertex 12.111043392264673 -7.9974884620746165 7.75
    endloop
  endfacet
  facet normal 0.9807852804032307 -0.19509032201612744 0
    outer loop
      vertex 12.198878319785953 -7.669684049886067 6
      vertex 12.198878319785953 -7.669684049886067 7.75
      vertex 12.165703574175788 -7.8364647586332765 7.75
    endloop
  endfacet
  facet normal 0.9978589232386029 -0.06540312923015157 0
    outer loop
      vertex 12.21 -7.5 6
      vertex 12.21 -7.5 7.75
      vertex 12.198878319785953 -7.669684049886067 7.75
    endloop
  endfacet
  facet normal 0.9978589232386029 0.06540312923015157 0
    outer loop
      vertex 12.198878319785953 -7.330315950113933 6
      vertex 12.198878319785953 -7.330315950113933 7.75
      vertex 12.21 -7.5 7.75
    endloop
  endfacet
  facet normal 0.9807852804032307 0.19509032201612744 0
    outer loop
      vertex 12.165703574175788 -7.1635352413667235 6
      vertex 12.165703574175788 -7.1635352413667235 7.75
      vertex 12.198878319785953 -7.330315950113933 7.75
    endloop
  endfacet
  facet normal 0.9469301294951064 0.3214394653031593 0
    outer loop
      vertex 12.111043392264673 -7.0025115379253835 6
      vertex 12.111043392264673 -7.0025115379253835 7.75
      vertex 12.165703574175788 -7.1635352413667235 7.75
    endloop
  endfacet
  facet normal 0.8314696123025471 0.5555702330195994 0
    outer loop
      vertex 11.941359342378606 -6.708610142288663 6
      vertex 11.941359342378606 -6.708610142288663 7.75
      vertex 12.03583302491977 -6.85 7.75
    endloop
  endfacet
  facet normal 0.8968727415326876 0.44228869021900297 0
    outer loop
      vertex 12.03583302491977 -6.85 6
      vertex 12.03583302491977 -6.85 7.75
      vertex 12.111043392264673 -7.0025115379253835 7.75
    endloop
  endfacet
  facet normal 0.4422886902190017 0.8968727415326881 0
    outer loop
      vertex 11.41 -6.300195161175534 6
      vertex 11.41 -6.300195161175534 7.75
      vertex 11.56 -6.37416697508023 6
    endloop
  endfacet
  facet normal 0.555570233019603 0.8314696123025447 0
    outer loop
      vertex 11.56 -6.37416697508023 6
      vertex 11.56 -6.37416697508023 7.75
      vertex 11.701389857711337 -6.468640657621394 6
    endloop
  endfacet
  facet normal 0.4422886902190017 0.8968727415326881 0
    outer loop
      vertex 11.56 -6.37416697508023 6
      vertex 11.41 -6.300195161175534 7.75
      vertex 11.56 -6.37416697508023 7.75
    endloop
  endfacet
  facet normal 0.555570233019603 0.8314696123025447 0
    outer loop
      vertex 11.701389857711337 -6.468640657621394 6
      vertex 11.56 -6.37416697508023 7.75
      vertex 11.701389857711337 -6.468640657621394 7.75
    endloop
  endfacet
  facet normal -0.555570233019603 -0.8314696123025447 2.695955570351689e-18
    outer loop
      vertex 10.118610142288663 6.468640657621394 6
      vertex 10.26 6.37416697508023 6
      vertex 10.26 6.37416697508023 7.75
    endloop
  endfacet
  facet normal -0.4422886902190017 -0.8968727415326881 1.485132493674466e-18
    outer loop
      vertex 10.26 6.37416697508023 6
      vertex 10.41 6.300195161175534 6
      vertex 10.41 6.300195161175534 7.75
    endloop
  endfacet
  facet normal -0.555570233019603 -0.8314696123025447 0
    outer loop
      vertex 10.118610142288663 6.468640657621394 6
      vertex 10.26 6.37416697508023 7.75
      vertex 10.118610142288663 6.468640657621394 7.75
    endloop
  endfacet
  facet normal -0.4422886902190017 -0.8968727415326881 0
    outer loop
      vertex 10.26 6.37416697508023 6
      vertex 10.41 6.300195161175534 7.75
      vertex 10.26 6.37416697508023 7.75
    endloop
  endfacet
  facet normal -0.9807852804032307 -0.19509032201612744 -1.26228471938756e-18
    outer loop
      vertex 9.654296425824212 7.1635352413667235 6
      vertex 9.621121680214047 7.330315950113933 7.75
      vertex 9.621121680214047 7.330315950113933 6
    endloop
  endfacet
  facet normal -0.8968727415326876 -0.44228869021900297 5.189247240395943e-19
    outer loop
      vertex 9.78416697508023 6.85 6
      vertex 9.708956607735328 7.0025115379253835 7.75
      vertex 9.708956607735328 7.0025115379253835 6
    endloop
  endfacet
  facet normal -0.9469301294951064 -0.3214394653031593 0
    outer loop
      vertex 9.654296425824212 7.1635352413667235 6
      vertex 9.708956607735328 7.0025115379253835 6
      vertex 9.654296425824212 7.1635352413667235 7.75
    endloop
  endfacet
  facet normal -0.9978589232386029 -0.06540312923015157 3.6003133409717924e-19
    outer loop
      vertex 9.621121680214047 7.330315950113933 6
      vertex 9.61 7.5 7.75
      vertex 9.61 7.5 6
    endloop
  endfacet
  facet normal -0.9978589232386029 0.06540312923015157 -3.6003133409717924e-19
    outer loop
      vertex 9.61 7.5 6
      vertex 9.621121680214047 7.669684049886067 7.75
      vertex 9.621121680214047 7.669684049886067 6
    endloop
  endfacet
  facet normal -0.9807852804032307 0.19509032201612744 1.26228471938756e-18
    outer loop
      vertex 9.621121680214047 7.669684049886067 6
      vertex 9.654296425824212 7.8364647586332765 7.75
      vertex 9.654296425824212 7.8364647586332765 6
    endloop
  endfacet
  facet normal -0.9469301294951064 0.3214394653031593 1.3525384814251595e-18
    outer loop
      vertex 9.654296425824212 7.8364647586332765 6
      vertex 9.708956607735328 7.9974884620746165 7.75
      vertex 9.708956607735328 7.9974884620746165 6
    endloop
  endfacet
  facet normal -0.8968727415326876 0.44228869021900297 -5.189247240395943e-19
    outer loop
      vertex 9.708956607735328 7.9974884620746165 6
      vertex 9.78416697508023 8.15 7.75
      vertex 9.78416697508023 8.15 6
    endloop
  endfacet
  facet normal -0.7518398074789766 -0.6593458151000698 0
    outer loop
      vertex 9.878640657621395 6.708610142288663 6
      vertex 9.990761184457488 6.580761184457488 6
      vertex 9.878640657621395 6.708610142288663 7.75
    endloop
  endfacet
  facet normal -0.8314696123025471 -0.5555702330195994 0
    outer loop
      vertex 9.78416697508023 6.85 6
      vertex 9.878640657621395 6.708610142288663 6
      vertex 9.78416697508023 6.85 7.75
    endloop
  endfacet
  facet normal -0.6593458151000698 -0.7518398074789766 -5.669999507303878e-19
    outer loop
      vertex 9.990761184457488 6.580761184457488 6
      vertex 10.118610142288663 6.468640657621394 6
      vertex 10.118610142288663 6.468640657621394 7.75
    endloop
  endfacet
  facet normal -0.8314696123025471 0.5555702330195994 8.505809321505394e-19
    outer loop
      vertex 9.78416697508023 8.15 6
      vertex 9.878640657621395 8.291389857711337 7.75
      vertex 9.878640657621395 8.291389857711337 6
    endloop
  endfacet
  facet normal -0.7518398074789766 0.6593458151000698 5.669999507303878e-19
    outer loop
      vertex 9.878640657621395 8.291389857711337 6
      vertex 9.990761184457488 8.419238815542512 7.75
      vertex 9.990761184457488 8.419238815542512 6
    endloop
  endfacet
  facet normal -0.6593458151000698 0.7518398074789766 0
    outer loop
      vertex 9.990761184457488 8.419238815542512 6
      vertex 9.990761184457488 8.419238815542512 7.75
      vertex 10.118610142288663 8.531359342378606 6
    endloop
  endfacet
  facet normal -0.5555702330195994 0.8314696123025471 0
    outer loop
      vertex 10.118610142288663 8.531359342378606 6
      vertex 10.118610142288663 8.531359342378606 7.75
      vertex 10.26 8.62583302491977 6
    endloop
  endfacet
  facet normal -0.4422886902190059 0.896872741532686 0
    outer loop
      vertex 10.26 8.62583302491977 6
      vertex 10.26 8.62583302491977 7.75
      vertex 10.41 8.699804838824466 6
    endloop
  endfacet
  facet normal -0.8968727415326876 -0.44228869021900297 0
    outer loop
      vertex 9.78416697508023 6.85 6
      vertex 9.78416697508023 6.85 7.75
      vertex 9.708956607735328 7.0025115379253835 7.75
    endloop
  endfacet
  facet normal -0.9469301294951064 -0.3214394653031593 0
    outer loop
      vertex 9.708956607735328 7.0025115379253835 6
      vertex 9.708956607735328 7.0025115379253835 7.75
      vertex 9.654296425824212 7.1635352413667235 7.75
    endloop
  endfacet
  facet normal -0.9807852804032307 -0.19509032201612744 0
    outer loop
      vertex 9.654296425824212 7.1635352413667235 6
      vertex 9.654296425824212 7.1635352413667235 7.75
      vertex 9.621121680214047 7.330315950113933 7.75
    endloop
  endfacet
  facet normal -0.9978589232386029 -0.06540312923015157 0
    outer loop
      vertex 9.621121680214047 7.330315950113933 6
      vertex 9.621121680214047 7.330315950113933 7.75
      vertex 9.61 7.5 7.75
    endloop
  endfacet
  facet normal -0.9978589232386029 0.06540312923015157 0
    outer loop
      vertex 9.61 7.5 6
      vertex 9.61 7.5 7.75
      vertex 9.621121680214047 7.669684049886067 7.75
    endloop
  endfacet
  facet normal -0.9807852804032307 0.19509032201612744 0
    outer loop
      vertex 9.621121680214047 7.669684049886067 6
      vertex 9.621121680214047 7.669684049886067 7.75
      vertex 9.654296425824212 7.8364647586332765 7.75
    endloop
  endfacet
  facet normal -0.9469301294951064 0.3214394653031593 0
    outer loop
      vertex 9.654296425824212 7.8364647586332765 6
      vertex 9.654296425824212 7.8364647586332765 7.75
      vertex 9.708956607735328 7.9974884620746165 7.75
    endloop
  endfacet
  facet normal -0.8968727415326876 0.44228869021900297 0
    outer loop
      vertex 9.708956607735328 7.9974884620746165 6
      vertex 9.708956607735328 7.9974884620746165 7.75
      vertex 9.78416697508023 8.15 7.75
    endloop
  endfacet
  facet normal -0.7518398074789766 -0.6593458151000698 0
    outer loop
      vertex 9.990761184457488 6.580761184457488 6
      vertex 9.990761184457488 6.580761184457488 7.75
      vertex 9.878640657621395 6.708610142288663 7.75
    endloop
  endfacet
  facet normal -0.8314696123025471 -0.5555702330195994 0
    outer loop
      vertex 9.878640657621395 6.708610142288663 6
      vertex 9.878640657621395 6.708610142288663 7.75
      vertex 9.78416697508023 6.85 7.75
    endloop
  endfacet
  facet normal -0.6593458151000698 -0.7518398074789766 0
    outer loop
      vertex 9.990761184457488 6.580761184457488 6
      vertex 10.118610142288663 6.468640657621394 7.75
      vertex 9.990761184457488 6.580761184457488 7.75
    endloop
  endfacet
  facet normal -0.8314696123025471 0.5555702330195994 0
    outer loop
      vertex 9.78416697508023 8.15 6
      vertex 9.78416697508023 8.15 7.75
      vertex 9.878640657621395 8.291389857711337 7.75
    endloop
  endfacet
  facet normal -0.7518398074789766 0.6593458151000698 0
    outer loop
      vertex 9.878640657621395 8.291389857711337 6
      vertex 9.878640657621395 8.291389857711337 7.75
      vertex 9.990761184457488 8.419238815542512 7.75
    endloop
  endfacet
  facet normal -0.6593458151000698 0.7518398074789766 0
    outer loop
      vertex 10.118610142288663 8.531359342378606 6
      vertex 9.990761184457488 8.419238815542512 7.75
      vertex 10.118610142288663 8.531359342378606 7.75
    endloop
  endfacet
  facet normal -0.5555702330195994 0.8314696123025471 0
    outer loop
      vertex 10.26 8.62583302491977 6
      vertex 10.118610142288663 8.531359342378606 7.75
      vertex 10.26 8.62583302491977 7.75
    endloop
  endfacet
  facet normal -0.4422886902190059 0.896872741532686 0
    outer loop
      vertex 10.41 8.699804838824466 6
      vertex 10.26 8.62583302491977 7.75
      vertex 10.41 8.699804838824466 7.75
    endloop
  endfacet
  facet normal 0.4422886902190017 -0.8968727415326881 -1.485132493674466e-18
    outer loop
      vertex 11.41 6.300195161175534 6
      vertex 11.56 6.37416697508023 6
      vertex 11.56 6.37416697508023 7.75
    endloop
  endfacet
  facet normal 0.555570233019603 -0.8314696123025447 -2.695955570351689e-18
    outer loop
      vertex 11.56 6.37416697508023 6
      vertex 11.701389857711337 6.468640657621394 6
      vertex 11.701389857711337 6.468640657621394 7.75
    endloop
  endfacet
  facet normal 0.4422886902190017 -0.8968727415326881 0
    outer loop
      vertex 11.41 6.300195161175534 6
      vertex 11.56 6.37416697508023 7.75
      vertex 11.41 6.300195161175534 7.75
    endloop
  endfacet
  facet normal 0.555570233019603 -0.8314696123025447 0
    outer loop
      vertex 11.56 6.37416697508023 6
      vertex 11.701389857711337 6.468640657621394 7.75
      vertex 11.56 6.37416697508023 7.75
    endloop
  endfacet
  facet normal 0.6593458151000698 -0.7518398074789766 5.669999507303878e-19
    outer loop
      vertex 11.701389857711337 6.468640657621394 6
      vertex 11.829238815542512 6.580761184457488 6
      vertex 11.829238815542512 6.580761184457488 7.75
    endloop
  endfacet
  facet normal 0.7518398074789766 -0.6593458151000698 0
    outer loop
      vertex 11.829238815542512 6.580761184457488 6
      vertex 11.941359342378606 6.708610142288663 6
      vertex 11.829238815542512 6.580761184457488 7.75
    endloop
  endfacet
  facet normal 0.4422886902190059 0.896872741532686 0
    outer loop
      vertex 11.41 8.699804838824466 6
      vertex 11.41 8.699804838824466 7.75
      vertex 11.56 8.62583302491977 6
    endloop
  endfacet
  facet normal 0.6593458151000698 0.7518398074789766 0
    outer loop
      vertex 11.701389857711337 8.531359342378606 6
      vertex 11.701389857711337 8.531359342378606 7.75
      vertex 11.829238815542512 8.419238815542512 6
    endloop
  endfacet
  facet normal 0.5555702330195994 0.8314696123025471 0
    outer loop
      vertex 11.56 8.62583302491977 6
      vertex 11.56 8.62583302491977 7.75
      vertex 11.701389857711337 8.531359342378606 6
    endloop
  endfacet
  facet normal 0.8314696123025471 -0.5555702330195994 0
    outer loop
      vertex 11.941359342378606 6.708610142288663 6
      vertex 12.03583302491977 6.85 6
      vertex 11.941359342378606 6.708610142288663 7.75
    endloop
  endfacet
  facet normal 0.8968727415326876 -0.44228869021900297 0
    outer loop
      vertex 12.03583302491977 6.85 6
      vertex 12.111043392264673 7.0025115379253835 6
      vertex 12.03583302491977 6.85 7.75
    endloop
  endfacet
  facet normal 0.9469301294951064 -0.3214394653031593 0
    outer loop
      vertex 12.111043392264673 7.0025115379253835 6
      vertex 12.165703574175788 7.1635352413667235 6
      vertex 12.111043392264673 7.0025115379253835 7.75
    endloop
  endfacet
  facet normal 0.9807852804032307 -0.19509032201612744 0
    outer loop
      vertex 12.165703574175788 7.1635352413667235 6
      vertex 12.198878319785953 7.330315950113933 6
      vertex 12.165703574175788 7.1635352413667235 7.75
    endloop
  endfacet
  facet normal 0.9978589232386029 -0.06540312923015157 0
    outer loop
      vertex 12.198878319785953 7.330315950113933 6
      vertex 12.21 7.5 6
      vertex 12.198878319785953 7.330315950113933 7.75
    endloop
  endfacet
  facet normal 0.9978589232386029 0.06540312923015157 3.6003133409717924e-19
    outer loop
      vertex 12.198878319785953 7.669684049886067 6
      vertex 12.21 7.5 7.75
      vertex 12.21 7.5 6
    endloop
  endfacet
  facet normal 0.9807852804032307 0.19509032201612744 0
    outer loop
      vertex 12.198878319785953 7.669684049886067 6
      vertex 12.165703574175788 7.8364647586332765 6
      vertex 12.198878319785953 7.669684049886067 7.75
    endloop
  endfacet
  facet normal 0.9469301294951064 0.3214394653031593 -1.3525384814251595e-18
    outer loop
      vertex 12.111043392264673 7.9974884620746165 6
      vertex 12.165703574175788 7.8364647586332765 7.75
      vertex 12.165703574175788 7.8364647586332765 6
    endloop
  endfacet
  facet normal 0.8968727415326876 0.44228869021900297 0
    outer loop
      vertex 12.111043392264673 7.9974884620746165 6
      vertex 12.03583302491977 8.15 6
      vertex 12.111043392264673 7.9974884620746165 7.75
    endloop
  endfacet
  facet normal 0.8314696123025471 0.5555702330195994 -8.505809321505394e-19
    outer loop
      vertex 11.941359342378606 8.291389857711337 6
      vertex 12.03583302491977 8.15 7.75
      vertex 12.03583302491977 8.15 6
    endloop
  endfacet
  facet normal 0.7518398074789766 0.6593458151000698 -5.669999507303878e-19
    outer loop
      vertex 11.829238815542512 8.419238815542512 6
      vertex 11.941359342378606 8.291389857711337 7.75
      vertex 11.941359342378606 8.291389857711337 6
    endloop
  endfacet
  facet normal 0.6593458151000698 -0.7518398074789766 0
    outer loop
      vertex 11.701389857711337 6.468640657621394 6
      vertex 11.829238815542512 6.580761184457488 7.75
      vertex 11.701389857711337 6.468640657621394 7.75
    endloop
  endfacet
  facet normal 0.4422886902190059 0.896872741532686 0
    outer loop
      vertex 11.56 8.62583302491977 6
      vertex 11.41 8.699804838824466 7.75
      vertex 11.56 8.62583302491977 7.75
    endloop
  endfacet
  facet normal 0.6593458151000698 0.7518398074789766 0
    outer loop
      vertex 11.829238815542512 8.419238815542512 6
      vertex 11.701389857711337 8.531359342378606 7.75
      vertex 11.829238815542512 8.419238815542512 7.75
    endloop
  endfacet
  facet normal 0.7518398074789766 0.6593458151000698 0
    outer loop
      vertex 11.829238815542512 8.419238815542512 6
      vertex 11.829238815542512 8.419238815542512 7.75
      vertex 11.941359342378606 8.291389857711337 7.75
    endloop
  endfacet
  facet normal 0.5555702330195994 0.8314696123025471 0
    outer loop
      vertex 11.701389857711337 8.531359342378606 6
      vertex 11.56 8.62583302491977 7.75
      vertex 11.701389857711337 8.531359342378606 7.75
    endloop
  endfacet
  facet normal 0.7518398074789766 -0.6593458151000698 0
    outer loop
      vertex 11.941359342378606 6.708610142288663 6
      vertex 11.941359342378606 6.708610142288663 7.75
      vertex 11.829238815542512 6.580761184457488 7.75
    endloop
  endfacet
  facet normal 0.8314696123025471 -0.5555702330195994 0
    outer loop
      vertex 12.03583302491977 6.85 6
      vertex 12.03583302491977 6.85 7.75
      vertex 11.941359342378606 6.708610142288663 7.75
    endloop
  endfacet
  facet normal 0.8968727415326876 -0.44228869021900297 0
    outer loop
      vertex 12.111043392264673 7.0025115379253835 6
      vertex 12.111043392264673 7.0025115379253835 7.75
      vertex 12.03583302491977 6.85 7.75
    endloop
  endfacet
  facet normal 0.9469301294951064 -0.3214394653031593 0
    outer loop
      vertex 12.165703574175788 7.1635352413667235 6
      vertex 12.165703574175788 7.1635352413667235 7.75
      vertex 12.111043392264673 7.0025115379253835 7.75
    endloop
  endfacet
  facet normal 0.9807852804032307 -0.19509032201612744 0
    outer loop
      vertex 12.198878319785953 7.330315950113933 6
      vertex 12.198878319785953 7.330315950113933 7.75
      vertex 12.165703574175788 7.1635352413667235 7.75
    endloop
  endfacet
  facet normal 0.9978589232386029 -0.06540312923015157 0
    outer loop
      vertex 12.21 7.5 6
      vertex 12.21 7.5 7.75
      vertex 12.198878319785953 7.330315950113933 7.75
    endloop
  endfacet
  facet normal 0.9978589232386029 0.06540312923015157 0
    outer loop
      vertex 12.198878319785953 7.669684049886067 6
      vertex 12.198878319785953 7.669684049886067 7.75
      vertex 12.21 7.5 7.75
    endloop
  endfacet
  facet normal 0.9807852804032307 0.19509032201612744 0
    outer loop
      vertex 12.165703574175788 7.8364647586332765 6
      vertex 12.165703574175788 7.8364647586332765 7.75
      vertex 12.198878319785953 7.669684049886067 7.75
    endloop
  endfacet
  facet normal 0.9469301294951064 0.3214394653031593 0
    outer loop
      vertex 12.111043392264673 7.9974884620746165 6
      vertex 12.111043392264673 7.9974884620746165 7.75
      vertex 12.165703574175788 7.8364647586332765 7.75
    endloop
  endfacet
  facet normal 0.8968727415326876 0.44228869021900297 0
    outer loop
      vertex 12.03583302491977 8.15 6
      vertex 12.03583302491977 8.15 7.75
      vertex 12.111043392264673 7.9974884620746165 7.75
    endloop
  endfacet
  facet normal 0.8314696123025471 0.5555702330195994 0
    outer loop
      vertex 11.941359342378606 8.291389857711337 6
      vertex 11.941359342378606 8.291389857711337 7.75
      vertex 12.03583302491977 8.15 7.75
    endloop
  endfacet
  facet normal 0 0 -1
    outer loop
      vertex 9.875105570685175 -8.8487006784951 7.75
      vertex 9.70791847198287 -8.70208152801713 7.75
      vertex 9.78416697508023 -8.15 7.75
    endloop
  endfacet
  facet normal 0 0 -1
    outer loop
      vertex 9.561299321504901 -8.534894429314825 7.75
      vertex 9.654296425824212 -7.8364647586332765 7.75
      vertex 9.70791847198287 -8.70208152801713 7.75
    endloop
  endfacet
  facet normal 0 0 -1
    outer loop
      vertex 9.654296425824212 -7.8364647586332765 7.75
      vertex 9.708956607735328 -7.9974884620746165 7.75
      vertex 9.70791847198287 -8.70208152801713 7.75
    endloop
  endfacet
  facet normal 0 0 -1
    outer loop
      vertex 9.70791847198287 -8.70208152801713 7.75
      vertex 9.708956607735328 -7.9974884620746165 7.75
      vertex 9.78416697508023 -8.15 7.75
    endloop
  endfacet
  facet normal 0 0 -1
    outer loop
      vertex 10.259438164979347 -9.070595205269187 7.75
      vertex 10.26 -8.62583302491977 7.75
      vertex 10.41 -9.121704061389233 7.75
    endloop
  endfacet
  facet normal -0.24427641150944332 -0.719615103158162 0.6499870291680726
    outer loop
      vertex 10.259438164979347 -9.070595205269187 7.75
      vertex 10.41 -9.121704061389233 7.75
      vertex 10.41 -8.707106781186548 8.209009874310894
    endloop
  endfacet
  facet normal 0 0 -1
    outer loop
      vertex 9.875105570685175 -8.8487006784951 7.75
      vertex 9.990761184457488 -8.419238815542512 7.75
      vertex 10.06 -8.972243186433545 7.75
    endloop
  endfacet
  facet normal 0 0 -1
    outer loop
      vertex 10.06 -8.972243186433545 7.75
      vertex 10.118610142288663 -8.531359342378606 7.75
      vertex 10.259438164979347 -9.070595205269187 7.75
    endloop
  endfacet
  facet normal 0 0 -1
    outer loop
      vertex 10.06 -8.972243186433545 7.75
      vertex 9.990761184457488 -8.419238815542512 7.75
      vertex 10.118610142288663 -8.531359342378606 7.75
    endloop
  endfacet
  facet normal 0 0 -1
    outer loop
      vertex 9.875105570685175 -8.8487006784951 7.75
      vertex 9.78416697508023 -8.15 7.75
      vertex 9.878640657621395 -8.291389857711337 7.75
    endloop
  endfacet
  facet normal 0 0 -1
    outer loop
      vertex 9.875105570685175 -8.8487006784951 7.75
      vertex 9.878640657621395 -8.291389857711337 7.75
      vertex 9.990761184457488 -8.419238815542512 7.75
    endloop
  endfacet
  facet normal 0 0 -1
    outer loop
      vertex 10.259438164979347 -9.070595205269187 7.75
      vertex 10.118610142288663 -8.531359342378606 7.75
      vertex 10.26 -8.62583302491977 7.75
    endloop
  endfacet
  facet normal 0 0 -1
    outer loop
      vertex 10.26 -8.62583302491977 7.75
      vertex 10.41 -8.699804838824466 7.75
      vertex 10.41 -9.121704061389233 7.75
    endloop
  endfacet
  facet normal 0 0 -1
    outer loop
      vertex 9.267926095308583 -7.939992376674285 7.75
      vertex 9.224543735664522 -7.721894526774087 7.75
      vertex 9.267926095308583 -7.060007623325715 7.75
    endloop
  endfacet
  facet normal 0 0 -1
    outer loop
      vertex 9.224543735664522 -7.721894526774087 7.75
      vertex 9.21 -7.5 7.75
      vertex 9.224543735664522 -7.278105473225913 7.75
    endloop
  endfacet
  facet normal 0 0 -1
    outer loop
      vertex 9.224543735664522 -7.721894526774087 7.75
      vertex 9.224543735664522 -7.278105473225913 7.75
      vertex 9.267926095308583 -7.060007623325715 7.75
    endloop
  endfacet
  facet normal 0 0 -1
    outer loop
      vertex 9.339404794730813 -8.150561835020653 7.75
      vertex 9.267926095308583 -7.939992376674285 7.75
      vertex 9.339404794730813 -6.849438164979348 7.75
    endloop
  endfacet
  facet normal 0 0 -1
    outer loop
      vertex 9.339404794730813 -8.150561835020653 7.75
      vertex 9.437756813566455 -6.65 7.75
      vertex 9.437756813566455 -8.35 7.75
    endloop
  endfacet
  facet normal 0 0 -1
    outer loop
      vertex 9.561299321504901 -8.534894429314825 7.75
      vertex 9.621121680214047 -7.669684049886067 7.75
      vertex 9.654296425824212 -7.8364647586332765 7.75
    endloop
  endfacet
  facet normal 0 0 -1
    outer loop
      vertex 9.437756813566455 -8.35 7.75
      vertex 9.561299321504901 -6.465105570685175 7.75
      vertex 9.561299321504901 -8.534894429314825 7.75
    endloop
  endfacet
  facet normal 0 0 -1
    outer loop
      vertex 9.561299321504901 -8.534894429314825 7.75
      vertex 9.61 -7.5 7.75
      vertex 9.621121680214047 -7.669684049886067 7.75
    endloop
  endfacet
  facet normal 0 0 -1
    outer loop
      vertex 9.561299321504901 -8.534894429314825 7.75
      vertex 9.561299321504901 -6.465105570685175 7.75
      vertex 9.61 -7.5 7.75
    endloop
  endfacet
  facet normal 0 0 -1
    outer loop
      vertex 9.267926095308583 -7.939992376674285 7.75
      vertex 9.267926095308583 -7.060007623325715 7.75
      vertex 9.339404794730813 -6.849438164979348 7.75
    endloop
  endfacet
  facet normal 0 0 -1
    outer loop
      vertex 9.339404794730813 -8.150561835020653 7.75
      vertex 9.339404794730813 -6.849438164979348 7.75
      vertex 9.437756813566455 -6.65 7.75
    endloop
  endfacet
  facet normal 0 0 -1
    outer loop
      vertex 9.437756813566455 -8.35 7.75
      vertex 9.437756813566455 -6.65 7.75
      vertex 9.561299321504901 -6.465105570685175 7.75
    endloop
  endfacet
  facet normal 0 0 -1
    outer loop
      vertex 9.61 -7.5 7.75
      vertex 9.561299321504901 -6.465105570685175 7.75
      vertex 9.621121680214047 -7.330315950113933 7.75
    endloop
  endfacet
  facet normal 0 0 -1
    outer loop
      vertex 9.621121680214047 -7.330315950113933 7.75
      vertex 9.561299321504901 -6.465105570685175 7.75
      vertex 9.654296425824212 -7.1635352413667235 7.75
    endloop
  endfacet
  facet normal 0 0 -1
    outer loop
      vertex 9.654296425824212 -7.1635352413667235 7.75
      vertex 9.70791847198287 -6.297918471982869 7.75
      vertex 9.708956607735328 -7.0025115379253835 7.75
    endloop
  endfacet
  facet normal 0 0 -1
    outer loop
      vertex 9.708956607735328 -7.0025115379253835 7.75
      vertex 9.70791847198287 -6.297918471982869 7.75
      vertex 9.78416697508023 -6.85 7.75
    endloop
  endfacet
  facet normal 0 0 -1
    outer loop
      vertex 9.654296425824212 -7.1635352413667235 7.75
      vertex 9.561299321504901 -6.465105570685175 7.75
      vertex 9.70791847198287 -6.297918471982869 7.75
    endloop
  endfacet
  facet normal 0 0 -1
    outer loop
      vertex 9.70791847198287 -6.297918471982869 7.75
      vertex 9.878640657621395 -6.708610142288663 7.75
      vertex 9.78416697508023 -6.85 7.75
    endloop
  endfacet
  facet normal -0.6318714255601963 -0.4222029884709358 0.6499870291680723
    outer loop
      vertex 9.437756813566455 -8.35 7.75
      vertex 9.561299321504901 -8.534894429314825 7.75
      vertex 10.41 -7.788675134594813 9.059758019278771
    endloop
  endfacet
  facet normal -0.42220298847093557 -0.631871425560196 0.6499870291680723
    outer loop
      vertex 9.875105570685175 -8.8487006784951 7.75
      vertex 10.06 -8.972243186433545 7.75
      vertex 10.41 -8.151612686420602 8.775103548172329
    endloop
  endfacet
  facet normal -0.5010667545272055 -0.571357129491561 0.6499870291680726
    outer loop
      vertex 9.875105570685175 -8.8487006784951 7.75
      vertex 10.41 -8 8.908375421949028
      vertex 9.70791847198287 -8.70208152801713 7.75
    endloop
  endfacet
  facet normal -0.5713571294915611 -0.5010667545272055 0.6499870291680724
    outer loop
      vertex 9.561299321504901 -8.534894429314825 7.75
      vertex 9.70791847198287 -8.70208152801713 7.75
      vertex 10.41 -7.88366349398948 8.998057758494014
    endloop
  endfacet
  facet normal -0.33611521222515206 -0.6815742263496358 0.6499870291680723
    outer loop
      vertex 10.06 -8.972243186433545 7.75
      vertex 10.259438164979347 -9.070595205269187 7.75
      vertex 10.41 -8.36602540378444 8.566666666666666
    endloop
  endfacet
  facet normal -0.3361152122251479 -0.6815742263496374 0.6499870291680728
    outer loop
      vertex 10.259438164979347 -9.070595205269187 7.75
      vertex 10.41 -8.707106781186548 8.209009874310894
      vertex 10.41 -8.36602540378444 8.566666666666666
    endloop
  endfacet
  facet normal -0.4222029884709389 -0.6318714255601943 0.649987029168072
    outer loop
      vertex 10.06 -8.972243186433545 7.75
      vertex 10.41 -8.36602540378444 8.566666666666666
      vertex 10.41 -8.151612686420602 8.775103548172329
    endloop
  endfacet
  facet normal -0.5010667545272068 -0.5713571294915597 0.6499870291680726
    outer loop
      vertex 9.875105570685175 -8.8487006784951 7.75
      vertex 10.41 -8.151612686420602 8.775103548172329
      vertex 10.41 -8 8.908375421949028
    endloop
  endfacet
  facet normal -0.5713571294915587 -0.5010667545272082 0.6499870291680724
    outer loop
      vertex 9.70791847198287 -8.70208152801713 7.75
      vertex 10.41 -8 8.908375421949028
      vertex 10.41 -7.88366349398948 8.998057758494014
    endloop
  endfacet
  facet normal -0.7453431660366494 -0.14825797366659896 0.6499870291680733
    outer loop
      vertex 9.267926095308583 -7.939992376674285 7.75
      vertex 10.41 -7.565826248793698 9.144966439661577
      vertex 9.224543735664522 -7.721894526774087 7.75
    endloop
  endfacet
  facet normal -0.6815742263496357 -0.336115212225152 0.6499870291680723
    outer loop
      vertex 9.339404794730813 -8.150561835020653 7.75
      vertex 9.437756813566455 -8.35 7.75
      vertex 10.41 -7.788675134594813 9.059758019278771
    endloop
  endfacet
  facet normal -0.7196151031581606 -0.24427641150944654 0.649987029168073
    outer loop
      vertex 9.339404794730813 -8.150561835020653 7.75
      vertex 10.41 -7.633974596215562 9.129422228094118
      vertex 9.267926095308583 -7.939992376674285 7.75
    endloop
  endfacet
  facet normal -0.7583182006960855 -0.04970280078943806 0.6499870291680727
    outer loop
      vertex 9.224543735664522 -7.721894526774087 7.75
      vertex 10.41 -7.5 9.15
      vertex 9.21 -7.5 7.75
    endloop
  endfacet
  facet normal -0.758318200696085 0.049702800789438034 0.649987029168073
    outer loop
      vertex 9.21 -7.5 7.75
      vertex 10.41 -7.434173751206302 9.144966439661577
      vertex 9.224543735664522 -7.278105473225913 7.75
    endloop
  endfacet
  facet normal -0.7453431660366495 0.14825797366659899 0.6499870291680732
    outer loop
      vertex 9.224543735664522 -7.278105473225913 7.75
      vertex 10.41 -7.366025403784438 9.129422228094118
      vertex 9.267926095308583 -7.060007623325715 7.75
    endloop
  endfacet
  facet normal -0.7196151031581606 0.24427641150944757 0.6499870291680726
    outer loop
      vertex 9.267926095308583 -7.060007623325715 7.75
      vertex 10.41 -7.292893218813452 9.10193788316277
      vertex 9.339404794730813 -6.849438164979348 7.75
    endloop
  endfacet
  facet normal -0.6815742263496364 0.33611521222515084 0.6499870291680723
    outer loop
      vertex 9.339404794730813 -6.849438164979348 7.75
      vertex 10.41 -7.211324865405187 9.059758019278771
      vertex 9.437756813566455 -6.65 7.75
    endloop
  endfacet
  facet normal -0.6318714255601962 0.42220298847093574 0.6499870291680724
    outer loop
      vertex 9.437756813566455 -6.65 7.75
      vertex 10.41 -7.11633650601052 8.998057758494014
      vertex 9.561299321504901 -6.465105570685175 7.75
    endloop
  endfacet
  facet normal -0.5713571294915624 0.501066754527204 0.6499870291680727
    outer loop
      vertex 9.561299321504901 -6.465105570685175 7.75
      vertex 10.41 -7 8.908375421949028
      vertex 9.70791847198287 -6.297918471982869 7.75
    endloop
  endfacet
  facet normal -0.571357129491559 0.501066754527208 0.6499870291680724
    outer loop
      vertex 9.561299321504901 -6.465105570685175 7.75
      vertex 10.41 -7.11633650601052 8.998057758494014
      vertex 10.41 -7 8.908375421949028
    endloop
  endfacet
  facet normal -0.42220298847093113 0.6318714255601995 0.649987029168072
    outer loop
      vertex 9.875105570685175 -6.151299321504901 7.75
      vertex 10.41 -6.848387313579397 8.775103548172329
      vertex 10.41 -6.633974596215562 8.566666666666666
    endloop
  endfacet
  facet normal -0.5010667545272096 0.5713571294915571 0.6499870291680727
    outer loop
      vertex 9.70791847198287 -6.297918471982869 7.75
      vertex 10.41 -7 8.908375421949028
      vertex 10.41 -6.848387313579397 8.775103548172329
    endloop
  endfacet
  facet normal -0.6318714255601945 -0.4222029884709376 0.6499870291680726
    outer loop
      vertex 9.561299321504901 -8.534894429314825 7.75
      vertex 10.41 -7.88366349398948 8.998057758494014
      vertex 10.41 -7.788675134594813 9.059758019278771
    endloop
  endfacet
  facet normal -0.6815742263496384 -0.3361152122251467 0.6499870291680725
    outer loop
      vertex 9.339404794730813 -8.150561835020653 7.75
      vertex 10.41 -7.788675134594813 9.059758019278771
      vertex 10.41 -7.707106781186548 9.10193788316277
    endloop
  endfacet
  facet normal -0.7196151031581651 -0.2442764115094345 0.6499870291680726
    outer loop
      vertex 9.339404794730813 -8.150561835020653 7.75
      vertex 10.41 -7.707106781186548 9.10193788316277
      vertex 10.41 -7.633974596215562 9.129422228094118
    endloop
  endfacet
  facet normal -0.7453431660366503 -0.1482579736665949 0.6499870291680729
    outer loop
      vertex 9.267926095308583 -7.939992376674285 7.75
      vertex 10.41 -7.633974596215562 9.129422228094118
      vertex 10.41 -7.565826248793698 9.144966439661577
    endloop
  endfacet
  facet normal -0.7583182006960834 -0.04970280078945528 0.6499870291680738
    outer loop
      vertex 9.224543735664522 -7.721894526774087 7.75
      vertex 10.41 -7.565826248793698 9.144966439661577
      vertex 10.41 -7.5 9.15
    endloop
  endfacet
  facet normal -0.7583182006960848 0.049702800789455576 0.6499870291680722
    outer loop
      vertex 9.21 -7.5 7.75
      vertex 10.41 -7.5 9.15
      vertex 10.41 -7.434173751206302 9.144966439661577
    endloop
  endfacet
  facet normal -0.7453431660366502 0.14825797366659493 0.6499870291680734
    outer loop
      vertex 9.224543735664522 -7.278105473225913 7.75
      vertex 10.41 -7.434173751206302 9.144966439661577
      vertex 10.41 -7.366025403784438 9.129422228094118
    endloop
  endfacet
  facet normal -0.6815742263496386 0.3361152122251459 0.6499870291680726
    outer loop
      vertex 9.339404794730813 -6.849438164979348 7.75
      vertex 10.41 -7.292893218813452 9.10193788316277
      vertex 10.41 -7.211324865405187 9.059758019278771
    endloop
  endfacet
  facet normal -0.719615103158164 0.2442764115094349 0.6499870291680737
    outer loop
      vertex 9.267926095308583 -7.060007623325715 7.75
      vertex 10.41 -7.366025403784438 9.129422228094118
      vertex 10.41 -7.292893218813452 9.10193788316277
    endloop
  endfacet
  facet normal -0.6318714255601949 0.42220298847093773 0.6499870291680723
    outer loop
      vertex 9.437756813566455 -6.65 7.75
      vertex 10.41 -7.211324865405187 9.059758019278771
      vertex 10.41 -7.11633650601052 8.998057758494014
    endloop
  endfacet
  facet normal 0 0 -1
    outer loop
      vertex 9.70791847198287 -6.297918471982869 7.75
      vertex 9.875105570685175 -6.151299321504901 7.75
      vertex 9.878640657621395 -6.708610142288663 7.75
    endloop
  endfacet
  facet normal 0 0 -1
    outer loop
      vertex 9.878640657621395 -6.708610142288663 7.75
      vertex 9.875105570685175 -6.151299321504901 7.75
      vertex 9.990761184457488 -6.580761184457488 7.75
    endloop
  endfacet
  facet normal 0 0 -1
    outer loop
      vertex 9.875105570685175 -6.151299321504901 7.75
      vertex 10.118610142288663 -6.468640657621394 7.75
      vertex 9.990761184457488 -6.580761184457488 7.75
    endloop
  endfacet
  facet normal 0 0 -1
    outer loop
      vertex 9.875105570685175 -6.151299321504901 7.75
      vertex 10.06 -6.027756813566454 7.75
      vertex 10.118610142288663 -6.468640657621394 7.75
    endloop
  endfacet
  facet normal 0 0 -1
    outer loop
      vertex 10.118610142288663 -6.468640657621394 7.75
      vertex 10.06 -6.027756813566454 7.75
      vertex 10.26 -6.37416697508023 7.75
    endloop
  endfacet
  facet normal 0 0 -1
    outer loop
      vertex 10.26 -6.37416697508023 7.75
      vertex 10.06 -6.027756813566454 7.75
      vertex 10.259438164979347 -5.929404794730813 7.75
    endloop
  endfacet
  facet normal 0 0 -1
    outer loop
      vertex 10.26 -6.37416697508023 7.75
      vertex 10.259438164979347 -5.929404794730813 7.75
      vertex 10.41 -6.300195161175534 7.75
    endloop
  endfacet
  facet normal 0 0 -1
    outer loop
      vertex 10.259438164979347 -5.929404794730813 7.75
      vertex 10.41 -5.878295938610767 7.75
      vertex 10.41 -6.300195161175534 7.75
    endloop
  endfacet
  facet normal -0.3361152122251494 0.6815742263496366 0.6499870291680727
    outer loop
      vertex 10.06 -6.027756813566454 7.75
      vertex 10.41 -6.292893218813452 8.209009874310894
      vertex 10.259438164979347 -5.929404794730813 7.75
    endloop
  endfacet
  facet normal -0.24427641150944332 0.719615103158162 0.6499870291680726
    outer loop
      vertex 10.259438164979347 -5.929404794730813 7.75
      vertex 10.41 -6.292893218813452 8.209009874310894
      vertex 10.41 -5.878295938610767 7.75
    endloop
  endfacet
  facet normal -0.5010667545272038 0.5713571294915627 0.6499870291680722
    outer loop
      vertex 9.70791847198287 -6.297918471982869 7.75
      vertex 10.41 -6.848387313579397 8.775103548172329
      vertex 9.875105570685175 -6.151299321504901 7.75
    endloop
  endfacet
  facet normal -0.42220298847093746 0.6318714255601942 0.6499870291680729
    outer loop
      vertex 9.875105570685175 -6.151299321504901 7.75
      vertex 10.41 -6.633974596215562 8.566666666666666
      vertex 10.06 -6.027756813566454 7.75
    endloop
  endfacet
  facet normal -0.3361152122251504 0.6815742263496358 0.6499870291680732
    outer loop
      vertex 10.06 -6.027756813566454 7.75
      vertex 10.41 -6.633974596215562 8.566666666666666
      vertex 10.41 -6.292893218813452 8.209009874310894
    endloop
  endfacet
  facet normal 0 0 -1
    outer loop
      vertex 11.41 -9.121704061389233 7.75
      vertex 11.41 -8.699804838824466 7.75
      vertex 11.560561835020653 -9.070595205269187 7.75
    endloop
  endfacet
  facet normal 0.24427641150944332 -0.719615103158162 0.6499870291680726
    outer loop
      vertex 11.41 -9.121704061389233 7.75
      vertex 11.560561835020653 -9.070595205269187 7.75
      vertex 11.41 -8.707106781186548 8.209009874310894
    endloop
  endfacet
  facet normal 0 0 -1
    outer loop
      vertex 11.41 -8.699804838824466 7.75
      vertex 11.56 -8.62583302491977 7.75
      vertex 11.560561835020653 -9.070595205269187 7.75
    endloop
  endfacet
  facet normal 0 0 -1
    outer loop
      vertex 11.560561835020653 -9.070595205269187 7.75
      vertex 11.56 -8.62583302491977 7.75
      vertex 11.76 -8.972243186433545 7.75
    endloop
  endfacet
  facet normal 0 0 -1
    outer loop
      vertex 11.76 -8.972243186433545 7.75
      vertex 11.56 -8.62583302491977 7.75
      vertex 11.701389857711337 -8.531359342378606 7.75
    endloop
  endfacet
  facet normal 0 0 -1
    outer loop
      vertex 11.76 -8.972243186433545 7.75
      vertex 11.701389857711337 -8.531359342378606 7.75
      vertex 11.944894429314825 -8.8487006784951 7.75
    endloop
  endfacet
  facet normal 0 0 -1
    outer loop
      vertex 11.701389857711337 -8.531359342378606 7.75
      vertex 11.829238815542512 -8.419238815542512 7.75
      vertex 11.944894429314825 -8.8487006784951 7.75
    endloop
  endfacet
  facet normal 0.33611521222515195 -0.6815742263496355 0.6499870291680728
    outer loop
      vertex 11.41 -8.707106781186548 8.209009874310894
      vertex 11.560561835020653 -9.070595205269187 7.75
      vertex 11.76 -8.972243186433545 7.75
    endloop
  endfacet
  facet normal 0 0 -1
    outer loop
      vertex 11.944894429314825 -8.8487006784951 7.75
      vertex 11.941359342378606 -8.291389857711337 7.75
      vertex 12.11208152801713 -8.70208152801713 7.75
    endloop
  endfacet
  facet normal 0 0 -1
    outer loop
      vertex 11.829238815542512 -8.419238815542512 7.75
      vertex 11.941359342378606 -8.291389857711337 7.75
      vertex 11.944894429314825 -8.8487006784951 7.75
    endloop
  endfacet
  facet normal 0 0 -1
    outer loop
      vertex 11.941359342378606 -8.291389857711337 7.75
      vertex 12.03583302491977 -8.15 7.75
      vertex 12.11208152801713 -8.70208152801713 7.75
    endloop
  endfacet
  facet normal 0 0 -1
    outer loop
      vertex 12.11208152801713 -8.70208152801713 7.75
      vertex 12.165703574175788 -7.8364647586332765 7.75
      vertex 12.2587006784951 -8.534894429314825 7.75
    endloop
  endfacet
  facet normal 0 0 -1
    outer loop
      vertex 12.03583302491977 -8.15 7.75
      vertex 12.111043392264673 -7.9974884620746165 7.75
      vertex 12.11208152801713 -8.70208152801713 7.75
    endloop
  endfacet
  facet normal 0 0 -1
    outer loop
      vertex 12.11208152801713 -8.70208152801713 7.75
      vertex 12.111043392264673 -7.9974884620746165 7.75
      vertex 12.165703574175788 -7.8364647586332765 7.75
    endloop
  endfacet
  facet normal 0 0 -1
    outer loop
      vertex 12.2587006784951 -8.534894429314825 7.75
      vertex 12.165703574175788 -7.8364647586332765 7.75
      vertex 12.198878319785953 -7.669684049886067 7.75
    endloop
  endfacet
  facet normal 0 0 -1
    outer loop
      vertex 12.2587006784951 -8.534894429314825 7.75
      vertex 12.198878319785953 -7.669684049886067 7.75
      vertex 12.21 -7.5 7.75
    endloop
  endfacet
  facet normal 0 0 -1
    outer loop
      vertex 12.2587006784951 -8.534894429314825 7.75
      vertex 12.382243186433545 -6.65 7.75
      vertex 12.382243186433545 -8.35 7.75
    endloop
  endfacet
  facet normal 0 0 -1
    outer loop
      vertex 12.382243186433545 -8.35 7.75
      vertex 12.480595205269188 -6.849438164979348 7.75
      vertex 12.480595205269188 -8.150561835020653 7.75
    endloop
  endfacet
  facet normal 0 0 -1
    outer loop
      vertex 12.2587006784951 -8.534894429314825 7.75
      vertex 12.21 -7.5 7.75
      vertex 12.2587006784951 -6.465105570685175 7.75
    endloop
  endfacet
  facet normal 0 0 -1
    outer loop
      vertex 12.480595205269188 -8.150561835020653 7.75
      vertex 12.552073904691417 -7.060007623325715 7.75
      vertex 12.552073904691417 -7.939992376674285 7.75
    endloop
  endfacet
  facet normal 0 0 -1
    outer loop
      vertex 12.480595205269188 -8.150561835020653 7.75
      vertex 12.480595205269188 -6.849438164979348 7.75
      vertex 12.552073904691417 -7.060007623325715 7.75
    endloop
  endfacet
  facet normal 0 0 -1
    outer loop
      vertex 12.198878319785953 -7.330315950113933 7.75
      vertex 12.165703574175788 -7.1635352413667235 7.75
      vertex 12.2587006784951 -6.465105570685175 7.75
    endloop
  endfacet
  facet normal 0 0 -1
    outer loop
      vertex 11.941359342378606 -6.708610142288663 7.75
      vertex 11.944894429314825 -6.151299321504901 7.75
      vertex 12.03583302491977 -6.85 7.75
    endloop
  endfacet
  facet normal 0 0 -1
    outer loop
      vertex 12.111043392264673 -7.0025115379253835 7.75
      vertex 12.11208152801713 -6.297918471982869 7.75
      vertex 12.165703574175788 -7.1635352413667235 7.75
    endloop
  endfacet
  facet normal 0 0 -1
    outer loop
      vertex 12.111043392264673 -7.0025115379253835 7.75
      vertex 12.03583302491977 -6.85 7.75
      vertex 12.11208152801713 -6.297918471982869 7.75
    endloop
  endfacet
  facet normal 0 0 -1
    outer loop
      vertex 12.11208152801713 -6.297918471982869 7.75
      vertex 12.2587006784951 -6.465105570685175 7.75
      vertex 12.165703574175788 -7.1635352413667235 7.75
    endloop
  endfacet
  facet normal 0 0 -1
    outer loop
      vertex 12.2587006784951 -8.534894429314825 7.75
      vertex 12.2587006784951 -6.465105570685175 7.75
      vertex 12.382243186433545 -6.65 7.75
    endloop
  endfacet
  facet normal 0 0 -1
    outer loop
      vertex 12.198878319785953 -7.330315950113933 7.75
      vertex 12.2587006784951 -6.465105570685175 7.75
      vertex 12.21 -7.5 7.75
    endloop
  endfacet
  facet normal 0 0 -1
    outer loop
      vertex 12.382243186433545 -8.35 7.75
      vertex 12.382243186433545 -6.65 7.75
      vertex 12.480595205269188 -6.849438164979348 7.75
    endloop
  endfacet
  facet normal 0 0 -1
    outer loop
      vertex 12.552073904691417 -7.939992376674285 7.75
      vertex 12.595456264335478 -7.278105473225913 7.75
      vertex 12.595456264335478 -7.721894526774087 7.75
    endloop
  endfacet
  facet normal 0 0 -1
    outer loop
      vertex 12.595456264335478 -7.721894526774087 7.75
      vertex 12.595456264335478 -7.278105473225913 7.75
      vertex 12.61 -7.5 7.75
    endloop
  endfacet
  facet normal 0 0 -1
    outer loop
      vertex 12.552073904691417 -7.939992376674285 7.75
      vertex 12.552073904691417 -7.060007623325715 7.75
      vertex 12.595456264335478 -7.278105473225913 7.75
    endloop
  endfacet
  facet normal 0.33611521222515034 -0.6815742263496368 0.6499870291680722
    outer loop
      vertex 11.41 -8.707106781186548 8.209009874310894
      vertex 11.76 -8.972243186433545 7.75
      vertex 11.41 -8.36602540378444 8.566666666666666
    endloop
  endfacet
  facet normal 0.4222029884709358 -0.6318714255601963 0.6499870291680722
    outer loop
      vertex 11.41 -8.36602540378444 8.566666666666666
      vertex 11.76 -8.972243186433545 7.75
      vertex 11.944894429314825 -8.8487006784951 7.75
    endloop
  endfacet
  facet normal 0.5010667545272053 -0.5713571294915613 0.6499870291680725
    outer loop
      vertex 11.41 -8.151612686420602 8.775103548172329
      vertex 11.944894429314825 -8.8487006784951 7.75
      vertex 12.11208152801713 -8.70208152801713 7.75
    endloop
  endfacet
  facet normal 0.42220298847093746 -0.6318714255601948 0.6499870291680725
    outer loop
      vertex 11.41 -8.36602540378444 8.566666666666666
      vertex 11.944894429314825 -8.8487006784951 7.75
      vertex 11.41 -8.151612686420602 8.775103548172329
    endloop
  endfacet
  facet normal 0.5010667545272066 -0.57135712949156 0.6499870291680725
    outer loop
      vertex 11.41 -8.151612686420602 8.775103548172329
      vertex 12.11208152801713 -8.70208152801713 7.75
      vertex 11.41 -8 8.908375421949028
    endloop
  endfacet
  facet normal 0.5713571294915591 -0.501066754527208 0.6499870291680723
    outer loop
      vertex 11.41 -8 8.908375421949028
      vertex 12.2587006784951 -8.534894429314825 7.75
      vertex 11.41 -7.88366349398948 8.998057758494014
    endloop
  endfacet
  facet normal 0.42220298847092697 0.6318714255602009 0.6499870291680734
    outer loop
      vertex 11.41 -6.633974596215562 8.566666666666666
      vertex 11.41 -6.848387313579397 8.775103548172329
      vertex 11.76 -6.027756813566454 7.75
    endloop
  endfacet
  facet normal 0.571357129491558 0.5010667545272084 0.6499870291680728
    outer loop
      vertex 11.41 -7 8.908375421949028
      vertex 11.41 -7.11633650601052 8.998057758494014
      vertex 12.11208152801713 -6.297918471982869 7.75
    endloop
  endfacet
  facet normal 0.5010667545272118 0.5713571294915563 0.6499870291680719
    outer loop
      vertex 11.41 -7 8.908375421949028
      vertex 11.944894429314825 -6.151299321504901 7.75
      vertex 11.41 -6.848387313579397 8.775103548172329
    endloop
  endfacet
  facet normal 0.6318714255601948 -0.4222029884709378 0.6499870291680722
    outer loop
      vertex 11.41 -7.88366349398948 8.998057758494014
      vertex 12.382243186433545 -8.35 7.75
      vertex 11.41 -7.788675134594813 9.059758019278771
    endloop
  endfacet
  facet normal 0.6815742263496384 -0.33611521222514584 0.6499870291680727
    outer loop
      vertex 11.41 -7.788675134594813 9.059758019278771
      vertex 12.480595205269188 -8.150561835020653 7.75
      vertex 11.41 -7.707106781186548 9.10193788316277
    endloop
  endfacet
  facet normal 0.719615103158164 -0.2442764115094349 0.6499870291680734
    outer loop
      vertex 11.41 -7.707106781186548 9.10193788316277
      vertex 12.552073904691417 -7.939992376674285 7.75
      vertex 11.41 -7.633974596215562 9.129422228094118
    endloop
  endfacet
  facet normal 0.7453431660366501 -0.14825797366659477 0.6499870291680734
    outer loop
      vertex 11.41 -7.633974596215562 9.129422228094118
      vertex 12.595456264335478 -7.721894526774087 7.75
      vertex 11.41 -7.565826248793698 9.144966439661577
    endloop
  endfacet
  facet normal 0.7583182006960848 -0.049702800789454965 0.6499870291680722
    outer loop
      vertex 11.41 -7.565826248793698 9.144966439661577
      vertex 12.61 -7.5 7.75
      vertex 11.41 -7.5 9.15
    endloop
  endfacet
  facet normal 0.7583182006960835 0.04970280078945509 0.6499870291680737
    outer loop
      vertex 11.41 -7.5 9.15
      vertex 12.595456264335478 -7.278105473225913 7.75
      vertex 11.41 -7.434173751206302 9.144966439661577
    endloop
  endfacet
  facet normal 0.6318714255601945 0.422202988470938 0.6499870291680725
    outer loop
      vertex 11.41 -7.211324865405187 9.059758019278771
      vertex 12.2587006784951 -6.465105570685175 7.75
      vertex 11.41 -7.11633650601052 8.998057758494014
    endloop
  endfacet
  facet normal 0.6815742263496385 0.3361152122251458 0.6499870291680726
    outer loop
      vertex 11.41 -7.292893218813452 9.10193788316277
      vertex 12.480595205269188 -6.849438164979348 7.75
      vertex 11.41 -7.211324865405187 9.059758019278771
    endloop
  endfacet
  facet normal 0.7196151031581653 0.24427641150943447 0.6499870291680722
    outer loop
      vertex 11.41 -7.366025403784438 9.129422228094118
      vertex 12.480595205269188 -6.849438164979348 7.75
      vertex 11.41 -7.292893218813452 9.10193788316277
    endloop
  endfacet
  facet normal 0.7453431660366505 0.14825797366659466 0.6499870291680729
    outer loop
      vertex 11.41 -7.434173751206302 9.144966439661577
      vertex 12.552073904691417 -7.060007623325715 7.75
      vertex 11.41 -7.366025403784438 9.129422228094118
    endloop
  endfacet
  facet normal 0.5713571294915611 -0.5010667545272055 0.6499870291680726
    outer loop
      vertex 11.41 -8 8.908375421949028
      vertex 12.11208152801713 -8.70208152801713 7.75
      vertex 12.2587006784951 -8.534894429314825 7.75
    endloop
  endfacet
  facet normal 0.6318714255601959 -0.42220298847093585 0.6499870291680723
    outer loop
      vertex 11.41 -7.88366349398948 8.998057758494014
      vertex 12.2587006784951 -8.534894429314825 7.75
      vertex 12.382243186433545 -8.35 7.75
    endloop
  endfacet
  facet normal 0.6815742263496357 -0.33611521222515217 0.6499870291680725
    outer loop
      vertex 11.41 -7.788675134594813 9.059758019278771
      vertex 12.382243186433545 -8.35 7.75
      vertex 12.480595205269188 -8.150561835020653 7.75
    endloop
  endfacet
  facet normal 0.719615103158161 -0.24427641150944643 0.6499870291680726
    outer loop
      vertex 11.41 -7.707106781186548 9.10193788316277
      vertex 12.480595205269188 -8.150561835020653 7.75
      vertex 12.552073904691417 -7.939992376674285 7.75
    endloop
  endfacet
  facet normal 0.7453431660366495 -0.14825797366659918 0.6499870291680732
    outer loop
      vertex 11.41 -7.633974596215562 9.129422228094118
      vertex 12.552073904691417 -7.939992376674285 7.75
      vertex 12.595456264335478 -7.721894526774087 7.75
    endloop
  endfacet
  facet normal 0.7583182006960849 -0.04970280078943787 0.6499870291680732
    outer loop
      vertex 11.41 -7.565826248793698 9.144966439661577
      vertex 12.595456264335478 -7.721894526774087 7.75
      vertex 12.61 -7.5 7.75
    endloop
  endfacet
  facet normal 0.7583182006960855 0.049702800789438215 0.6499870291680727
    outer loop
      vertex 11.41 -7.5 9.15
      vertex 12.61 -7.5 7.75
      vertex 12.595456264335478 -7.278105473225913 7.75
    endloop
  endfacet
  facet normal 0.7453431660366494 0.1482579736665991 0.6499870291680732
    outer loop
      vertex 11.41 -7.434173751206302 9.144966439661577
      vertex 12.595456264335478 -7.278105473225913 7.75
      vertex 12.552073904691417 -7.060007623325715 7.75
    endloop
  endfacet
  facet normal 0.7196151031581604 0.24427641150944726 0.6499870291680729
    outer loop
      vertex 11.41 -7.366025403784438 9.129422228094118
      vertex 12.552073904691417 -7.060007623325715 7.75
      vertex 12.480595205269188 -6.849438164979348 7.75
    endloop
  endfacet
  facet normal 0.6318714255601962 0.4222029884709356 0.6499870291680723
    outer loop
      vertex 11.41 -7.211324865405187 9.059758019278771
      vertex 12.382243186433545 -6.65 7.75
      vertex 12.2587006784951 -6.465105570685175 7.75
    endloop
  endfacet
  facet normal 0.5713571294915625 0.5010667545272038 0.6499870291680725
    outer loop
      vertex 11.41 -7.11633650601052 8.998057758494014
      vertex 12.2587006784951 -6.465105570685175 7.75
      vertex 12.11208152801713 -6.297918471982869 7.75
    endloop
  endfacet
  facet normal 0.6815742263496363 0.33611521222515084 0.6499870291680723
    outer loop
      vertex 11.41 -7.211324865405187 9.059758019278771
      vertex 12.480595205269188 -6.849438164979348 7.75
      vertex 12.382243186433545 -6.65 7.75
    endloop
  endfacet
  facet normal 0 0 -1
    outer loop
      vertex 11.41 -6.300195161175534 7.75
      vertex 11.41 -5.878295938610767 7.75
      vertex 11.56 -6.37416697508023 7.75
    endloop
  endfacet
  facet normal 0 0 -1
    outer loop
      vertex 11.41 -5.878295938610767 7.75
      vertex 11.560561835020653 -5.929404794730813 7.75
      vertex 11.56 -6.37416697508023 7.75
    endloop
  endfacet
  facet normal 0.24427641150944343 0.719615103158162 0.6499870291680726
    outer loop
      vertex 11.41 -6.292893218813452 8.209009874310894
      vertex 11.560561835020653 -5.929404794730813 7.75
      vertex 11.41 -5.878295938610767 7.75
    endloop
  endfacet
  facet normal 0 0 -1
    outer loop
      vertex 11.56 -6.37416697508023 7.75
      vertex 11.560561835020653 -5.929404794730813 7.75
      vertex 11.701389857711337 -6.468640657621394 7.75
    endloop
  endfacet
  facet normal 0 0 -1
    outer loop
      vertex 11.701389857711337 -6.468640657621394 7.75
      vertex 11.560561835020653 -5.929404794730813 7.75
      vertex 11.76 -6.027756813566454 7.75
    endloop
  endfacet
  facet normal 0 0 -1
    outer loop
      vertex 11.701389857711337 -6.468640657621394 7.75
      vertex 11.76 -6.027756813566454 7.75
      vertex 11.829238815542512 -6.580761184457488 7.75
    endloop
  endfacet
  facet normal 0 0 -1
    outer loop
      vertex 11.829238815542512 -6.580761184457488 7.75
      vertex 11.76 -6.027756813566454 7.75
      vertex 11.944894429314825 -6.151299321504901 7.75
    endloop
  endfacet
  facet normal 0 0 -1
    outer loop
      vertex 11.829238815542512 -6.580761184457488 7.75
      vertex 11.944894429314825 -6.151299321504901 7.75
      vertex 11.941359342378606 -6.708610142288663 7.75
    endloop
  endfacet
  facet normal 0 0 -1
    outer loop
      vertex 12.03583302491977 -6.85 7.75
      vertex 11.944894429314825 -6.151299321504901 7.75
      vertex 12.11208152801713 -6.297918471982869 7.75
    endloop
  endfacet
  facet normal 0.33611521222515206 0.6815742263496354 0.6499870291680726
    outer loop
      vertex 11.41 -6.292893218813452 8.209009874310894
      vertex 11.41 -6.633974596215562 8.566666666666666
      vertex 11.560561835020653 -5.929404794730813 7.75
    endloop
  endfacet
  facet normal 0.3361152122251493 0.6815742263496364 0.649987029168073
    outer loop
      vertex 11.41 -6.633974596215562 8.566666666666666
      vertex 11.76 -6.027756813566454 7.75
      vertex 11.560561835020653 -5.929404794730813 7.75
    endloop
  endfacet
  facet normal 0.4222029884709376 0.6318714255601947 0.6499870291680722
    outer loop
      vertex 11.41 -6.848387313579397 8.775103548172329
      vertex 11.944894429314825 -6.151299321504901 7.75
      vertex 11.76 -6.027756813566454 7.75
    endloop
  endfacet
  facet normal 0.5010667545272035 0.5713571294915624 0.6499870291680726
    outer loop
      vertex 11.41 -7 8.908375421949028
      vertex 12.11208152801713 -6.297918471982869 7.75
      vertex 11.944894429314825 -6.151299321504901 7.75
    endloop
  endfacet
  facet normal 0 0 -1
    outer loop
      vertex 9.875105570685175 6.151299321504901 7.75
      vertex 9.70791847198287 6.297918471982869 7.75
      vertex 9.78416697508023 6.85 7.75
    endloop
  endfacet
  facet normal 0 0 -1
    outer loop
      vertex 9.875105570685175 6.151299321504901 7.75
      vertex 9.990761184457488 6.580761184457488 7.75
      vertex 10.06 6.027756813566454 7.75
    endloop
  endfacet
  facet normal 0 0 -1
    outer loop
      vertex 9.875105570685175 6.151299321504901 7.75
      vertex 9.878640657621395 6.708610142288663 7.75
      vertex 9.990761184457488 6.580761184457488 7.75
    endloop
  endfacet
  facet normal 0 0 -1
    outer loop
      vertex 10.06 6.027756813566454 7.75
      vertex 10.118610142288663 6.468640657621394 7.75
      vertex 10.259438164979347 5.929404794730813 7.75
    endloop
  endfacet
  facet normal 0 0 -1
    outer loop
      vertex 10.06 6.027756813566454 7.75
      vertex 9.990761184457488 6.580761184457488 7.75
      vertex 10.118610142288663 6.468640657621394 7.75
    endloop
  endfacet
  facet normal 0 0 -1
    outer loop
      vertex 10.259438164979347 5.929404794730813 7.75
      vertex 10.26 6.37416697508023 7.75
      vertex 10.41 5.878295938610767 7.75
    endloop
  endfacet
  facet normal -0.24427641150944332 -0.719615103158162 0.6499870291680726
    outer loop
      vertex 10.259438164979347 5.929404794730813 7.75
      vertex 10.41 5.878295938610767 7.75
      vertex 10.41 6.292893218813452 8.209009874310894
    endloop
  endfacet
  facet normal 0 0 -1
    outer loop
      vertex 10.259438164979347 5.929404794730813 7.75
      vertex 10.118610142288663 6.468640657621394 7.75
      vertex 10.26 6.37416697508023 7.75
    endloop
  endfacet
  facet normal 0 0 -1
    outer loop
      vertex 10.26 6.37416697508023 7.75
      vertex 10.41 6.300195161175534 7.75
      vertex 10.41 5.878295938610767 7.75
    endloop
  endfacet
  facet normal -0.5010667545272036 -0.5713571294915624 0.6499870291680726
    outer loop
      vertex 9.875105570685175 6.151299321504901 7.75
      vertex 10.41 7 8.908375421949028
      vertex 9.70791847198287 6.297918471982869 7.75
    endloop
  endfacet
  facet normal -0.42220298847093785 -0.6318714255601948 0.6499870291680722
    outer loop
      vertex 9.875105570685175 6.151299321504901 7.75
      vertex 10.06 6.027756813566454 7.75
      vertex 10.41 6.848387313579397 8.775103548172329
    endloop
  endfacet
  facet normal -0.33611521222514934 -0.6815742263496365 0.649987029168073
    outer loop
      vertex 10.06 6.027756813566454 7.75
      vertex 10.259438164979347 5.929404794730813 7.75
      vertex 10.41 6.633974596215562 8.566666666666666
    endloop
  endfacet
  facet normal -0.33611521222515195 -0.6815742263496356 0.6499870291680727
    outer loop
      vertex 10.259438164979347 5.929404794730813 7.75
      vertex 10.41 6.292893218813452 8.209009874310894
      vertex 10.41 6.633974596215562 8.566666666666666
    endloop
  endfacet
  facet normal 0 0 -1
    outer loop
      vertex 9.339404794730813 6.849438164979348 7.75
      vertex 9.437756813566455 8.35 7.75
      vertex 9.437756813566455 6.65 7.75
    endloop
  endfacet
  facet normal 0 0 -1
    outer loop
      vertex 9.561299321504901 6.465105570685175 7.75
      vertex 9.654296425824212 7.1635352413667235 7.75
      vertex 9.70791847198287 6.297918471982869 7.75
    endloop
  endfacet
  facet normal 0 0 -1
    outer loop
      vertex 9.654296425824212 7.1635352413667235 7.75
      vertex 9.708956607735328 7.0025115379253835 7.75
      vertex 9.70791847198287 6.297918471982869 7.75
    endloop
  endfacet
  facet normal 0 0 -1
    outer loop
      vertex 9.70791847198287 6.297918471982869 7.75
      vertex 9.708956607735328 7.0025115379253835 7.75
      vertex 9.78416697508023 6.85 7.75
    endloop
  endfacet
  facet normal 0 0 -1
    outer loop
      vertex 9.561299321504901 6.465105570685175 7.75
      vertex 9.621121680214047 7.330315950113933 7.75
      vertex 9.654296425824212 7.1635352413667235 7.75
    endloop
  endfacet
  facet normal 0 0 -1
    outer loop
      vertex 9.561299321504901 6.465105570685175 7.75
      vertex 9.61 7.5 7.75
      vertex 9.621121680214047 7.330315950113933 7.75
    endloop
  endfacet
  facet normal 0 0 -1
    outer loop
      vertex 9.437756813566455 6.65 7.75
      vertex 9.561299321504901 8.534894429314825 7.75
      vertex 9.561299321504901 6.465105570685175 7.75
    endloop
  endfacet
  facet normal 0 0 -1
    outer loop
      vertex 9.267926095308583 7.060007623325715 7.75
      vertex 9.224543735664522 7.278105473225913 7.75
      vertex 9.267926095308583 7.939992376674285 7.75
    endloop
  endfacet
  facet normal 0 0 -1
    outer loop
      vertex 9.224543735664522 7.278105473225913 7.75
      vertex 9.21 7.5 7.75
      vertex 9.224543735664522 7.721894526774087 7.75
    endloop
  endfacet
  facet normal 0 0 -1
    outer loop
      vertex 9.224543735664522 7.278105473225913 7.75
      vertex 9.224543735664522 7.721894526774087 7.75
      vertex 9.267926095308583 7.939992376674285 7.75
    endloop
  endfacet
  facet normal 0 0 -1
    outer loop
      vertex 9.267926095308583 7.060007623325715 7.75
      vertex 9.267926095308583 7.939992376674285 7.75
      vertex 9.339404794730813 8.150561835020653 7.75
    endloop
  endfacet
  facet normal 0 0 -1
    outer loop
      vertex 9.339404794730813 6.849438164979348 7.75
      vertex 9.267926095308583 7.060007623325715 7.75
      vertex 9.339404794730813 8.150561835020653 7.75
    endloop
  endfacet
  facet normal 0 0 -1
    outer loop
      vertex 9.339404794730813 6.849438164979348 7.75
      vertex 9.339404794730813 8.150561835020653 7.75
      vertex 9.437756813566455 8.35 7.75
    endloop
  endfacet
  facet normal 0 0 -1
    outer loop
      vertex 9.561299321504901 6.465105570685175 7.75
      vertex 9.561299321504901 8.534894429314825 7.75
      vertex 9.61 7.5 7.75
    endloop
  endfacet
  facet normal 0 0 -1
    outer loop
      vertex 9.437756813566455 6.65 7.75
      vertex 9.437756813566455 8.35 7.75
      vertex 9.561299321504901 8.534894429314825 7.75
    endloop
  endfacet
  facet normal 0 0 -1
    outer loop
      vertex 9.61 7.5 7.75
      vertex 9.561299321504901 8.534894429314825 7.75
      vertex 9.621121680214047 7.669684049886067 7.75
    endloop
  endfacet
  facet normal 0 0 -1
    outer loop
      vertex 9.621121680214047 7.669684049886067 7.75
      vertex 9.561299321504901 8.534894429314825 7.75
      vertex 9.654296425824212 7.8364647586332765 7.75
    endloop
  endfacet
  facet normal 0 0 -1
    outer loop
      vertex 9.875105570685175 6.151299321504901 7.75
      vertex 9.78416697508023 6.85 7.75
      vertex 9.878640657621395 6.708610142288663 7.75
    endloop
  endfacet
  facet normal 0 0 -1
    outer loop
      vertex 9.654296425824212 7.8364647586332765 7.75
      vertex 9.70791847198287 8.70208152801713 7.75
      vertex 9.708956607735328 7.9974884620746165 7.75
    endloop
  endfacet
  facet normal 0 0 -1
    outer loop
      vertex 9.708956607735328 7.9974884620746165 7.75
      vertex 9.70791847198287 8.70208152801713 7.75
      vertex 9.78416697508023 8.15 7.75
    endloop
  endfacet
  facet normal 0 0 -1
    outer loop
      vertex 9.654296425824212 7.8364647586332765 7.75
      vertex 9.561299321504901 8.534894429314825 7.75
      vertex 9.70791847198287 8.70208152801713 7.75
    endloop
  endfacet
  facet normal 0 0 -1
    outer loop
      vertex 9.70791847198287 8.70208152801713 7.75
      vertex 9.878640657621395 8.291389857711337 7.75
      vertex 9.78416697508023 8.15 7.75
    endloop
  endfacet
  facet normal 0 0 -1
    outer loop
      vertex 9.878640657621395 8.291389857711337 7.75
      vertex 9.875105570685175 8.8487006784951 7.75
      vertex 9.990761184457488 8.419238815542512 7.75
    endloop
  endfacet
  facet normal 0 0 -1
    outer loop
      vertex 9.70791847198287 8.70208152801713 7.75
      vertex 9.875105570685175 8.8487006784951 7.75
      vertex 9.878640657621395 8.291389857711337 7.75
    endloop
  endfacet
  facet normal 0 0 -1
    outer loop
      vertex 9.875105570685175 8.8487006784951 7.75
      vertex 10.118610142288663 8.531359342378606 7.75
      vertex 9.990761184457488 8.419238815542512 7.75
    endloop
  endfacet
  facet normal 0 0 -1
    outer loop
      vertex 10.118610142288663 8.531359342378606 7.75
      vertex 10.06 8.972243186433545 7.75
      vertex 10.26 8.62583302491977 7.75
    endloop
  endfacet
  facet normal 0 0 -1
    outer loop
      vertex 9.875105570685175 8.8487006784951 7.75
      vertex 10.06 8.972243186433545 7.75
      vertex 10.118610142288663 8.531359342378606 7.75
    endloop
  endfacet
  facet normal 0 0 -1
    outer loop
      vertex 10.26 8.62583302491977 7.75
      vertex 10.06 8.972243186433545 7.75
      vertex 10.259438164979347 9.070595205269187 7.75
    endloop
  endfacet
  facet normal 0 0 -1
    outer loop
      vertex 10.26 8.62583302491977 7.75
      vertex 10.259438164979347 9.070595205269187 7.75
      vertex 10.41 8.699804838824466 7.75
    endloop
  endfacet
  facet normal -0.3361152122251519 0.6815742263496355 0.6499870291680726
    outer loop
      vertex 10.06 8.972243186433545 7.75
      vertex 10.41 8.707106781186548 8.209009874310894
      vertex 10.259438164979347 9.070595205269187 7.75
    endloop
  endfacet
  facet normal 0 0 -1
    outer loop
      vertex 10.259438164979347 9.070595205269187 7.75
      vertex 10.41 9.121704061389233 7.75
      vertex 10.41 8.699804838824466 7.75
    endloop
  endfacet
  facet normal -0.24427641150944332 0.719615103158162 0.6499870291680726
    outer loop
      vertex 10.259438164979347 9.070595205269187 7.75
      vertex 10.41 8.707106781186548 8.209009874310894
      vertex 10.41 9.121704061389233 7.75
    endloop
  endfacet
  facet normal -0.6318714255601963 -0.4222029884709358 0.6499870291680723
    outer loop
      vertex 9.437756813566455 6.65 7.75
      vertex 9.561299321504901 6.465105570685175 7.75
      vertex 10.41 7.211324865405187 9.059758019278771
    endloop
  endfacet
  facet normal -0.6815742263496364 -0.33611521222515084 0.6499870291680723
    outer loop
      vertex 9.339404794730813 6.849438164979348 7.75
      vertex 9.437756813566455 6.65 7.75
      vertex 10.41 7.211324865405187 9.059758019278771
    endloop
  endfacet
  facet normal -0.7453431660366494 -0.14825797366659896 0.6499870291680733
    outer loop
      vertex 9.267926095308583 7.060007623325715 7.75
      vertex 10.41 7.434173751206302 9.144966439661577
      vertex 9.224543735664522 7.278105473225913 7.75
    endloop
  endfacet
  facet normal -0.7196151031581602 -0.24427641150944748 0.649987029168073
    outer loop
      vertex 9.339404794730813 6.849438164979348 7.75
      vertex 10.41 7.366025403784438 9.129422228094118
      vertex 9.267926095308583 7.060007623325715 7.75
    endloop
  endfacet
  facet normal -0.7583182006960855 -0.04970280078943806 0.6499870291680727
    outer loop
      vertex 9.224543735664522 7.278105473225913 7.75
      vertex 10.41 7.5 9.15
      vertex 9.21 7.5 7.75
    endloop
  endfacet
  facet normal -0.758318200696085 0.049702800789438034 0.649987029168073
    outer loop
      vertex 9.21 7.5 7.75
      vertex 10.41 7.565826248793698 9.144966439661577
      vertex 9.224543735664522 7.721894526774087 7.75
    endloop
  endfacet
  facet normal -0.7453431660366495 0.14825797366659899 0.6499870291680732
    outer loop
      vertex 9.224543735664522 7.721894526774087 7.75
      vertex 10.41 7.633974596215562 9.129422228094118
      vertex 9.267926095308583 7.939992376674285 7.75
    endloop
  endfacet
  facet normal -0.7196151031581609 0.24427641150944668 0.6499870291680728
    outer loop
      vertex 9.267926095308583 7.939992376674285 7.75
      vertex 10.41 7.707106781186548 9.10193788316277
      vertex 9.339404794730813 8.150561835020653 7.75
    endloop
  endfacet
  facet normal -0.6815742263496357 0.336115212225152 0.6499870291680723
    outer loop
      vertex 9.339404794730813 8.150561835020653 7.75
      vertex 10.41 7.788675134594813 9.059758019278771
      vertex 9.437756813566455 8.35 7.75
    endloop
  endfacet
  facet normal -0.5713571294915625 -0.5010667545272041 0.6499870291680724
    outer loop
      vertex 9.561299321504901 6.465105570685175 7.75
      vertex 9.70791847198287 6.297918471982869 7.75
      vertex 10.41 7.11633650601052 8.998057758494014
    endloop
  endfacet
  facet normal -0.4222029884709274 -0.6318714255602008 0.6499870291680733
    outer loop
      vertex 10.06 6.027756813566454 7.75
      vertex 10.41 6.633974596215562 8.566666666666666
      vertex 10.41 6.848387313579397 8.775103548172329
    endloop
  endfacet
  facet normal -0.5010667545272118 -0.571357129491556 0.6499870291680719
    outer loop
      vertex 9.875105570685175 6.151299321504901 7.75
      vertex 10.41 6.848387313579397 8.775103548172329
      vertex 10.41 7 8.908375421949028
    endloop
  endfacet
  facet normal -0.5713571294915581 -0.5010667545272085 0.6499870291680729
    outer loop
      vertex 9.70791847198287 6.297918471982869 7.75
      vertex 10.41 7 8.908375421949028
      vertex 10.41 7.11633650601052 8.998057758494014
    endloop
  endfacet
  facet normal -0.6318714255601945 -0.4222029884709376 0.6499870291680726
    outer loop
      vertex 9.561299321504901 6.465105570685175 7.75
      vertex 10.41 7.11633650601052 8.998057758494014
      vertex 10.41 7.211324865405187 9.059758019278771
    endloop
  endfacet
  facet normal -0.681574226349638 -0.3361152122251466 0.6499870291680728
    outer loop
      vertex 9.339404794730813 6.849438164979348 7.75
      vertex 10.41 7.211324865405187 9.059758019278771
      vertex 10.41 7.292893218813452 9.10193788316277
    endloop
  endfacet
  facet normal -0.7196151031581656 -0.2442764115094343 0.649987029168072
    outer loop
      vertex 9.339404794730813 6.849438164979348 7.75
      vertex 10.41 7.292893218813452 9.10193788316277
      vertex 10.41 7.366025403784438 9.129422228094118
    endloop
  endfacet
  facet normal -0.7453431660366503 -0.1482579736665949 0.6499870291680729
    outer loop
      vertex 9.267926095308583 7.060007623325715 7.75
      vertex 10.41 7.366025403784438 9.129422228094118
      vertex 10.41 7.434173751206302 9.144966439661577
    endloop
  endfacet
  facet normal -0.7583182006960834 -0.04970280078945528 0.6499870291680738
    outer loop
      vertex 9.224543735664522 7.278105473225913 7.75
      vertex 10.41 7.434173751206302 9.144966439661577
      vertex 10.41 7.5 9.15
    endloop
  endfacet
  facet normal -0.7583182006960848 0.049702800789455576 0.6499870291680722
    outer loop
      vertex 9.21 7.5 7.75
      vertex 10.41 7.5 9.15
      vertex 10.41 7.565826248793698 9.144966439661577
    endloop
  endfacet
  facet normal -0.7453431660366502 0.14825797366659493 0.6499870291680734
    outer loop
      vertex 9.224543735664522 7.721894526774087 7.75
      vertex 10.41 7.565826248793698 9.144966439661577
      vertex 10.41 7.633974596215562 9.129422228094118
    endloop
  endfacet
  facet normal -0.6815742263496384 0.336115212225146 0.6499870291680727
    outer loop
      vertex 9.339404794730813 8.150561835020653 7.75
      vertex 10.41 7.707106781186548 9.10193788316277
      vertex 10.41 7.788675134594813 9.059758019278771
    endloop
  endfacet
  facet normal -0.719615103158164 0.2442764115094349 0.6499870291680737
    outer loop
      vertex 9.267926095308583 7.939992376674285 7.75
      vertex 10.41 7.633974596215562 9.129422228094118
      vertex 10.41 7.707106781186548 9.10193788316277
    endloop
  endfacet
  facet normal -0.6318714255601949 0.42220298847093773 0.6499870291680723
    outer loop
      vertex 9.437756813566455 8.35 7.75
      vertex 10.41 7.788675134594813 9.059758019278771
      vertex 10.41 7.88366349398948 8.998057758494014
    endloop
  endfacet
  facet normal -0.6318714255601962 0.42220298847093574 0.6499870291680724
    outer loop
      vertex 9.437756813566455 8.35 7.75
      vertex 10.41 7.88366349398948 8.998057758494014
      vertex 9.561299321504901 8.534894429314825 7.75
    endloop
  endfacet
  facet normal -0.571357129491561 0.5010667545272055 0.6499870291680725
    outer loop
      vertex 9.561299321504901 8.534894429314825 7.75
      vertex 10.41 8 8.908375421949028
      vertex 9.70791847198287 8.70208152801713 7.75
    endloop
  endfacet
  facet normal -0.4222029884709358 0.6318714255601962 0.6499870291680723
    outer loop
      vertex 9.875105570685175 8.8487006784951 7.75
      vertex 10.41 8.36602540378444 8.566666666666666
      vertex 10.06 8.972243186433545 7.75
    endloop
  endfacet
  facet normal -0.5010667545272055 0.5713571294915611 0.6499870291680724
    outer loop
      vertex 9.70791847198287 8.70208152801713 7.75
      vertex 10.41 8.151612686420602 8.775103548172329
      vertex 9.875105570685175 8.8487006784951 7.75
    endloop
  endfacet
  facet normal -0.33611521222515034 0.6815742263496368 0.6499870291680722
    outer loop
      vertex 10.06 8.972243186433545 7.75
      vertex 10.41 8.36602540378444 8.566666666666666
      vertex 10.41 8.707106781186548 8.209009874310894
    endloop
  endfacet
  facet normal -0.571357129491559 0.501066754527208 0.6499870291680724
    outer loop
      vertex 9.561299321504901 8.534894429314825 7.75
      vertex 10.41 7.88366349398948 8.998057758494014
      vertex 10.41 8 8.908375421949028
    endloop
  endfacet
  facet normal -0.42220298847093746 0.6318714255601948 0.6499870291680725
    outer loop
      vertex 9.875105570685175 8.8487006784951 7.75
      vertex 10.41 8.151612686420602 8.775103548172329
      vertex 10.41 8.36602540378444 8.566666666666666
    endloop
  endfacet
  facet normal -0.5010667545272066 0.5713571294915601 0.6499870291680724
    outer loop
      vertex 9.70791847198287 8.70208152801713 7.75
      vertex 10.41 8 8.908375421949028
      vertex 10.41 8.151612686420602 8.775103548172329
    endloop
  endfacet
  facet normal 0 0 -1
    outer loop
      vertex 11.41 5.878295938610767 7.75
      vertex 11.41 6.300195161175534 7.75
      vertex 11.560561835020653 5.929404794730813 7.75
    endloop
  endfacet
  facet normal 0.24427641150944332 -0.719615103158162 0.6499870291680726
    outer loop
      vertex 11.41 5.878295938610767 7.75
      vertex 11.560561835020653 5.929404794730813 7.75
      vertex 11.41 6.292893218813452 8.209009874310894
    endloop
  endfacet
  facet normal 0 0 -1
    outer loop
      vertex 11.41 6.300195161175534 7.75
      vertex 11.56 6.37416697508023 7.75
      vertex 11.560561835020653 5.929404794730813 7.75
    endloop
  endfacet
  facet normal 0.33611521222514934 -0.6815742263496365 0.6499870291680728
    outer loop
      vertex 11.41 6.292893218813452 8.209009874310894
      vertex 11.560561835020653 5.929404794730813 7.75
      vertex 11.76 6.027756813566454 7.75
    endloop
  endfacet
  facet normal 0 0 -1
    outer loop
      vertex 11.560561835020653 5.929404794730813 7.75
      vertex 11.56 6.37416697508023 7.75
      vertex 11.76 6.027756813566454 7.75
    endloop
  endfacet
  facet normal 0 0 -1
    outer loop
      vertex 11.76 6.027756813566454 7.75
      vertex 11.56 6.37416697508023 7.75
      vertex 11.701389857711337 6.468640657621394 7.75
    endloop
  endfacet
  facet normal 0 0 -1
    outer loop
      vertex 11.76 6.027756813566454 7.75
      vertex 11.701389857711337 6.468640657621394 7.75
      vertex 11.944894429314825 6.151299321504901 7.75
    endloop
  endfacet
  facet normal 0 0 -1
    outer loop
      vertex 11.701389857711337 6.468640657621394 7.75
      vertex 11.829238815542512 6.580761184457488 7.75
      vertex 11.944894429314825 6.151299321504901 7.75
    endloop
  endfacet
  facet normal 0 0 -1
    outer loop
      vertex 11.829238815542512 6.580761184457488 7.75
      vertex 11.941359342378606 6.708610142288663 7.75
      vertex 11.944894429314825 6.151299321504901 7.75
    endloop
  endfacet
  facet normal 0 0 -1
    outer loop
      vertex 11.944894429314825 6.151299321504901 7.75
      vertex 11.941359342378606 6.708610142288663 7.75
      vertex 12.11208152801713 6.297918471982869 7.75
    endloop
  endfacet
  facet normal 0.33611521222515045 -0.6815742263496358 0.649987029168073
    outer loop
      vertex 11.41 6.292893218813452 8.209009874310894
      vertex 11.76 6.027756813566454 7.75
      vertex 11.41 6.633974596215562 8.566666666666666
    endloop
  endfacet
  facet normal 0.4222029884709375 -0.6318714255601943 0.6499870291680728
    outer loop
      vertex 11.41 6.633974596215562 8.566666666666666
      vertex 11.76 6.027756813566454 7.75
      vertex 11.944894429314825 6.151299321504901 7.75
    endloop
  endfacet
  facet normal 0.5010667545272038 -0.5713571294915629 0.6499870291680722
    outer loop
      vertex 11.41 6.848387313579397 8.775103548172329
      vertex 11.944894429314825 6.151299321504901 7.75
      vertex 12.11208152801713 6.297918471982869 7.75
    endloop
  endfacet
  facet normal 0 0 -1
    outer loop
      vertex 11.41 8.699804838824466 7.75
      vertex 11.41 9.121704061389233 7.75
      vertex 11.56 8.62583302491977 7.75
    endloop
  endfacet
  facet normal 0 0 -1
    outer loop
      vertex 11.56 8.62583302491977 7.75
      vertex 11.560561835020653 9.070595205269187 7.75
      vertex 11.701389857711337 8.531359342378606 7.75
    endloop
  endfacet
  facet normal 0 0 -1
    outer loop
      vertex 11.701389857711337 8.531359342378606 7.75
      vertex 11.560561835020653 9.070595205269187 7.75
      vertex 11.76 8.972243186433545 7.75
    endloop
  endfacet
  facet normal 0 0 -1
    outer loop
      vertex 11.701389857711337 8.531359342378606 7.75
      vertex 11.76 8.972243186433545 7.75
      vertex 11.829238815542512 8.419238815542512 7.75
    endloop
  endfacet
  facet normal 0 0 -1
    outer loop
      vertex 11.829238815542512 8.419238815542512 7.75
      vertex 11.76 8.972243186433545 7.75
      vertex 11.944894429314825 8.8487006784951 7.75
    endloop
  endfacet
  facet normal 0 0 -1
    outer loop
      vertex 11.41 9.121704061389233 7.75
      vertex 11.560561835020653 9.070595205269187 7.75
      vertex 11.56 8.62583302491977 7.75
    endloop
  endfacet
  facet normal 0.24427641150944343 0.719615103158162 0.6499870291680726
    outer loop
      vertex 11.41 8.707106781186548 8.209009874310894
      vertex 11.560561835020653 9.070595205269187 7.75
      vertex 11.41 9.121704061389233 7.75
    endloop
  endfacet
  facet normal 0 0 -1
    outer loop
      vertex 11.941359342378606 6.708610142288663 7.75
      vertex 12.03583302491977 6.85 7.75
      vertex 12.11208152801713 6.297918471982869 7.75
    endloop
  endfacet
  facet normal 0 0 -1
    outer loop
      vertex 12.11208152801713 6.297918471982869 7.75
      vertex 12.165703574175788 7.1635352413667235 7.75
      vertex 12.2587006784951 6.465105570685175 7.75
    endloop
  endfacet
  facet normal 0 0 -1
    outer loop
      vertex 12.03583302491977 6.85 7.75
      vertex 12.111043392264673 7.0025115379253835 7.75
      vertex 12.11208152801713 6.297918471982869 7.75
    endloop
  endfacet
  facet normal 0 0 -1
    outer loop
      vertex 12.11208152801713 6.297918471982869 7.75
      vertex 12.111043392264673 7.0025115379253835 7.75
      vertex 12.165703574175788 7.1635352413667235 7.75
    endloop
  endfacet
  facet normal 0 0 -1
    outer loop
      vertex 12.2587006784951 6.465105570685175 7.75
      vertex 12.165703574175788 7.1635352413667235 7.75
      vertex 12.198878319785953 7.330315950113933 7.75
    endloop
  endfacet
  facet normal 0 0 -1
    outer loop
      vertex 12.2587006784951 6.465105570685175 7.75
      vertex 12.198878319785953 7.330315950113933 7.75
      vertex 12.21 7.5 7.75
    endloop
  endfacet
  facet normal 0 0 -1
    outer loop
      vertex 12.2587006784951 6.465105570685175 7.75
      vertex 12.382243186433545 8.35 7.75
      vertex 12.382243186433545 6.65 7.75
    endloop
  endfacet
  facet normal 0 0 -1
    outer loop
      vertex 12.382243186433545 6.65 7.75
      vertex 12.480595205269188 8.150561835020653 7.75
      vertex 12.480595205269188 6.849438164979348 7.75
    endloop
  endfacet
  facet normal 0 0 -1
    outer loop
      vertex 12.480595205269188 6.849438164979348 7.75
      vertex 12.552073904691417 7.939992376674285 7.75
      vertex 12.552073904691417 7.060007623325715 7.75
    endloop
  endfacet
  facet normal 0 0 -1
    outer loop
      vertex 12.198878319785953 7.669684049886067 7.75
      vertex 12.165703574175788 7.8364647586332765 7.75
      vertex 12.2587006784951 8.534894429314825 7.75
    endloop
  endfacet
  facet normal 0 0 -1
    outer loop
      vertex 12.2587006784951 6.465105570685175 7.75
      vertex 12.21 7.5 7.75
      vertex 12.2587006784951 8.534894429314825 7.75
    endloop
  endfacet
  facet normal 0 0 -1
    outer loop
      vertex 12.382243186433545 6.65 7.75
      vertex 12.382243186433545 8.35 7.75
      vertex 12.480595205269188 8.150561835020653 7.75
    endloop
  endfacet
  facet normal 0 0 -1
    outer loop
      vertex 12.480595205269188 6.849438164979348 7.75
      vertex 12.480595205269188 8.150561835020653 7.75
      vertex 12.552073904691417 7.939992376674285 7.75
    endloop
  endfacet
  facet normal 0 0 -1
    outer loop
      vertex 12.2587006784951 6.465105570685175 7.75
      vertex 12.2587006784951 8.534894429314825 7.75
      vertex 12.382243186433545 8.35 7.75
    endloop
  endfacet
  facet normal 0 0 -1
    outer loop
      vertex 12.198878319785953 7.669684049886067 7.75
      vertex 12.2587006784951 8.534894429314825 7.75
      vertex 12.21 7.5 7.75
    endloop
  endfacet
  facet normal 0 0 -1
    outer loop
      vertex 12.552073904691417 7.060007623325715 7.75
      vertex 12.595456264335478 7.721894526774087 7.75
      vertex 12.595456264335478 7.278105473225913 7.75
    endloop
  endfacet
  facet normal 0 0 -1
    outer loop
      vertex 12.595456264335478 7.278105473225913 7.75
      vertex 12.595456264335478 7.721894526774087 7.75
      vertex 12.61 7.5 7.75
    endloop
  endfacet
  facet normal 0 0 -1
    outer loop
      vertex 12.552073904691417 7.060007623325715 7.75
      vertex 12.552073904691417 7.939992376674285 7.75
      vertex 12.595456264335478 7.721894526774087 7.75
    endloop
  endfacet
  facet normal 0 0 -1
    outer loop
      vertex 11.829238815542512 8.419238815542512 7.75
      vertex 11.944894429314825 8.8487006784951 7.75
      vertex 11.941359342378606 8.291389857711337 7.75
    endloop
  endfacet
  facet normal 0 0 -1
    outer loop
      vertex 11.941359342378606 8.291389857711337 7.75
      vertex 11.944894429314825 8.8487006784951 7.75
      vertex 12.03583302491977 8.15 7.75
    endloop
  endfacet
  facet normal 0 0 -1
    outer loop
      vertex 12.111043392264673 7.9974884620746165 7.75
      vertex 12.11208152801713 8.70208152801713 7.75
      vertex 12.165703574175788 7.8364647586332765 7.75
    endloop
  endfacet
  facet normal 0 0 -1
    outer loop
      vertex 12.111043392264673 7.9974884620746165 7.75
      vertex 12.03583302491977 8.15 7.75
      vertex 12.11208152801713 8.70208152801713 7.75
    endloop
  endfacet
  facet normal 0 0 -1
    outer loop
      vertex 12.11208152801713 8.70208152801713 7.75
      vertex 12.2587006784951 8.534894429314825 7.75
      vertex 12.165703574175788 7.8364647586332765 7.75
    endloop
  endfacet
  facet normal 0 0 -1
    outer loop
      vertex 12.03583302491977 8.15 7.75
      vertex 11.944894429314825 8.8487006784951 7.75
      vertex 12.11208152801713 8.70208152801713 7.75
    endloop
  endfacet
  facet normal 0.4222029884709312 -0.6318714255601995 0.6499870291680719
    outer loop
      vertex 11.41 6.633974596215562 8.566666666666666
      vertex 11.944894429314825 6.151299321504901 7.75
      vertex 11.41 6.848387313579397 8.775103548172329
    endloop
  endfacet
  facet normal 0.5010667545272094 -0.571357129491557 0.6499870291680729
    outer loop
      vertex 11.41 6.848387313579397 8.775103548172329
      vertex 12.11208152801713 6.297918471982869 7.75
      vertex 11.41 7 8.908375421949028
    endloop
  endfacet
  facet normal 0.5713571294915591 -0.501066754527208 0.6499870291680723
    outer loop
      vertex 11.41 7 8.908375421949028
      vertex 12.2587006784951 6.465105570685175 7.75
      vertex 11.41 7.11633650601052 8.998057758494014
    endloop
  endfacet
  facet normal 0.6318714255601948 -0.4222029884709378 0.6499870291680722
    outer loop
      vertex 11.41 7.11633650601052 8.998057758494014
      vertex 12.382243186433545 6.65 7.75
      vertex 11.41 7.211324865405187 9.059758019278771
    endloop
  endfacet
  facet normal 0.6815742263496385 -0.3361152122251458 0.6499870291680726
    outer loop
      vertex 11.41 7.211324865405187 9.059758019278771
      vertex 12.480595205269188 6.849438164979348 7.75
      vertex 11.41 7.292893218813452 9.10193788316277
    endloop
  endfacet
  facet normal 0.719615103158164 -0.2442764115094349 0.6499870291680734
    outer loop
      vertex 11.41 7.292893218813452 9.10193788316277
      vertex 12.552073904691417 7.060007623325715 7.75
      vertex 11.41 7.366025403784438 9.129422228094118
    endloop
  endfacet
  facet normal 0.7453431660366501 -0.14825797366659477 0.6499870291680734
    outer loop
      vertex 11.41 7.366025403784438 9.129422228094118
      vertex 12.595456264335478 7.278105473225913 7.75
      vertex 11.41 7.434173751206302 9.144966439661577
    endloop
  endfacet
  facet normal 0.7583182006960848 -0.049702800789454965 0.6499870291680722
    outer loop
      vertex 11.41 7.434173751206302 9.144966439661577
      vertex 12.61 7.5 7.75
      vertex 11.41 7.5 9.15
    endloop
  endfacet
  facet normal 0.7583182006960835 0.04970280078945509 0.6499870291680737
    outer loop
      vertex 11.41 7.5 9.15
      vertex 12.595456264335478 7.721894526774087 7.75
      vertex 11.41 7.565826248793698 9.144966439661577
    endloop
  endfacet
  facet normal 0.7453431660366505 0.14825797366659466 0.6499870291680729
    outer loop
      vertex 11.41 7.565826248793698 9.144966439661577
      vertex 12.552073904691417 7.939992376674285 7.75
      vertex 11.41 7.633974596215562 9.129422228094118
    endloop
  endfacet
  facet normal 0.6318714255601945 0.422202988470938 0.6499870291680725
    outer loop
      vertex 11.41 7.788675134594813 9.059758019278771
      vertex 12.2587006784951 8.534894429314825 7.75
      vertex 11.41 7.88366349398948 8.998057758494014
    endloop
  endfacet
  facet normal 0.6815742263496384 0.33611521222514584 0.6499870291680727
    outer loop
      vertex 11.41 7.707106781186548 9.10193788316277
      vertex 12.480595205269188 8.150561835020653 7.75
      vertex 11.41 7.788675134594813 9.059758019278771
    endloop
  endfacet
  facet normal 0.7196151031581653 0.2442764115094345 0.6499870291680723
    outer loop
      vertex 11.41 7.633974596215562 9.129422228094118
      vertex 12.480595205269188 8.150561835020653 7.75
      vertex 11.41 7.707106781186548 9.10193788316277
    endloop
  endfacet
  facet normal 0.3361152122251479 0.6815742263496374 0.6499870291680729
    outer loop
      vertex 11.41 8.707106781186548 8.209009874310894
      vertex 11.41 8.36602540378444 8.566666666666666
      vertex 11.560561835020653 9.070595205269187 7.75
    endloop
  endfacet
  facet normal 0.5010667545272055 0.571357129491561 0.6499870291680725
    outer loop
      vertex 11.41 8 8.908375421949028
      vertex 12.11208152801713 8.70208152801713 7.75
      vertex 11.944894429314825 8.8487006784951 7.75
    endloop
  endfacet
  facet normal 0.3361152122251522 0.6815742263496357 0.6499870291680723
    outer loop
      vertex 11.41 8.36602540378444 8.566666666666666
      vertex 11.76 8.972243186433545 7.75
      vertex 11.560561835020653 9.070595205269187 7.75
    endloop
  endfacet
  facet normal 0.4222029884709355 0.631871425560196 0.6499870291680724
    outer loop
      vertex 11.41 8.151612686420602 8.775103548172329
      vertex 11.944894429314825 8.8487006784951 7.75
      vertex 11.76 8.972243186433545 7.75
    endloop
  endfacet
  facet normal 0.4222029884709385 0.6318714255601944 0.6499870291680722
    outer loop
      vertex 11.41 8.36602540378444 8.566666666666666
      vertex 11.41 8.151612686420602 8.775103548172329
      vertex 11.76 8.972243186433545 7.75
    endloop
  endfacet
  facet normal 0.5713571294915586 0.5010667545272083 0.6499870291680727
    outer loop
      vertex 11.41 8 8.908375421949028
      vertex 11.41 7.88366349398948 8.998057758494014
      vertex 12.11208152801713 8.70208152801713 7.75
    endloop
  endfacet
  facet normal 0.501066754527207 0.5713571294915599 0.6499870291680724
    outer loop
      vertex 11.41 8 8.908375421949028
      vertex 11.944894429314825 8.8487006784951 7.75
      vertex 11.41 8.151612686420602 8.775103548172329
    endloop
  endfacet
  facet normal 0.5713571294915623 -0.5010667545272037 0.6499870291680726
    outer loop
      vertex 11.41 7 8.908375421949028
      vertex 12.11208152801713 6.297918471982869 7.75
      vertex 12.2587006784951 6.465105570685175 7.75
    endloop
  endfacet
  facet normal 0.6318714255601959 -0.42220298847093585 0.6499870291680723
    outer loop
      vertex 11.41 7.11633650601052 8.998057758494014
      vertex 12.2587006784951 6.465105570685175 7.75
      vertex 12.382243186433545 6.65 7.75
    endloop
  endfacet
  facet normal 0.6815742263496363 -0.33611521222515095 0.6499870291680724
    outer loop
      vertex 11.41 7.211324865405187 9.059758019278771
      vertex 12.382243186433545 6.65 7.75
      vertex 12.480595205269188 6.849438164979348 7.75
    endloop
  endfacet
  facet normal 0.7196151031581608 -0.2442764115094474 0.6499870291680727
    outer loop
      vertex 11.41 7.292893218813452 9.10193788316277
      vertex 12.480595205269188 6.849438164979348 7.75
      vertex 12.552073904691417 7.060007623325715 7.75
    endloop
  endfacet
  facet normal 0.7453431660366495 -0.14825797366659918 0.6499870291680732
    outer loop
      vertex 11.41 7.366025403784438 9.129422228094118
      vertex 12.552073904691417 7.060007623325715 7.75
      vertex 12.595456264335478 7.278105473225913 7.75
    endloop
  endfacet
  facet normal 0.7583182006960849 -0.04970280078943787 0.6499870291680732
    outer loop
      vertex 11.41 7.434173751206302 9.144966439661577
      vertex 12.595456264335478 7.278105473225913 7.75
      vertex 12.61 7.5 7.75
    endloop
  endfacet
  facet normal 0.7583182006960855 0.049702800789438215 0.6499870291680727
    outer loop
      vertex 11.41 7.5 9.15
      vertex 12.61 7.5 7.75
      vertex 12.595456264335478 7.721894526774087 7.75
    endloop
  endfacet
  facet normal 0.7453431660366494 0.1482579736665991 0.6499870291680732
    outer loop
      vertex 11.41 7.565826248793698 9.144966439661577
      vertex 12.595456264335478 7.721894526774087 7.75
      vertex 12.552073904691417 7.939992376674285 7.75
    endloop
  endfacet
  facet normal 0.7196151031581607 0.24427641150944637 0.649987029168073
    outer loop
      vertex 11.41 7.633974596215562 9.129422228094118
      vertex 12.552073904691417 7.939992376674285 7.75
      vertex 12.480595205269188 8.150561835020653 7.75
    endloop
  endfacet
  facet normal 0.6815742263496357 0.33611521222515206 0.6499870291680723
    outer loop
      vertex 11.41 7.788675134594813 9.059758019278771
      vertex 12.480595205269188 8.150561835020653 7.75
      vertex 12.382243186433545 8.35 7.75
    endloop
  endfacet
  facet normal 0.6318714255601962 0.4222029884709356 0.6499870291680723
    outer loop
      vertex 11.41 7.788675134594813 9.059758019278771
      vertex 12.382243186433545 8.35 7.75
      vertex 12.2587006784951 8.534894429314825 7.75
    endloop
  endfacet
  facet normal 0.5713571294915613 0.5010667545272054 0.6499870291680725
    outer loop
      vertex 11.41 7.88366349398948 8.998057758494014
      vertex 12.2587006784951 8.534894429314825 7.75
      vertex 12.11208152801713 8.70208152801713 7.75
    endloop
  endfacet
  facet normal 1 0 0
    outer loop
      vertex 10.41 -8.699804838824466 6
      vertex 10.41 -6.300195161175534 6
      vertex 10.41 -8.699804838824466 7.75
    endloop
  endfacet
  facet normal 1 0 0
    outer loop
      vertex 10.41 -9.121704061389233 7.75
      vertex 10.41 -8.699804838824466 7.75
      vertex 10.41 -8.707106781186548 8.209009874310894
    endloop
  endfacet
  facet normal 1 0 0
    outer loop
      vertex 10.41 -6.300195161175534 6
      vertex 10.41 -6.300195161175534 7.75
      vertex 10.41 -8.699804838824466 7.75
    endloop
  endfacet
  facet normal 1 0 0
    outer loop
      vertex 10.41 -8.699804838824466 7.75
      vertex 10.41 -6.300195161175534 7.75
      vertex 10.41 -6.292893218813452 8.209009874310894
    endloop
  endfacet
  facet normal 1 0 0
    outer loop
      vertex 10.41 -8.699804838824466 7.75
      vertex 10.41 -8.36602540378444 8.566666666666666
      vertex 10.41 -8.707106781186548 8.209009874310894
    endloop
  endfacet
  facet normal 1 0 0
    outer loop
      vertex 10.41 -8.699804838824466 7.75
      vertex 10.41 -8.151612686420602 8.775103548172329
      vertex 10.41 -8.36602540378444 8.566666666666666
    endloop
  endfacet
  facet normal 1 0 0
    outer loop
      vertex 10.41 -8.699804838824466 7.75
      vertex 10.41 -8 8.908375421949028
      vertex 10.41 -8.151612686420602 8.775103548172329
    endloop
  endfacet
  facet normal 1 0 0
    outer loop
      vertex 10.41 -8.699804838824466 7.75
      vertex 10.41 -7.88366349398948 8.998057758494014
      vertex 10.41 -8 8.908375421949028
    endloop
  endfacet
  facet normal 1 0 0
    outer loop
      vertex 10.41 -8.699804838824466 7.75
      vertex 10.41 -6.633974596215562 8.566666666666666
      vertex 10.41 -6.848387313579397 8.775103548172329
    endloop
  endfacet
  facet normal 1 0 0
    outer loop
      vertex 10.41 -8.699804838824466 7.75
      vertex 10.41 -6.848387313579397 8.775103548172329
      vertex 10.41 -7 8.908375421949028
    endloop
  endfacet
  facet normal 1 0 0
    outer loop
      vertex 10.41 -8.699804838824466 7.75
      vertex 10.41 -7 8.908375421949028
      vertex 10.41 -7.11633650601052 8.998057758494014
    endloop
  endfacet
  facet normal 1 0 0
    outer loop
      vertex 10.41 -8.699804838824466 7.75
      vertex 10.41 -6.292893218813452 8.209009874310894
      vertex 10.41 -6.633974596215562 8.566666666666666
    endloop
  endfacet
  facet normal 1 0 0
    outer loop
      vertex 10.41 -8.699804838824466 7.75
      vertex 10.41 -7.788675134594813 9.059758019278771
      vertex 10.41 -7.88366349398948 8.998057758494014
    endloop
  endfacet
  facet normal 1 0 0
    outer loop
      vertex 10.41 -8.699804838824466 7.75
      vertex 10.41 -7.707106781186548 9.10193788316277
      vertex 10.41 -7.788675134594813 9.059758019278771
    endloop
  endfacet
  facet normal 1 0 0
    outer loop
      vertex 10.41 -8.699804838824466 7.75
      vertex 10.41 -7.633974596215562 9.129422228094118
      vertex 10.41 -7.707106781186548 9.10193788316277
    endloop
  endfacet
  facet normal 1 0 0
    outer loop
      vertex 10.41 -8.699804838824466 7.75
      vertex 10.41 -7.565826248793698 9.144966439661577
      vertex 10.41 -7.633974596215562 9.129422228094118
    endloop
  endfacet
  facet normal 1 0 0
    outer loop
      vertex 10.41 -8.699804838824466 7.75
      vertex 10.41 -7.5 9.15
      vertex 10.41 -7.565826248793698 9.144966439661577
    endloop
  endfacet
  facet normal 1 0 0
    outer loop
      vertex 10.41 -8.699804838824466 7.75
      vertex 10.41 -7.211324865405187 9.059758019278771
      vertex 10.41 -7.292893218813452 9.10193788316277
    endloop
  endfacet
  facet normal 1 0 0
    outer loop
      vertex 10.41 -8.699804838824466 7.75
      vertex 10.41 -7.434173751206302 9.144966439661577
      vertex 10.41 -7.5 9.15
    endloop
  endfacet
  facet normal 1 0 0
    outer loop
      vertex 10.41 -8.699804838824466 7.75
      vertex 10.41 -7.366025403784438 9.129422228094118
      vertex 10.41 -7.434173751206302 9.144966439661577
    endloop
  endfacet
  facet normal 1 0 0
    outer loop
      vertex 10.41 -8.699804838824466 7.75
      vertex 10.41 -7.292893218813452 9.10193788316277
      vertex 10.41 -7.366025403784438 9.129422228094118
    endloop
  endfacet
  facet normal 1 0 0
    outer loop
      vertex 10.41 -8.699804838824466 7.75
      vertex 10.41 -7.11633650601052 8.998057758494014
      vertex 10.41 -7.211324865405187 9.059758019278771
    endloop
  endfacet
  facet normal 1 0 0
    outer loop
      vertex 10.41 -6.300195161175534 7.75
      vertex 10.41 -5.878295938610767 7.75
      vertex 10.41 -6.292893218813452 8.209009874310894
    endloop
  endfacet
  facet normal -1 0 0
    outer loop
      vertex 11.41 -8.699804838824466 6
      vertex 11.41 -6.300195161175534 7.75
      vertex 11.41 -6.300195161175534 6
    endloop
  endfacet
  facet normal -1 0 0
    outer loop
      vertex 11.41 -9.121704061389233 7.75
      vertex 11.41 -8.707106781186548 8.209009874310894
      vertex 11.41 -8.699804838824466 7.75
    endloop
  endfacet
  facet normal -1 0 0
    outer loop
      vertex 11.41 -8.699804838824466 6
      vertex 11.41 -8.699804838824466 7.75
      vertex 11.41 -6.300195161175534 7.75
    endloop
  endfacet
  facet normal -1 0 0
    outer loop
      vertex 11.41 -8.699804838824466 7.75
      vertex 11.41 -8.707106781186548 8.209009874310894
      vertex 11.41 -6.300195161175534 7.75
    endloop
  endfacet
  facet normal -1 0 0
    outer loop
      vertex 11.41 -8.707106781186548 8.209009874310894
      vertex 11.41 -8.36602540378444 8.566666666666666
      vertex 11.41 -6.300195161175534 7.75
    endloop
  endfacet
  facet normal -1 0 0
    outer loop
      vertex 11.41 -8.36602540378444 8.566666666666666
      vertex 11.41 -8.151612686420602 8.775103548172329
      vertex 11.41 -6.300195161175534 7.75
    endloop
  endfacet
  facet normal -1 0 0
    outer loop
      vertex 11.41 -8.151612686420602 8.775103548172329
      vertex 11.41 -8 8.908375421949028
      vertex 11.41 -6.300195161175534 7.75
    endloop
  endfacet
  facet normal -1 0 0
    outer loop
      vertex 11.41 -8 8.908375421949028
      vertex 11.41 -7.88366349398948 8.998057758494014
      vertex 11.41 -6.300195161175534 7.75
    endloop
  endfacet
  facet normal -1 0 0
    outer loop
      vertex 11.41 -6.300195161175534 7.75
      vertex 11.41 -6.848387313579397 8.775103548172329
      vertex 11.41 -6.633974596215562 8.566666666666666
    endloop
  endfacet
  facet normal -1 0 0
    outer loop
      vertex 11.41 -6.300195161175534 7.75
      vertex 11.41 -7 8.908375421949028
      vertex 11.41 -6.848387313579397 8.775103548172329
    endloop
  endfacet
  facet normal -1 0 0
    outer loop
      vertex 11.41 -6.300195161175534 7.75
      vertex 11.41 -7.11633650601052 8.998057758494014
      vertex 11.41 -7 8.908375421949028
    endloop
  endfacet
  facet normal -1 0 0
    outer loop
      vertex 11.41 -7.88366349398948 8.998057758494014
      vertex 11.41 -7.788675134594813 9.059758019278771
      vertex 11.41 -6.300195161175534 7.75
    endloop
  endfacet
  facet normal -1 0 0
    outer loop
      vertex 11.41 -7.788675134594813 9.059758019278771
      vertex 11.41 -7.707106781186548 9.10193788316277
      vertex 11.41 -6.300195161175534 7.75
    endloop
  endfacet
  facet normal -1 0 0
    outer loop
      vertex 11.41 -7.707106781186548 9.10193788316277
      vertex 11.41 -7.633974596215562 9.129422228094118
      vertex 11.41 -6.300195161175534 7.75
    endloop
  endfacet
  facet normal -1 0 0
    outer loop
      vertex 11.41 -7.633974596215562 9.129422228094118
      vertex 11.41 -7.565826248793698 9.144966439661577
      vertex 11.41 -6.300195161175534 7.75
    endloop
  endfacet
  facet normal -1 0 0
    outer loop
      vertex 11.41 -7.565826248793698 9.144966439661577
      vertex 11.41 -7.5 9.15
      vertex 11.41 -6.300195161175534 7.75
    endloop
  endfacet
  facet normal -1 0 0
    outer loop
      vertex 11.41 -6.300195161175534 7.75
      vertex 11.41 -7.292893218813452 9.10193788316277
      vertex 11.41 -7.211324865405187 9.059758019278771
    endloop
  endfacet
  facet normal -1 0 0
    outer loop
      vertex 11.41 -6.300195161175534 7.75
      vertex 11.41 -7.5 9.15
      vertex 11.41 -7.434173751206302 9.144966439661577
    endloop
  endfacet
  facet normal -1 0 0
    outer loop
      vertex 11.41 -6.300195161175534 7.75
      vertex 11.41 -7.434173751206302 9.144966439661577
      vertex 11.41 -7.366025403784438 9.129422228094118
    endloop
  endfacet
  facet normal -1 0 0
    outer loop
      vertex 11.41 -6.300195161175534 7.75
      vertex 11.41 -7.366025403784438 9.129422228094118
      vertex 11.41 -7.292893218813452 9.10193788316277
    endloop
  endfacet
  facet normal -1 0 0
    outer loop
      vertex 11.41 -6.300195161175534 7.75
      vertex 11.41 -7.211324865405187 9.059758019278771
      vertex 11.41 -7.11633650601052 8.998057758494014
    endloop
  endfacet
  facet normal -1 0 0
    outer loop
      vertex 11.41 -6.300195161175534 7.75
      vertex 11.41 -6.292893218813452 8.209009874310894
      vertex 11.41 -5.878295938610767 7.75
    endloop
  endfacet
  facet normal -1 0 0
    outer loop
      vertex 11.41 -6.300195161175534 7.75
      vertex 11.41 -6.633974596215562 8.566666666666666
      vertex 11.41 -6.292893218813452 8.209009874310894
    endloop
  endfacet
  facet normal 1 0 0
    outer loop
      vertex 10.41 5.878295938610767 7.75
      vertex 10.41 6.300195161175534 7.75
      vertex 10.41 6.292893218813452 8.209009874310894
    endloop
  endfacet
  facet normal 1 0 0
    outer loop
      vertex 10.41 6.300195161175534 7.75
      vertex 10.41 6.633974596215562 8.566666666666666
      vertex 10.41 6.292893218813452 8.209009874310894
    endloop
  endfacet
  facet normal 1 0 0
    outer loop
      vertex 10.41 6.300195161175534 6
      vertex 10.41 8.699804838824466 6
      vertex 10.41 6.300195161175534 7.75
    endloop
  endfacet
  facet normal 1 0 0
    outer loop
      vertex 10.41 8.699804838824466 6
      vertex 10.41 8.699804838824466 7.75
      vertex 10.41 6.300195161175534 7.75
    endloop
  endfacet
  facet normal 1 0 0
    outer loop
      vertex 10.41 6.300195161175534 7.75
      vertex 10.41 8.699804838824466 7.75
      vertex 10.41 8.707106781186548 8.209009874310894
    endloop
  endfacet
  facet normal 1 0 0
    outer loop
      vertex 10.41 8.699804838824466 7.75
      vertex 10.41 9.121704061389233 7.75
      vertex 10.41 8.707106781186548 8.209009874310894
    endloop
  endfacet
  facet normal 1 0 0
    outer loop
      vertex 10.41 6.300195161175534 7.75
      vertex 10.41 6.848387313579397 8.775103548172329
      vertex 10.41 6.633974596215562 8.566666666666666
    endloop
  endfacet
  facet normal 1 0 0
    outer loop
      vertex 10.41 6.300195161175534 7.75
      vertex 10.41 7 8.908375421949028
      vertex 10.41 6.848387313579397 8.775103548172329
    endloop
  endfacet
  facet normal 1 0 0
    outer loop
      vertex 10.41 6.300195161175534 7.75
      vertex 10.41 7.11633650601052 8.998057758494014
      vertex 10.41 7 8.908375421949028
    endloop
  endfacet
  facet normal 1 0 0
    outer loop
      vertex 10.41 6.300195161175534 7.75
      vertex 10.41 8.707106781186548 8.209009874310894
      vertex 10.41 8.36602540378444 8.566666666666666
    endloop
  endfacet
  facet normal 1 0 0
    outer loop
      vertex 10.41 6.300195161175534 7.75
      vertex 10.41 8.36602540378444 8.566666666666666
      vertex 10.41 8.151612686420602 8.775103548172329
    endloop
  endfacet
  facet normal 1 0 0
    outer loop
      vertex 10.41 6.300195161175534 7.75
      vertex 10.41 8.151612686420602 8.775103548172329
      vertex 10.41 8 8.908375421949028
    endloop
  endfacet
  facet normal 1 0 0
    outer loop
      vertex 10.41 6.300195161175534 7.75
      vertex 10.41 8 8.908375421949028
      vertex 10.41 7.88366349398948 8.998057758494014
    endloop
  endfacet
  facet normal 1 0 0
    outer loop
      vertex 10.41 6.300195161175534 7.75
      vertex 10.41 7.211324865405187 9.059758019278771
      vertex 10.41 7.11633650601052 8.998057758494014
    endloop
  endfacet
  facet normal 1 0 0
    outer loop
      vertex 10.41 6.300195161175534 7.75
      vertex 10.41 7.292893218813452 9.10193788316277
      vertex 10.41 7.211324865405187 9.059758019278771
    endloop
  endfacet
  facet normal 1 0 0
    outer loop
      vertex 10.41 6.300195161175534 7.75
      vertex 10.41 7.366025403784438 9.129422228094118
      vertex 10.41 7.292893218813452 9.10193788316277
    endloop
  endfacet
  facet normal 1 0 0
    outer loop
      vertex 10.41 6.300195161175534 7.75
      vertex 10.41 7.434173751206302 9.144966439661577
      vertex 10.41 7.366025403784438 9.129422228094118
    endloop
  endfacet
  facet normal 1 0 0
    outer loop
      vertex 10.41 6.300195161175534 7.75
      vertex 10.41 7.5 9.15
      vertex 10.41 7.434173751206302 9.144966439661577
    endloop
  endfacet
  facet normal 1 0 0
    outer loop
      vertex 10.41 6.300195161175534 7.75
      vertex 10.41 7.788675134594813 9.059758019278771
      vertex 10.41 7.707106781186548 9.10193788316277
    endloop
  endfacet
  facet normal 1 0 0
    outer loop
      vertex 10.41 6.300195161175534 7.75
      vertex 10.41 7.565826248793698 9.144966439661577
      vertex 10.41 7.5 9.15
    endloop
  endfacet
  facet normal 1 0 0
    outer loop
      vertex 10.41 6.300195161175534 7.75
      vertex 10.41 7.633974596215562 9.129422228094118
      vertex 10.41 7.565826248793698 9.144966439661577
    endloop
  endfacet
  facet normal 1 0 0
    outer loop
      vertex 10.41 6.300195161175534 7.75
      vertex 10.41 7.707106781186548 9.10193788316277
      vertex 10.41 7.633974596215562 9.129422228094118
    endloop
  endfacet
  facet normal 1 0 0
    outer loop
      vertex 10.41 6.300195161175534 7.75
      vertex 10.41 7.88366349398948 8.998057758494014
      vertex 10.41 7.788675134594813 9.059758019278771
    endloop
  endfacet
  facet normal -1 0 0
    outer loop
      vertex 11.41 5.878295938610767 7.75
      vertex 11.41 6.292893218813452 8.209009874310894
      vertex 11.41 6.300195161175534 7.75
    endloop
  endfacet
  facet normal -1 0 0
    outer loop
      vertex 11.41 6.300195161175534 6
      vertex 11.41 8.699804838824466 7.75
      vertex 11.41 8.699804838824466 6
    endloop
  endfacet
  facet normal -1 0 0
    outer loop
      vertex 11.41 6.300195161175534 6
      vertex 11.41 6.300195161175534 7.75
      vertex 11.41 8.699804838824466 7.75
    endloop
  endfacet
  facet normal -1 0 0
    outer loop
      vertex 11.41 6.300195161175534 7.75
      vertex 11.41 6.292893218813452 8.209009874310894
      vertex 11.41 8.699804838824466 7.75
    endloop
  endfacet
  facet normal -1 0 0
    outer loop
      vertex 11.41 8.699804838824466 7.75
      vertex 11.41 8.707106781186548 8.209009874310894
      vertex 11.41 9.121704061389233 7.75
    endloop
  endfacet
  facet normal -1 0 0
    outer loop
      vertex 11.41 6.292893218813452 8.209009874310894
      vertex 11.41 6.633974596215562 8.566666666666666
      vertex 11.41 8.699804838824466 7.75
    endloop
  endfacet
  facet normal -1 0 0
    outer loop
      vertex 11.41 6.633974596215562 8.566666666666666
      vertex 11.41 6.848387313579397 8.775103548172329
      vertex 11.41 8.699804838824466 7.75
    endloop
  endfacet
  facet normal -1 0 0
    outer loop
      vertex 11.41 6.848387313579397 8.775103548172329
      vertex 11.41 7 8.908375421949028
      vertex 11.41 8.699804838824466 7.75
    endloop
  endfacet
  facet normal -1 0 0
    outer loop
      vertex 11.41 7 8.908375421949028
      vertex 11.41 7.11633650601052 8.998057758494014
      vertex 11.41 8.699804838824466 7.75
    endloop
  endfacet
  facet normal -1 0 0
    outer loop
      vertex 11.41 7.11633650601052 8.998057758494014
      vertex 11.41 7.211324865405187 9.059758019278771
      vertex 11.41 8.699804838824466 7.75
    endloop
  endfacet
  facet normal -1 0 0
    outer loop
      vertex 11.41 7.211324865405187 9.059758019278771
      vertex 11.41 7.292893218813452 9.10193788316277
      vertex 11.41 8.699804838824466 7.75
    endloop
  endfacet
  facet normal -1 0 0
    outer loop
      vertex 11.41 7.292893218813452 9.10193788316277
      vertex 11.41 7.366025403784438 9.129422228094118
      vertex 11.41 8.699804838824466 7.75
    endloop
  endfacet
  facet normal -1 0 0
    outer loop
      vertex 11.41 7.366025403784438 9.129422228094118
      vertex 11.41 7.434173751206302 9.144966439661577
      vertex 11.41 8.699804838824466 7.75
    endloop
  endfacet
  facet normal -1 0 0
    outer loop
      vertex 11.41 7.434173751206302 9.144966439661577
      vertex 11.41 7.5 9.15
      vertex 11.41 8.699804838824466 7.75
    endloop
  endfacet
  facet normal -1 0 0
    outer loop
      vertex 11.41 8.699804838824466 7.75
      vertex 11.41 7.788675134594813 9.059758019278771
      vertex 11.41 7.88366349398948 8.998057758494014
    endloop
  endfacet
  facet normal -1 0 0
    outer loop
      vertex 11.41 8.699804838824466 7.75
      vertex 11.41 7.707106781186548 9.10193788316277
      vertex 11.41 7.788675134594813 9.059758019278771
    endloop
  endfacet
  facet normal -1 0 0
    outer loop
      vertex 11.41 8.699804838824466 7.75
      vertex 11.41 7.5 9.15
      vertex 11.41 7.565826248793698 9.144966439661577
    endloop
  endfacet
  facet normal -1 0 0
    outer loop
      vertex 11.41 8.699804838824466 7.75
      vertex 11.41 7.565826248793698 9.144966439661577
      vertex 11.41 7.633974596215562 9.129422228094118
    endloop
  endfacet
  facet normal -1 0 0
    outer loop
      vertex 11.41 8.699804838824466 7.75
      vertex 11.41 7.633974596215562 9.129422228094118
      vertex 11.41 7.707106781186548 9.10193788316277
    endloop
  endfacet
  facet normal -1 0 0
    outer loop
      vertex 11.41 8.699804838824466 7.75
      vertex 11.41 8.36602540378444 8.566666666666666
      vertex 11.41 8.707106781186548 8.209009874310894
    endloop
  endfacet
  facet normal -1 0 0
    outer loop
      vertex 11.41 8.699804838824466 7.75
      vertex 11.41 8.151612686420602 8.775103548172329
      vertex 11.41 8.36602540378444 8.566666666666666
    endloop
  endfacet
  facet normal -1 0 0
    outer loop
      vertex 11.41 8.699804838824466 7.75
      vertex 11.41 8 8.908375421949028
      vertex 11.41 8.151612686420602 8.775103548172329
    endloop
  endfacet
  facet normal -1 0 0
    outer loop
      vertex 11.41 8.699804838824466 7.75
      vertex 11.41 7.88366349398948 8.998057758494014
      vertex 11.41 8 8.908375421949028
    endloop
  endfacet
  facet normal -0.4422886902190048 -0.8968727415326865 0
    outer loop
      vertex 9.953291419087275 -9.809698831278217 6
      vertex 9.66 -9.665063509461095 3
      vertex 9.953291419087275 -9.809698831278217 3
    endloop
  endfacet
  facet normal -0.32143946530315926 -0.9469301294951064 0
    outer loop
      vertex 10.262952387243699 -9.91481456572267 6
      vertex 9.953291419087275 -9.809698831278217 3
      vertex 10.262952387243699 -9.91481456572267 3
    endloop
  endfacet
  facet normal -0.19509032201612833 -0.9807852804032304 0
    outer loop
      vertex 10.583684519449871 -9.978612153434526 6
      vertex 10.262952387243699 -9.91481456572267 3
      vertex 10.583684519449871 -9.978612153434526 3
    endloop
  endfacet
  facet normal -0.7518398074789784 -0.6593458151000677 0
    outer loop
      vertex 8.926616649271912 -9.0219035725218 6
      vertex 8.926616649271912 -9.0219035725218 3
      vertex 9.142233047033631 -9.267766952966369 3
    endloop
  endfacet
  facet normal -0.8968727415326865 -0.4422886902190048 0
    outer loop
      vertex 8.600301168721783 -8.456708580912725 6
      vertex 8.600301168721783 -8.456708580912725 3
      vertex 8.744936490538905 -8.75 3
    endloop
  endfacet
  facet normal -0.9469301294951064 -0.32143946530315926 0
    outer loop
      vertex 8.49518543427733 -8.147047612756301 6
      vertex 8.49518543427733 -8.147047612756301 3
      vertex 8.600301168721783 -8.456708580912725 3
    endloop
  endfacet
  facet normal -0.8314696123025463 -0.5555702330196005 0
    outer loop
      vertex 8.744936490538905 -8.75 6
      vertex 8.744936490538905 -8.75 3
      vertex 8.926616649271912 -9.0219035725218 3
    endloop
  endfacet
  facet normal -0.9978589232386034 -0.06540312923014452 0
    outer loop
      vertex 8.41 -7.5 6
      vertex 8.41 -7.5 3
      vertex 8.431387846565475 -7.826315480550129 3
    endloop
  endfacet
  facet normal -0.9978589232386034 0.06540312923014452 0
    outer loop
      vertex 8.431387846565475 -7.173684519449871 6
      vertex 8.431387846565475 -7.173684519449871 3
      vertex 8.41 -7.5 3
    endloop
  endfacet
  facet normal -0.9807852804032304 -0.19509032201612833 0
    outer loop
      vertex 8.431387846565475 -7.826315480550129 6
      vertex 8.431387846565475 -7.826315480550129 3
      vertex 8.49518543427733 -8.147047612756301 3
    endloop
  endfacet
  facet normal -0.9807852804032304 0.19509032201612833 0
    outer loop
      vertex 8.49518543427733 -6.852952387243699 6
      vertex 8.49518543427733 -6.852952387243699 3
      vertex 8.431387846565475 -7.173684519449871 3
    endloop
  endfacet
  facet normal -0.9469301294951064 0.32143946530315926 0
    outer loop
      vertex 8.600301168721783 -6.543291419087275 6
      vertex 8.600301168721783 -6.543291419087275 3
      vertex 8.49518543427733 -6.852952387243699 3
    endloop
  endfacet
  facet normal -0.6593458151000677 -0.7518398074789784 0
    outer loop
      vertex 9.3880964274782 -9.483383350728088 6
      vertex 9.142233047033631 -9.267766952966369 3
      vertex 9.3880964274782 -9.483383350728088 3
    endloop
  endfacet
  facet normal -0.5555702330196005 -0.8314696123025463 0
    outer loop
      vertex 9.66 -9.665063509461095 6
      vertex 9.3880964274782 -9.483383350728088 3
      vertex 9.66 -9.665063509461095 3
    endloop
  endfacet
  facet normal -0.8968727415326865 0.4422886902190048 0
    outer loop
      vertex 8.744936490538905 -6.25 6
      vertex 8.744936490538905 -6.25 3
      vertex 8.600301168721783 -6.543291419087275 3
    endloop
  endfacet
  facet normal -0.8314696123025472 0.5555702330195992 0
    outer loop
      vertex 8.926616649271912 -5.9780964274781985 6
      vertex 8.926616649271912 -5.9780964274781985 3
      vertex 8.744936490538905 -6.25 3
    endloop
  endfacet
  facet normal -0.7518398074789772 0.6593458151000691 0
    outer loop
      vertex 9.142233047033631 -5.732233047033631 6
      vertex 9.142233047033631 -5.732233047033631 3
      vertex 8.926616649271912 -5.9780964274781985 3
    endloop
  endfacet
  facet normal -0.6593458151000677 0.7518398074789784 0
    outer loop
      vertex 9.142233047033631 -5.732233047033631 6
      vertex 9.3880964274782 -5.516616649271912 3
      vertex 9.142233047033631 -5.732233047033631 3
    endloop
  endfacet
  facet normal -0.5555702330196024 0.8314696123025451 0
    outer loop
      vertex 9.3880964274782 -5.516616649271912 6
      vertex 9.66 -5.334936490538904 3
      vertex 9.3880964274782 -5.516616649271912 3
    endloop
  endfacet
  facet normal -0.44228869021900263 0.8968727415326876 0
    outer loop
      vertex 9.66 -5.334936490538904 6
      vertex 9.953291419087275 -5.190301168721783 3
      vertex 9.66 -5.334936490538904 3
    endloop
  endfacet
  facet normal -0.32143946530315926 0.9469301294951064 0
    outer loop
      vertex 9.953291419087275 -5.190301168721783 6
      vertex 10.262952387243699 -5.08518543427733 3
      vertex 9.953291419087275 -5.190301168721783 3
    endloop
  endfacet
  facet normal -0.19509032201612833 0.9807852804032304 0
    outer loop
      vertex 10.262952387243699 -5.08518543427733 6
      vertex 10.583684519449871 -5.021387846565474 3
      vertex 10.262952387243699 -5.08518543427733 3
    endloop
  endfacet
  facet normal -0.06540312923014452 -0.9978589232386034 0
    outer loop
      vertex 10.91 -10 6
      vertex 10.583684519449871 -9.978612153434526 3
      vertex 10.91 -10 3
    endloop
  endfacet
  facet normal 0.06540312923014452 -0.9978589232386034 0
    outer loop
      vertex 11.236315480550129 -9.978612153434526 6
      vertex 10.91 -10 3
      vertex 11.236315480550129 -9.978612153434526 3
    endloop
  endfacet
  facet normal 0.19509032201612833 -0.9807852804032304 0
    outer loop
      vertex 11.557047612756302 -9.91481456572267 6
      vertex 11.236315480550129 -9.978612153434526 3
      vertex 11.557047612756302 -9.91481456572267 3
    endloop
  endfacet
  facet normal 0.32143946530315926 -0.9469301294951064 0
    outer loop
      vertex 11.866708580912725 -9.809698831278217 6
      vertex 11.557047612756302 -9.91481456572267 3
      vertex 11.866708580912725 -9.809698831278217 3
    endloop
  endfacet
  facet normal 0.4422886902190048 -0.8968727415326865 0
    outer loop
      vertex 12.16 -9.665063509461095 6
      vertex 11.866708580912725 -9.809698831278217 3
      vertex 12.16 -9.665063509461095 3
    endloop
  endfacet
  facet normal 0.5555702330196005 -0.8314696123025463 0
    outer loop
      vertex 12.4319035725218 -9.483383350728088 6
      vertex 12.16 -9.665063509461095 3
      vertex 12.4319035725218 -9.483383350728088 3
    endloop
  endfacet
  facet normal 0.6593458151000677 -0.7518398074789784 0
    outer loop
      vertex 12.677766952966369 -9.267766952966369 6
      vertex 12.4319035725218 -9.483383350728088 3
      vertex 12.677766952966369 -9.267766952966369 3
    endloop
  endfacet
  facet normal 0.7518398074789784 -0.6593458151000677 0
    outer loop
      vertex 12.677766952966369 -9.267766952966369 6
      vertex 12.677766952966369 -9.267766952966369 3
      vertex 12.893383350728088 -9.0219035725218 3
    endloop
  endfacet
  facet normal 0.8314696123025463 -0.5555702330196005 0
    outer loop
      vertex 12.893383350728088 -9.0219035725218 6
      vertex 12.893383350728088 -9.0219035725218 3
      vertex 13.075063509461096 -8.75 3
    endloop
  endfacet
  facet normal 0.8968727415326865 -0.4422886902190048 0
    outer loop
      vertex 13.075063509461096 -8.75 6
      vertex 13.075063509461096 -8.75 3
      vertex 13.219698831278217 -8.456708580912725 3
    endloop
  endfacet
  facet normal 0.9469301294951064 -0.32143946530315926 0
    outer loop
      vertex 13.219698831278217 -8.456708580912725 6
      vertex 13.219698831278217 -8.456708580912725 3
      vertex 13.32481456572267 -8.147047612756301 3
    endloop
  endfacet
  facet normal 0.9807852804032304 -0.19509032201612833 0
    outer loop
      vertex 13.32481456572267 -8.147047612756301 6
      vertex 13.32481456572267 -8.147047612756301 3
      vertex 13.388612153434526 -7.826315480550129 3
    endloop
  endfacet
  facet normal 0.9978589232386034 -0.06540312923014452 0
    outer loop
      vertex 13.388612153434526 -7.826315480550129 6
      vertex 13.388612153434526 -7.826315480550129 3
      vertex 13.41 -7.5 3
    endloop
  endfacet
  facet normal 0.9978589232386034 0.06540312923014452 0
    outer loop
      vertex 13.41 -7.5 6
      vertex 13.41 -7.5 3
      vertex 13.388612153434526 -7.173684519449871 3
    endloop
  endfacet
  facet normal 0.9807852804032304 0.19509032201612833 0
    outer loop
      vertex 13.388612153434526 -7.173684519449871 6
      vertex 13.388612153434526 -7.173684519449871 3
      vertex 13.32481456572267 -6.852952387243699 3
    endloop
  endfacet
  facet normal 0.9469301294951064 0.32143946530315926 0
    outer loop
      vertex 13.32481456572267 -6.852952387243699 6
      vertex 13.32481456572267 -6.852952387243699 3
      vertex 13.219698831278217 -6.543291419087275 3
    endloop
  endfacet
  facet normal -0.06540312923014452 0.9978589232386034 0
    outer loop
      vertex 10.583684519449871 -5.021387846565474 6
      vertex 10.91 -5 3
      vertex 10.583684519449871 -5.021387846565474 3
    endloop
  endfacet
  facet normal 0.06540312923014452 0.9978589232386034 0
    outer loop
      vertex 10.91 -5 6
      vertex 11.236315480550129 -5.021387846565474 3
      vertex 10.91 -5 3
    endloop
  endfacet
  facet normal 0.19509032201612833 0.9807852804032304 0
    outer loop
      vertex 11.236315480550129 -5.021387846565474 6
      vertex 11.557047612756302 -5.08518543427733 3
      vertex 11.236315480550129 -5.021387846565474 3
    endloop
  endfacet
  facet normal 0.32143946530315926 0.9469301294951064 0
    outer loop
      vertex 11.557047612756302 -5.08518543427733 6
      vertex 11.866708580912725 -5.190301168721783 3
      vertex 11.557047612756302 -5.08518543427733 3
    endloop
  endfacet
  facet normal 0.44228869021900263 0.8968727415326876 0
    outer loop
      vertex 11.866708580912725 -5.190301168721783 6
      vertex 12.16 -5.334936490538904 3
      vertex 11.866708580912725 -5.190301168721783 3
    endloop
  endfacet
  facet normal 0.5555702330196024 0.8314696123025451 0
    outer loop
      vertex 12.16 -5.334936490538904 6
      vertex 12.4319035725218 -5.516616649271912 3
      vertex 12.16 -5.334936490538904 3
    endloop
  endfacet
  facet normal 0.6593458151000677 0.7518398074789784 0
    outer loop
      vertex 12.4319035725218 -5.516616649271912 6
      vertex 12.677766952966369 -5.732233047033631 3
      vertex 12.4319035725218 -5.516616649271912 3
    endloop
  endfacet
  facet normal 0.7518398074789772 0.6593458151000691 0
    outer loop
      vertex 12.893383350728088 -5.9780964274781985 6
      vertex 12.893383350728088 -5.9780964274781985 3
      vertex 12.677766952966369 -5.732233047033631 3
    endloop
  endfacet
  facet normal 0.8314696123025472 0.5555702330195992 0
    outer loop
      vertex 13.075063509461096 -6.25 6
      vertex 13.075063509461096 -6.25 3
      vertex 12.893383350728088 -5.9780964274781985 3
    endloop
  endfacet
  facet normal 0.8968727415326865 0.4422886902190048 0
    outer loop
      vertex 13.219698831278217 -6.543291419087275 6
      vertex 13.219698831278217 -6.543291419087275 3
      vertex 13.075063509461096 -6.25 3
    endloop
  endfacet
  facet normal -0.32143946530315926 -0.9469301294951064 0
    outer loop
      vertex 9.953291419087275 -9.809698831278217 6
      vertex 9.953291419087275 -9.809698831278217 3
      vertex 10.262952387243699 -9.91481456572267 6
    endloop
  endfacet
  facet normal -0.19509032201612833 -0.9807852804032304 0
    outer loop
      vertex 10.262952387243699 -9.91481456572267 6
      vertex 10.262952387243699 -9.91481456572267 3
      vertex 10.583684519449871 -9.978612153434526 6
    endloop
  endfacet
  facet normal -0.7518398074789784 -0.6593458151000677 6.350715068325837e-19
    outer loop
      vertex 8.926616649271912 -9.0219035725218 6
      vertex 9.142233047033631 -9.267766952966369 3
      vertex 9.142233047033631 -9.267766952966369 6
    endloop
  endfacet
  facet normal -0.8968727415326865 -0.4422886902190048 1.95206237869504e-18
    outer loop
      vertex 8.600301168721783 -8.456708580912725 6
      vertex 8.744936490538905 -8.75 3
      vertex 8.744936490538905 -8.75 6
    endloop
  endfacet
  facet normal -0.9469301294951064 -0.32143946530315926 2.7227407015936486e-18
    outer loop
      vertex 8.49518543427733 -8.147047612756301 6
      vertex 8.600301168721783 -8.456708580912725 3
      vertex 8.600301168721783 -8.456708580912725 6
    endloop
  endfacet
  facet normal -0.8314696123025463 -0.5555702330196005 0
    outer loop
      vertex 8.926616649271912 -9.0219035725218 6
      vertex 8.744936490538905 -8.75 6
      vertex 8.926616649271912 -9.0219035725218 3
    endloop
  endfacet
  facet normal -0.9978589232386034 -0.06540312923014452 0
    outer loop
      vertex 8.431387846565475 -7.826315480550129 6
      vertex 8.41 -7.5 6
      vertex 8.431387846565475 -7.826315480550129 3
    endloop
  endfacet
  facet normal -0.9978589232386034 0.06540312923014452 0
    outer loop
      vertex 8.41 -7.5 6
      vertex 8.431387846565475 -7.173684519449871 6
      vertex 8.41 -7.5 3
    endloop
  endfacet
  facet normal -0.9807852804032304 -0.19509032201612833 0
    outer loop
      vertex 8.49518543427733 -8.147047612756301 6
      vertex 8.431387846565475 -7.826315480550129 6
      vertex 8.49518543427733 -8.147047612756301 3
    endloop
  endfacet
  facet normal -0.9807852804032304 0.19509032201612833 0
    outer loop
      vertex 8.431387846565475 -7.173684519449871 6
      vertex 8.49518543427733 -6.852952387243699 6
      vertex 8.431387846565475 -7.173684519449871 3
    endloop
  endfacet
  facet normal -0.9469301294951064 0.32143946530315926 0
    outer loop
      vertex 8.49518543427733 -6.852952387243699 6
      vertex 8.600301168721783 -6.543291419087275 6
      vertex 8.49518543427733 -6.852952387243699 3
    endloop
  endfacet
  facet normal -0.6593458151000677 -0.7518398074789784 0
    outer loop
      vertex 9.142233047033631 -9.267766952966369 6
      vertex 9.142233047033631 -9.267766952966369 3
      vertex 9.3880964274782 -9.483383350728088 6
    endloop
  endfacet
  facet normal -0.5555702330196005 -0.8314696123025463 0
    outer loop
      vertex 9.3880964274782 -9.483383350728088 6
      vertex 9.3880964274782 -9.483383350728088 3
      vertex 9.66 -9.665063509461095 6
    endloop
  endfacet
  facet normal -0.4422886902190048 -0.8968727415326865 0
    outer loop
      vertex 9.66 -9.665063509461095 6
      vertex 9.66 -9.665063509461095 3
      vertex 9.953291419087275 -9.809698831278217 6
    endloop
  endfacet
  facet normal 0 0 1
    outer loop
      vertex 8.431387846565475 -7.826315480550129 6
      vertex 8.431387846565475 -7.173684519449871 6
      vertex 8.41 -7.5 6
    endloop
  endfacet
  facet normal 0 0 1
    outer loop
      vertex 8.49518543427733 -8.147047612756301 6
      vertex 8.600301168721783 -8.456708580912725 6
      vertex 8.49518543427733 -6.852952387243699 6
    endloop
  endfacet
  facet normal 0 0 1
    outer loop
      vertex 8.600301168721783 -8.456708580912725 6
      vertex 8.744936490538905 -8.75 6
      vertex 8.600301168721783 -6.543291419087275 6
    endloop
  endfacet
  facet normal 0 0 1
    outer loop
      vertex 8.49518543427733 -8.147047612756301 6
      vertex 8.431387846565475 -7.173684519449871 6
      vertex 8.431387846565475 -7.826315480550129 6
    endloop
  endfacet
  facet normal 0 0 1
    outer loop
      vertex 8.49518543427733 -8.147047612756301 6
      vertex 8.49518543427733 -6.852952387243699 6
      vertex 8.431387846565475 -7.173684519449871 6
    endloop
  endfacet
  facet normal 0 0 1
    outer loop
      vertex 8.926616649271912 -9.0219035725218 6
      vertex 8.744936490538905 -6.25 6
      vertex 8.744936490538905 -8.75 6
    endloop
  endfacet
  facet normal 0 0 1
    outer loop
      vertex 8.926616649271912 -9.0219035725218 6
      vertex 9.142233047033631 -9.267766952966369 6
      vertex 8.926616649271912 -5.9780964274781985 6
    endloop
  endfacet
  facet normal 0 0 1
    outer loop
      vertex 8.600301168721783 -8.456708580912725 6
      vertex 8.600301168721783 -6.543291419087275 6
      vertex 8.49518543427733 -6.852952387243699 6
    endloop
  endfacet
  facet normal 0 0 1
    outer loop
      vertex 8.744936490538905 -8.75 6
      vertex 8.744936490538905 -6.25 6
      vertex 8.600301168721783 -6.543291419087275 6
    endloop
  endfacet
  facet normal 0 0 1
    outer loop
      vertex 8.926616649271912 -9.0219035725218 6
      vertex 8.926616649271912 -5.9780964274781985 6
      vertex 8.744936490538905 -6.25 6
    endloop
  endfacet
  facet normal 0 0 1
    outer loop
      vertex 8.926616649271912 -5.9780964274781985 6
      vertex 9.142233047033631 -9.267766952966369 6
      vertex 9.142233047033631 -5.732233047033631 6
    endloop
  endfacet
  facet normal 0 0 1
    outer loop
      vertex 9.66 -9.665063509461095 6
      vertex 9.953291419087275 -9.809698831278217 6
      vertex 9.78416697508023 -8.15 6
    endloop
  endfacet
  facet normal 0 0 1
    outer loop
      vertex 9.142233047033631 -9.267766952966369 6
      vertex 9.3880964274782 -9.483383350728088 6
      vertex 9.142233047033631 -5.732233047033631 6
    endloop
  endfacet
  facet normal 0 0 1
    outer loop
      vertex 9.66 -9.665063509461095 6
      vertex 9.78416697508023 -8.15 6
      vertex 9.708956607735328 -7.9974884620746165 6
    endloop
  endfacet
  facet normal 0 0 1
    outer loop
      vertex 9.3880964274782 -9.483383350728088 6
      vertex 9.66 -9.665063509461095 6
      vertex 9.3880964274782 -5.516616649271912 6
    endloop
  endfacet
  facet normal 0 0 1
    outer loop
      vertex 9.621121680214047 -7.669684049886067 6
      vertex 9.61 -7.5 6
      vertex 9.66 -9.665063509461095 6
    endloop
  endfacet
  facet normal 0 0 1
    outer loop
      vertex 9.654296425824212 -7.8364647586332765 6
      vertex 9.66 -9.665063509461095 6
      vertex 9.708956607735328 -7.9974884620746165 6
    endloop
  endfacet
  facet normal 0 0 1
    outer loop
      vertex 9.654296425824212 -7.8364647586332765 6
      vertex 9.621121680214047 -7.669684049886067 6
      vertex 9.66 -9.665063509461095 6
    endloop
  endfacet
  facet normal 0 0 1
    outer loop
      vertex 9.953291419087275 -9.809698831278217 6
      vertex 10.262952387243699 -9.91481456572267 6
      vertex 10.118610142288663 -8.531359342378606 6
    endloop
  endfacet
  facet normal 0 0 1
    outer loop
      vertex 10.262952387243699 -9.91481456572267 6
      vertex 10.583684519449871 -9.978612153434526 6
      vertex 10.41 -8.699804838824466 6
    endloop
  endfacet
  facet normal 0 0 1
    outer loop
      vertex 10.262952387243699 -9.91481456572267 6
      vertex 10.26 -8.62583302491977 6
      vertex 10.118610142288663 -8.531359342378606 6
    endloop
  endfacet
  facet normal 0 0 1
    outer loop
      vertex 10.262952387243699 -9.91481456572267 6
      vertex 10.41 -8.699804838824466 6
      vertex 10.26 -8.62583302491977 6
    endloop
  endfacet
  facet normal 0 0 1
    outer loop
      vertex 9.953291419087275 -9.809698831278217 6
      vertex 9.878640657621395 -8.291389857711337 6
      vertex 9.78416697508023 -8.15 6
    endloop
  endfacet
  facet normal 0 0 1
    outer loop
      vertex 9.953291419087275 -9.809698831278217 6
      vertex 9.990761184457488 -8.419238815542512 6
      vertex 9.878640657621395 -8.291389857711337 6
    endloop
  endfacet
  facet normal 0 0 1
    outer loop
      vertex 9.953291419087275 -9.809698831278217 6
      vertex 10.118610142288663 -8.531359342378606 6
      vertex 9.990761184457488 -8.419238815542512 6
    endloop
  endfacet
  facet normal 0 0 1
    outer loop
      vertex 10.583684519449871 -9.978612153434526 6
      vertex 10.41 -6.300195161175534 6
      vertex 10.41 -8.699804838824466 6
    endloop
  endfacet
  facet normal 0 0 1
    outer loop
      vertex 9.61 -7.5 6
      vertex 9.3880964274782 -5.516616649271912 6
      vertex 9.66 -9.665063509461095 6
    endloop
  endfacet
  facet normal 0 0 1
    outer loop
      vertex 9.3880964274782 -9.483383350728088 6
      vertex 9.3880964274782 -5.516616649271912 6
      vertex 9.142233047033631 -5.732233047033631 6
    endloop
  endfacet
  facet normal 0 0 1
    outer loop
      vertex 9.61 -7.5 6
      vertex 9.621121680214047 -7.330315950113933 6
      vertex 9.3880964274782 -5.516616649271912 6
    endloop
  endfacet
  facet normal 0 0 1
    outer loop
      vertex 9.621121680214047 -7.330315950113933 6
      vertex 9.654296425824212 -7.1635352413667235 6
      vertex 9.3880964274782 -5.516616649271912 6
    endloop
  endfacet
  facet normal 0 0 1
    outer loop
      vertex 9.654296425824212 -7.1635352413667235 6
      vertex 9.708956607735328 -7.0025115379253835 6
      vertex 9.3880964274782 -5.516616649271912 6
    endloop
  endfacet
  facet normal -0.8968727415326865 0.4422886902190048 0
    outer loop
      vertex 8.600301168721783 -6.543291419087275 6
      vertex 8.744936490538905 -6.25 6
      vertex 8.600301168721783 -6.543291419087275 3
    endloop
  endfacet
  facet normal -0.8314696123025472 0.5555702330195992 0
    outer loop
      vertex 8.744936490538905 -6.25 6
      vertex 8.926616649271912 -5.9780964274781985 6
      vertex 8.744936490538905 -6.25 3
    endloop
  endfacet
  facet normal -0.7518398074789772 0.6593458151000691 0
    outer loop
      vertex 8.926616649271912 -5.9780964274781985 6
      vertex 9.142233047033631 -5.732233047033631 6
      vertex 8.926616649271912 -5.9780964274781985 3
    endloop
  endfacet
  facet normal -0.6593458151000677 0.7518398074789784 -6.350715068325837e-19
    outer loop
      vertex 9.142233047033631 -5.732233047033631 6
      vertex 9.3880964274782 -5.516616649271912 6
      vertex 9.3880964274782 -5.516616649271912 3
    endloop
  endfacet
  facet normal -0.5555702330196024 0.8314696123025451 2.220277426357922e-18
    outer loop
      vertex 9.3880964274782 -5.516616649271912 6
      vertex 9.66 -5.334936490538904 6
      vertex 9.66 -5.334936490538904 3
    endloop
  endfacet
  facet normal -0.44228869021900263 0.8968727415326876 1.2922872106868274e-18
    outer loop
      vertex 9.66 -5.334936490538904 6
      vertex 9.953291419087275 -5.190301168721783 6
      vertex 9.953291419087275 -5.190301168721783 3
    endloop
  endfacet
  facet normal -0.32143946530315926 0.9469301294951064 -2.7227407015936486e-18
    outer loop
      vertex 9.953291419087275 -5.190301168721783 6
      vertex 10.262952387243699 -5.08518543427733 6
      vertex 10.262952387243699 -5.08518543427733 3
    endloop
  endfacet
  facet normal -0.19509032201612833 0.9807852804032304 -1.164634876099648e-18
    outer loop
      vertex 10.262952387243699 -5.08518543427733 6
      vertex 10.583684519449871 -5.021387846565474 6
      vertex 10.583684519449871 -5.021387846565474 3
    endloop
  endfacet
  facet normal 0 0 1
    outer loop
      vertex 9.708956607735328 -7.0025115379253835 6
      vertex 9.78416697508023 -6.85 6
      vertex 9.66 -5.334936490538904 6
    endloop
  endfacet
  facet normal 0 0 1
    outer loop
      vertex 9.78416697508023 -6.85 6
      vertex 9.878640657621395 -6.708610142288663 6
      vertex 9.66 -5.334936490538904 6
    endloop
  endfacet
  facet normal 0 0 1
    outer loop
      vertex 9.3880964274782 -5.516616649271912 6
      vertex 9.708956607735328 -7.0025115379253835 6
      vertex 9.66 -5.334936490538904 6
    endloop
  endfacet
  facet normal 0 0 1
    outer loop
      vertex 9.878640657621395 -6.708610142288663 6
      vertex 9.990761184457488 -6.580761184457488 6
      vertex 9.66 -5.334936490538904 6
    endloop
  endfacet
  facet normal 0 0 1
    outer loop
      vertex 9.66 -5.334936490538904 6
      vertex 9.990761184457488 -6.580761184457488 6
      vertex 9.953291419087275 -5.190301168721783 6
    endloop
  endfacet
  facet normal 0 0 1
    outer loop
      vertex 9.953291419087275 -5.190301168721783 6
      vertex 9.990761184457488 -6.580761184457488 6
      vertex 10.118610142288663 -6.468640657621394 6
    endloop
  endfacet
  facet normal 0 0 1
    outer loop
      vertex 9.953291419087275 -5.190301168721783 6
      vertex 10.118610142288663 -6.468640657621394 6
      vertex 10.26 -6.37416697508023 6
    endloop
  endfacet
  facet normal 0 0 1
    outer loop
      vertex 9.953291419087275 -5.190301168721783 6
      vertex 10.26 -6.37416697508023 6
      vertex 10.41 -6.300195161175534 6
    endloop
  endfacet
  facet normal 0 0 1
    outer loop
      vertex 9.953291419087275 -5.190301168721783 6
      vertex 10.41 -6.300195161175534 6
      vertex 10.262952387243699 -5.08518543427733 6
    endloop
  endfacet
  facet normal 0 0 1
    outer loop
      vertex 10.262952387243699 -5.08518543427733 6
      vertex 10.41 -6.300195161175534 6
      vertex 10.583684519449871 -5.021387846565474 6
    endloop
  endfacet
  facet normal -0.06540312923014452 -0.9978589232386034 0
    outer loop
      vertex 10.583684519449871 -9.978612153434526 6
      vertex 10.583684519449871 -9.978612153434526 3
      vertex 10.91 -10 6
    endloop
  endfacet
  facet normal 0.06540312923014452 -0.9978589232386034 0
    outer loop
      vertex 10.91 -10 6
      vertex 10.91 -10 3
      vertex 11.236315480550129 -9.978612153434526 6
    endloop
  endfacet
  facet normal 0.19509032201612833 -0.9807852804032304 0
    outer loop
      vertex 11.236315480550129 -9.978612153434526 6
      vertex 11.236315480550129 -9.978612153434526 3
      vertex 11.557047612756302 -9.91481456572267 6
    endloop
  endfacet
  facet normal 0.32143946530315926 -0.9469301294951064 0
    outer loop
      vertex 11.557047612756302 -9.91481456572267 6
      vertex 11.557047612756302 -9.91481456572267 3
      vertex 11.866708580912725 -9.809698831278217 6
    endloop
  endfacet
  facet normal 0.4422886902190048 -0.8968727415326865 0
    outer loop
      vertex 11.866708580912725 -9.809698831278217 6
      vertex 11.866708580912725 -9.809698831278217 3
      vertex 12.16 -9.665063509461095 6
    endloop
  endfacet
  facet normal 0.5555702330196005 -0.8314696123025463 0
    outer loop
      vertex 12.16 -9.665063509461095 6
      vertex 12.16 -9.665063509461095 3
      vertex 12.4319035725218 -9.483383350728088 6
    endloop
  endfacet
  facet normal 0.6593458151000677 -0.7518398074789784 0
    outer loop
      vertex 12.4319035725218 -9.483383350728088 6
      vertex 12.4319035725218 -9.483383350728088 3
      vertex 12.677766952966369 -9.267766952966369 6
    endloop
  endfacet
  facet normal 0.7518398074789784 -0.6593458151000677 -6.350715068325837e-19
    outer loop
      vertex 12.677766952966369 -9.267766952966369 6
      vertex 12.893383350728088 -9.0219035725218 3
      vertex 12.893383350728088 -9.0219035725218 6
    endloop
  endfacet
  facet normal 0.8314696123025463 -0.5555702330196005 -3.4639486812979453e-18
    outer loop
      vertex 12.893383350728088 -9.0219035725218 6
      vertex 13.075063509461096 -8.75 3
      vertex 13.075063509461096 -8.75 6
    endloop
  endfacet
  facet normal 0.8968727415326865 -0.4422886902190048 -1.95206237869504e-18
    outer loop
      vertex 13.075063509461096 -8.75 6
      vertex 13.219698831278217 -8.456708580912725 3
      vertex 13.219698831278217 -8.456708580912725 6
    endloop
  endfacet
  facet normal 0 0 1
    outer loop
      vertex 10.583684519449871 -9.978612153434526 6
      vertex 10.91 -10 6
      vertex 10.583684519449871 -5.021387846565474 6
    endloop
  endfacet
  facet normal 0 0 1
    outer loop
      vertex 10.91 -10 6
      vertex 11.236315480550129 -9.978612153434526 6
      vertex 10.91 -5 6
    endloop
  endfacet
  facet normal 0 0 1
    outer loop
      vertex 11.236315480550129 -9.978612153434526 6
      vertex 11.557047612756302 -9.91481456572267 6
      vertex 11.41 -8.699804838824466 6
    endloop
  endfacet
  facet normal 0 0 1
    outer loop
      vertex 11.41 -8.699804838824466 6
      vertex 11.557047612756302 -9.91481456572267 6
      vertex 11.866708580912725 -9.809698831278217 6
    endloop
  endfacet
  facet normal 0 0 1
    outer loop
      vertex 11.41 -8.699804838824466 6
      vertex 11.866708580912725 -9.809698831278217 6
      vertex 11.56 -8.62583302491977 6
    endloop
  endfacet
  facet normal 0 0 1
    outer loop
      vertex 11.56 -8.62583302491977 6
      vertex 11.866708580912725 -9.809698831278217 6
      vertex 11.701389857711337 -8.531359342378606 6
    endloop
  endfacet
  facet normal 0 0 1
    outer loop
      vertex 11.701389857711337 -8.531359342378606 6
      vertex 11.866708580912725 -9.809698831278217 6
      vertex 11.829238815542512 -8.419238815542512 6
    endloop
  endfacet
  facet normal 0 0 1
    outer loop
      vertex 10.583684519449871 -9.978612153434526 6
      vertex 10.583684519449871 -5.021387846565474 6
      vertex 10.41 -6.300195161175534 6
    endloop
  endfacet
  facet normal 0 0 1
    outer loop
      vertex 10.583684519449871 -5.021387846565474 6
      vertex 10.91 -10 6
      vertex 10.91 -5 6
    endloop
  endfacet
  facet normal 0 0 1
    outer loop
      vertex 11.236315480550129 -9.978612153434526 6
      vertex 11.236315480550129 -5.021387846565474 6
      vertex 10.91 -5 6
    endloop
  endfacet
  facet normal 0 0 1
    outer loop
      vertex 11.236315480550129 -9.978612153434526 6
      vertex 11.41 -8.699804838824466 6
      vertex 11.236315480550129 -5.021387846565474 6
    endloop
  endfacet
  facet normal 0 0 1
    outer loop
      vertex 11.41 -8.699804838824466 6
      vertex 11.41 -6.300195161175534 6
      vertex 11.236315480550129 -5.021387846565474 6
    endloop
  endfacet
  facet normal 0 0 1
    outer loop
      vertex 11.829238815542512 -8.419238815542512 6
      vertex 11.866708580912725 -9.809698831278217 6
      vertex 12.16 -9.665063509461095 6
    endloop
  endfacet
  facet normal 0 0 1
    outer loop
      vertex 12.111043392264673 -7.9974884620746165 6
      vertex 12.16 -9.665063509461095 6
      vertex 12.4319035725218 -9.483383350728088 6
    endloop
  endfacet
  facet normal 0 0 1
    outer loop
      vertex 11.829238815542512 -8.419238815542512 6
      vertex 12.16 -9.665063509461095 6
      vertex 11.941359342378606 -8.291389857711337 6
    endloop
  endfacet
  facet normal 0 0 1
    outer loop
      vertex 11.941359342378606 -8.291389857711337 6
      vertex 12.16 -9.665063509461095 6
      vertex 12.03583302491977 -8.15 6
    endloop
  endfacet
  facet normal 0 0 1
    outer loop
      vertex 12.03583302491977 -8.15 6
      vertex 12.16 -9.665063509461095 6
      vertex 12.111043392264673 -7.9974884620746165 6
    endloop
  endfacet
  facet normal 0 0 1
    outer loop
      vertex 12.111043392264673 -7.9974884620746165 6
      vertex 12.4319035725218 -9.483383350728088 6
      vertex 12.165703574175788 -7.8364647586332765 6
    endloop
  endfacet
  facet normal 0 0 1
    outer loop
      vertex 12.4319035725218 -9.483383350728088 6
      vertex 12.198878319785953 -7.669684049886067 6
      vertex 12.165703574175788 -7.8364647586332765 6
    endloop
  endfacet
  facet normal 0 0 1
    outer loop
      vertex 12.4319035725218 -9.483383350728088 6
      vertex 12.21 -7.5 6
      vertex 12.198878319785953 -7.669684049886067 6
    endloop
  endfacet
  facet normal 0 0 1
    outer loop
      vertex 12.4319035725218 -9.483383350728088 6
      vertex 12.677766952966369 -9.267766952966369 6
      vertex 12.4319035725218 -5.516616649271912 6
    endloop
  endfacet
  facet normal 0 0 1
    outer loop
      vertex 12.4319035725218 -9.483383350728088 6
      vertex 12.16 -5.334936490538904 6
      vertex 12.21 -7.5 6
    endloop
  endfacet
  facet normal 0 0 1
    outer loop
      vertex 12.198878319785953 -7.330315950113933 6
      vertex 12.21 -7.5 6
      vertex 12.16 -5.334936490538904 6
    endloop
  endfacet
  facet normal 0 0 1
    outer loop
      vertex 12.198878319785953 -7.330315950113933 6
      vertex 12.16 -5.334936490538904 6
      vertex 12.165703574175788 -7.1635352413667235 6
    endloop
  endfacet
  facet normal 0 0 1
    outer loop
      vertex 12.111043392264673 -7.0025115379253835 6
      vertex 12.165703574175788 -7.1635352413667235 6
      vertex 12.16 -5.334936490538904 6
    endloop
  endfacet
  facet normal 0 0 1
    outer loop
      vertex 12.4319035725218 -9.483383350728088 6
      vertex 12.4319035725218 -5.516616649271912 6
      vertex 12.16 -5.334936490538904 6
    endloop
  endfacet
  facet normal 0 0 1
    outer loop
      vertex 12.677766952966369 -9.267766952966369 6
      vertex 12.893383350728088 -9.0219035725218 6
      vertex 12.677766952966369 -5.732233047033631 6
    endloop
  endfacet
  facet normal 0 0 1
    outer loop
      vertex 12.893383350728088 -9.0219035725218 6
      vertex 13.075063509461096 -8.75 6
      vertex 12.893383350728088 -5.9780964274781985 6
    endloop
  endfacet
  facet normal 0 0 1
    outer loop
      vertex 13.075063509461096 -8.75 6
      vertex 13.219698831278217 -8.456708580912725 6
      vertex 13.075063509461096 -6.25 6
    endloop
  endfacet
  facet normal 0 0 1
    outer loop
      vertex 12.677766952966369 -5.732233047033631 6
      vertex 12.893383350728088 -9.0219035725218 6
      vertex 12.893383350728088 -5.9780964274781985 6
    endloop
  endfacet
  facet normal 0 0 1
    outer loop
      vertex 12.677766952966369 -9.267766952966369 6
      vertex 12.677766952966369 -5.732233047033631 6
      vertex 12.4319035725218 -5.516616649271912 6
    endloop
  endfacet
  facet normal 0 0 1
    outer loop
      vertex 13.075063509461096 -8.75 6
      vertex 13.075063509461096 -6.25 6
      vertex 12.893383350728088 -5.9780964274781985 6
    endloop
  endfacet
  facet normal 0 0 1
    outer loop
      vertex 13.219698831278217 -8.456708580912725 6
      vertex 13.219698831278217 -6.543291419087275 6
      vertex 13.075063509461096 -6.25 6
    endloop
  endfacet
  facet normal 0.9469301294951064 -0.32143946530315926 -2.7227407015936486e-18
    outer loop
      vertex 13.219698831278217 -8.456708580912725 6
      vertex 13.32481456572267 -8.147047612756301 3
      vertex 13.32481456572267 -8.147047612756301 6
    endloop
  endfacet
  facet normal 0.9807852804032304 -0.19509032201612833 -1.164634876099648e-18
    outer loop
      vertex 13.32481456572267 -8.147047612756301 6
      vertex 13.388612153434526 -7.826315480550129 3
      vertex 13.388612153434526 -7.826315480550129 6
    endloop
  endfacet
  facet normal 0.9978589232386034 -0.06540312923014452 1.9811943396729997e-19
    outer loop
      vertex 13.388612153434526 -7.826315480550129 6
      vertex 13.41 -7.5 3
      vertex 13.41 -7.5 6
    endloop
  endfacet
  facet normal 0.9978589232386034 0.06540312923014452 -1.9811943396729997e-19
    outer loop
      vertex 13.41 -7.5 6
      vertex 13.388612153434526 -7.173684519449871 3
      vertex 13.388612153434526 -7.173684519449871 6
    endloop
  endfacet
  facet normal 0.9807852804032304 0.19509032201612833 1.164634876099648e-18
    outer loop
      vertex 13.388612153434526 -7.173684519449871 6
      vertex 13.32481456572267 -6.852952387243699 3
      vertex 13.32481456572267 -6.852952387243699 6
    endloop
  endfacet
  facet normal 0.9469301294951064 0.32143946530315926 0
    outer loop
      vertex 13.219698831278217 -6.543291419087275 6
      vertex 13.32481456572267 -6.852952387243699 6
      vertex 13.219698831278217 -6.543291419087275 3
    endloop
  endfacet
  facet normal 0 0 1
    outer loop
      vertex 13.219698831278217 -8.456708580912725 6
      vertex 13.32481456572267 -8.147047612756301 6
      vertex 13.219698831278217 -6.543291419087275 6
    endloop
  endfacet
  facet normal 0 0 1
    outer loop
      vertex 13.32481456572267 -8.147047612756301 6
      vertex 13.388612153434526 -7.826315480550129 6
      vertex 13.32481456572267 -6.852952387243699 6
    endloop
  endfacet
  facet normal 0 0 1
    outer loop
      vertex 13.388612153434526 -7.826315480550129 6
      vertex 13.41 -7.5 6
      vertex 13.388612153434526 -7.173684519449871 6
    endloop
  endfacet
  facet normal 0 0 1
    outer loop
      vertex 13.32481456572267 -8.147047612756301 6
      vertex 13.32481456572267 -6.852952387243699 6
      vertex 13.219698831278217 -6.543291419087275 6
    endloop
  endfacet
  facet normal 0 0 1
    outer loop
      vertex 13.388612153434526 -7.826315480550129 6
      vertex 13.388612153434526 -7.173684519449871 6
      vertex 13.32481456572267 -6.852952387243699 6
    endloop
  endfacet
  facet normal -0.06540312923014452 0.9978589232386034 1.9811943396729997e-19
    outer loop
      vertex 10.583684519449871 -5.021387846565474 6
      vertex 10.91 -5 6
      vertex 10.91 -5 3
    endloop
  endfacet
  facet normal 0.06540312923014452 0.9978589232386034 0
    outer loop
      vertex 11.236315480550129 -5.021387846565474 6
      vertex 11.236315480550129 -5.021387846565474 3
      vertex 10.91 -5 6
    endloop
  endfacet
  facet normal 0.19509032201612833 0.9807852804032304 1.164634876099648e-18
    outer loop
      vertex 11.236315480550129 -5.021387846565474 6
      vertex 11.557047612756302 -5.08518543427733 6
      vertex 11.557047612756302 -5.08518543427733 3
    endloop
  endfacet
  facet normal 0.32143946530315926 0.9469301294951064 2.7227407015936486e-18
    outer loop
      vertex 11.557047612756302 -5.08518543427733 6
      vertex 11.866708580912725 -5.190301168721783 6
      vertex 11.866708580912725 -5.190301168721783 3
    endloop
  endfacet
  facet normal 0.44228869021900263 0.8968727415326876 -1.2922872106868274e-18
    outer loop
      vertex 11.866708580912725 -5.190301168721783 6
      vertex 12.16 -5.334936490538904 6
      vertex 12.16 -5.334936490538904 3
    endloop
  endfacet
  facet normal 0.5555702330196024 0.8314696123025451 -2.220277426357922e-18
    outer loop
      vertex 12.16 -5.334936490538904 6
      vertex 12.4319035725218 -5.516616649271912 6
      vertex 12.4319035725218 -5.516616649271912 3
    endloop
  endfacet
  facet normal 0.7518398074789772 0.6593458151000691 0
    outer loop
      vertex 12.677766952966369 -5.732233047033631 6
      vertex 12.893383350728088 -5.9780964274781985 6
      vertex 12.677766952966369 -5.732233047033631 3
    endloop
  endfacet
  facet normal 0.8968727415326865 0.4422886902190048 0
    outer loop
      vertex 13.075063509461096 -6.25 6
      vertex 13.219698831278217 -6.543291419087275 6
      vertex 13.075063509461096 -6.25 3
    endloop
  endfacet
  facet normal 0.8314696123025472 0.5555702330195992 0
    outer loop
      vertex 12.893383350728088 -5.9780964274781985 6
      vertex 13.075063509461096 -6.25 6
      vertex 12.893383350728088 -5.9780964274781985 3
    endloop
  endfacet
  facet normal 0.6593458151000677 0.7518398074789784 6.350715068325837e-19
    outer loop
      vertex 12.4319035725218 -5.516616649271912 6
      vertex 12.677766952966369 -5.732233047033631 6
      vertex 12.677766952966369 -5.732233047033631 3
    endloop
  endfacet
  facet normal 0 0 1
    outer loop
      vertex 11.41 -6.300195161175534 6
      vertex 11.56 -6.37416697508023 6
      vertex 11.557047612756302 -5.08518543427733 6
    endloop
  endfacet
  facet normal 0 0 1
    outer loop
      vertex 11.56 -6.37416697508023 6
      vertex 11.701389857711337 -6.468640657621394 6
      vertex 11.557047612756302 -5.08518543427733 6
    endloop
  endfacet
  facet normal 0 0 1
    outer loop
      vertex 11.701389857711337 -6.468640657621394 6
      vertex 11.829238815542512 -6.580761184457488 6
      vertex 11.866708580912725 -5.190301168721783 6
    endloop
  endfacet
  facet normal 0 0 1
    outer loop
      vertex 11.41 -6.300195161175534 6
      vertex 11.557047612756302 -5.08518543427733 6
      vertex 11.236315480550129 -5.021387846565474 6
    endloop
  endfacet
  facet normal 0 0 1
    outer loop
      vertex 11.701389857711337 -6.468640657621394 6
      vertex 11.866708580912725 -5.190301168721783 6
      vertex 11.557047612756302 -5.08518543427733 6
    endloop
  endfacet
  facet normal 0 0 1
    outer loop
      vertex 11.941359342378606 -6.708610142288663 6
      vertex 12.03583302491977 -6.85 6
      vertex 11.866708580912725 -5.190301168721783 6
    endloop
  endfacet
  facet normal 0 0 1
    outer loop
      vertex 11.829238815542512 -6.580761184457488 6
      vertex 11.941359342378606 -6.708610142288663 6
      vertex 11.866708580912725 -5.190301168721783 6
    endloop
  endfacet
  facet normal 0 0 1
    outer loop
      vertex 12.111043392264673 -7.0025115379253835 6
      vertex 12.16 -5.334936490538904 6
      vertex 12.03583302491977 -6.85 6
    endloop
  endfacet
  facet normal 0 0 1
    outer loop
      vertex 12.03583302491977 -6.85 6
      vertex 12.16 -5.334936490538904 6
      vertex 11.866708580912725 -5.190301168721783 6
    endloop
  endfacet
  facet normal -0.8968727415326865 -0.4422886902190048 0
    outer loop
      vertex 8.600301168721783 6.543291419087275 6
      vertex 8.600301168721783 6.543291419087275 3
      vertex 8.744936490538905 6.25 3
    endloop
  endfacet
  facet normal -0.7518398074789772 -0.6593458151000691 0
    outer loop
      vertex 8.926616649271912 5.9780964274781985 6
      vertex 8.926616649271912 5.9780964274781985 3
      vertex 9.142233047033631 5.732233047033631 3
    endloop
  endfacet
  facet normal -0.8314696123025472 -0.5555702330195992 0
    outer loop
      vertex 8.744936490538905 6.25 6
      vertex 8.744936490538905 6.25 3
      vertex 8.926616649271912 5.9780964274781985 3
    endloop
  endfacet
  facet normal -0.6593458151000677 -0.7518398074789784 0
    outer loop
      vertex 9.3880964274782 5.516616649271912 6
      vertex 9.142233047033631 5.732233047033631 3
      vertex 9.3880964274782 5.516616649271912 3
    endloop
  endfacet
  facet normal -0.5555702330196024 -0.8314696123025451 0
    outer loop
      vertex 9.66 5.334936490538904 6
      vertex 9.3880964274782 5.516616649271912 3
      vertex 9.66 5.334936490538904 3
    endloop
  endfacet
  facet normal -0.44228869021900263 -0.8968727415326876 0
    outer loop
      vertex 9.953291419087275 5.190301168721783 6
      vertex 9.66 5.334936490538904 3
      vertex 9.953291419087275 5.190301168721783 3
    endloop
  endfacet
  facet normal -0.32143946530315926 -0.9469301294951064 0
    outer loop
      vertex 10.262952387243699 5.08518543427733 6
      vertex 9.953291419087275 5.190301168721783 3
      vertex 10.262952387243699 5.08518543427733 3
    endloop
  endfacet
  facet normal -0.19509032201612833 -0.9807852804032304 0
    outer loop
      vertex 10.583684519449871 5.021387846565474 6
      vertex 10.262952387243699 5.08518543427733 3
      vertex 10.583684519449871 5.021387846565474 3
    endloop
  endfacet
  facet normal -0.9978589232386034 -0.06540312923014452 0
    outer loop
      vertex 8.41 7.5 6
      vertex 8.41 7.5 3
      vertex 8.431387846565475 7.173684519449871 3
    endloop
  endfacet
  facet normal -0.9978589232386034 0.06540312923014452 0
    outer loop
      vertex 8.431387846565475 7.826315480550129 6
      vertex 8.431387846565475 7.826315480550129 3
      vertex 8.41 7.5 3
    endloop
  endfacet
  facet normal -0.9469301294951064 -0.32143946530315926 0
    outer loop
      vertex 8.49518543427733 6.852952387243699 6
      vertex 8.49518543427733 6.852952387243699 3
      vertex 8.600301168721783 6.543291419087275 3
    endloop
  endfacet
  facet normal -0.9807852804032304 -0.19509032201612833 0
    outer loop
      vertex 8.431387846565475 7.173684519449871 6
      vertex 8.431387846565475 7.173684519449871 3
      vertex 8.49518543427733 6.852952387243699 3
    endloop
  endfacet
  facet normal -0.9807852804032304 0.19509032201612833 0
    outer loop
      vertex 8.49518543427733 8.147047612756301 6
      vertex 8.49518543427733 8.147047612756301 3
      vertex 8.431387846565475 7.826315480550129 3
    endloop
  endfacet
  facet normal -0.9469301294951064 0.32143946530315926 0
    outer loop
      vertex 8.600301168721783 8.456708580912725 6
      vertex 8.600301168721783 8.456708580912725 3
      vertex 8.49518543427733 8.147047612756301 3
    endloop
  endfacet
  facet normal -0.8968727415326865 0.4422886902190048 0
    outer loop
      vertex 8.744936490538905 8.75 6
      vertex 8.744936490538905 8.75 3
      vertex 8.600301168721783 8.456708580912725 3
    endloop
  endfacet
  facet normal -0.8314696123025463 0.5555702330196005 0
    outer loop
      vertex 8.926616649271912 9.0219035725218 6
      vertex 8.926616649271912 9.0219035725218 3
      vertex 8.744936490538905 8.75 3
    endloop
  endfacet
  facet normal -0.7518398074789784 0.6593458151000677 0
    outer loop
      vertex 9.142233047033631 9.267766952966369 6
      vertex 9.142233047033631 9.267766952966369 3
      vertex 8.926616649271912 9.0219035725218 3
    endloop
  endfacet
  facet normal -0.6593458151000677 0.7518398074789784 0
    outer loop
      vertex 9.142233047033631 9.267766952966369 6
      vertex 9.3880964274782 9.483383350728088 3
      vertex 9.142233047033631 9.267766952966369 3
    endloop
  endfacet
  facet normal -0.5555702330196005 0.8314696123025463 0
    outer loop
      vertex 9.3880964274782 9.483383350728088 6
      vertex 9.66 9.665063509461095 3
      vertex 9.3880964274782 9.483383350728088 3
    endloop
  endfacet
  facet normal -0.4422886902190048 0.8968727415326865 0
    outer loop
      vertex 9.66 9.665063509461095 6
      vertex 9.953291419087275 9.809698831278217 3
      vertex 9.66 9.665063509461095 3
    endloop
  endfacet
  facet normal -0.32143946530315926 0.9469301294951064 0
    outer loop
      vertex 9.953291419087275 9.809698831278217 6
      vertex 10.262952387243699 9.91481456572267 3
      vertex 9.953291419087275 9.809698831278217 3
    endloop
  endfacet
  facet normal -0.19509032201612833 0.9807852804032304 0
    outer loop
      vertex 10.262952387243699 9.91481456572267 6
      vertex 10.583684519449871 9.978612153434526 3
      vertex 10.262952387243699 9.91481456572267 3
    endloop
  endfacet
  facet normal -0.06540312923014452 -0.9978589232386034 0
    outer loop
      vertex 10.91 5 6
      vertex 10.583684519449871 5.021387846565474 3
      vertex 10.91 5 3
    endloop
  endfacet
  facet normal 0.06540312923014452 -0.9978589232386034 0
    outer loop
      vertex 11.236315480550129 5.021387846565474 6
      vertex 10.91 5 3
      vertex 11.236315480550129 5.021387846565474 3
    endloop
  endfacet
  facet normal 0.19509032201612833 -0.9807852804032304 0
    outer loop
      vertex 11.557047612756302 5.08518543427733 6
      vertex 11.236315480550129 5.021387846565474 3
      vertex 11.557047612756302 5.08518543427733 3
    endloop
  endfacet
  facet normal 0.32143946530315926 -0.9469301294951064 0
    outer loop
      vertex 11.866708580912725 5.190301168721783 6
      vertex 11.557047612756302 5.08518543427733 3
      vertex 11.866708580912725 5.190301168721783 3
    endloop
  endfacet
  facet normal 0.44228869021900263 -0.8968727415326876 0
    outer loop
      vertex 12.16 5.334936490538904 6
      vertex 11.866708580912725 5.190301168721783 3
      vertex 12.16 5.334936490538904 3
    endloop
  endfacet
  facet normal 0.5555702330196024 -0.8314696123025451 0
    outer loop
      vertex 12.4319035725218 5.516616649271912 6
      vertex 12.16 5.334936490538904 3
      vertex 12.4319035725218 5.516616649271912 3
    endloop
  endfacet
  facet normal 0.6593458151000677 -0.7518398074789784 0
    outer loop
      vertex 12.677766952966369 5.732233047033631 6
      vertex 12.4319035725218 5.516616649271912 3
      vertex 12.677766952966369 5.732233047033631 3
    endloop
  endfacet
  facet normal 0.7518398074789772 -0.6593458151000691 0
    outer loop
      vertex 12.677766952966369 5.732233047033631 6
      vertex 12.677766952966369 5.732233047033631 3
      vertex 12.893383350728088 5.9780964274781985 3
    endloop
  endfacet
  facet normal 0.8314696123025472 -0.5555702330195992 0
    outer loop
      vertex 12.893383350728088 5.9780964274781985 6
      vertex 12.893383350728088 5.9780964274781985 3
      vertex 13.075063509461096 6.25 3
    endloop
  endfacet
  facet normal 0.8968727415326865 -0.4422886902190048 0
    outer loop
      vertex 13.075063509461096 6.25 6
      vertex 13.075063509461096 6.25 3
      vertex 13.219698831278217 6.543291419087275 3
    endloop
  endfacet
  facet normal 0.5555702330196005 0.8314696123025463 0
    outer loop
      vertex 12.16 9.665063509461095 6
      vertex 12.4319035725218 9.483383350728088 3
      vertex 12.16 9.665063509461095 3
    endloop
  endfacet
  facet normal 0.6593458151000677 0.7518398074789784 0
    outer loop
      vertex 12.4319035725218 9.483383350728088 6
      vertex 12.677766952966369 9.267766952966369 3
      vertex 12.4319035725218 9.483383350728088 3
    endloop
  endfacet
  facet normal 0.8314696123025463 0.5555702330196005 0
    outer loop
      vertex 13.075063509461096 8.75 6
      vertex 13.075063509461096 8.75 3
      vertex 12.893383350728088 9.0219035725218 3
    endloop
  endfacet
  facet normal 0.8968727415326865 0.4422886902190048 0
    outer loop
      vertex 13.219698831278217 8.456708580912725 6
      vertex 13.219698831278217 8.456708580912725 3
      vertex 13.075063509461096 8.75 3
    endloop
  endfacet
  facet normal 0.7518398074789784 0.6593458151000677 0
    outer loop
      vertex 12.893383350728088 9.0219035725218 6
      vertex 12.893383350728088 9.0219035725218 3
      vertex 12.677766952966369 9.267766952966369 3
    endloop
  endfacet
  facet normal -0.06540312923014452 0.9978589232386034 0
    outer loop
      vertex 10.583684519449871 9.978612153434526 6
      vertex 10.91 10 3
      vertex 10.583684519449871 9.978612153434526 3
    endloop
  endfacet
  facet normal 0.06540312923014452 0.9978589232386034 0
    outer loop
      vertex 10.91 10 6
      vertex 11.236315480550129 9.978612153434526 3
      vertex 10.91 10 3
    endloop
  endfacet
  facet normal 0.19509032201612833 0.9807852804032304 0
    outer loop
      vertex 11.236315480550129 9.978612153434526 6
      vertex 11.557047612756302 9.91481456572267 3
      vertex 11.236315480550129 9.978612153434526 3
    endloop
  endfacet
  facet normal 0.32143946530315926 0.9469301294951064 0
    outer loop
      vertex 11.557047612756302 9.91481456572267 6
      vertex 11.866708580912725 9.809698831278217 3
      vertex 11.557047612756302 9.91481456572267 3
    endloop
  endfacet
  facet normal 0.4422886902190048 0.8968727415326865 0
    outer loop
      vertex 11.866708580912725 9.809698831278217 6
      vertex 12.16 9.665063509461095 3
      vertex 11.866708580912725 9.809698831278217 3
    endloop
  endfacet
  facet normal 0.9469301294951064 -0.32143946530315926 0
    outer loop
      vertex 13.219698831278217 6.543291419087275 6
      vertex 13.219698831278217 6.543291419087275 3
      vertex 13.32481456572267 6.852952387243699 3
    endloop
  endfacet
  facet normal 0.9807852804032304 -0.19509032201612833 0
    outer loop
      vertex 13.32481456572267 6.852952387243699 6
      vertex 13.32481456572267 6.852952387243699 3
      vertex 13.388612153434526 7.173684519449871 3
    endloop
  endfacet
  facet normal 0.9978589232386034 -0.06540312923014452 0
    outer loop
      vertex 13.388612153434526 7.173684519449871 6
      vertex 13.388612153434526 7.173684519449871 3
      vertex 13.41 7.5 3
    endloop
  endfacet
  facet normal 0.9978589232386034 0.06540312923014452 0
    outer loop
      vertex 13.41 7.5 6
      vertex 13.41 7.5 3
      vertex 13.388612153434526 7.826315480550129 3
    endloop
  endfacet
  facet normal 0.9807852804032304 0.19509032201612833 0
    outer loop
      vertex 13.388612153434526 7.826315480550129 6
      vertex 13.388612153434526 7.826315480550129 3
      vertex 13.32481456572267 8.147047612756301 3
    endloop
  endfacet
  facet normal 0.9469301294951064 0.32143946530315926 0
    outer loop
      vertex 13.32481456572267 8.147047612756301 6
      vertex 13.32481456572267 8.147047612756301 3
      vertex 13.219698831278217 8.456708580912725 3
    endloop
  endfacet
  facet normal -0.8968727415326865 -0.4422886902190048 1.95206237869504e-18
    outer loop
      vertex 8.600301168721783 6.543291419087275 6
      vertex 8.744936490538905 6.25 3
      vertex 8.744936490538905 6.25 6
    endloop
  endfacet
  facet normal -0.8314696123025472 -0.5555702330195992 0
    outer loop
      vertex 8.926616649271912 5.9780964274781985 6
      vertex 8.744936490538905 6.25 6
      vertex 8.926616649271912 5.9780964274781985 3
    endloop
  endfacet
  facet normal -0.7518398074789772 -0.6593458151000691 -2.2018955891109324e-18
    outer loop
      vertex 8.926616649271912 5.9780964274781985 6
      vertex 9.142233047033631 5.732233047033631 3
      vertex 9.142233047033631 5.732233047033631 6
    endloop
  endfacet
  facet normal -0.6593458151000677 -0.7518398074789784 0
    outer loop
      vertex 9.142233047033631 5.732233047033631 6
      vertex 9.142233047033631 5.732233047033631 3
      vertex 9.3880964274782 5.516616649271912 6
    endloop
  endfacet
  facet normal -0.5555702330196024 -0.8314696123025451 0
    outer loop
      vertex 9.3880964274782 5.516616649271912 6
      vertex 9.3880964274782 5.516616649271912 3
      vertex 9.66 5.334936490538904 6
    endloop
  endfacet
  facet normal -0.44228869021900263 -0.8968727415326876 0
    outer loop
      vertex 9.66 5.334936490538904 6
      vertex 9.66 5.334936490538904 3
      vertex 9.953291419087275 5.190301168721783 6
    endloop
  endfacet
  facet normal -0.32143946530315926 -0.9469301294951064 0
    outer loop
      vertex 9.953291419087275 5.190301168721783 6
      vertex 9.953291419087275 5.190301168721783 3
      vertex 10.262952387243699 5.08518543427733 6
    endloop
  endfacet
  facet normal -0.19509032201612833 -0.9807852804032304 0
    outer loop
      vertex 10.262952387243699 5.08518543427733 6
      vertex 10.262952387243699 5.08518543427733 3
      vertex 10.583684519449871 5.021387846565474 6
    endloop
  endfacet
  facet normal 0 0 1
    outer loop
      vertex 9.66 5.334936490538904 6
      vertex 9.953291419087275 5.190301168721783 6
      vertex 9.78416697508023 6.85 6
    endloop
  endfacet
  facet normal 0 0 1
    outer loop
      vertex 9.66 5.334936490538904 6
      vertex 9.78416697508023 6.85 6
      vertex 9.708956607735328 7.0025115379253835 6
    endloop
  endfacet
  facet normal 0 0 1
    outer loop
      vertex 9.953291419087275 5.190301168721783 6
      vertex 10.262952387243699 5.08518543427733 6
      vertex 10.118610142288663 6.468640657621394 6
    endloop
  endfacet
  facet normal 0 0 1
    outer loop
      vertex 10.262952387243699 5.08518543427733 6
      vertex 10.583684519449871 5.021387846565474 6
      vertex 10.41 6.300195161175534 6
    endloop
  endfacet
  facet normal 0 0 1
    outer loop
      vertex 9.953291419087275 5.190301168721783 6
      vertex 10.118610142288663 6.468640657621394 6
      vertex 9.990761184457488 6.580761184457488 6
    endloop
  endfacet
  facet normal 0 0 1
    outer loop
      vertex 9.953291419087275 5.190301168721783 6
      vertex 9.878640657621395 6.708610142288663 6
      vertex 9.78416697508023 6.85 6
    endloop
  endfacet
  facet normal 0 0 1
    outer loop
      vertex 9.953291419087275 5.190301168721783 6
      vertex 9.990761184457488 6.580761184457488 6
      vertex 9.878640657621395 6.708610142288663 6
    endloop
  endfacet
  facet normal 0 0 1
    outer loop
      vertex 10.262952387243699 5.08518543427733 6
      vertex 10.26 6.37416697508023 6
      vertex 10.118610142288663 6.468640657621394 6
    endloop
  endfacet
  facet normal 0 0 1
    outer loop
      vertex 10.262952387243699 5.08518543427733 6
      vertex 10.41 6.300195161175534 6
      vertex 10.26 6.37416697508023 6
    endloop
  endfacet
  facet normal -0.9978589232386034 -0.06540312923014452 0
    outer loop
      vertex 8.431387846565475 7.173684519449871 6
      vertex 8.41 7.5 6
      vertex 8.431387846565475 7.173684519449871 3
    endloop
  endfacet
  facet normal -0.9978589232386034 0.06540312923014452 0
    outer loop
      vertex 8.41 7.5 6
      vertex 8.431387846565475 7.826315480550129 6
      vertex 8.41 7.5 3
    endloop
  endfacet
  facet normal -0.9469301294951064 -0.32143946530315926 2.7227407015936486e-18
    outer loop
      vertex 8.49518543427733 6.852952387243699 6
      vertex 8.600301168721783 6.543291419087275 3
      vertex 8.600301168721783 6.543291419087275 6
    endloop
  endfacet
  facet normal -0.9807852804032304 -0.19509032201612833 0
    outer loop
      vertex 8.49518543427733 6.852952387243699 6
      vertex 8.431387846565475 7.173684519449871 6
      vertex 8.49518543427733 6.852952387243699 3
    endloop
  endfacet
  facet normal -0.9807852804032304 0.19509032201612833 0
    outer loop
      vertex 8.431387846565475 7.826315480550129 6
      vertex 8.49518543427733 8.147047612756301 6
      vertex 8.431387846565475 7.826315480550129 3
    endloop
  endfacet
  facet normal -0.9469301294951064 0.32143946530315926 0
    outer loop
      vertex 8.49518543427733 8.147047612756301 6
      vertex 8.600301168721783 8.456708580912725 6
      vertex 8.49518543427733 8.147047612756301 3
    endloop
  endfacet
  facet normal -0.8968727415326865 0.4422886902190048 0
    outer loop
      vertex 8.600301168721783 8.456708580912725 6
      vertex 8.744936490538905 8.75 6
      vertex 8.600301168721783 8.456708580912725 3
    endloop
  endfacet
  facet normal -0.8314696123025463 0.5555702330196005 0
    outer loop
      vertex 8.744936490538905 8.75 6
      vertex 8.926616649271912 9.0219035725218 6
      vertex 8.744936490538905 8.75 3
    endloop
  endfacet
  facet normal -0.7518398074789784 0.6593458151000677 0
    outer loop
      vertex 8.926616649271912 9.0219035725218 6
      vertex 9.142233047033631 9.267766952966369 6
      vertex 8.926616649271912 9.0219035725218 3
    endloop
  endfacet
  facet normal -0.6593458151000677 0.7518398074789784 -6.350715068325837e-19
    outer loop
      vertex 9.142233047033631 9.267766952966369 6
      vertex 9.3880964274782 9.483383350728088 6
      vertex 9.3880964274782 9.483383350728088 3
    endloop
  endfacet
  facet normal -0.5555702330196005 0.8314696123025463 -3.4639486812979453e-18
    outer loop
      vertex 9.3880964274782 9.483383350728088 6
      vertex 9.66 9.665063509461095 6
      vertex 9.66 9.665063509461095 3
    endloop
  endfacet
  facet normal 0 0 1
    outer loop
      vertex 8.431387846565475 7.173684519449871 6
      vertex 8.431387846565475 7.826315480550129 6
      vertex 8.41 7.5 6
    endloop
  endfacet
  facet normal 0 0 1
    outer loop
      vertex 8.49518543427733 6.852952387243699 6
      vertex 8.431387846565475 7.826315480550129 6
      vertex 8.431387846565475 7.173684519449871 6
    endloop
  endfacet
  facet normal 0 0 1
    outer loop
      vertex 8.49518543427733 6.852952387243699 6
      vertex 8.600301168721783 6.543291419087275 6
      vertex 8.49518543427733 8.147047612756301 6
    endloop
  endfacet
  facet normal 0 0 1
    outer loop
      vertex 8.600301168721783 6.543291419087275 6
      vertex 8.744936490538905 6.25 6
      vertex 8.600301168721783 8.456708580912725 6
    endloop
  endfacet
  facet normal 0 0 1
    outer loop
      vertex 8.926616649271912 5.9780964274781985 6
      vertex 8.744936490538905 8.75 6
      vertex 8.744936490538905 6.25 6
    endloop
  endfacet
  facet normal 0 0 1
    outer loop
      vertex 8.926616649271912 5.9780964274781985 6
      vertex 9.142233047033631 5.732233047033631 6
      vertex 8.926616649271912 9.0219035725218 6
    endloop
  endfacet
  facet normal 0 0 1
    outer loop
      vertex 8.49518543427733 6.852952387243699 6
      vertex 8.49518543427733 8.147047612756301 6
      vertex 8.431387846565475 7.826315480550129 6
    endloop
  endfacet
  facet normal 0 0 1
    outer loop
      vertex 8.600301168721783 6.543291419087275 6
      vertex 8.600301168721783 8.456708580912725 6
      vertex 8.49518543427733 8.147047612756301 6
    endloop
  endfacet
  facet normal 0 0 1
    outer loop
      vertex 8.744936490538905 6.25 6
      vertex 8.744936490538905 8.75 6
      vertex 8.600301168721783 8.456708580912725 6
    endloop
  endfacet
  facet normal 0 0 1
    outer loop
      vertex 8.926616649271912 5.9780964274781985 6
      vertex 8.926616649271912 9.0219035725218 6
      vertex 8.744936490538905 8.75 6
    endloop
  endfacet
  facet normal 0 0 1
    outer loop
      vertex 8.926616649271912 9.0219035725218 6
      vertex 9.142233047033631 5.732233047033631 6
      vertex 9.142233047033631 9.267766952966369 6
    endloop
  endfacet
  facet normal 0 0 1
    outer loop
      vertex 9.142233047033631 5.732233047033631 6
      vertex 9.3880964274782 5.516616649271912 6
      vertex 9.142233047033631 9.267766952966369 6
    endloop
  endfacet
  facet normal 0 0 1
    outer loop
      vertex 9.3880964274782 5.516616649271912 6
      vertex 9.66 5.334936490538904 6
      vertex 9.3880964274782 9.483383350728088 6
    endloop
  endfacet
  facet normal 0 0 1
    outer loop
      vertex 9.621121680214047 7.330315950113933 6
      vertex 9.61 7.5 6
      vertex 9.66 5.334936490538904 6
    endloop
  endfacet
  facet normal 0 0 1
    outer loop
      vertex 9.654296425824212 7.1635352413667235 6
      vertex 9.66 5.334936490538904 6
      vertex 9.708956607735328 7.0025115379253835 6
    endloop
  endfacet
  facet normal 0 0 1
    outer loop
      vertex 9.654296425824212 7.1635352413667235 6
      vertex 9.621121680214047 7.330315950113933 6
      vertex 9.66 5.334936490538904 6
    endloop
  endfacet
  facet normal 0 0 1
    outer loop
      vertex 9.3880964274782 5.516616649271912 6
      vertex 9.3880964274782 9.483383350728088 6
      vertex 9.142233047033631 9.267766952966369 6
    endloop
  endfacet
  facet normal 0 0 1
    outer loop
      vertex 9.61 7.5 6
      vertex 9.3880964274782 9.483383350728088 6
      vertex 9.66 5.334936490538904 6
    endloop
  endfacet
  facet normal 0 0 1
    outer loop
      vertex 10.583684519449871 5.021387846565474 6
      vertex 10.41 8.699804838824466 6
      vertex 10.41 6.300195161175534 6
    endloop
  endfacet
  facet normal 0 0 1
    outer loop
      vertex 9.61 7.5 6
      vertex 9.621121680214047 7.669684049886067 6
      vertex 9.3880964274782 9.483383350728088 6
    endloop
  endfacet
  facet normal 0 0 1
    outer loop
      vertex 9.621121680214047 7.669684049886067 6
      vertex 9.654296425824212 7.8364647586332765 6
      vertex 9.3880964274782 9.483383350728088 6
    endloop
  endfacet
  facet normal 0 0 1
    outer loop
      vertex 9.654296425824212 7.8364647586332765 6
      vertex 9.708956607735328 7.9974884620746165 6
      vertex 9.3880964274782 9.483383350728088 6
    endloop
  endfacet
  facet normal 0 0 1
    outer loop
      vertex 9.708956607735328 7.9974884620746165 6
      vertex 9.78416697508023 8.15 6
      vertex 9.66 9.665063509461095 6
    endloop
  endfacet
  facet normal 0 0 1
    outer loop
      vertex 9.78416697508023 8.15 6
      vertex 9.878640657621395 8.291389857711337 6
      vertex 9.66 9.665063509461095 6
    endloop
  endfacet
  facet normal 0 0 1
    outer loop
      vertex 9.3880964274782 9.483383350728088 6
      vertex 9.708956607735328 7.9974884620746165 6
      vertex 9.66 9.665063509461095 6
    endloop
  endfacet
  facet normal 0 0 1
    outer loop
      vertex 9.878640657621395 8.291389857711337 6
      vertex 9.990761184457488 8.419238815542512 6
      vertex 9.66 9.665063509461095 6
    endloop
  endfacet
  facet normal 0 0 1
    outer loop
      vertex 9.953291419087275 9.809698831278217 6
      vertex 9.990761184457488 8.419238815542512 6
      vertex 10.118610142288663 8.531359342378606 6
    endloop
  endfacet
  facet normal 0 0 1
    outer loop
      vertex 9.66 9.665063509461095 6
      vertex 9.990761184457488 8.419238815542512 6
      vertex 9.953291419087275 9.809698831278217 6
    endloop
  endfacet
  facet normal 0 0 1
    outer loop
      vertex 9.953291419087275 9.809698831278217 6
      vertex 10.118610142288663 8.531359342378606 6
      vertex 10.26 8.62583302491977 6
    endloop
  endfacet
  facet normal 0 0 1
    outer loop
      vertex 9.953291419087275 9.809698831278217 6
      vertex 10.26 8.62583302491977 6
      vertex 10.41 8.699804838824466 6
    endloop
  endfacet
  facet normal 0 0 1
    outer loop
      vertex 9.953291419087275 9.809698831278217 6
      vertex 10.41 8.699804838824466 6
      vertex 10.262952387243699 9.91481456572267 6
    endloop
  endfacet
  facet normal 0 0 1
    outer loop
      vertex 10.262952387243699 9.91481456572267 6
      vertex 10.41 8.699804838824466 6
      vertex 10.583684519449871 9.978612153434526 6
    endloop
  endfacet
  facet normal -0.4422886902190048 0.8968727415326865 -1.95206237869504e-18
    outer loop
      vertex 9.66 9.665063509461095 6
      vertex 9.953291419087275 9.809698831278217 6
      vertex 9.953291419087275 9.809698831278217 3
    endloop
  endfacet
  facet normal -0.32143946530315926 0.9469301294951064 -2.7227407015936486e-18
    outer loop
      vertex 9.953291419087275 9.809698831278217 6
      vertex 10.262952387243699 9.91481456572267 6
      vertex 10.262952387243699 9.91481456572267 3
    endloop
  endfacet
  facet normal -0.19509032201612833 0.9807852804032304 -1.164634876099648e-18
    outer loop
      vertex 10.262952387243699 9.91481456572267 6
      vertex 10.583684519449871 9.978612153434526 6
      vertex 10.583684519449871 9.978612153434526 3
    endloop
  endfacet
  facet normal -0.06540312923014452 -0.9978589232386034 0
    outer loop
      vertex 10.583684519449871 5.021387846565474 6
      vertex 10.583684519449871 5.021387846565474 3
      vertex 10.91 5 6
    endloop
  endfacet
  facet normal 0.06540312923014452 -0.9978589232386034 0
    outer loop
      vertex 10.91 5 6
      vertex 10.91 5 3
      vertex 11.236315480550129 5.021387846565474 6
    endloop
  endfacet
  facet normal 0.19509032201612833 -0.9807852804032304 0
    outer loop
      vertex 11.236315480550129 5.021387846565474 6
      vertex 11.236315480550129 5.021387846565474 3
      vertex 11.557047612756302 5.08518543427733 6
    endloop
  endfacet
  facet normal 0.32143946530315926 -0.9469301294951064 0
    outer loop
      vertex 11.557047612756302 5.08518543427733 6
      vertex 11.557047612756302 5.08518543427733 3
      vertex 11.866708580912725 5.190301168721783 6
    endloop
  endfacet
  facet normal 0.44228869021900263 -0.8968727415326876 0
    outer loop
      vertex 11.866708580912725 5.190301168721783 6
      vertex 11.866708580912725 5.190301168721783 3
      vertex 12.16 5.334936490538904 6
    endloop
  endfacet
  facet normal 0.5555702330196024 -0.8314696123025451 0
    outer loop
      vertex 12.16 5.334936490538904 6
      vertex 12.16 5.334936490538904 3
      vertex 12.4319035725218 5.516616649271912 6
    endloop
  endfacet
  facet normal 0.6593458151000677 -0.7518398074789784 0
    outer loop
      vertex 12.4319035725218 5.516616649271912 6
      vertex 12.4319035725218 5.516616649271912 3
      vertex 12.677766952966369 5.732233047033631 6
    endloop
  endfacet
  facet normal 0.7518398074789772 -0.6593458151000691 2.2018955891109324e-18
    outer loop
      vertex 12.677766952966369 5.732233047033631 6
      vertex 12.893383350728088 5.9780964274781985 3
      vertex 12.893383350728088 5.9780964274781985 6
    endloop
  endfacet
  facet normal 0.8314696123025472 -0.5555702330195992 -1.6599203365620504e-18
    outer loop
      vertex 12.893383350728088 5.9780964274781985 6
      vertex 13.075063509461096 6.25 3
      vertex 13.075063509461096 6.25 6
    endloop
  endfacet
  facet normal 0.8968727415326865 -0.4422886902190048 -1.95206237869504e-18
    outer loop
      vertex 13.075063509461096 6.25 6
      vertex 13.219698831278217 6.543291419087275 3
      vertex 13.219698831278217 6.543291419087275 6
    endloop
  endfacet
  facet normal 0 0 1
    outer loop
      vertex 11.236315480550129 5.021387846565474 6
      vertex 11.557047612756302 5.08518543427733 6
      vertex 11.41 6.300195161175534 6
    endloop
  endfacet
  facet normal 0 0 1
    outer loop
      vertex 11.41 6.300195161175534 6
      vertex 11.557047612756302 5.08518543427733 6
      vertex 11.866708580912725 5.190301168721783 6
    endloop
  endfacet
  facet normal 0 0 1
    outer loop
      vertex 11.41 6.300195161175534 6
      vertex 11.866708580912725 5.190301168721783 6
      vertex 11.56 6.37416697508023 6
    endloop
  endfacet
  facet normal 0 0 1
    outer loop
      vertex 11.56 6.37416697508023 6
      vertex 11.866708580912725 5.190301168721783 6
      vertex 11.701389857711337 6.468640657621394 6
    endloop
  endfacet
  facet normal 0 0 1
    outer loop
      vertex 11.701389857711337 6.468640657621394 6
      vertex 11.866708580912725 5.190301168721783 6
      vertex 11.829238815542512 6.580761184457488 6
    endloop
  endfacet
  facet normal 0 0 1
    outer loop
      vertex 11.829238815542512 6.580761184457488 6
      vertex 11.866708580912725 5.190301168721783 6
      vertex 12.16 5.334936490538904 6
    endloop
  endfacet
  facet normal 0 0 1
    outer loop
      vertex 11.829238815542512 6.580761184457488 6
      vertex 12.16 5.334936490538904 6
      vertex 11.941359342378606 6.708610142288663 6
    endloop
  endfacet
  facet normal 0 0 1
    outer loop
      vertex 11.941359342378606 6.708610142288663 6
      vertex 12.16 5.334936490538904 6
      vertex 12.03583302491977 6.85 6
    endloop
  endfacet
  facet normal 0 0 1
    outer loop
      vertex 12.03583302491977 6.85 6
      vertex 12.16 5.334936490538904 6
      vertex 12.111043392264673 7.0025115379253835 6
    endloop
  endfacet
  facet normal 0 0 1
    outer loop
      vertex 12.111043392264673 7.0025115379253835 6
      vertex 12.16 5.334936490538904 6
      vertex 12.4319035725218 5.516616649271912 6
    endloop
  endfacet
  facet normal 0.4422886902190048 0.8968727415326865 1.95206237869504e-18
    outer loop
      vertex 11.866708580912725 9.809698831278217 6
      vertex 12.16 9.665063509461095 6
      vertex 12.16 9.665063509461095 3
    endloop
  endfacet
  facet normal 0.5555702330196005 0.8314696123025463 3.4639486812979453e-18
    outer loop
      vertex 12.16 9.665063509461095 6
      vertex 12.4319035725218 9.483383350728088 6
      vertex 12.4319035725218 9.483383350728088 3
    endloop
  endfacet
  facet normal 0.8314696123025463 0.5555702330196005 0
    outer loop
      vertex 12.893383350728088 9.0219035725218 6
      vertex 13.075063509461096 8.75 6
      vertex 12.893383350728088 9.0219035725218 3
    endloop
  endfacet
  facet normal 0.8968727415326865 0.4422886902190048 0
    outer loop
      vertex 13.075063509461096 8.75 6
      vertex 13.219698831278217 8.456708580912725 6
      vertex 13.075063509461096 8.75 3
    endloop
  endfacet
  facet normal 0.6593458151000677 0.7518398074789784 6.350715068325837e-19
    outer loop
      vertex 12.4319035725218 9.483383350728088 6
      vertex 12.677766952966369 9.267766952966369 6
      vertex 12.677766952966369 9.267766952966369 3
    endloop
  endfacet
  facet normal 0.7518398074789784 0.6593458151000677 0
    outer loop
      vertex 12.677766952966369 9.267766952966369 6
      vertex 12.893383350728088 9.0219035725218 6
      vertex 12.677766952966369 9.267766952966369 3
    endloop
  endfacet
  facet normal 0 0 1
    outer loop
      vertex 10.583684519449871 5.021387846565474 6
      vertex 10.91 5 6
      vertex 10.583684519449871 9.978612153434526 6
    endloop
  endfacet
  facet normal 0 0 1
    outer loop
      vertex 10.91 5 6
      vertex 11.236315480550129 5.021387846565474 6
      vertex 10.91 10 6
    endloop
  endfacet
  facet normal 0 0 1
    outer loop
      vertex 10.583684519449871 5.021387846565474 6
      vertex 10.583684519449871 9.978612153434526 6
      vertex 10.41 8.699804838824466 6
    endloop
  endfacet
  facet normal 0 0 1
    outer loop
      vertex 11.236315480550129 5.021387846565474 6
      vertex 11.41 6.300195161175534 6
      vertex 11.236315480550129 9.978612153434526 6
    endloop
  endfacet
  facet normal 0 0 1
    outer loop
      vertex 10.583684519449871 9.978612153434526 6
      vertex 10.91 5 6
      vertex 10.91 10 6
    endloop
  endfacet
  facet normal 0 0 1
    outer loop
      vertex 11.236315480550129 5.021387846565474 6
      vertex 11.236315480550129 9.978612153434526 6
      vertex 10.91 10 6
    endloop
  endfacet
  facet normal 0 0 1
    outer loop
      vertex 11.41 6.300195161175534 6
      vertex 11.41 8.699804838824466 6
      vertex 11.236315480550129 9.978612153434526 6
    endloop
  endfacet
  facet normal 0 0 1
    outer loop
      vertex 11.701389857711337 8.531359342378606 6
      vertex 11.829238815542512 8.419238815542512 6
      vertex 11.866708580912725 9.809698831278217 6
    endloop
  endfacet
  facet normal 0 0 1
    outer loop
      vertex 11.41 8.699804838824466 6
      vertex 11.56 8.62583302491977 6
      vertex 11.557047612756302 9.91481456572267 6
    endloop
  endfacet
  facet normal 0 0 1
    outer loop
      vertex 11.41 8.699804838824466 6
      vertex 11.557047612756302 9.91481456572267 6
      vertex 11.236315480550129 9.978612153434526 6
    endloop
  endfacet
  facet normal 0 0 1
    outer loop
      vertex 11.56 8.62583302491977 6
      vertex 11.701389857711337 8.531359342378606 6
      vertex 11.557047612756302 9.91481456572267 6
    endloop
  endfacet
  facet normal 0 0 1
    outer loop
      vertex 11.701389857711337 8.531359342378606 6
      vertex 11.866708580912725 9.809698831278217 6
      vertex 11.557047612756302 9.91481456572267 6
    endloop
  endfacet
  facet normal 0 0 1
    outer loop
      vertex 12.111043392264673 7.0025115379253835 6
      vertex 12.4319035725218 5.516616649271912 6
      vertex 12.165703574175788 7.1635352413667235 6
    endloop
  endfacet
  facet normal 0 0 1
    outer loop
      vertex 12.4319035725218 5.516616649271912 6
      vertex 12.198878319785953 7.330315950113933 6
      vertex 12.165703574175788 7.1635352413667235 6
    endloop
  endfacet
  facet normal 0 0 1
    outer loop
      vertex 12.4319035725218 5.516616649271912 6
      vertex 12.21 7.5 6
      vertex 12.198878319785953 7.330315950113933 6
    endloop
  endfacet
  facet normal 0 0 1
    outer loop
      vertex 12.4319035725218 5.516616649271912 6
      vertex 12.677766952966369 5.732233047033631 6
      vertex 12.4319035725218 9.483383350728088 6
    endloop
  endfacet
  facet normal 0 0 1
    outer loop
      vertex 12.4319035725218 5.516616649271912 6
      vertex 12.16 9.665063509461095 6
      vertex 12.21 7.5 6
    endloop
  endfacet
  facet normal 0 0 1
    outer loop
      vertex 12.677766952966369 5.732233047033631 6
      vertex 12.893383350728088 5.9780964274781985 6
      vertex 12.677766952966369 9.267766952966369 6
    endloop
  endfacet
  facet normal 0 0 1
    outer loop
      vertex 12.893383350728088 5.9780964274781985 6
      vertex 13.075063509461096 6.25 6
      vertex 12.893383350728088 9.0219035725218 6
    endloop
  endfacet
  facet normal 0 0 1
    outer loop
      vertex 13.075063509461096 6.25 6
      vertex 13.219698831278217 6.543291419087275 6
      vertex 13.075063509461096 8.75 6
    endloop
  endfacet
  facet normal 0 0 1
    outer loop
      vertex 12.677766952966369 9.267766952966369 6
      vertex 12.893383350728088 5.9780964274781985 6
      vertex 12.893383350728088 9.0219035725218 6
    endloop
  endfacet
  facet normal 0 0 1
    outer loop
      vertex 13.075063509461096 6.25 6
      vertex 13.075063509461096 8.75 6
      vertex 12.893383350728088 9.0219035725218 6
    endloop
  endfacet
  facet normal 0 0 1
    outer loop
      vertex 13.219698831278217 6.543291419087275 6
      vertex 13.219698831278217 8.456708580912725 6
      vertex 13.075063509461096 8.75 6
    endloop
  endfacet
  facet normal 0 0 1
    outer loop
      vertex 12.198878319785953 7.669684049886067 6
      vertex 12.21 7.5 6
      vertex 12.16 9.665063509461095 6
    endloop
  endfacet
  facet normal 0 0 1
    outer loop
      vertex 12.198878319785953 7.669684049886067 6
      vertex 12.16 9.665063509461095 6
      vertex 12.165703574175788 7.8364647586332765 6
    endloop
  endfacet
  facet normal 0 0 1
    outer loop
      vertex 12.111043392264673 7.9974884620746165 6
      vertex 12.165703574175788 7.8364647586332765 6
      vertex 12.16 9.665063509461095 6
    endloop
  endfacet
  facet normal 0 0 1
    outer loop
      vertex 11.941359342378606 8.291389857711337 6
      vertex 12.03583302491977 8.15 6
      vertex 11.866708580912725 9.809698831278217 6
    endloop
  endfacet
  facet normal 0 0 1
    outer loop
      vertex 11.829238815542512 8.419238815542512 6
      vertex 11.941359342378606 8.291389857711337 6
      vertex 11.866708580912725 9.809698831278217 6
    endloop
  endfacet
  facet normal 0 0 1
    outer loop
      vertex 12.111043392264673 7.9974884620746165 6
      vertex 12.16 9.665063509461095 6
      vertex 12.03583302491977 8.15 6
    endloop
  endfacet
  facet normal 0 0 1
    outer loop
      vertex 12.4319035725218 5.516616649271912 6
      vertex 12.4319035725218 9.483383350728088 6
      vertex 12.16 9.665063509461095 6
    endloop
  endfacet
  facet normal 0 0 1
    outer loop
      vertex 12.03583302491977 8.15 6
      vertex 12.16 9.665063509461095 6
      vertex 11.866708580912725 9.809698831278217 6
    endloop
  endfacet
  facet normal 0 0 1
    outer loop
      vertex 12.677766952966369 5.732233047033631 6
      vertex 12.677766952966369 9.267766952966369 6
      vertex 12.4319035725218 9.483383350728088 6
    endloop
  endfacet
  facet normal -0.06540312923014452 0.9978589232386034 1.9811943396729997e-19
    outer loop
      vertex 10.583684519449871 9.978612153434526 6
      vertex 10.91 10 6
      vertex 10.91 10 3
    endloop
  endfacet
  facet normal 0.06540312923014452 0.9978589232386034 -1.9811943396729997e-19
    outer loop
      vertex 10.91 10 6
      vertex 11.236315480550129 9.978612153434526 6
      vertex 11.236315480550129 9.978612153434526 3
    endloop
  endfacet
  facet normal 0.19509032201612833 0.9807852804032304 1.164634876099648e-18
    outer loop
      vertex 11.236315480550129 9.978612153434526 6
      vertex 11.557047612756302 9.91481456572267 6
      vertex 11.557047612756302 9.91481456572267 3
    endloop
  endfacet
  facet normal 0.32143946530315926 0.9469301294951064 2.7227407015936486e-18
    outer loop
      vertex 11.557047612756302 9.91481456572267 6
      vertex 11.866708580912725 9.809698831278217 6
      vertex 11.866708580912725 9.809698831278217 3
    endloop
  endfacet
  facet normal 0.9469301294951064 -0.32143946530315926 -2.7227407015936486e-18
    outer loop
      vertex 13.219698831278217 6.543291419087275 6
      vertex 13.32481456572267 6.852952387243699 3
      vertex 13.32481456572267 6.852952387243699 6
    endloop
  endfacet
  facet normal 0.9807852804032304 -0.19509032201612833 -1.164634876099648e-18
    outer loop
      vertex 13.32481456572267 6.852952387243699 6
      vertex 13.388612153434526 7.173684519449871 3
      vertex 13.388612153434526 7.173684519449871 6
    endloop
  endfacet
  facet normal 0.9978589232386034 -0.06540312923014452 1.9811943396729997e-19
    outer loop
      vertex 13.388612153434526 7.173684519449871 6
      vertex 13.41 7.5 3
      vertex 13.41 7.5 6
    endloop
  endfacet
  facet normal 0.9978589232386034 0.06540312923014452 -1.9811943396729997e-19
    outer loop
      vertex 13.41 7.5 6
      vertex 13.388612153434526 7.826315480550129 3
      vertex 13.388612153434526 7.826315480550129 6
    endloop
  endfacet
  facet normal 0.9807852804032304 0.19509032201612833 1.164634876099648e-18
    outer loop
      vertex 13.388612153434526 7.826315480550129 6
      vertex 13.32481456572267 8.147047612756301 3
      vertex 13.32481456572267 8.147047612756301 6
    endloop
  endfacet
  facet normal 0.9469301294951064 0.32143946530315926 0
    outer loop
      vertex 13.219698831278217 8.456708580912725 6
      vertex 13.32481456572267 8.147047612756301 6
      vertex 13.219698831278217 8.456708580912725 3
    endloop
  endfacet
  facet normal 0 0 1
    outer loop
      vertex 13.219698831278217 6.543291419087275 6
      vertex 13.32481456572267 6.852952387243699 6
      vertex 13.219698831278217 8.456708580912725 6
    endloop
  endfacet
  facet normal 0 0 1
    outer loop
      vertex 13.32481456572267 6.852952387243699 6
      vertex 13.388612153434526 7.173684519449871 6
      vertex 13.32481456572267 8.147047612756301 6
    endloop
  endfacet
  facet normal 0 0 1
    outer loop
      vertex 13.388612153434526 7.173684519449871 6
      vertex 13.41 7.5 6
      vertex 13.388612153434526 7.826315480550129 6
    endloop
  endfacet
  facet normal 0 0 1
    outer loop
      vertex 13.388612153434526 7.173684519449871 6
      vertex 13.388612153434526 7.826315480550129 6
      vertex 13.32481456572267 8.147047612756301 6
    endloop
  endfacet
  facet normal 0 0 1
    outer loop
      vertex 13.32481456572267 6.852952387243699 6
      vertex 13.32481456572267 8.147047612756301 6
      vertex 13.219698831278217 8.456708580912725 6
    endloop
  endfacet
  facet normal -1 0 0
    outer loop
      vertex -6 -13 0
      vertex -6 -13 3
      vertex -6 13 3
    endloop
  endfacet
  facet normal 0 0 1
    outer loop
      vertex -6 -13 3
      vertex 8.926616649271912 -5.9780964274781985 3
      vertex -6 13 3
    endloop
  endfacet
  facet normal 0 -1 0
    outer loop
      vertex -6 -13 0
      vertex 16 -13 3
      vertex -6 -13 3
    endloop
  endfacet
  facet normal 0 0 1
    outer loop
      vertex -6 -13 3
      vertex 9.3880964274782 -9.483383350728088 3
      vertex 9.142233047033631 -9.267766952966369 3
    endloop
  endfacet
  facet normal 0 0 1
    outer loop
      vertex -6 -13 3
      vertex 8.926616649271912 -9.0219035725218 3
      vertex 8.744936490538905 -8.75 3
    endloop
  endfacet
  facet normal 0 0 1
    outer loop
      vertex -6 -13 3
      vertex 8.744936490538905 -8.75 3
      vertex 8.600301168721783 -8.456708580912725 3
    endloop
  endfacet
  facet normal 0 0 1
    outer loop
      vertex -6 -13 3
      vertex 8.600301168721783 -8.456708580912725 3
      vertex 8.49518543427733 -8.147047612756301 3
    endloop
  endfacet
  facet normal 0 0 1
    outer loop
      vertex -6 -13 3
      vertex 9.142233047033631 -9.267766952966369 3
      vertex 8.926616649271912 -9.0219035725218 3
    endloop
  endfacet
  facet normal 0 0 1
    outer loop
      vertex -6 -13 3
      vertex 9.66 -9.665063509461095 3
      vertex 9.3880964274782 -9.483383350728088 3
    endloop
  endfacet
  facet normal 0 0 1
    outer loop
      vertex -6 -13 3
      vertex 9.953291419087275 -9.809698831278217 3
      vertex 9.66 -9.665063509461095 3
    endloop
  endfacet
  facet normal 0 0 1
    outer loop
      vertex -6 -13 3
      vertex 10.262952387243699 -9.91481456572267 3
      vertex 9.953291419087275 -9.809698831278217 3
    endloop
  endfacet
  facet normal 0 0 1
    outer loop
      vertex -6 -13 3
      vertex 10.583684519449871 -9.978612153434526 3
      vertex 10.262952387243699 -9.91481456572267 3
    endloop
  endfacet
  facet normal 0 0 1
    outer loop
      vertex -6 -13 3
      vertex 8.431387846565475 -7.826315480550129 3
      vertex 8.41 -7.5 3
    endloop
  endfacet
  facet normal 0 0 1
    outer loop
      vertex -6 -13 3
      vertex 8.41 -7.5 3
      vertex 8.431387846565475 -7.173684519449871 3
    endloop
  endfacet
  facet normal 0 0 1
    outer loop
      vertex -6 -13 3
      vertex 8.49518543427733 -8.147047612756301 3
      vertex 8.431387846565475 -7.826315480550129 3
    endloop
  endfacet
  facet normal 0 0 1
    outer loop
      vertex -6 -13 3
      vertex 8.431387846565475 -7.173684519449871 3
      vertex 8.49518543427733 -6.852952387243699 3
    endloop
  endfacet
  facet normal 0 0 1
    outer loop
      vertex -6 -13 3
      vertex 8.49518543427733 -6.852952387243699 3
      vertex 8.600301168721783 -6.543291419087275 3
    endloop
  endfacet
  facet normal 0 0 1
    outer loop
      vertex -6 -13 3
      vertex 8.600301168721783 -6.543291419087275 3
      vertex 8.744936490538905 -6.25 3
    endloop
  endfacet
  facet normal 0 0 1
    outer loop
      vertex -6 -13 3
      vertex 8.744936490538905 -6.25 3
      vertex 8.926616649271912 -5.9780964274781985 3
    endloop
  endfacet
  facet normal -1 0 0
    outer loop
      vertex -6 -13 0
      vertex -6 13 3
      vertex -6 13 0
    endloop
  endfacet
  facet normal 0 0 -1
    outer loop
      vertex -6 -13 0
      vertex -6 13 0
      vertex 16 13 0
    endloop
  endfacet
  facet normal 0 0 1
    outer loop
      vertex -6 13 3
      vertex 8.926616649271912 -5.9780964274781985 3
      vertex 9.142233047033631 -5.732233047033631 3
    endloop
  endfacet
  facet normal 0 0 1
    outer loop
      vertex -6 13 3
      vertex 9.142233047033631 -5.732233047033631 3
      vertex 9.3880964274782 -5.516616649271912 3
    endloop
  endfacet
  facet normal 0 0 1
    outer loop
      vertex -6 13 3
      vertex 9.3880964274782 -5.516616649271912 3
      vertex 9.66 -5.334936490538904 3
    endloop
  endfacet
  facet normal 0 0 1
    outer loop
      vertex -6 13 3
      vertex 9.66 -5.334936490538904 3
      vertex 9.953291419087275 -5.190301168721783 3
    endloop
  endfacet
  facet normal 0 0 1
    outer loop
      vertex -6 13 3
      vertex 9.953291419087275 -5.190301168721783 3
      vertex 10.262952387243699 -5.08518543427733 3
    endloop
  endfacet
  facet normal 0 0 1
    outer loop
      vertex -6 13 3
      vertex 10.262952387243699 -5.08518543427733 3
      vertex 10.583684519449871 -5.021387846565474 3
    endloop
  endfacet
  facet normal 0 0 1
    outer loop
      vertex -6 13 3
      vertex 10.583684519449871 -5.021387846565474 3
      vertex 8.49518543427733 6.852952387243699 3
    endloop
  endfacet
  facet normal 0 1 0
    outer loop
      vertex -6 13 0
      vertex -6 13 3
      vertex 16 13 0
    endloop
  endfacet
  facet normal 0 0 1
    outer loop
      vertex -6 13 3
      vertex 8.431387846565475 7.173684519449871 3
      vertex 8.41 7.5 3
    endloop
  endfacet
  facet normal 0 0 1
    outer loop
      vertex -6 13 3
      vertex 8.41 7.5 3
      vertex 8.431387846565475 7.826315480550129 3
    endloop
  endfacet
  facet normal 0 0 1
    outer loop
      vertex -6 13 3
      vertex 8.49518543427733 6.852952387243699 3
      vertex 8.431387846565475 7.173684519449871 3
    endloop
  endfacet
  facet normal 0 0 1
    outer loop
      vertex -6 13 3
      vertex 8.431387846565475 7.826315480550129 3
      vertex 8.49518543427733 8.147047612756301 3
    endloop
  endfacet
  facet normal 0 0 1
    outer loop
      vertex -6 13 3
      vertex 8.49518543427733 8.147047612756301 3
      vertex 8.600301168721783 8.456708580912725 3
    endloop
  endfacet
  facet normal 0 0 1
    outer loop
      vertex -6 13 3
      vertex 8.600301168721783 8.456708580912725 3
      vertex 8.744936490538905 8.75 3
    endloop
  endfacet
  facet normal 0 0 1
    outer loop
      vertex -6 13 3
      vertex 8.744936490538905 8.75 3
      vertex 8.926616649271912 9.0219035725218 3
    endloop
  endfacet
  facet normal 0 0 1
    outer loop
      vertex -6 13 3
      vertex 8.926616649271912 9.0219035725218 3
      vertex 9.142233047033631 9.267766952966369 3
    endloop
  endfacet
  facet normal 0 0 1
    outer loop
      vertex -6 13 3
      vertex 9.142233047033631 9.267766952966369 3
      vertex 9.3880964274782 9.483383350728088 3
    endloop
  endfacet
  facet normal 0 0 1
    outer loop
      vertex -6 13 3
      vertex 9.3880964274782 9.483383350728088 3
      vertex 9.66 9.665063509461095 3
    endloop
  endfacet
  facet normal 0 0 1
    outer loop
      vertex -6 13 3
      vertex 9.66 9.665063509461095 3
      vertex 9.953291419087275 9.809698831278217 3
    endloop
  endfacet
  facet normal 0 0 1
    outer loop
      vertex -6 13 3
      vertex 9.953291419087275 9.809698831278217 3
      vertex 10.262952387243699 9.91481456572267 3
    endloop
  endfacet
  facet normal 0 0 1
    outer loop
      vertex -6 13 3
      vertex 10.262952387243699 9.91481456572267 3
      vertex 10.583684519449871 9.978612153434526 3
    endloop
  endfacet
  facet normal 0 -1 0
    outer loop
      vertex -6 -13 0
      vertex 16 -13 0
      vertex 16 -13 3
    endloop
  endfacet
  facet normal 0 0 1
    outer loop
      vertex -6 -13 3
      vertex 10.91 -10 3
      vertex 10.583684519449871 -9.978612153434526 3
    endloop
  endfacet
  facet normal 0 0 1
    outer loop
      vertex -6 -13 3
      vertex 11.236315480550129 -9.978612153434526 3
      vertex 10.91 -10 3
    endloop
  endfacet
  facet normal 0 0 1
    outer loop
      vertex -6 -13 3
      vertex 16 -13 3
      vertex 11.236315480550129 -9.978612153434526 3
    endloop
  endfacet
  facet normal 0 0 -1
    outer loop
      vertex -6 -13 0
      vertex 16 13 0
      vertex 16 -13 0
    endloop
  endfacet
  facet normal 0 0 1
    outer loop
      vertex 16 -13 3
      vertex 11.557047612756302 -9.91481456572267 3
      vertex 11.236315480550129 -9.978612153434526 3
    endloop
  endfacet
  facet normal 0 0 1
    outer loop
      vertex 16 -13 3
      vertex 11.866708580912725 -9.809698831278217 3
      vertex 11.557047612756302 -9.91481456572267 3
    endloop
  endfacet
  facet normal 0 0 1
    outer loop
      vertex 16 -13 3
      vertex 12.16 -9.665063509461095 3
      vertex 11.866708580912725 -9.809698831278217 3
    endloop
  endfacet
  facet normal 0 0 1
    outer loop
      vertex 16 -13 3
      vertex 12.4319035725218 -9.483383350728088 3
      vertex 12.16 -9.665063509461095 3
    endloop
  endfacet
  facet normal 0 0 1
    outer loop
      vertex 16 -13 3
      vertex 12.677766952966369 -9.267766952966369 3
      vertex 12.4319035725218 -9.483383350728088 3
    endloop
  endfacet
  facet normal 0 0 1
    outer loop
      vertex 16 -13 3
      vertex 12.893383350728088 -9.0219035725218 3
      vertex 12.677766952966369 -9.267766952966369 3
    endloop
  endfacet
  facet normal 0 0 1
    outer loop
      vertex 16 -13 3
      vertex 13.075063509461096 -8.75 3
      vertex 12.893383350728088 -9.0219035725218 3
    endloop
  endfacet
  facet normal 0 0 1
    outer loop
      vertex 16 -13 3
      vertex 13.219698831278217 -8.456708580912725 3
      vertex 13.075063509461096 -8.75 3
    endloop
  endfacet
  facet normal 0 0 1
    outer loop
      vertex 16 -13 3
      vertex 13.32481456572267 -8.147047612756301 3
      vertex 13.219698831278217 -8.456708580912725 3
    endloop
  endfacet
  facet normal 0 0 1
    outer loop
      vertex 16 -13 3
      vertex 13.388612153434526 -7.826315480550129 3
      vertex 13.32481456572267 -8.147047612756301 3
    endloop
  endfacet
  facet normal 0 0 1
    outer loop
      vertex 16 -13 3
      vertex 13.41 -7.5 3
      vertex 13.388612153434526 -7.826315480550129 3
    endloop
  endfacet
  facet normal 1 0 0
    outer loop
      vertex 16 -13 0
      vertex 16 13 0
      vertex 16 -13 3
    endloop
  endfacet
  facet normal 0 0 1
    outer loop
      vertex 10.583684519449871 -5.021387846565474 3
      vertex 10.91 -5 3
      vertex 10.91 5 3
    endloop
  endfacet
  facet normal 0 0 1
    outer loop
      vertex 10.91 -5 3
      vertex 11.236315480550129 -5.021387846565474 3
      vertex 11.236315480550129 5.021387846565474 3
    endloop
  endfacet
  facet normal 0 0 1
    outer loop
      vertex 11.236315480550129 -5.021387846565474 3
      vertex 11.557047612756302 -5.08518543427733 3
      vertex 11.557047612756302 5.08518543427733 3
    endloop
  endfacet
  facet normal 0 0 1
    outer loop
      vertex 11.557047612756302 -5.08518543427733 3
      vertex 11.866708580912725 -5.190301168721783 3
      vertex 11.866708580912725 5.190301168721783 3
    endloop
  endfacet
  facet normal 0 0 1
    outer loop
      vertex 11.866708580912725 -5.190301168721783 3
      vertex 12.16 -5.334936490538904 3
      vertex 12.16 5.334936490538904 3
    endloop
  endfacet
  facet normal 0 0 1
    outer loop
      vertex 12.16 -5.334936490538904 3
      vertex 12.4319035725218 -5.516616649271912 3
      vertex 12.4319035725218 5.516616649271912 3
    endloop
  endfacet
  facet normal 0 0 1
    outer loop
      vertex 12.4319035725218 -5.516616649271912 3
      vertex 12.677766952966369 -5.732233047033631 3
      vertex 12.677766952966369 5.732233047033631 3
    endloop
  endfacet
  facet normal 0 0 1
    outer loop
      vertex 12.677766952966369 -5.732233047033631 3
      vertex 12.893383350728088 -5.9780964274781985 3
      vertex 12.893383350728088 5.9780964274781985 3
    endloop
  endfacet
  facet normal 0 0 1
    outer loop
      vertex 13.075063509461096 -6.25 3
      vertex 13.219698831278217 -6.543291419087275 3
      vertex 13.219698831278217 6.543291419087275 3
    endloop
  endfacet
  facet normal 0 0 1
    outer loop
      vertex 12.893383350728088 -5.9780964274781985 3
      vertex 13.075063509461096 -6.25 3
      vertex 13.075063509461096 6.25 3
    endloop
  endfacet
  facet normal 0 0 1
    outer loop
      vertex 13.41 -7.5 3
      vertex 13.41 7.5 3
      vertex 13.388612153434526 -7.173684519449871 3
    endloop
  endfacet
  facet normal 0 0 1
    outer loop
      vertex 13.388612153434526 -7.173684519449871 3
      vertex 13.388612153434526 7.173684519449871 3
      vertex 13.32481456572267 -6.852952387243699 3
    endloop
  endfacet
  facet normal 0 0 1
    outer loop
      vertex 13.32481456572267 -6.852952387243699 3
      vertex 13.32481456572267 6.852952387243699 3
      vertex 13.219698831278217 -6.543291419087275 3
    endloop
  endfacet
  facet normal 0 0 1
    outer loop
      vertex 16 -13 3
      vertex 16 13 3
      vertex 13.41 -7.5 3
    endloop
  endfacet
  facet normal 0 0 1
    outer loop
      vertex 10.583684519449871 -5.021387846565474 3
      vertex 8.926616649271912 5.9780964274781985 3
      vertex 8.744936490538905 6.25 3
    endloop
  endfacet
  facet normal 0 0 1
    outer loop
      vertex 10.583684519449871 -5.021387846565474 3
      vertex 9.142233047033631 5.732233047033631 3
      vertex 8.926616649271912 5.9780964274781985 3
    endloop
  endfacet
  facet normal 0 0 1
    outer loop
      vertex 10.583684519449871 -5.021387846565474 3
      vertex 9.3880964274782 5.516616649271912 3
      vertex 9.142233047033631 5.732233047033631 3
    endloop
  endfacet
  facet normal 0 0 1
    outer loop
      vertex 10.583684519449871 -5.021387846565474 3
      vertex 8.600301168721783 6.543291419087275 3
      vertex 8.49518543427733 6.852952387243699 3
    endloop
  endfacet
  facet normal 0 0 1
    outer loop
      vertex 10.583684519449871 -5.021387846565474 3
      vertex 8.744936490538905 6.25 3
      vertex 8.600301168721783 6.543291419087275 3
    endloop
  endfacet
  facet normal 0 0 1
    outer loop
      vertex 10.583684519449871 -5.021387846565474 3
      vertex 9.66 5.334936490538904 3
      vertex 9.3880964274782 5.516616649271912 3
    endloop
  endfacet
  facet normal 0 0 1
    outer loop
      vertex 10.583684519449871 -5.021387846565474 3
      vertex 9.953291419087275 5.190301168721783 3
      vertex 9.66 5.334936490538904 3
    endloop
  endfacet
  facet normal 0 0 1
    outer loop
      vertex 10.583684519449871 -5.021387846565474 3
      vertex 10.262952387243699 5.08518543427733 3
      vertex 9.953291419087275 5.190301168721783 3
    endloop
  endfacet
  facet normal 0 0 1
    outer loop
      vertex 10.583684519449871 -5.021387846565474 3
      vertex 10.583684519449871 5.021387846565474 3
      vertex 10.262952387243699 5.08518543427733 3
    endloop
  endfacet
  facet normal 0 1 0
    outer loop
      vertex -6 13 3
      vertex 16 13 3
      vertex 16 13 0
    endloop
  endfacet
  facet normal 0 0 1
    outer loop
      vertex -6 13 3
      vertex 10.583684519449871 9.978612153434526 3
      vertex 10.91 10 3
    endloop
  endfacet
  facet normal 0 0 1
    outer loop
      vertex -6 13 3
      vertex 10.91 10 3
      vertex 11.236315480550129 9.978612153434526 3
    endloop
  endfacet
  facet normal 0 0 1
    outer loop
      vertex -6 13 3
      vertex 11.236315480550129 9.978612153434526 3
      vertex 16 13 3
    endloop
  endfacet
  facet normal 1 0 0
    outer loop
      vertex 16 -13 3
      vertex 16 13 0
      vertex 16 13 3
    endloop
  endfacet
  facet normal 0 0 1
    outer loop
      vertex 10.583684519449871 -5.021387846565474 3
      vertex 10.91 5 3
      vertex 10.583684519449871 5.021387846565474 3
    endloop
  endfacet
  facet normal 0 0 1
    outer loop
      vertex 10.91 5 3
      vertex 10.91 -5 3
      vertex 11.236315480550129 5.021387846565474 3
    endloop
  endfacet
  facet normal 0 0 1
    outer loop
      vertex 11.236315480550129 -5.021387846565474 3
      vertex 11.557047612756302 5.08518543427733 3
      vertex 11.236315480550129 5.021387846565474 3
    endloop
  endfacet
  facet normal 0 0 1
    outer loop
      vertex 11.557047612756302 -5.08518543427733 3
      vertex 11.866708580912725 5.190301168721783 3
      vertex 11.557047612756302 5.08518543427733 3
    endloop
  endfacet
  facet normal 0 0 1
    outer loop
      vertex 11.866708580912725 -5.190301168721783 3
      vertex 12.16 5.334936490538904 3
      vertex 11.866708580912725 5.190301168721783 3
    endloop
  endfacet
  facet normal 0 0 1
    outer loop
      vertex 12.16 -5.334936490538904 3
      vertex 12.4319035725218 5.516616649271912 3
      vertex 12.16 5.334936490538904 3
    endloop
  endfacet
  facet normal 0 0 1
    outer loop
      vertex 12.4319035725218 -5.516616649271912 3
      vertex 12.677766952966369 5.732233047033631 3
      vertex 12.4319035725218 5.516616649271912 3
    endloop
  endfacet
  facet normal 0 0 1
    outer loop
      vertex 12.677766952966369 -5.732233047033631 3
      vertex 12.893383350728088 5.9780964274781985 3
      vertex 12.677766952966369 5.732233047033631 3
    endloop
  endfacet
  facet normal 0 0 1
    outer loop
      vertex 12.893383350728088 -5.9780964274781985 3
      vertex 13.075063509461096 6.25 3
      vertex 12.893383350728088 5.9780964274781985 3
    endloop
  endfacet
  facet normal 0 0 1
    outer loop
      vertex 13.075063509461096 -6.25 3
      vertex 13.219698831278217 6.543291419087275 3
      vertex 13.075063509461096 6.25 3
    endloop
  endfacet
  facet normal 0 0 1
    outer loop
      vertex 13.219698831278217 -6.543291419087275 3
      vertex 13.32481456572267 6.852952387243699 3
      vertex 13.219698831278217 6.543291419087275 3
    endloop
  endfacet
  facet normal 0 0 1
    outer loop
      vertex 13.32481456572267 -6.852952387243699 3
      vertex 13.388612153434526 7.173684519449871 3
      vertex 13.32481456572267 6.852952387243699 3
    endloop
  endfacet
  facet normal 0 0 1
    outer loop
      vertex 13.388612153434526 -7.173684519449871 3
      vertex 13.41 7.5 3
      vertex 13.388612153434526 7.173684519449871 3
    endloop
  endfacet
  facet normal 0 0 1
    outer loop
      vertex 16 13 3
      vertex 13.41 7.5 3
      vertex 13.41 -7.5 3
    endloop
  endfacet
  facet normal 0 0 1
    outer loop
      vertex 16 13 3
      vertex 11.236315480550129 9.978612153434526 3
      vertex 11.557047612756302 9.91481456572267 3
    endloop
  endfacet
  facet normal 0 0 1
    outer loop
      vertex 16 13 3
      vertex 11.557047612756302 9.91481456572267 3
      vertex 11.866708580912725 9.809698831278217 3
    endloop
  endfacet
  facet normal 0 0 1
    outer loop
      vertex 16 13 3
      vertex 13.388612153434526 7.826315480550129 3
      vertex 13.41 7.5 3
    endloop
  endfacet
  facet normal 0 0 1
    outer loop
      vertex 16 13 3
      vertex 13.32481456572267 8.147047612756301 3
      vertex 13.388612153434526 7.826315480550129 3
    endloop
  endfacet
  facet normal 0 0 1
    outer loop
      vertex 16 13 3
      vertex 12.677766952966369 9.267766952966369 3
      vertex 12.893383350728088 9.0219035725218 3
    endloop
  endfacet
  facet normal 0 0 1
    outer loop
      vertex 16 13 3
      vertex 11.866708580912725 9.809698831278217 3
      vertex 12.16 9.665063509461095 3
    endloop
  endfacet
  facet normal 0 0 1
    outer loop
      vertex 16 13 3
      vertex 12.16 9.665063509461095 3
      vertex 12.4319035725218 9.483383350728088 3
    endloop
  endfacet
  facet normal 0 0 1
    outer loop
      vertex 16 13 3
      vertex 12.4319035725218 9.483383350728088 3
      vertex 12.677766952966369 9.267766952966369 3
    endloop
  endfacet
  facet normal 0 0 1
    outer loop
      vertex 16 13 3
      vertex 13.075063509461096 8.75 3
      vertex 13.219698831278217 8.456708580912725 3
    endloop
  endfacet
  facet normal 0 0 1
    outer loop
      vertex 16 13 3
      vertex 13.219698831278217 8.456708580912725 3
      vertex 13.32481456572267 8.147047612756301 3
    endloop
  endfacet
  facet normal 0 0 1
    outer loop
      vertex 16 13 3
      vertex 12.893383350728088 9.0219035725218 3
      vertex 13.075063509461096 8.75 3
    endloop
  endfacet
endsolid OpenSCAD_Model
