solid OpenSCAD_Model
  facet normal 0 -1 0
    outer loop
      vertex 0.23 5.92 1.6
      vertex 4.41 5.92 1.6
      vertex 4.41 5.92 4.5
    endloop
  endfacet
  facet normal 1 0 0
    outer loop
      vertex 4.41 5.92 1.6
      vertex 4.41 11.86 1.6
      vertex 4.41 5.92 4.5
    endloop
  endfacet
  facet normal 0 -1 0
    outer loop
      vertex 0.23 5.92 1.6
      vertex 4.41 5.92 4.5
      vertex 0.23 5.92 4.5
    endloop
  endfacet
  facet normal -1 0 0
    outer loop
      vertex 0.23 5.92 1.6
      vertex 0.23 5.92 4.5
      vertex 0.23 11.86 4.5
    endloop
  endfacet
  facet normal 0 0 1
    outer loop
      vertex 0.23 5.92 4.5
      vertex 4.41 5.92 4.5
      vertex 0.23 11.86 4.5
    endloop
  endfacet
  facet normal -1 0 0
    outer loop
      vertex 0.23 5.92 1.6
      vertex 0.23 11.86 4.5
      vertex 0.23 11.86 1.6
    endloop
  endfacet
  facet normal 0 1 0
    outer loop
      vertex 0.23 11.86 1.6
      vertex 0.23 11.86 4.5
      vertex 4.41 11.86 1.6
    endloop
  endfacet
  facet normal 0 0 1
    outer loop
      vertex 4.41 5.92 4.5
      vertex 4.41 11.86 4.5
      vertex 0.23 11.86 4.5
    endloop
  endfacet
  facet normal 0 1 0
    outer loop
      vertex 4.41 11.86 1.6
      vertex 0.23 11.86 4.5
      vertex 4.41 11.86 4.5
    endloop
  endfacet
  facet normal 1 0 0
    outer loop
      vertex 4.41 5.92 4.5
      vertex 4.41 11.86 1.6
      vertex 4.41 11.86 4.5
    endloop
  endfacet
  facet normal 0 -1 0
    outer loop
      vertex 20.99 5.92 1.6
      vertex 25.169999999999998 5.92 1.6
      vertex 25.169999999999998 5.92 4.5
    endloop
  endfacet
  facet normal 1 0 0
    outer loop
      vertex 25.169999999999998 5.92 1.6
      vertex 25.169999999999998 11.86 1.6
      vertex 25.169999999999998 5.92 4.5
    endloop
  endfacet
  facet normal -1 0 0
    outer loop
      vertex 20.99 5.92 1.6
      vertex 20.99 5.92 4.5
      vertex 20.99 11.86 4.5
    endloop
  endfacet
  facet normal 0 -1 0
    outer loop
      vertex 20.99 5.92 1.6
      vertex 25.169999999999998 5.92 4.5
      vertex 20.99 5.92 4.5
    endloop
  endfacet
  facet normal 0 0 1
    outer loop
      vertex 20.99 5.92 4.5
      vertex 25.169999999999998 5.92 4.5
      vertex 20.99 11.86 4.5
    endloop
  endfacet
  facet normal -1 0 0
    outer loop
      vertex 20.99 5.92 1.6
      vertex 20.99 11.86 4.5
      vertex 20.99 11.86 1.6
    endloop
  endfacet
  facet normal 0 1 0
    outer loop
      vertex 20.99 11.86 1.6
      vertex 20.99 11.86 4.5
      vertex 25.169999999999998 11.86 1.6
    endloop
  endfacet
  facet normal 1 0 0
    outer loop
      vertex 25.169999999999998 5.92 4.5
      vertex 25.169999999999998 11.86 1.6
      vertex 25.169999999999998 11.86 4.5
    endloop
  endfacet
  facet normal 0 0 1
    outer loop
      vertex 25.169999999999998 5.92 4.5
      vertex 25.169999999999998 11.86 4.5
      vertex 20.99 11.86 4.5
    endloop
  endfacet
  facet normal 0 1 0
    outer loop
      vertex 25.169999999999998 11.86 1.6
      vertex 20.99 11.86 4.5
      vertex 25.169999999999998 11.86 4.5
    endloop
  endfacet
  facet normal -1 0 0
    outer loop
      vertex 5.14 12.05 1.6
      vertex 5.14 13.45 2.5700000000000003
      vertex 5.14 13.45 1.6
    endloop
  endfacet
  facet normal -1 0 0
    outer loop
      vertex 5.14 12.05 1.6
      vertex 5.14 12.05 2.5700000000000003
      vertex 5.14 13.45 2.5700000000000003
    endloop
  endfacet
  facet normal 0 -1 0
    outer loop
      vertex 5.14 12.05 1.6
      vertex 9 12.05 1.6
      vertex 9 12.05 2.5700000000000003
    endloop
  endfacet
  facet normal 0 -1 0
    outer loop
      vertex 5.14 12.05 1.6
      vertex 9 12.05 2.5700000000000003
      vertex 5.14 12.05 2.5700000000000003
    endloop
  endfacet
  facet normal 1 0 0
    outer loop
      vertex 9 12.05 1.6
      vertex 9 13.45 1.6
      vertex 9 12.05 2.5700000000000003
    endloop
  endfacet
  facet normal 1 0 0
    outer loop
      vertex 9 13.45 1.6
      vertex 9 13.45 2.5700000000000003
      vertex 9 12.05 2.5700000000000003
    endloop
  endfacet
  facet normal 0 1 0
    outer loop
      vertex 5.14 13.45 1.6
      vertex 5.14 13.45 2.5700000000000003
      vertex 9 13.45 1.6
    endloop
  endfacet
  facet normal 0 1 0
    outer loop
      vertex 9 13.45 1.6
      vertex 5.14 13.45 2.5700000000000003
      vertex 9 13.45 2.5700000000000003
    endloop
  endfacet
  facet normal 0 0 1
    outer loop
      vertex 5.14 12.05 2.5700000000000003
      vertex 9 12.05 2.5700000000000003
      vertex 5.14 13.45 2.5700000000000003
    endloop
  endfacet
  facet normal 0 0 1
    outer loop
      vertex 5.14 13.45 2.5700000000000003
      vertex 9 12.05 2.5700000000000003
      vertex 9 13.45 2.5700000000000003
    endloop
  endfacet
  facet normal -1 0 0
    outer loop
      vertex 6.2 10.2 1.6
      vertex 6.2 10.6 2.97
      vertex 6.2 10.6 1.6
    endloop
  endfacet
  facet normal 0 -1 0
    outer loop
      vertex 6.2 10.2 1.6
      vertex 7 10.2 1.6
      vertex 7 10.2 2.97
    endloop
  endfacet
  facet normal 1 0 0
    outer loop
      vertex 7 10.2 1.6
      vertex 7 10.6 1.6
      vertex 7 10.2 2.97
    endloop
  endfacet
  facet normal 0 1 0
    outer loop
      vertex 6.2 10.6 1.6
      vertex 6.2 10.6 2.97
      vertex 7 10.6 1.6
    endloop
  endfacet
  facet normal -1 0 0
    outer loop
      vertex 6.2 10.2 1.6
      vertex 6.2 10.2 2.97
      vertex 6.2 10.6 2.97
    endloop
  endfacet
  facet normal 0 -1 0
    outer loop
      vertex 6.2 10.2 1.6
      vertex 7 10.2 2.97
      vertex 6.2 10.2 2.97
    endloop
  endfacet
  facet normal 1 0 0
    outer loop
      vertex 7 10.6 1.6
      vertex 7 10.6 2.97
      vertex 7 10.2 2.97
    endloop
  endfacet
  facet normal 0 1 0
    outer loop
      vertex 7 10.6 1.6
      vertex 6.2 10.6 2.97
      vertex 7 10.6 2.97
    endloop
  endfacet
  facet normal 0 0 1
    outer loop
      vertex 6.2 10.2 2.97
      vertex 7 10.2 2.97
      vertex 6.2 10.6 2.97
    endloop
  endfacet
  facet normal 0 0 1
    outer loop
      vertex 6.2 10.6 2.97
      vertex 7 10.2 2.97
      vertex 7 10.6 2.97
    endloop
  endfacet
  facet normal -1 0 0
    outer loop
      vertex 6.2 8.2 1.6
      vertex 6.2 8.6 2.97
      vertex 6.2 8.6 1.6
    endloop
  endfacet
  facet normal 0 1 0
    outer loop
      vertex 6.2 8.6 1.6
      vertex 6.2 8.6 2.97
      vertex 9.2 8.6 1.6
    endloop
  endfacet
  facet normal 0 -1 0
    outer loop
      vertex 6.2 8.2 1.6
      vertex 9.2 8.2 1.6
      vertex 9.2 8.2 2.97
    endloop
  endfacet
  facet normal 1 0 0
    outer loop
      vertex 9.2 8.2 1.6
      vertex 9.2 8.6 1.6
      vertex 9.2 8.2 2.97
    endloop
  endfacet
  facet normal -1 0 0
    outer loop
      vertex 6.2 8.2 1.6
      vertex 6.2 8.2 2.97
      vertex 6.2 8.6 2.97
    endloop
  endfacet
  facet normal 0 -1 0
    outer loop
      vertex 6.2 8.2 1.6
      vertex 9.2 8.2 2.97
      vertex 6.2 8.2 2.97
    endloop
  endfacet
  facet normal 0 1 0
    outer loop
      vertex 9.2 8.6 1.6
      vertex 6.2 8.6 2.97
      vertex 9.2 8.6 2.97
    endloop
  endfacet
  facet normal 1 0 0
    outer loop
      vertex 9.2 8.6 1.6
      vertex 9.2 8.6 2.97
      vertex 9.2 8.2 2.97
    endloop
  endfacet
  facet normal 0 0 1
    outer loop
      vertex 6.2 8.2 2.97
      vertex 9.2 8.2 2.97
      vertex 6.2 8.6 2.97
    endloop
  endfacet
  facet normal 0 0 1
    outer loop
      vertex 6.2 8.6 2.97
      vertex 9.2 8.2 2.97
      vertex 9.2 8.6 2.97
    endloop
  endfacet
  facet normal -1 0 0
    outer loop
      vertex 8.4 10.2 1.6
      vertex 8.4 10.6 2.97
      vertex 8.4 10.6 1.6
    endloop
  endfacet
  facet normal 0 1 0
    outer loop
      vertex 8.4 10.6 1.6
      vertex 8.4 10.6 2.97
      vertex 9.2 10.6 1.6
    endloop
  endfacet
  facet normal 0 -1 0
    outer loop
      vertex 8.4 10.2 1.6
      vertex 9.2 10.2 1.6
      vertex 9.2 10.2 2.97
    endloop
  endfacet
  facet normal 1 0 0
    outer loop
      vertex 9.2 10.2 1.6
      vertex 9.2 10.6 1.6
      vertex 9.2 10.2 2.97
    endloop
  endfacet
  facet normal 0 -1 0
    outer loop
      vertex 8.4 10.2 1.6
      vertex 9.2 10.2 2.97
      vertex 8.4 10.2 2.97
    endloop
  endfacet
  facet normal -1 0 0
    outer loop
      vertex 8.4 10.2 1.6
      vertex 8.4 10.2 2.97
      vertex 8.4 10.6 2.97
    endloop
  endfacet
  facet normal 1 0 0
    outer loop
      vertex 9.2 10.6 1.6
      vertex 9.2 10.6 2.97
      vertex 9.2 10.2 2.97
    endloop
  endfacet
  facet normal 0 1 0
    outer loop
      vertex 9.2 10.6 1.6
      vertex 8.4 10.6 2.97
      vertex 9.2 10.6 2.97
    endloop
  endfacet
  facet normal 0 0 1
    outer loop
      vertex 8.4 10.2 2.97
      vertex 9.2 10.2 2.97
      vertex 8.4 10.6 2.97
    endloop
  endfacet
  facet normal 0 0 1
    outer loop
      vertex 8.4 10.6 2.97
      vertex 9.2 10.2 2.97
      vertex 9.2 10.6 2.97
    endloop
  endfacet
  facet normal -1 0 0
    outer loop
      vertex 11.8 8 1.6
      vertex 11.8 8 2.16
      vertex 11.8 9.6 2.16
    endloop
  endfacet
  facet normal 0 -1 0
    outer loop
      vertex 11.8 8 1.6
      vertex 13.4 8 2.16
      vertex 11.8 8 2.16
    endloop
  endfacet
  facet normal 0 0 1
    outer loop
      vertex 11.8 8 2.16
      vertex 13.4 8 2.16
      vertex 11.8 9.6 2.16
    endloop
  endfacet
  facet normal -1 0 0
    outer loop
      vertex 11.8 8 1.6
      vertex 11.8 9.6 2.16
      vertex 11.8 9.6 1.6
    endloop
  endfacet
  facet normal 0 1 0
    outer loop
      vertex 11.8 9.6 1.6
      vertex 11.8 9.6 2.16
      vertex 13.4 9.6 1.6
    endloop
  endfacet
  facet normal 0 -1 0
    outer loop
      vertex 11.8 8 1.6
      vertex 13.4 8 1.6
      vertex 13.4 8 2.16
    endloop
  endfacet
  facet normal 1 0 0
    outer loop
      vertex 13.4 8 1.6
      vertex 13.4 9.6 1.6
      vertex 13.4 8 2.16
    endloop
  endfacet
  facet normal 1 0 0
    outer loop
      vertex 13.4 8 2.16
      vertex 13.4 9.6 1.6
      vertex 13.4 9.6 2.16
    endloop
  endfacet
  facet normal 0 0 1
    outer loop
      vertex 11.8 9.6 2.16
      vertex 13.4 8 2.16
      vertex 13.4 9.6 2.16
    endloop
  endfacet
  facet normal 0 1 0
    outer loop
      vertex 11.8 9.6 2.16
      vertex 13.4 9.6 2.16
      vertex 13.4 9.6 1.6
    endloop
  endfacet
  facet normal 0 -1 0
    outer loop
      vertex 16 5 1.6
      vertex 16.4 5 1.6
      vertex 16.4 5 2.67
    endloop
  endfacet
  facet normal 1 0 0
    outer loop
      vertex 16.4 5 1.6
      vertex 16.4 7 1.6
      vertex 16.4 5 2.67
    endloop
  endfacet
  facet normal -1 0 0
    outer loop
      vertex 16 5 1.6
      vertex 16 7 2.67
      vertex 16 7 1.6
    endloop
  endfacet
  facet normal 0 1 0
    outer loop
      vertex 16 7 1.6
      vertex 16 7 2.67
      vertex 16.4 7 1.6
    endloop
  endfacet
  facet normal 0 -1 0
    outer loop
      vertex 16 5 1.6
      vertex 16.4 5 2.67
      vertex 16 5 2.67
    endloop
  endfacet
  facet normal -1 0 0
    outer loop
      vertex 16 5 1.6
      vertex 16 5 2.67
      vertex 16 7 2.67
    endloop
  endfacet
  facet normal 1 0 0
    outer loop
      vertex 16.4 7 1.6
      vertex 16.4 7 2.67
      vertex 16.4 5 2.67
    endloop
  endfacet
  facet normal 0 0 1
    outer loop
      vertex 16 5 2.67
      vertex 16.4 5 2.67
      vertex 16 7 2.67
    endloop
  endfacet
  facet normal 0 0 1
    outer loop
      vertex 16.4 5 2.67
      vertex 16.4 7 2.67
      vertex 16 7 2.67
    endloop
  endfacet
  facet normal 0 1 0
    outer loop
      vertex 16.4 7 1.6
      vertex 16 7 2.67
      vertex 16.4 7 2.67
    endloop
  endfacet
  facet normal 0 -1 0
    outer loop
      vertex 17.6 5 1.6
      vertex 18 5 1.6
      vertex 18 5 2.67
    endloop
  endfacet
  facet normal 1 0 0
    outer loop
      vertex 18 5 1.6
      vertex 18 7 1.6
      vertex 18 5 2.67
    endloop
  endfacet
  facet normal -1 0 0
    outer loop
      vertex 17.6 5 1.6
      vertex 17.6 7 2.67
      vertex 17.6 7 1.6
    endloop
  endfacet
  facet normal 0 1 0
    outer loop
      vertex 17.6 7 1.6
      vertex 17.6 7 2.67
      vertex 18 7 1.6
    endloop
  endfacet
  facet normal 0 -1 0
    outer loop
      vertex 17.6 5 1.6
      vertex 18 5 2.67
      vertex 17.6 5 2.67
    endloop
  endfacet
  facet normal -1 0 0
    outer loop
      vertex 17.6 5 1.6
      vertex 17.6 5 2.67
      vertex 17.6 7 2.67
    endloop
  endfacet
  facet normal 1 0 0
    outer loop
      vertex 18 7 1.6
      vertex 18 7 2.67
      vertex 18 5 2.67
    endloop
  endfacet
  facet normal 0 0 1
    outer loop
      vertex 17.6 5 2.67
      vertex 18 5 2.67
      vertex 17.6 7 2.67
    endloop
  endfacet
  facet normal 0 0 1
    outer loop
      vertex 18 5 2.67
      vertex 18 7 2.67
      vertex 17.6 7 2.67
    endloop
  endfacet
  facet normal 0 1 0
    outer loop
      vertex 18 7 1.6
      vertex 17.6 7 2.67
      vertex 18 7 2.67
    endloop
  endfacet
  facet normal -1 0 0
    outer loop
      vertex 16 11.8 1.6
      vertex 16 12.2 2.0700000000000003
      vertex 16 12.2 1.6
    endloop
  endfacet
  facet normal -1 0 0
    outer loop
      vertex 16 11.8 1.6
      vertex 16 11.8 2.0700000000000003
      vertex 16 12.2 2.0700000000000003
    endloop
  endfacet
  facet normal 0 1 0
    outer loop
      vertex 16 12.2 1.6
      vertex 16 12.2 2.0700000000000003
      vertex 19 12.2 1.6
    endloop
  endfacet
  facet normal 0 -1 0
    outer loop
      vertex 16 11.8 1.6
      vertex 19 11.8 2.0700000000000003
      vertex 16 11.8 2.0700000000000003
    endloop
  endfacet
  facet normal 0 0 1
    outer loop
      vertex 16 11.8 2.0700000000000003
      vertex 19 11.8 2.0700000000000003
      vertex 16 12.2 2.0700000000000003
    endloop
  endfacet
  facet normal 0 -1 0
    outer loop
      vertex 16 11.8 1.6
      vertex 19 11.8 1.6
      vertex 19 11.8 2.0700000000000003
    endloop
  endfacet
  facet normal 0 1 0
    outer loop
      vertex 19 12.2 1.6
      vertex 16 12.2 2.0700000000000003
      vertex 19 12.2 2.0700000000000003
    endloop
  endfacet
  facet normal 1 0 0
    outer loop
      vertex 19 11.8 1.6
      vertex 19 12.2 1.6
      vertex 19 11.8 2.0700000000000003
    endloop
  endfacet
  facet normal 1 0 0
    outer loop
      vertex 19 12.2 1.6
      vertex 19 12.2 2.0700000000000003
      vertex 19 11.8 2.0700000000000003
    endloop
  endfacet
  facet normal 0 0 1
    outer loop
      vertex 16 12.2 2.0700000000000003
      vertex 19 11.8 2.0700000000000003
      vertex 19 12.2 2.0700000000000003
    endloop
  endfacet
  facet normal 0 0 -1
    outer loop
      vertex 1.2229485735297203 0.05622238665819168 0
      vertex 1.4574682452694518 1.915000000000001 0
      vertex 1.4346317797899246 0.014115981757640839 0
    endloop
  endfacet
  facet normal 0 0 -1
    outer loop
      vertex 1.4346317797899246 0.014115981757640839 0
      vertex 1.6561165235168156 1.6561165235168165 0
      vertex 1.6499999985098839 0 0
    endloop
  endfacet
  facet normal -0.659345808230778 -0.7518398135031837 0
    outer loop
      vertex 0.48327381163835526 0.48327381163835526 0
      vertex 0.6455436423420906 0.34096699208021164 0
      vertex 0.48327381163835526 0.48327381163835526 1.6
    endloop
  endfacet
  facet normal -0.5555702327065404 -0.8314696125117266 0
    outer loop
      vertex 0.6455436423420906 0.34096699208021164 0
      vertex 0.8250000029802322 0.22105808556079865 0
      vertex 0.6455436423420906 0.34096699208021164 1.6
    endloop
  endfacet
  facet normal -0.7518398135031837 -0.659345808230778 0
    outer loop
      vertex 0.48327381163835526 0.48327381163835526 0
      vertex 0.34096699208021164 0.6455436423420906 1.6
      vertex 0.34096699208021164 0.6455436423420906 0
    endloop
  endfacet
  facet normal -0.8314696125117266 -0.5555702327065404 0
    outer loop
      vertex 0.34096699208021164 0.6455436423420906 0
      vertex 0.22105808556079865 0.8250000029802322 1.6
      vertex 0.22105808556079865 0.8250000029802322 0
    endloop
  endfacet
  facet normal -0.8968727404003146 -0.44228869251522795 0
    outer loop
      vertex 0.22105808556079865 0.8250000029802322 0
      vertex 0.12559877336025238 1.0185723379254341 1.6
      vertex 0.12559877336025238 1.0185723379254341 0
    endloop
  endfacet
  facet normal -0.44228869251522795 -0.8968727404003146 0
    outer loop
      vertex 0.8250000029802322 0.22105808556079865 0
      vertex 1.0185723379254341 0.12559877336025238 0
      vertex 0.8250000029802322 0.22105808556079865 1.6
    endloop
  endfacet
  facet normal -0.3214394782475631 -0.9469301251010734 0
    outer loop
      vertex 1.0185723379254341 0.12559877336025238 0
      vertex 1.2229485735297203 0.05622238665819168 0
      vertex 1.0185723379254341 0.12559877336025238 1.6
    endloop
  endfacet
  facet normal -0.1950903095760331 -0.9807852828777192 0
    outer loop
      vertex 1.2229485735297203 0.05622238665819168 0
      vertex 1.4346317797899246 0.014115981757640839 0
      vertex 1.2229485735297203 0.05622238665819168 1.6
    endloop
  endfacet
  facet normal -0.06540314271242062 -0.9978589223549282 0
    outer loop
      vertex 1.4346317797899246 0.014115981757640839 0
      vertex 1.6499999985098839 0 0
      vertex 1.4346317797899246 0.014115981757640839 1.6
    endloop
  endfacet
  facet normal 0 0 -1
    outer loop
      vertex 1.2229485735297203 0.05622238665819168 0
      vertex 1.3851505843608916 2.0616457095436385 0
      vertex 1.4574682452694518 1.915000000000001 0
    endloop
  endfacet
  facet normal 0 0 -1
    outer loop
      vertex 1.4346317797899246 0.014115981757640839 0
      vertex 1.4574682452694518 1.915000000000001 0
      vertex 1.5483083246359561 1.7790482137391002 0
    endloop
  endfacet
  facet normal 0 0 -1
    outer loop
      vertex 1.4346317797899246 0.014115981757640839 0
      vertex 1.5483083246359561 1.7790482137391002 0
      vertex 1.6561165235168156 1.6561165235168165 0
    endloop
  endfacet
  facet normal 0 0 -1
    outer loop
      vertex 1.2229485735297203 0.05622238665819168 0
      vertex 1.3325927171386647 2.21647619362185 0
      vertex 1.3851505843608916 2.0616457095436385 0
    endloop
  endfacet
  facet normal 0 0 -1
    outer loop
      vertex 1.2229485735297203 0.05622238665819168 0
      vertex 1.300693923282737 2.3768422597249366 0
      vertex 1.3325927171386647 2.21647619362185 0
    endloop
  endfacet
  facet normal 0 0 -1
    outer loop
      vertex 1.2229485735297203 0.05622238665819168 0
      vertex 1.29 2.540000000000001 0
      vertex 1.300693923282737 2.3768422597249366 0
    endloop
  endfacet
  facet normal -0.9469301251010734 -0.3214394782475631 0
    outer loop
      vertex 0.12559877336025238 1.0185723379254341 0
      vertex 0.05622238665819168 1.2229485735297203 1.6
      vertex 0.05622238665819168 1.2229485735297203 0
    endloop
  endfacet
  facet normal -0.9807852828777192 -0.1950903095760331 0
    outer loop
      vertex 0.05622238665819168 1.2229485735297203 0
      vertex 0.014115981757640839 1.4346317797899246 1.6
      vertex 0.014115981757640839 1.4346317797899246 0
    endloop
  endfacet
  facet normal -0.9978589223549282 -0.06540314271242062 0
    outer loop
      vertex 0.014115981757640839 1.4346317797899246 0
      vertex 0 1.6499999985098839 1.6
      vertex 0 1.6499999985098839 0
    endloop
  endfacet
  facet normal 0 0 -1
    outer loop
      vertex 1.6499999985098839 0 0
      vertex 1.7790482137390993 1.548308324635957 0
      vertex 1.915 1.4574682452694527 0
    endloop
  endfacet
  facet normal 0 0 -1
    outer loop
      vertex 1.6499999985098839 0 0
      vertex 1.6561165235168156 1.6561165235168165 0
      vertex 1.7790482137390993 1.548308324635957 0
    endloop
  endfacet
  facet normal 0 0 -1
    outer loop
      vertex 1.6499999985098839 0 0
      vertex 1.915 1.4574682452694527 0
      vertex 2.0616457095436376 1.3851505843608924 0
    endloop
  endfacet
  facet normal 0 0 -1
    outer loop
      vertex 1.6499999985098839 0 0
      vertex 2.0616457095436376 1.3851505843608924 0
      vertex 2.2164761936218493 1.3325927171386656 0
    endloop
  endfacet
  facet normal 0 0 -1
    outer loop
      vertex 1.6499999985098839 0 0
      vertex 2.2164761936218493 1.3325927171386656 0
      vertex 2.3768422597249357 1.300693923282738 0
    endloop
  endfacet
  facet normal 0 0 -1
    outer loop
      vertex 1.6499999985098839 0 0
      vertex 2.3768422597249357 1.300693923282738 0
      vertex 2.54 1.290000000000001 0
    endloop
  endfacet
  facet normal -0.5555702327065404 -0.8314696125117266 0
    outer loop
      vertex 0.8250000029802322 0.22105808556079865 0
      vertex 0.8250000029802322 0.22105808556079865 1.6
      vertex 0.6455436423420906 0.34096699208021164 1.6
    endloop
  endfacet
  facet normal -0.659345808230778 -0.7518398135031837 0
    outer loop
      vertex 0.6455436423420906 0.34096699208021164 0
      vertex 0.6455436423420906 0.34096699208021164 1.6
      vertex 0.48327381163835526 0.48327381163835526 1.6
    endloop
  endfacet
  facet normal -0.7518398135031837 -0.659345808230778 0
    outer loop
      vertex 0.48327381163835526 0.48327381163835526 0
      vertex 0.48327381163835526 0.48327381163835526 1.6
      vertex 0.34096699208021164 0.6455436423420906 1.6
    endloop
  endfacet
  facet normal -0.8314696125117266 -0.5555702327065404 0
    outer loop
      vertex 0.34096699208021164 0.6455436423420906 0
      vertex 0.34096699208021164 0.6455436423420906 1.6
      vertex 0.22105808556079865 0.8250000029802322 1.6
    endloop
  endfacet
  facet normal -0.8968727404003146 -0.44228869251522795 0
    outer loop
      vertex 0.22105808556079865 0.8250000029802322 0
      vertex 0.22105808556079865 0.8250000029802322 1.6
      vertex 0.12559877336025238 1.0185723379254341 1.6
    endloop
  endfacet
  facet normal -0.9469301251010734 -0.3214394782475631 0
    outer loop
      vertex 0.12559877336025238 1.0185723379254341 0
      vertex 0.12559877336025238 1.0185723379254341 1.6
      vertex 0.05622238665819168 1.2229485735297203 1.6
    endloop
  endfacet
  facet normal -0.44228869251522795 -0.8968727404003146 0
    outer loop
      vertex 1.0185723379254341 0.12559877336025238 0
      vertex 1.0185723379254341 0.12559877336025238 1.6
      vertex 0.8250000029802322 0.22105808556079865 1.6
    endloop
  endfacet
  facet normal -0.3214394782475631 -0.9469301251010734 0
    outer loop
      vertex 1.2229485735297203 0.05622238665819168 0
      vertex 1.2229485735297203 0.05622238665819168 1.6
      vertex 1.0185723379254341 0.12559877336025238 1.6
    endloop
  endfacet
  facet normal -0.1950903095760331 -0.9807852828777192 0
    outer loop
      vertex 1.4346317797899246 0.014115981757640839 0
      vertex 1.4346317797899246 0.014115981757640839 1.6
      vertex 1.2229485735297203 0.05622238665819168 1.6
    endloop
  endfacet
  facet normal -0.06540314271242062 -0.9978589223549282 0
    outer loop
      vertex 1.6499999985098839 0 0
      vertex 1.6499999985098839 0 1.6
      vertex 1.4346317797899246 0.014115981757640839 1.6
    endloop
  endfacet
  facet normal -0.9807852828777192 -0.1950903095760331 0
    outer loop
      vertex 0.05622238665819168 1.2229485735297203 0
      vertex 0.05622238665819168 1.2229485735297203 1.6
      vertex 0.014115981757640839 1.4346317797899246 1.6
    endloop
  endfacet
  facet normal -0.9978589223549282 -0.06540314271242062 0
    outer loop
      vertex 0.014115981757640839 1.4346317797899246 0
      vertex 0.014115981757640839 1.4346317797899246 1.6
      vertex 0 1.6499999985098839 1.6
    endloop
  endfacet
  facet normal 0 0 1
    outer loop
      vertex 0.6455436423420906 0.34096699208021164 1.6
      vertex 0.8250000029802322 0.22105808556079865 1.6
      vertex 0.23 5.92 1.6
    endloop
  endfacet
  facet normal 0 0 1
    outer loop
      vertex 0.8250000029802322 0.22105808556079865 1.6
      vertex 1.0185723379254341 0.12559877336025238 1.6
      vertex 0.23 5.92 1.6
    endloop
  endfacet
  facet normal 0 0 1
    outer loop
      vertex 1.6499999985098839 0 1.6
      vertex 1.5483083246359561 1.7790482137391002 1.6
      vertex 1.4574682452694518 1.915000000000001 1.6
    endloop
  endfacet
  facet normal 0 0 1
    outer loop
      vertex 1.6499999985098839 0 1.6
      vertex 1.4574682452694518 1.915000000000001 1.6
      vertex 1.3851505843608916 2.0616457095436385 1.6
    endloop
  endfacet
  facet normal 0 0 1
    outer loop
      vertex 1.6499999985098839 0 1.6
      vertex 1.3851505843608916 2.0616457095436385 1.6
      vertex 1.3325927171386647 2.21647619362185 1.6
    endloop
  endfacet
  facet normal 0 0 1
    outer loop
      vertex 1.6499999985098839 0 1.6
      vertex 1.3325927171386647 2.21647619362185 1.6
      vertex 1.300693923282737 2.3768422597249366 1.6
    endloop
  endfacet
  facet normal 0 0 1
    outer loop
      vertex 1.0185723379254341 0.12559877336025238 1.6
      vertex 1.2229485735297203 0.05622238665819168 1.6
      vertex 0.23 5.92 1.6
    endloop
  endfacet
  facet normal 0 0 1
    outer loop
      vertex 1.2229485735297203 0.05622238665819168 1.6
      vertex 1.4346317797899246 0.014115981757640839 1.6
      vertex 0.23 5.92 1.6
    endloop
  endfacet
  facet normal 0 0 1
    outer loop
      vertex 1.4346317797899246 0.014115981757640839 1.6
      vertex 1.6499999985098839 0 1.6
      vertex 0.23 5.92 1.6
    endloop
  endfacet
  facet normal 0 0 1
    outer loop
      vertex 1.6499999985098839 0 1.6
      vertex 1.915 1.4574682452694527 1.6
      vertex 1.7790482137390993 1.548308324635957 1.6
    endloop
  endfacet
  facet normal 0 0 1
    outer loop
      vertex 1.6499999985098839 0 1.6
      vertex 1.7790482137390993 1.548308324635957 1.6
      vertex 1.6561165235168156 1.6561165235168165 1.6
    endloop
  endfacet
  facet normal 0 0 1
    outer loop
      vertex 1.6499999985098839 0 1.6
      vertex 2.0616457095436376 1.3851505843608924 1.6
      vertex 1.915 1.4574682452694527 1.6
    endloop
  endfacet
  facet normal 0 0 1
    outer loop
      vertex 1.6499999985098839 0 1.6
      vertex 2.2164761936218493 1.3325927171386656 1.6
      vertex 2.0616457095436376 1.3851505843608924 1.6
    endloop
  endfacet
  facet normal 0 0 1
    outer loop
      vertex 1.6499999985098839 0 1.6
      vertex 2.3768422597249357 1.300693923282738 1.6
      vertex 2.2164761936218493 1.3325927171386656 1.6
    endloop
  endfacet
  facet normal 0 0 1
    outer loop
      vertex 1.6499999985098839 0 1.6
      vertex 2.54 1.290000000000001 1.6
      vertex 2.3768422597249357 1.300693923282738 1.6
    endloop
  endfacet
  facet normal 0 0 1
    outer loop
      vertex 1.6499999985098839 0 1.6
      vertex 2.7031577402750644 1.300693923282738 1.6
      vertex 2.54 1.290000000000001 1.6
    endloop
  endfacet
  facet normal 0 0 1
    outer loop
      vertex 1.6499999985098839 0 1.6
      vertex 2.8635238063781507 1.3325927171386656 1.6
      vertex 2.7031577402750644 1.300693923282738 1.6
    endloop
  endfacet
  facet normal 0 0 1
    outer loop
      vertex 1.6499999985098839 0 1.6
      vertex 3.0183542904563625 1.3851505843608924 1.6
      vertex 2.8635238063781507 1.3325927171386656 1.6
    endloop
  endfacet
  facet normal 0 0 1
    outer loop
      vertex 1.6499999985098839 0 1.6
      vertex 3.165 1.4574682452694527 1.6
      vertex 3.0183542904563625 1.3851505843608924 1.6
    endloop
  endfacet
  facet normal 0 0 1
    outer loop
      vertex 1.6499999985098839 0 1.6
      vertex 3.300951786260901 1.548308324635957 1.6
      vertex 3.165 1.4574682452694527 1.6
    endloop
  endfacet
  facet normal 0 0 1
    outer loop
      vertex 1.6499999985098839 0 1.6
      vertex 3.4238834764831845 1.6561165235168165 1.6
      vertex 3.300951786260901 1.548308324635957 1.6
    endloop
  endfacet
  facet normal 0 0 1
    outer loop
      vertex 1.6499999985098839 0 1.6
      vertex 1.6561165235168156 1.6561165235168165 1.6
      vertex 1.5483083246359561 1.7790482137391002 1.6
    endloop
  endfacet
  facet normal 0 0 1
    outer loop
      vertex 0.48327381163835526 0.48327381163835526 1.6
      vertex 0.23 5.92 1.6
      vertex 0.34096699208021164 0.6455436423420906 1.6
    endloop
  endfacet
  facet normal 0 0 1
    outer loop
      vertex 0.34096699208021164 0.6455436423420906 1.6
      vertex 0.23 5.92 1.6
      vertex 0.22105808556079865 0.8250000029802322 1.6
    endloop
  endfacet
  facet normal 0 0 1
    outer loop
      vertex 0.48327381163835526 0.48327381163835526 1.6
      vertex 0.6455436423420906 0.34096699208021164 1.6
      vertex 0.23 5.92 1.6
    endloop
  endfacet
  facet normal 0 0 1
    outer loop
      vertex 1.6499999985098839 0 1.6
      vertex 1.300693923282737 2.3768422597249366 1.6
      vertex 0.23 5.92 1.6
    endloop
  endfacet
  facet normal 0 0 1
    outer loop
      vertex 0.23 5.92 1.6
      vertex 1.300693923282737 2.3768422597249366 1.6
      vertex 1.29 2.540000000000001 1.6
    endloop
  endfacet
  facet normal 0 0 1
    outer loop
      vertex 0.23 5.92 1.6
      vertex 1.29 2.540000000000001 1.6
      vertex 1.300693923282737 2.7031577402750653 1.6
    endloop
  endfacet
  facet normal 0 0 1
    outer loop
      vertex 0.23 5.92 1.6
      vertex 1.300693923282737 2.7031577402750653 1.6
      vertex 1.3325927171386647 2.8635238063781516 1.6
    endloop
  endfacet
  facet normal 0 0 1
    outer loop
      vertex 0.23 5.92 1.6
      vertex 1.3325927171386647 2.8635238063781516 1.6
      vertex 1.3851505843608916 3.0183542904563634 1.6
    endloop
  endfacet
  facet normal 0 0 1
    outer loop
      vertex 0.23 5.92 1.6
      vertex 1.3851505843608916 3.0183542904563634 1.6
      vertex 1.4574682452694518 3.165000000000001 1.6
    endloop
  endfacet
  facet normal 0 0 1
    outer loop
      vertex 0.23 5.92 1.6
      vertex 1.4574682452694518 3.165000000000001 1.6
      vertex 1.5483083246359561 3.3009517862609017 1.6
    endloop
  endfacet
  facet normal 0 0 1
    outer loop
      vertex 0.23 5.92 1.6
      vertex 1.5483083246359561 3.3009517862609017 1.6
      vertex 1.6561165235168156 3.4238834764831854 1.6
    endloop
  endfacet
  facet normal 0 0 1
    outer loop
      vertex 0.23 5.92 1.6
      vertex 1.6561165235168156 3.4238834764831854 1.6
      vertex 1.7790482137390993 3.531691675364045 1.6
    endloop
  endfacet
  facet normal 0 0 1
    outer loop
      vertex 0.23 5.92 1.6
      vertex 1.7790482137390993 3.531691675364045 1.6
      vertex 1.915 3.622531754730549 1.6
    endloop
  endfacet
  facet normal 0 0 1
    outer loop
      vertex 0.23 5.92 1.6
      vertex 1.915 3.622531754730549 1.6
      vertex 2.0616457095436376 3.6948494156391094 1.6
    endloop
  endfacet
  facet normal 0 0 1
    outer loop
      vertex 4.41 5.92 1.6
      vertex 3.0183542904563625 3.6948494156391094 1.6
      vertex 3.165 3.622531754730549 1.6
    endloop
  endfacet
  facet normal 0 0 1
    outer loop
      vertex 4.41 5.92 1.6
      vertex 3.300951786260901 3.531691675364045 1.6
      vertex 3.4238834764831845 3.4238834764831854 1.6
    endloop
  endfacet
  facet normal 0 0 1
    outer loop
      vertex 4.41 5.92 1.6
      vertex 3.165 3.622531754730549 1.6
      vertex 3.300951786260901 3.531691675364045 1.6
    endloop
  endfacet
  facet normal 0 0 1
    outer loop
      vertex 4.41 5.92 1.6
      vertex 3.4238834764831845 3.4238834764831854 1.6
      vertex 3.531691675364044 3.3009517862609017 1.6
    endloop
  endfacet
  facet normal 0 0 1
    outer loop
      vertex 6.2 8.2 1.6
      vertex 3.779306076717263 2.3768422597249366 1.6
      vertex 3.747407282861335 2.21647619362185 1.6
    endloop
  endfacet
  facet normal 0 0 1
    outer loop
      vertex 6.2 8.2 1.6
      vertex 3.79 2.540000000000001 1.6
      vertex 3.779306076717263 2.3768422597249366 1.6
    endloop
  endfacet
  facet normal 0 0 1
    outer loop
      vertex 1.6499999985098839 0 1.6
      vertex 11.8 8 1.6
      vertex 3.4238834764831845 1.6561165235168165 1.6
    endloop
  endfacet
  facet normal 0 0 1
    outer loop
      vertex 11.8 8 1.6
      vertex 3.531691675364044 1.7790482137391002 1.6
      vertex 3.4238834764831845 1.6561165235168165 1.6
    endloop
  endfacet
  facet normal 0 0 1
    outer loop
      vertex 11.8 8 1.6
      vertex 3.6225317547305482 1.915000000000001 1.6
      vertex 3.531691675364044 1.7790482137391002 1.6
    endloop
  endfacet
  facet normal 0 0 -1
    outer loop
      vertex 0.48327381163835526 0.48327381163835526 0
      vertex 0.34096699208021164 0.6455436423420906 0
      vertex 0.34096699208021164 17.134456358850002 0
    endloop
  endfacet
  facet normal 0 0 -1
    outer loop
      vertex 0.48327381163835526 0.48327381163835526 0
      vertex 0.48327381163835526 17.296726189553738 0
      vertex 0.6455436423420906 0.34096699208021164 0
    endloop
  endfacet
  facet normal 0 0 -1
    outer loop
      vertex 0.6455436423420906 0.34096699208021164 0
      vertex 0.6455436423420906 17.43903300911188 0
      vertex 0.8250000029802322 0.22105808556079865 0
    endloop
  endfacet
  facet normal 0 0 -1
    outer loop
      vertex 0.22105808556079865 0.8250000029802322 0
      vertex 0.12559877336025238 1.0185723379254341 0
      vertex 0.12559877336025238 16.76142766326666 0
    endloop
  endfacet
  facet normal 0 0 -1
    outer loop
      vertex 0.12559877336025238 1.0185723379254341 0
      vertex 0.05622238665819168 1.2229485735297203 0
      vertex 0.05622238665819168 16.557051427662373 0
    endloop
  endfacet
  facet normal 0 0 -1
    outer loop
      vertex 0.05622238665819168 1.2229485735297203 0
      vertex 0.014115981757640839 1.4346317797899246 0
      vertex 0.014115981757640839 16.345368213951588 0
    endloop
  endfacet
  facet normal 0 0 -1
    outer loop
      vertex 0.34096699208021164 0.6455436423420906 0
      vertex 0.22105808556079865 0.8250000029802322 0
      vertex 0.22105808556079865 16.95499999821186 0
    endloop
  endfacet
  facet normal 0 0 -1
    outer loop
      vertex 0.014115981757640839 1.4346317797899246 0
      vertex 0 1.6499999985098839 0
      vertex 0 16.13000000268221 0
    endloop
  endfacet
  facet normal 0 0 -1
    outer loop
      vertex 0.8250000029802322 0.22105808556079865 0
      vertex 0.8250000029802322 17.558941915631294 0
      vertex 1.0185723379254341 0.12559877336025238 0
    endloop
  endfacet
  facet normal 0 0 -1
    outer loop
      vertex 1.0185723379254341 0.12559877336025238 0
      vertex 1.0185723379254341 17.65440122783184 0
      vertex 1.2229485735297203 0.05622238665819168 0
    endloop
  endfacet
  facet normal -1 0 0
    outer loop
      vertex 0 1.6499999985098839 0
      vertex 0 1.6499999985098839 1.6
      vertex 0 16.13000000268221 1.6
    endloop
  endfacet
  facet normal 0 0 -1
    outer loop
      vertex 1.2229485735297203 0.05622238665819168 0
      vertex 1.2229485735297203 17.7237776145339 0
      vertex 1.29 2.540000000000001 0
    endloop
  endfacet
  facet normal 0 0 -1
    outer loop
      vertex 1.3851505843608916 3.0183542904563634 0
      vertex 1.4574682452694518 14.615 0
      vertex 1.4574682452694518 3.165000000000001 0
    endloop
  endfacet
  facet normal 0 0 -1
    outer loop
      vertex 1.4574682452694518 14.615 0
      vertex 1.5483083246359561 3.3009517862609017 0
      vertex 1.4574682452694518 3.165000000000001 0
    endloop
  endfacet
  facet normal 0 0 -1
    outer loop
      vertex 1.2229485735297203 17.7237776145339 0
      vertex 1.300693923282737 2.7031577402750653 0
      vertex 1.29 2.540000000000001 0
    endloop
  endfacet
  facet normal 0 0 -1
    outer loop
      vertex 1.2229485735297203 17.7237776145339 0
      vertex 1.3325927171386647 2.8635238063781516 0
      vertex 1.300693923282737 2.7031577402750653 0
    endloop
  endfacet
  facet normal 0 0 -1
    outer loop
      vertex 1.2229485735297203 17.7237776145339 0
      vertex 1.3851505843608916 3.0183542904563634 0
      vertex 1.3325927171386647 2.8635238063781516 0
    endloop
  endfacet
  facet normal 0 0 -1
    outer loop
      vertex 1.5483083246359561 3.3009517862609017 0
      vertex 1.6561165235168156 14.356116523516816 0
      vertex 1.6561165235168156 3.4238834764831854 0
    endloop
  endfacet
  facet normal 0 0 -1
    outer loop
      vertex 1.7790482137390993 3.531691675364045 0
      vertex 1.6561165235168156 3.4238834764831854 0
      vertex 1.7790482137390993 14.248308324635957 0
    endloop
  endfacet
  facet normal 0 0 -1
    outer loop
      vertex 1.915 3.622531754730549 0
      vertex 1.7790482137390993 3.531691675364045 0
      vertex 1.915 14.157468245269452 0
    endloop
  endfacet
  facet normal 0 0 -1
    outer loop
      vertex 2.0616457095436376 3.6948494156391094 0
      vertex 1.915 3.622531754730549 0
      vertex 2.0616457095436376 14.085150584360893 0
    endloop
  endfacet
  facet normal 0 0 -1
    outer loop
      vertex 2.2164761936218493 3.747407282861336 0
      vertex 2.0616457095436376 3.6948494156391094 0
      vertex 2.2164761936218493 14.032592717138664 0
    endloop
  endfacet
  facet normal 0 0 -1
    outer loop
      vertex 2.3768422597249357 3.7793060767172637 0
      vertex 2.2164761936218493 3.747407282861336 0
      vertex 2.3768422597249357 14.000693923282737 0
    endloop
  endfacet
  facet normal 0 0 -1
    outer loop
      vertex 2.54 3.790000000000001 0
      vertex 2.3768422597249357 3.7793060767172637 0
      vertex 2.54 13.99 0
    endloop
  endfacet
  facet normal 0 0 -1
    outer loop
      vertex 2.7031577402750644 3.7793060767172637 0
      vertex 2.54 3.790000000000001 0
      vertex 2.7031577402750644 14.000693923282737 0
    endloop
  endfacet
  facet normal 0 0 -1
    outer loop
      vertex 2.8635238063781507 3.747407282861336 0
      vertex 2.7031577402750644 3.7793060767172637 0
      vertex 2.8635238063781507 14.032592717138664 0
    endloop
  endfacet
  facet normal 0 0 -1
    outer loop
      vertex 3.0183542904563625 3.6948494156391094 0
      vertex 2.8635238063781507 3.747407282861336 0
      vertex 3.0183542904563625 14.085150584360893 0
    endloop
  endfacet
  facet normal 0 0 -1
    outer loop
      vertex 3.165 3.622531754730549 0
      vertex 3.0183542904563625 3.6948494156391094 0
      vertex 3.165 14.157468245269452 0
    endloop
  endfacet
  facet normal 0 0 -1
    outer loop
      vertex 3.300951786260901 3.531691675364045 0
      vertex 3.165 3.622531754730549 0
      vertex 3.300951786260901 14.248308324635957 0
    endloop
  endfacet
  facet normal 0 0 -1
    outer loop
      vertex 3.4238834764831845 3.4238834764831854 0
      vertex 3.531691675364044 14.4790482137391 0
      vertex 3.531691675364044 3.3009517862609017 0
    endloop
  endfacet
  facet normal 0 0 -1
    outer loop
      vertex 3.300951786260901 3.531691675364045 0
      vertex 3.4238834764831845 14.356116523516816 0
      vertex 3.4238834764831845 3.4238834764831854 0
    endloop
  endfacet
  facet normal 0 0 1
    outer loop
      vertex 0.23 5.92 1.6
      vertex 2.0616457095436376 3.6948494156391094 1.6
      vertex 2.2164761936218493 3.747407282861336 1.6
    endloop
  endfacet
  facet normal 0 0 1
    outer loop
      vertex 0.22105808556079865 0.8250000029802322 1.6
      vertex 0.12559877336025238 16.76142766326666 1.6
      vertex 0.12559877336025238 1.0185723379254341 1.6
    endloop
  endfacet
  facet normal 0 0 1
    outer loop
      vertex 0.12559877336025238 1.0185723379254341 1.6
      vertex 0.05622238665819168 16.557051427662373 1.6
      vertex 0.05622238665819168 1.2229485735297203 1.6
    endloop
  endfacet
  facet normal 0 0 1
    outer loop
      vertex 0.05622238665819168 1.2229485735297203 1.6
      vertex 0.014115981757640839 16.345368213951588 1.6
      vertex 0.014115981757640839 1.4346317797899246 1.6
    endloop
  endfacet
  facet normal 0 0 1
    outer loop
      vertex 0.22105808556079865 0.8250000029802322 1.6
      vertex 0.23 5.92 1.6
      vertex 0.23 11.86 1.6
    endloop
  endfacet
  facet normal 0 0 1
    outer loop
      vertex 0.014115981757640839 1.4346317797899246 1.6
      vertex 0 16.13000000268221 1.6
      vertex 0 1.6499999985098839 1.6
    endloop
  endfacet
  facet normal 0 0 1
    outer loop
      vertex 0.23 5.92 1.6
      vertex 2.2164761936218493 3.747407282861336 1.6
      vertex 2.3768422597249357 3.7793060767172637 1.6
    endloop
  endfacet
  facet normal 0 0 1
    outer loop
      vertex 0.23 5.92 1.6
      vertex 2.3768422597249357 3.7793060767172637 1.6
      vertex 2.54 3.790000000000001 1.6
    endloop
  endfacet
  facet normal 0 0 1
    outer loop
      vertex 0.23 5.92 1.6
      vertex 2.54 3.790000000000001 1.6
      vertex 2.7031577402750644 3.7793060767172637 1.6
    endloop
  endfacet
  facet normal 0 0 1
    outer loop
      vertex 0.23 5.92 1.6
      vertex 2.7031577402750644 3.7793060767172637 1.6
      vertex 2.8635238063781507 3.747407282861336 1.6
    endloop
  endfacet
  facet normal 0 0 1
    outer loop
      vertex 0.23 5.92 1.6
      vertex 2.8635238063781507 3.747407282861336 1.6
      vertex 4.41 5.92 1.6
    endloop
  endfacet
  facet normal 0 0 1
    outer loop
      vertex 4.41 5.92 1.6
      vertex 2.8635238063781507 3.747407282861336 1.6
      vertex 3.0183542904563625 3.6948494156391094 1.6
    endloop
  endfacet
  facet normal 0 0 1
    outer loop
      vertex 6.2 8.2 1.6
      vertex 3.6948494156391085 3.0183542904563634 1.6
      vertex 3.747407282861335 2.8635238063781516 1.6
    endloop
  endfacet
  facet normal 0 0 1
    outer loop
      vertex 6.2 8.2 1.6
      vertex 3.779306076717263 2.7031577402750653 1.6
      vertex 3.79 2.540000000000001 1.6
    endloop
  endfacet
  facet normal 0 0 1
    outer loop
      vertex 6.2 8.2 1.6
      vertex 3.747407282861335 2.8635238063781516 1.6
      vertex 3.779306076717263 2.7031577402750653 1.6
    endloop
  endfacet
  facet normal 0 0 1
    outer loop
      vertex 6.2 8.2 1.6
      vertex 3.6225317547305482 3.165000000000001 1.6
      vertex 3.6948494156391085 3.0183542904563634 1.6
    endloop
  endfacet
  facet normal 0 0 1
    outer loop
      vertex 6.2 8.2 1.6
      vertex 3.531691675364044 3.3009517862609017 1.6
      vertex 3.6225317547305482 3.165000000000001 1.6
    endloop
  endfacet
  facet normal 0 0 1
    outer loop
      vertex 4.41 5.92 1.6
      vertex 3.531691675364044 3.3009517862609017 1.6
      vertex 6.2 8.6 1.6
    endloop
  endfacet
  facet normal 0 0 1
    outer loop
      vertex 6.2 8.2 1.6
      vertex 6.2 8.6 1.6
      vertex 3.531691675364044 3.3009517862609017 1.6
    endloop
  endfacet
  facet normal 0 0 1
    outer loop
      vertex 4.41 5.92 1.6
      vertex 6.2 8.6 1.6
      vertex 6.2 10.2 1.6
    endloop
  endfacet
  facet normal 0 0 -1
    outer loop
      vertex 1.6499999985098839 0 0
      vertex 2.54 1.290000000000001 0
      vertex 23.75 0 0
    endloop
  endfacet
  facet normal 0 -1 0
    outer loop
      vertex 1.6499999985098839 0 0
      vertex 23.75 0 0
      vertex 1.6499999985098839 0 1.6
    endloop
  endfacet
  facet normal 0 0 -1
    outer loop
      vertex 23.75 0 0
      vertex 2.54 1.290000000000001 0
      vertex 2.7031577402750644 1.300693923282738 0
    endloop
  endfacet
  facet normal 0 0 -1
    outer loop
      vertex 23.75 0 0
      vertex 2.7031577402750644 1.300693923282738 0
      vertex 2.8635238063781507 1.3325927171386656 0
    endloop
  endfacet
  facet normal 0 0 -1
    outer loop
      vertex 23.75 0 0
      vertex 2.8635238063781507 1.3325927171386656 0
      vertex 3.0183542904563625 1.3851505843608924 0
    endloop
  endfacet
  facet normal 0 0 -1
    outer loop
      vertex 23.75 0 0
      vertex 3.0183542904563625 1.3851505843608924 0
      vertex 3.165 1.4574682452694527 0
    endloop
  endfacet
  facet normal 0 0 -1
    outer loop
      vertex 23.75 0 0
      vertex 3.165 1.4574682452694527 0
      vertex 3.300951786260901 1.548308324635957 0
    endloop
  endfacet
  facet normal 0 0 -1
    outer loop
      vertex 23.75 0 0
      vertex 3.300951786260901 1.548308324635957 0
      vertex 3.4238834764831845 1.6561165235168165 0
    endloop
  endfacet
  facet normal 0 0 -1
    outer loop
      vertex 23.75 0 0
      vertex 3.4238834764831845 1.6561165235168165 0
      vertex 3.531691675364044 1.7790482137391002 0
    endloop
  endfacet
  facet normal 0 0 -1
    outer loop
      vertex 23.75 0 0
      vertex 3.531691675364044 1.7790482137391002 0
      vertex 3.6225317547305482 1.915000000000001 0
    endloop
  endfacet
  facet normal 0 0 -1
    outer loop
      vertex 23.75 0 0
      vertex 3.6225317547305482 3.165000000000001 0
      vertex 3.531691675364044 3.3009517862609017 0
    endloop
  endfacet
  facet normal 0 0 -1
    outer loop
      vertex 23.75 0 0
      vertex 3.6225317547305482 1.915000000000001 0
      vertex 3.6948494156391085 2.0616457095436385 0
    endloop
  endfacet
  facet normal 0 0 -1
    outer loop
      vertex 23.75 0 0
      vertex 3.6948494156391085 2.0616457095436385 0
      vertex 3.747407282861335 2.21647619362185 0
    endloop
  endfacet
  facet normal 0 0 -1
    outer loop
      vertex 23.75 0 0
      vertex 3.747407282861335 2.21647619362185 0
      vertex 3.779306076717263 2.3768422597249366 0
    endloop
  endfacet
  facet normal 0 0 -1
    outer loop
      vertex 23.75 0 0
      vertex 3.779306076717263 2.3768422597249366 0
      vertex 3.79 2.540000000000001 0
    endloop
  endfacet
  facet normal 0 0 -1
    outer loop
      vertex 23.75 0 0
      vertex 3.79 2.540000000000001 0
      vertex 3.779306076717263 2.7031577402750653 0
    endloop
  endfacet
  facet normal 0 0 -1
    outer loop
      vertex 23.75 0 0
      vertex 3.779306076717263 2.7031577402750653 0
      vertex 3.747407282861335 2.8635238063781516 0
    endloop
  endfacet
  facet normal 0 0 -1
    outer loop
      vertex 23.75 0 0
      vertex 3.747407282861335 2.8635238063781516 0
      vertex 3.6948494156391085 3.0183542904563634 0
    endloop
  endfacet
  facet normal 0 0 -1
    outer loop
      vertex 23.75 0 0
      vertex 3.6948494156391085 3.0183542904563634 0
      vertex 3.6225317547305482 3.165000000000001 0
    endloop
  endfacet
  facet normal 0 0 1
    outer loop
      vertex 11.8 8 1.6
      vertex 3.6948494156391085 2.0616457095436385 1.6
      vertex 3.6225317547305482 1.915000000000001 1.6
    endloop
  endfacet
  facet normal 0 0 1
    outer loop
      vertex 11.8 8 1.6
      vertex 3.747407282861335 2.21647619362185 1.6
      vertex 3.6948494156391085 2.0616457095436385 1.6
    endloop
  endfacet
  facet normal 0 0 1
    outer loop
      vertex 1.6499999985098839 0 1.6
      vertex 16 5 1.6
      vertex 13.4 8 1.6
    endloop
  endfacet
  facet normal 0 0 1
    outer loop
      vertex 1.6499999985098839 0 1.6
      vertex 16.4 5 1.6
      vertex 16 5 1.6
    endloop
  endfacet
  facet normal 0 0 -1
    outer loop
      vertex 23.75 0 0
      vertex 3.531691675364044 3.3009517862609017 0
      vertex 3.531691675364044 14.4790482137391 0
    endloop
  endfacet
  facet normal 0 0 1
    outer loop
      vertex 6.2 8.2 1.6
      vertex 3.747407282861335 2.21647619362185 1.6
      vertex 9.2 8.2 1.6
    endloop
  endfacet
  facet normal 0 0 1
    outer loop
      vertex 1.6499999985098839 0 1.6
      vertex 13.4 8 1.6
      vertex 11.8 8 1.6
    endloop
  endfacet
  facet normal 0 0 1
    outer loop
      vertex 9.2 8.2 1.6
      vertex 3.747407282861335 2.21647619362185 1.6
      vertex 11.8 8 1.6
    endloop
  endfacet
  facet normal 0 0 1
    outer loop
      vertex 9.2 8.2 1.6
      vertex 11.8 8 1.6
      vertex 9.2 8.6 1.6
    endloop
  endfacet
  facet normal 0 0 1
    outer loop
      vertex 9.2 8.6 1.6
      vertex 11.8 8 1.6
      vertex 11.8 9.6 1.6
    endloop
  endfacet
  facet normal 0 0 -1
    outer loop
      vertex 1.3851505843608916 3.0183542904563634 0
      vertex 1.3851505843608916 14.761645709543638 0
      vertex 1.4574682452694518 14.615 0
    endloop
  endfacet
  facet normal 0 0 -1
    outer loop
      vertex 1.5483083246359561 3.3009517862609017 0
      vertex 1.5483083246359561 14.4790482137391 0
      vertex 1.6561165235168156 14.356116523516816 0
    endloop
  endfacet
  facet normal 0 0 -1
    outer loop
      vertex 1.5483083246359561 3.3009517862609017 0
      vertex 1.4574682452694518 14.615 0
      vertex 1.5483083246359561 14.4790482137391 0
    endloop
  endfacet
  facet normal 0 0 -1
    outer loop
      vertex 1.3851505843608916 3.0183542904563634 0
      vertex 1.3325927171386647 14.916476193621849 0
      vertex 1.3851505843608916 14.761645709543638 0
    endloop
  endfacet
  facet normal 0 0 -1
    outer loop
      vertex 1.3851505843608916 3.0183542904563634 0
      vertex 1.300693923282737 15.076842259724936 0
      vertex 1.3325927171386647 14.916476193621849 0
    endloop
  endfacet
  facet normal 0 0 -1
    outer loop
      vertex 1.3851505843608916 3.0183542904563634 0
      vertex 1.29 15.24 0
      vertex 1.300693923282737 15.076842259724936 0
    endloop
  endfacet
  facet normal 0 0 -1
    outer loop
      vertex 1.6561165235168156 3.4238834764831854 0
      vertex 1.6561165235168156 14.356116523516816 0
      vertex 1.7790482137390993 14.248308324635957 0
    endloop
  endfacet
  facet normal 0 0 -1
    outer loop
      vertex 1.7790482137390993 3.531691675364045 0
      vertex 1.7790482137390993 14.248308324635957 0
      vertex 1.915 14.157468245269452 0
    endloop
  endfacet
  facet normal 0 0 -1
    outer loop
      vertex 1.915 3.622531754730549 0
      vertex 1.915 14.157468245269452 0
      vertex 2.0616457095436376 14.085150584360893 0
    endloop
  endfacet
  facet normal 0 0 -1
    outer loop
      vertex 2.0616457095436376 3.6948494156391094 0
      vertex 2.0616457095436376 14.085150584360893 0
      vertex 2.2164761936218493 14.032592717138664 0
    endloop
  endfacet
  facet normal 0 0 -1
    outer loop
      vertex 2.2164761936218493 3.747407282861336 0
      vertex 2.2164761936218493 14.032592717138664 0
      vertex 2.3768422597249357 14.000693923282737 0
    endloop
  endfacet
  facet normal 0 0 -1
    outer loop
      vertex 2.3768422597249357 3.7793060767172637 0
      vertex 2.3768422597249357 14.000693923282737 0
      vertex 2.54 13.99 0
    endloop
  endfacet
  facet normal 0 0 -1
    outer loop
      vertex 2.54 3.790000000000001 0
      vertex 2.54 13.99 0
      vertex 2.7031577402750644 14.000693923282737 0
    endloop
  endfacet
  facet normal 0 0 -1
    outer loop
      vertex 2.7031577402750644 3.7793060767172637 0
      vertex 2.7031577402750644 14.000693923282737 0
      vertex 2.8635238063781507 14.032592717138664 0
    endloop
  endfacet
  facet normal 0 0 -1
    outer loop
      vertex 2.8635238063781507 3.747407282861336 0
      vertex 2.8635238063781507 14.032592717138664 0
      vertex 3.0183542904563625 14.085150584360893 0
    endloop
  endfacet
  facet normal 0 0 -1
    outer loop
      vertex 3.0183542904563625 3.6948494156391094 0
      vertex 3.0183542904563625 14.085150584360893 0
      vertex 3.165 14.157468245269452 0
    endloop
  endfacet
  facet normal 0 0 -1
    outer loop
      vertex 0.014115981757640839 1.4346317797899246 0
      vertex 0 16.13000000268221 0
      vertex 0.014115981757640839 16.345368213951588 0
    endloop
  endfacet
  facet normal 0 0 -1
    outer loop
      vertex 0.05622238665819168 1.2229485735297203 0
      vertex 0.014115981757640839 16.345368213951588 0
      vertex 0.05622238665819168 16.557051427662373 0
    endloop
  endfacet
  facet normal 0 0 -1
    outer loop
      vertex 0.12559877336025238 1.0185723379254341 0
      vertex 0.05622238665819168 16.557051427662373 0
      vertex 0.12559877336025238 16.76142766326666 0
    endloop
  endfacet
  facet normal 0 0 -1
    outer loop
      vertex 0.22105808556079865 0.8250000029802322 0
      vertex 0.12559877336025238 16.76142766326666 0
      vertex 0.22105808556079865 16.95499999821186 0
    endloop
  endfacet
  facet normal 0 0 -1
    outer loop
      vertex 0.34096699208021164 0.6455436423420906 0
      vertex 0.22105808556079865 16.95499999821186 0
      vertex 0.34096699208021164 17.134456358850002 0
    endloop
  endfacet
  facet normal 0 0 -1
    outer loop
      vertex 0.48327381163835526 0.48327381163835526 0
      vertex 0.34096699208021164 17.134456358850002 0
      vertex 0.48327381163835526 17.296726189553738 0
    endloop
  endfacet
  facet normal 0 0 -1
    outer loop
      vertex 0.6455436423420906 0.34096699208021164 0
      vertex 0.48327381163835526 17.296726189553738 0
      vertex 0.6455436423420906 17.43903300911188 0
    endloop
  endfacet
  facet normal 0 0 -1
    outer loop
      vertex 0.8250000029802322 0.22105808556079865 0
      vertex 0.6455436423420906 17.43903300911188 0
      vertex 0.8250000029802322 17.558941915631294 0
    endloop
  endfacet
  facet normal 0 0 -1
    outer loop
      vertex 1.0185723379254341 0.12559877336025238 0
      vertex 0.8250000029802322 17.558941915631294 0
      vertex 1.0185723379254341 17.65440122783184 0
    endloop
  endfacet
  facet normal 0 0 -1
    outer loop
      vertex 1.2229485735297203 0.05622238665819168 0
      vertex 1.0185723379254341 17.65440122783184 0
      vertex 1.2229485735297203 17.7237776145339 0
    endloop
  endfacet
  facet normal 0 0 -1
    outer loop
      vertex 1.2229485735297203 17.7237776145339 0
      vertex 1.29 15.24 0
      vertex 1.3851505843608916 3.0183542904563634 0
    endloop
  endfacet
  facet normal -1 0 0
    outer loop
      vertex 0 1.6499999985098839 0
      vertex 0 16.13000000268221 1.6
      vertex 0 16.13000000268221 0
    endloop
  endfacet
  facet normal 0 0 -1
    outer loop
      vertex 3.165 3.622531754730549 0
      vertex 3.165 14.157468245269452 0
      vertex 3.300951786260901 14.248308324635957 0
    endloop
  endfacet
  facet normal 0 0 -1
    outer loop
      vertex 3.300951786260901 3.531691675364045 0
      vertex 3.300951786260901 14.248308324635957 0
      vertex 3.4238834764831845 14.356116523516816 0
    endloop
  endfacet
  facet normal 0 0 -1
    outer loop
      vertex 3.4238834764831845 3.4238834764831854 0
      vertex 3.4238834764831845 14.356116523516816 0
      vertex 3.531691675364044 14.4790482137391 0
    endloop
  endfacet
  facet normal 0 0 1
    outer loop
      vertex 0.22105808556079865 0.8250000029802322 1.6
      vertex 0.23 11.86 1.6
      vertex 0.22105808556079865 16.95499999821186 1.6
    endloop
  endfacet
  facet normal 0 0 1
    outer loop
      vertex 0.014115981757640839 1.4346317797899246 1.6
      vertex 0.014115981757640839 16.345368213951588 1.6
      vertex 0 16.13000000268221 1.6
    endloop
  endfacet
  facet normal 0 0 1
    outer loop
      vertex 0.05622238665819168 1.2229485735297203 1.6
      vertex 0.05622238665819168 16.557051427662373 1.6
      vertex 0.014115981757640839 16.345368213951588 1.6
    endloop
  endfacet
  facet normal 0 0 1
    outer loop
      vertex 0.12559877336025238 1.0185723379254341 1.6
      vertex 0.12559877336025238 16.76142766326666 1.6
      vertex 0.05622238665819168 16.557051427662373 1.6
    endloop
  endfacet
  facet normal 0 0 1
    outer loop
      vertex 0.22105808556079865 0.8250000029802322 1.6
      vertex 0.22105808556079865 16.95499999821186 1.6
      vertex 0.12559877336025238 16.76142766326666 1.6
    endloop
  endfacet
  facet normal 0 0 1
    outer loop
      vertex 0.23 11.86 1.6
      vertex 2.2164761936218493 14.032592717138664 1.6
      vertex 2.0616457095436376 14.085150584360893 1.6
    endloop
  endfacet
  facet normal 0 0 1
    outer loop
      vertex 0.23 11.86 1.6
      vertex 2.3768422597249357 14.000693923282737 1.6
      vertex 2.2164761936218493 14.032592717138664 1.6
    endloop
  endfacet
  facet normal 0 0 1
    outer loop
      vertex 0.23 11.86 1.6
      vertex 2.54 13.99 1.6
      vertex 2.3768422597249357 14.000693923282737 1.6
    endloop
  endfacet
  facet normal 0 0 1
    outer loop
      vertex 0.23 11.86 1.6
      vertex 4.41 11.86 1.6
      vertex 2.54 13.99 1.6
    endloop
  endfacet
  facet normal 0 0 1
    outer loop
      vertex 4.41 5.92 1.6
      vertex 5.14 12.05 1.6
      vertex 4.41 11.86 1.6
    endloop
  endfacet
  facet normal 0 0 1
    outer loop
      vertex 4.41 5.92 1.6
      vertex 6.2 10.6 1.6
      vertex 5.14 12.05 1.6
    endloop
  endfacet
  facet normal 0 0 1
    outer loop
      vertex 4.41 5.92 1.6
      vertex 6.2 10.2 1.6
      vertex 6.2 10.6 1.6
    endloop
  endfacet
  facet normal 0 0 1
    outer loop
      vertex 6.2 10.6 1.6
      vertex 7 10.6 1.6
      vertex 5.14 12.05 1.6
    endloop
  endfacet
  facet normal 0 0 1
    outer loop
      vertex 4.41 11.86 1.6
      vertex 2.7031577402750644 14.000693923282737 1.6
      vertex 2.54 13.99 1.6
    endloop
  endfacet
  facet normal 0 0 1
    outer loop
      vertex 4.41 11.86 1.6
      vertex 2.8635238063781507 14.032592717138664 1.6
      vertex 2.7031577402750644 14.000693923282737 1.6
    endloop
  endfacet
  facet normal 0 0 1
    outer loop
      vertex 4.41 11.86 1.6
      vertex 3.0183542904563625 14.085150584360893 1.6
      vertex 2.8635238063781507 14.032592717138664 1.6
    endloop
  endfacet
  facet normal 0 0 1
    outer loop
      vertex 4.41 11.86 1.6
      vertex 5.14 12.05 1.6
      vertex 3.4238834764831845 14.356116523516816 1.6
    endloop
  endfacet
  facet normal 0 0 1
    outer loop
      vertex 5.14 12.05 1.6
      vertex 5.14 13.45 1.6
      vertex 3.531691675364044 14.4790482137391 1.6
    endloop
  endfacet
  facet normal 0 0 -1
    outer loop
      vertex 1.2229485735297203 17.7237776145339 0
      vertex 1.300693923282737 15.403157740275065 0
      vertex 1.29 15.24 0
    endloop
  endfacet
  facet normal 0 0 -1
    outer loop
      vertex 1.2229485735297203 17.7237776145339 0
      vertex 1.3325927171386647 15.563523806378152 0
      vertex 1.300693923282737 15.403157740275065 0
    endloop
  endfacet
  facet normal 0 0 -1
    outer loop
      vertex 1.2229485735297203 17.7237776145339 0
      vertex 1.3851505843608916 15.718354290456363 0
      vertex 1.3325927171386647 15.563523806378152 0
    endloop
  endfacet
  facet normal 0 0 -1
    outer loop
      vertex 1.4346317797899246 17.765884019434452 0
      vertex 1.4574682452694518 15.865 0
      vertex 1.3851505843608916 15.718354290456363 0
    endloop
  endfacet
  facet normal 0 0 -1
    outer loop
      vertex 1.4346317797899246 17.765884019434452 0
      vertex 1.5483083246359561 16.000951786260902 0
      vertex 1.4574682452694518 15.865 0
    endloop
  endfacet
  facet normal -0.9978589222072641 0.06540314496533882 0
    outer loop
      vertex 0 16.13000000268221 0
      vertex 0.014115981757640839 16.345368213951588 1.6
      vertex 0.014115981757640839 16.345368213951588 0
    endloop
  endfacet
  facet normal -0.980785284191579 0.19509030297081328 0
    outer loop
      vertex 0.014115981757640839 16.345368213951588 0
      vertex 0.05622238665819168 16.557051427662373 1.6
      vertex 0.05622238665819168 16.557051427662373 0
    endloop
  endfacet
  facet normal 0 0 -1
    outer loop
      vertex 1.2229485735297203 17.7237776145339 0
      vertex 1.4346317797899246 17.765884019434452 0
      vertex 1.3851505843608916 15.718354290456363 0
    endloop
  endfacet
  facet normal 0 0 -1
    outer loop
      vertex 1.4346317797899246 17.765884019434452 0
      vertex 1.6499999985098839 17.780000001192093 0
      vertex 1.5483083246359561 16.000951786260902 0
    endloop
  endfacet
  facet normal -0.9469301251010734 0.3214394782475631 0
    outer loop
      vertex 0.05622238665819168 16.557051427662373 0
      vertex 0.12559877336025238 16.76142766326666 1.6
      vertex 0.12559877336025238 16.76142766326666 0
    endloop
  endfacet
  facet normal -0.8968727404003146 0.44228869251522795 0
    outer loop
      vertex 0.12559877336025238 16.76142766326666 0
      vertex 0.22105808556079865 16.95499999821186 1.6
      vertex 0.22105808556079865 16.95499999821186 0
    endloop
  endfacet
  facet normal -0.8314696125117266 0.5555702327065404 0
    outer loop
      vertex 0.22105808556079865 16.95499999821186 0
      vertex 0.34096699208021164 17.134456358850002 1.6
      vertex 0.34096699208021164 17.134456358850002 0
    endloop
  endfacet
  facet normal -0.7518398135031837 0.659345808230778 0
    outer loop
      vertex 0.34096699208021164 17.134456358850002 0
      vertex 0.48327381163835526 17.296726189553738 1.6
      vertex 0.48327381163835526 17.296726189553738 0
    endloop
  endfacet
  facet normal -0.659345808230778 0.7518398135031837 0
    outer loop
      vertex 0.48327381163835526 17.296726189553738 0
      vertex 0.6455436423420906 17.43903300911188 1.6
      vertex 0.6455436423420906 17.43903300911188 0
    endloop
  endfacet
  facet normal -0.5555702327065404 0.8314696125117266 0
    outer loop
      vertex 0.6455436423420906 17.43903300911188 0
      vertex 0.8250000029802322 17.558941915631294 1.6
      vertex 0.8250000029802322 17.558941915631294 0
    endloop
  endfacet
  facet normal -0.44228869251522795 0.8968727404003146 0
    outer loop
      vertex 0.8250000029802322 17.558941915631294 0
      vertex 1.0185723379254341 17.65440122783184 1.6
      vertex 1.0185723379254341 17.65440122783184 0
    endloop
  endfacet
  facet normal -0.3214394782475631 0.9469301251010734 0
    outer loop
      vertex 1.0185723379254341 17.65440122783184 0
      vertex 1.2229485735297203 17.7237776145339 1.6
      vertex 1.2229485735297203 17.7237776145339 0
    endloop
  endfacet
  facet normal -0.1950903095760331 0.9807852828777192 0
    outer loop
      vertex 1.2229485735297203 17.7237776145339 0
      vertex 1.4346317797899246 17.765884019434452 1.6
      vertex 1.4346317797899246 17.765884019434452 0
    endloop
  endfacet
  facet normal -0.06540314271242062 0.9978589223549282 0
    outer loop
      vertex 1.4346317797899246 17.765884019434452 0
      vertex 1.6499999985098839 17.780000001192093 1.6
      vertex 1.6499999985098839 17.780000001192093 0
    endloop
  endfacet
  facet normal 0 0 -1
    outer loop
      vertex 1.6499999985098839 17.780000001192093 0
      vertex 1.6561165235168156 16.123883476483186 0
      vertex 1.5483083246359561 16.000951786260902 0
    endloop
  endfacet
  facet normal 0 0 -1
    outer loop
      vertex 1.6499999985098839 17.780000001192093 0
      vertex 1.7790482137390993 16.231691675364043 0
      vertex 1.6561165235168156 16.123883476483186 0
    endloop
  endfacet
  facet normal 0 0 -1
    outer loop
      vertex 1.6499999985098839 17.780000001192093 0
      vertex 1.915 16.322531754730548 0
      vertex 1.7790482137390993 16.231691675364043 0
    endloop
  endfacet
  facet normal 0 0 -1
    outer loop
      vertex 1.6499999985098839 17.780000001192093 0
      vertex 2.0616457095436376 16.394849415639108 0
      vertex 1.915 16.322531754730548 0
    endloop
  endfacet
  facet normal 0 0 -1
    outer loop
      vertex 1.6499999985098839 17.780000001192093 0
      vertex 2.2164761936218493 16.447407282861334 0
      vertex 2.0616457095436376 16.394849415639108 0
    endloop
  endfacet
  facet normal 0 0 -1
    outer loop
      vertex 1.6499999985098839 17.780000001192093 0
      vertex 2.3768422597249357 16.479306076717265 0
      vertex 2.2164761936218493 16.447407282861334 0
    endloop
  endfacet
  facet normal 0 0 -1
    outer loop
      vertex 1.6499999985098839 17.780000001192093 0
      vertex 2.54 16.490000000000002 0
      vertex 2.3768422597249357 16.479306076717265 0
    endloop
  endfacet
  facet normal 0 0 -1
    outer loop
      vertex 1.6499999985098839 17.780000001192093 0
      vertex 2.7031577402750644 16.479306076717265 0
      vertex 2.54 16.490000000000002 0
    endloop
  endfacet
  facet normal 0 0 -1
    outer loop
      vertex 1.6499999985098839 17.780000001192093 0
      vertex 2.8635238063781507 16.447407282861334 0
      vertex 2.7031577402750644 16.479306076717265 0
    endloop
  endfacet
  facet normal 0 0 -1
    outer loop
      vertex 1.6499999985098839 17.780000001192093 0
      vertex 3.0183542904563625 16.394849415639108 0
      vertex 2.8635238063781507 16.447407282861334 0
    endloop
  endfacet
  facet normal 0 0 -1
    outer loop
      vertex 1.6499999985098839 17.780000001192093 0
      vertex 3.300951786260901 16.231691675364043 0
      vertex 3.165 16.322531754730548 0
    endloop
  endfacet
  facet normal 0 0 -1
    outer loop
      vertex 1.6499999985098839 17.780000001192093 0
      vertex 3.165 16.322531754730548 0
      vertex 3.0183542904563625 16.394849415639108 0
    endloop
  endfacet
  facet normal 0 0 -1
    outer loop
      vertex 1.6499999985098839 17.780000001192093 0
      vertex 3.4238834764831845 16.123883476483186 0
      vertex 3.300951786260901 16.231691675364043 0
    endloop
  endfacet
  facet normal -0.9978589222072641 0.06540314496533882 0
    outer loop
      vertex 0 16.13000000268221 0
      vertex 0 16.13000000268221 1.6
      vertex 0.014115981757640839 16.345368213951588 1.6
    endloop
  endfacet
  facet normal -0.980785284191579 0.19509030297081328 0
    outer loop
      vertex 0.014115981757640839 16.345368213951588 0
      vertex 0.014115981757640839 16.345368213951588 1.6
      vertex 0.05622238665819168 16.557051427662373 1.6
    endloop
  endfacet
  facet normal -0.9469301251010734 0.3214394782475631 0
    outer loop
      vertex 0.05622238665819168 16.557051427662373 0
      vertex 0.05622238665819168 16.557051427662373 1.6
      vertex 0.12559877336025238 16.76142766326666 1.6
    endloop
  endfacet
  facet normal -0.8968727404003146 0.44228869251522795 0
    outer loop
      vertex 0.12559877336025238 16.76142766326666 0
      vertex 0.12559877336025238 16.76142766326666 1.6
      vertex 0.22105808556079865 16.95499999821186 1.6
    endloop
  endfacet
  facet normal -0.8314696125117266 0.5555702327065404 0
    outer loop
      vertex 0.22105808556079865 16.95499999821186 0
      vertex 0.22105808556079865 16.95499999821186 1.6
      vertex 0.34096699208021164 17.134456358850002 1.6
    endloop
  endfacet
  facet normal -0.7518398135031837 0.659345808230778 0
    outer loop
      vertex 0.34096699208021164 17.134456358850002 0
      vertex 0.34096699208021164 17.134456358850002 1.6
      vertex 0.48327381163835526 17.296726189553738 1.6
    endloop
  endfacet
  facet normal -0.659345808230778 0.7518398135031837 0
    outer loop
      vertex 0.48327381163835526 17.296726189553738 0
      vertex 0.48327381163835526 17.296726189553738 1.6
      vertex 0.6455436423420906 17.43903300911188 1.6
    endloop
  endfacet
  facet normal -0.5555702327065404 0.8314696125117266 0
    outer loop
      vertex 0.6455436423420906 17.43903300911188 0
      vertex 0.6455436423420906 17.43903300911188 1.6
      vertex 0.8250000029802322 17.558941915631294 1.6
    endloop
  endfacet
  facet normal -0.44228869251522795 0.8968727404003146 0
    outer loop
      vertex 0.8250000029802322 17.558941915631294 0
      vertex 0.8250000029802322 17.558941915631294 1.6
      vertex 1.0185723379254341 17.65440122783184 1.6
    endloop
  endfacet
  facet normal -0.3214394782475631 0.9469301251010734 0
    outer loop
      vertex 1.0185723379254341 17.65440122783184 0
      vertex 1.0185723379254341 17.65440122783184 1.6
      vertex 1.2229485735297203 17.7237776145339 1.6
    endloop
  endfacet
  facet normal -0.1950903095760331 0.9807852828777192 0
    outer loop
      vertex 1.2229485735297203 17.7237776145339 0
      vertex 1.2229485735297203 17.7237776145339 1.6
      vertex 1.4346317797899246 17.765884019434452 1.6
    endloop
  endfacet
  facet normal -0.06540314271242062 0.9978589223549282 0
    outer loop
      vertex 1.4346317797899246 17.765884019434452 0
      vertex 1.4346317797899246 17.765884019434452 1.6
      vertex 1.6499999985098839 17.780000001192093 1.6
    endloop
  endfacet
  facet normal 0 0 1
    outer loop
      vertex 0.23 11.86 1.6
      vertex 1.6561165235168156 14.356116523516816 1.6
      vertex 1.5483083246359561 14.4790482137391 1.6
    endloop
  endfacet
  facet normal 0 0 1
    outer loop
      vertex 0.23 11.86 1.6
      vertex 1.3851505843608916 14.761645709543638 1.6
      vertex 1.3325927171386647 14.916476193621849 1.6
    endloop
  endfacet
  facet normal 0 0 1
    outer loop
      vertex 0.23 11.86 1.6
      vertex 1.5483083246359561 14.4790482137391 1.6
      vertex 1.4574682452694518 14.615 1.6
    endloop
  endfacet
  facet normal 0 0 1
    outer loop
      vertex 0.23 11.86 1.6
      vertex 1.4574682452694518 14.615 1.6
      vertex 1.3851505843608916 14.761645709543638 1.6
    endloop
  endfacet
  facet normal 0 0 1
    outer loop
      vertex 0.23 11.86 1.6
      vertex 1.915 14.157468245269452 1.6
      vertex 1.7790482137390993 14.248308324635957 1.6
    endloop
  endfacet
  facet normal 0 0 1
    outer loop
      vertex 0.23 11.86 1.6
      vertex 1.7790482137390993 14.248308324635957 1.6
      vertex 1.6561165235168156 14.356116523516816 1.6
    endloop
  endfacet
  facet normal 0 0 1
    outer loop
      vertex 0.23 11.86 1.6
      vertex 2.0616457095436376 14.085150584360893 1.6
      vertex 1.915 14.157468245269452 1.6
    endloop
  endfacet
  facet normal 0 0 1
    outer loop
      vertex 0.23 11.86 1.6
      vertex 1.3325927171386647 14.916476193621849 1.6
      vertex 1.300693923282737 15.076842259724936 1.6
    endloop
  endfacet
  facet normal 0 0 1
    outer loop
      vertex 0.23 11.86 1.6
      vertex 1.300693923282737 15.076842259724936 1.6
      vertex 1.29 15.24 1.6
    endloop
  endfacet
  facet normal 0 0 1
    outer loop
      vertex 0.23 11.86 1.6
      vertex 1.29 15.24 1.6
      vertex 1.300693923282737 15.403157740275065 1.6
    endloop
  endfacet
  facet normal 0 0 1
    outer loop
      vertex 0.23 11.86 1.6
      vertex 1.300693923282737 15.403157740275065 1.6
      vertex 1.3325927171386647 15.563523806378152 1.6
    endloop
  endfacet
  facet normal 0 0 1
    outer loop
      vertex 0.23 11.86 1.6
      vertex 1.3325927171386647 15.563523806378152 1.6
      vertex 0.22105808556079865 16.95499999821186 1.6
    endloop
  endfacet
  facet normal 0 0 1
    outer loop
      vertex 0.22105808556079865 16.95499999821186 1.6
      vertex 1.4574682452694518 15.865 1.6
      vertex 0.34096699208021164 17.134456358850002 1.6
    endloop
  endfacet
  facet normal 0 0 1
    outer loop
      vertex 0.22105808556079865 16.95499999821186 1.6
      vertex 1.3325927171386647 15.563523806378152 1.6
      vertex 1.3851505843608916 15.718354290456363 1.6
    endloop
  endfacet
  facet normal 0 0 1
    outer loop
      vertex 0.22105808556079865 16.95499999821186 1.6
      vertex 1.3851505843608916 15.718354290456363 1.6
      vertex 1.4574682452694518 15.865 1.6
    endloop
  endfacet
  facet normal 0 0 1
    outer loop
      vertex 0.34096699208021164 17.134456358850002 1.6
      vertex 1.4574682452694518 15.865 1.6
      vertex 1.5483083246359561 16.000951786260902 1.6
    endloop
  endfacet
  facet normal 0 0 1
    outer loop
      vertex 0.48327381163835526 17.296726189553738 1.6
      vertex 1.5483083246359561 16.000951786260902 1.6
      vertex 1.6561165235168156 16.123883476483186 1.6
    endloop
  endfacet
  facet normal 0 0 1
    outer loop
      vertex 0.6455436423420906 17.43903300911188 1.6
      vertex 1.6561165235168156 16.123883476483186 1.6
      vertex 1.7790482137390993 16.231691675364043 1.6
    endloop
  endfacet
  facet normal 0 0 1
    outer loop
      vertex 0.34096699208021164 17.134456358850002 1.6
      vertex 1.5483083246359561 16.000951786260902 1.6
      vertex 0.48327381163835526 17.296726189553738 1.6
    endloop
  endfacet
  facet normal 0 0 1
    outer loop
      vertex 0.48327381163835526 17.296726189553738 1.6
      vertex 1.6561165235168156 16.123883476483186 1.6
      vertex 0.6455436423420906 17.43903300911188 1.6
    endloop
  endfacet
  facet normal 0 0 1
    outer loop
      vertex 0.6455436423420906 17.43903300911188 1.6
      vertex 1.7790482137390993 16.231691675364043 1.6
      vertex 0.8250000029802322 17.558941915631294 1.6
    endloop
  endfacet
  facet normal 0 0 1
    outer loop
      vertex 1.0185723379254341 17.65440122783184 1.6
      vertex 1.7790482137390993 16.231691675364043 1.6
      vertex 1.915 16.322531754730548 1.6
    endloop
  endfacet
  facet normal 0 0 1
    outer loop
      vertex 0.8250000029802322 17.558941915631294 1.6
      vertex 1.7790482137390993 16.231691675364043 1.6
      vertex 1.0185723379254341 17.65440122783184 1.6
    endloop
  endfacet
  facet normal 0 0 1
    outer loop
      vertex 1.0185723379254341 17.65440122783184 1.6
      vertex 1.915 16.322531754730548 1.6
      vertex 1.2229485735297203 17.7237776145339 1.6
    endloop
  endfacet
  facet normal 0 0 1
    outer loop
      vertex 1.2229485735297203 17.7237776145339 1.6
      vertex 2.0616457095436376 16.394849415639108 1.6
      vertex 1.4346317797899246 17.765884019434452 1.6
    endloop
  endfacet
  facet normal 0 0 1
    outer loop
      vertex 1.2229485735297203 17.7237776145339 1.6
      vertex 1.915 16.322531754730548 1.6
      vertex 2.0616457095436376 16.394849415639108 1.6
    endloop
  endfacet
  facet normal 0 0 1
    outer loop
      vertex 1.4346317797899246 17.765884019434452 1.6
      vertex 2.0616457095436376 16.394849415639108 1.6
      vertex 2.2164761936218493 16.447407282861334 1.6
    endloop
  endfacet
  facet normal 0 0 1
    outer loop
      vertex 1.6499999985098839 17.780000001192093 1.6
      vertex 2.2164761936218493 16.447407282861334 1.6
      vertex 2.3768422597249357 16.479306076717265 1.6
    endloop
  endfacet
  facet normal 0 0 1
    outer loop
      vertex 1.6499999985098839 17.780000001192093 1.6
      vertex 2.3768422597249357 16.479306076717265 1.6
      vertex 2.54 16.490000000000002 1.6
    endloop
  endfacet
  facet normal 0 0 1
    outer loop
      vertex 1.6499999985098839 17.780000001192093 1.6
      vertex 2.54 16.490000000000002 1.6
      vertex 2.7031577402750644 16.479306076717265 1.6
    endloop
  endfacet
  facet normal 0 0 1
    outer loop
      vertex 1.4346317797899246 17.765884019434452 1.6
      vertex 2.2164761936218493 16.447407282861334 1.6
      vertex 1.6499999985098839 17.780000001192093 1.6
    endloop
  endfacet
  facet normal 0 0 1
    outer loop
      vertex 1.6499999985098839 17.780000001192093 1.6
      vertex 2.7031577402750644 16.479306076717265 1.6
      vertex 2.8635238063781507 16.447407282861334 1.6
    endloop
  endfacet
  facet normal 0 0 1
    outer loop
      vertex 1.6499999985098839 17.780000001192093 1.6
      vertex 2.8635238063781507 16.447407282861334 1.6
      vertex 3.0183542904563625 16.394849415639108 1.6
    endloop
  endfacet
  facet normal 0 0 1
    outer loop
      vertex 4.41 11.86 1.6
      vertex 3.165 14.157468245269452 1.6
      vertex 3.0183542904563625 14.085150584360893 1.6
    endloop
  endfacet
  facet normal 0 0 1
    outer loop
      vertex 4.41 11.86 1.6
      vertex 3.300951786260901 14.248308324635957 1.6
      vertex 3.165 14.157468245269452 1.6
    endloop
  endfacet
  facet normal 0 0 1
    outer loop
      vertex 4.41 11.86 1.6
      vertex 3.4238834764831845 14.356116523516816 1.6
      vertex 3.300951786260901 14.248308324635957 1.6
    endloop
  endfacet
  facet normal 0 0 1
    outer loop
      vertex 5.14 12.05 1.6
      vertex 3.531691675364044 14.4790482137391 1.6
      vertex 3.4238834764831845 14.356116523516816 1.6
    endloop
  endfacet
  facet normal 0 0 1
    outer loop
      vertex 5.14 13.45 1.6
      vertex 3.6225317547305482 14.615 1.6
      vertex 3.531691675364044 14.4790482137391 1.6
    endloop
  endfacet
  facet normal 0 0 1
    outer loop
      vertex 5.14 13.45 1.6
      vertex 3.6948494156391085 14.761645709543638 1.6
      vertex 3.6225317547305482 14.615 1.6
    endloop
  endfacet
  facet normal 0 0 1
    outer loop
      vertex 5.14 13.45 1.6
      vertex 3.747407282861335 14.916476193621849 1.6
      vertex 3.6948494156391085 14.761645709543638 1.6
    endloop
  endfacet
  facet normal 0 0 1
    outer loop
      vertex 5.14 13.45 1.6
      vertex 3.779306076717263 15.076842259724936 1.6
      vertex 3.747407282861335 14.916476193621849 1.6
    endloop
  endfacet
  facet normal 0 0 1
    outer loop
      vertex 5.14 13.45 1.6
      vertex 9 13.45 1.6
      vertex 3.779306076717263 15.076842259724936 1.6
    endloop
  endfacet
  facet normal 0 0 1
    outer loop
      vertex 9 13.45 1.6
      vertex 3.79 15.24 1.6
      vertex 3.779306076717263 15.076842259724936 1.6
    endloop
  endfacet
  facet normal 0 0 1
    outer loop
      vertex 9 13.45 1.6
      vertex 3.779306076717263 15.403157740275065 1.6
      vertex 3.79 15.24 1.6
    endloop
  endfacet
  facet normal 0 0 1
    outer loop
      vertex 9 13.45 1.6
      vertex 3.747407282861335 15.563523806378152 1.6
      vertex 3.779306076717263 15.403157740275065 1.6
    endloop
  endfacet
  facet normal 0 0 1
    outer loop
      vertex 9 13.45 1.6
      vertex 3.6948494156391085 15.718354290456363 1.6
      vertex 3.747407282861335 15.563523806378152 1.6
    endloop
  endfacet
  facet normal 0 0 1
    outer loop
      vertex 9 13.45 1.6
      vertex 3.165 16.322531754730548 1.6
      vertex 3.300951786260901 16.231691675364043 1.6
    endloop
  endfacet
  facet normal 0 0 1
    outer loop
      vertex 9 13.45 1.6
      vertex 3.0183542904563625 16.394849415639108 1.6
      vertex 3.165 16.322531754730548 1.6
    endloop
  endfacet
  facet normal 0 0 1
    outer loop
      vertex 9 13.45 1.6
      vertex 3.300951786260901 16.231691675364043 1.6
      vertex 3.4238834764831845 16.123883476483186 1.6
    endloop
  endfacet
  facet normal 0 0 1
    outer loop
      vertex 9 13.45 1.6
      vertex 3.4238834764831845 16.123883476483186 1.6
      vertex 3.531691675364044 16.000951786260902 1.6
    endloop
  endfacet
  facet normal 0 0 1
    outer loop
      vertex 9 13.45 1.6
      vertex 3.6225317547305482 15.865 1.6
      vertex 3.6948494156391085 15.718354290456363 1.6
    endloop
  endfacet
  facet normal 0 0 1
    outer loop
      vertex 9 13.45 1.6
      vertex 3.531691675364044 16.000951786260902 1.6
      vertex 3.6225317547305482 15.865 1.6
    endloop
  endfacet
  facet normal 0 0 1
    outer loop
      vertex 1.6499999985098839 17.780000001192093 1.6
      vertex 3.0183542904563625 16.394849415639108 1.6
      vertex 9 13.45 1.6
    endloop
  endfacet
  facet normal 0 0 -1
    outer loop
      vertex 23.75 0 0
      vertex 3.531691675364044 14.4790482137391 0
      vertex 3.6225317547305482 14.615 0
    endloop
  endfacet
  facet normal 0 0 -1
    outer loop
      vertex 23.75 0 0
      vertex 3.6225317547305482 14.615 0
      vertex 3.6948494156391085 14.761645709543638 0
    endloop
  endfacet
  facet normal 0 0 -1
    outer loop
      vertex 23.75 0 0
      vertex 3.6948494156391085 14.761645709543638 0
      vertex 3.747407282861335 14.916476193621849 0
    endloop
  endfacet
  facet normal 0 0 -1
    outer loop
      vertex 23.75 0 0
      vertex 3.747407282861335 14.916476193621849 0
      vertex 3.779306076717263 15.076842259724936 0
    endloop
  endfacet
  facet normal 0 0 -1
    outer loop
      vertex 23.75 0 0
      vertex 3.6225317547305482 15.865 0
      vertex 3.531691675364044 16.000951786260902 0
    endloop
  endfacet
  facet normal 0 0 -1
    outer loop
      vertex 23.75 0 0
      vertex 3.531691675364044 16.000951786260902 0
      vertex 3.4238834764831845 16.123883476483186 0
    endloop
  endfacet
  facet normal 0 0 -1
    outer loop
      vertex 23.75 0 0
      vertex 3.779306076717263 15.076842259724936 0
      vertex 3.79 15.24 0
    endloop
  endfacet
  facet normal 0 0 -1
    outer loop
      vertex 23.75 0 0
      vertex 3.79 15.24 0
      vertex 3.779306076717263 15.403157740275065 0
    endloop
  endfacet
  facet normal 0 0 -1
    outer loop
      vertex 23.75 0 0
      vertex 3.779306076717263 15.403157740275065 0
      vertex 3.747407282861335 15.563523806378152 0
    endloop
  endfacet
  facet normal 0 0 -1
    outer loop
      vertex 23.75 0 0
      vertex 3.747407282861335 15.563523806378152 0
      vertex 3.6948494156391085 15.718354290456363 0
    endloop
  endfacet
  facet normal 0 0 -1
    outer loop
      vertex 23.75 0 0
      vertex 3.6948494156391085 15.718354290456363 0
      vertex 3.6225317547305482 15.865 0
    endloop
  endfacet
  facet normal 0 0 -1
    outer loop
      vertex 1.6499999985098839 17.780000001192093 0
      vertex 23.75 0 0
      vertex 3.4238834764831845 16.123883476483186 0
    endloop
  endfacet
  facet normal 0 0 1
    outer loop
      vertex 6.2 8.6 1.6
      vertex 7 10.2 1.6
      vertex 6.2 10.2 1.6
    endloop
  endfacet
  facet normal 0 0 1
    outer loop
      vertex 6.2 8.6 1.6
      vertex 9.2 8.6 1.6
      vertex 7 10.2 1.6
    endloop
  endfacet
  facet normal 0 0 1
    outer loop
      vertex 7 10.2 1.6
      vertex 8.4 10.2 1.6
      vertex 7 10.6 1.6
    endloop
  endfacet
  facet normal 0 0 1
    outer loop
      vertex 7 10.6 1.6
      vertex 8.4 10.2 1.6
      vertex 8.4 10.6 1.6
    endloop
  endfacet
  facet normal 0 0 1
    outer loop
      vertex 9.2 8.6 1.6
      vertex 8.4 10.2 1.6
      vertex 7 10.2 1.6
    endloop
  endfacet
  facet normal 0 0 1
    outer loop
      vertex 9.2 8.6 1.6
      vertex 9.2 10.2 1.6
      vertex 8.4 10.2 1.6
    endloop
  endfacet
  facet normal 0 0 1
    outer loop
      vertex 7 10.6 1.6
      vertex 8.4 10.6 1.6
      vertex 9 12.05 1.6
    endloop
  endfacet
  facet normal 0 0 1
    outer loop
      vertex 8.4 10.6 1.6
      vertex 9.2 10.6 1.6
      vertex 9 12.05 1.6
    endloop
  endfacet
  facet normal 0 0 1
    outer loop
      vertex 5.14 12.05 1.6
      vertex 7 10.6 1.6
      vertex 9 12.05 1.6
    endloop
  endfacet
  facet normal 0 0 1
    outer loop
      vertex 9.2 8.6 1.6
      vertex 11.8 9.6 1.6
      vertex 9.2 10.2 1.6
    endloop
  endfacet
  facet normal 0 0 1
    outer loop
      vertex 9.2 10.2 1.6
      vertex 13.4 9.6 1.6
      vertex 9.2 10.6 1.6
    endloop
  endfacet
  facet normal 0 0 1
    outer loop
      vertex 9.2 10.6 1.6
      vertex 13.4 9.6 1.6
      vertex 9 12.05 1.6
    endloop
  endfacet
  facet normal 0 0 1
    outer loop
      vertex 9.2 10.2 1.6
      vertex 11.8 9.6 1.6
      vertex 13.4 9.6 1.6
    endloop
  endfacet
  facet normal 0 0 1
    outer loop
      vertex 9 12.05 1.6
      vertex 13.4 9.6 1.6
      vertex 9 13.45 1.6
    endloop
  endfacet
  facet normal 0 1 0
    outer loop
      vertex 1.6499999985098839 17.780000001192093 0
      vertex 1.6499999985098839 17.780000001192093 1.6
      vertex 23.75 17.780000001192093 1.6
    endloop
  endfacet
  facet normal 0 0 1
    outer loop
      vertex 1.6499999985098839 17.780000001192093 1.6
      vertex 9 13.45 1.6
      vertex 23.75 17.780000001192093 1.6
    endloop
  endfacet
  facet normal 0 -1 0
    outer loop
      vertex 1.6499999985098839 0 1.6
      vertex 23.75 0 0
      vertex 23.75 0 1.6
    endloop
  endfacet
  facet normal 0 0 1
    outer loop
      vertex 1.6499999985098839 0 1.6
      vertex 23.75 0 1.6
      vertex 16.4 5 1.6
    endloop
  endfacet
  facet normal 0 0 -1
    outer loop
      vertex 1.6499999985098839 17.780000001192093 0
      vertex 21.976116523516815 1.6561165235168165 0
      vertex 23.75 0 0
    endloop
  endfacet
  facet normal 0 0 -1
    outer loop
      vertex 1.6499999985098839 17.780000001192093 0
      vertex 21.70515058436089 2.0616457095436385 0
      vertex 21.77746824526945 1.915000000000001 0
    endloop
  endfacet
  facet normal 0 0 -1
    outer loop
      vertex 1.6499999985098839 17.780000001192093 0
      vertex 21.652592717138663 2.21647619362185 0
      vertex 21.70515058436089 2.0616457095436385 0
    endloop
  endfacet
  facet normal 0 0 -1
    outer loop
      vertex 1.6499999985098839 17.780000001192093 0
      vertex 21.620693923282737 2.3768422597249366 0
      vertex 21.652592717138663 2.21647619362185 0
    endloop
  endfacet
  facet normal 0 0 -1
    outer loop
      vertex 1.6499999985098839 17.780000001192093 0
      vertex 21.61 2.540000000000001 0
      vertex 21.620693923282737 2.3768422597249366 0
    endloop
  endfacet
  facet normal 0 0 -1
    outer loop
      vertex 1.6499999985098839 17.780000001192093 0
      vertex 21.620693923282737 2.7031577402750653 0
      vertex 21.61 2.540000000000001 0
    endloop
  endfacet
  facet normal 0 0 -1
    outer loop
      vertex 1.6499999985098839 17.780000001192093 0
      vertex 21.868308324635954 1.7790482137391002 0
      vertex 21.976116523516815 1.6561165235168165 0
    endloop
  endfacet
  facet normal 0 0 -1
    outer loop
      vertex 1.6499999985098839 17.780000001192093 0
      vertex 21.77746824526945 1.915000000000001 0
      vertex 21.868308324635954 1.7790482137391002 0
    endloop
  endfacet
  facet normal 0 0 -1
    outer loop
      vertex 1.6499999985098839 17.780000001192093 0
      vertex 21.652592717138663 2.8635238063781516 0
      vertex 21.620693923282737 2.7031577402750653 0
    endloop
  endfacet
  facet normal 0 0 -1
    outer loop
      vertex 1.6499999985098839 17.780000001192093 0
      vertex 21.70515058436089 3.0183542904563634 0
      vertex 21.652592717138663 2.8635238063781516 0
    endloop
  endfacet
  facet normal 0 0 -1
    outer loop
      vertex 1.6499999985098839 17.780000001192093 0
      vertex 21.77746824526945 3.165000000000001 0
      vertex 21.70515058436089 3.0183542904563634 0
    endloop
  endfacet
  facet normal 0 0 -1
    outer loop
      vertex 1.6499999985098839 17.780000001192093 0
      vertex 21.868308324635954 3.3009517862609017 0
      vertex 21.77746824526945 3.165000000000001 0
    endloop
  endfacet
  facet normal 0 0 1
    outer loop
      vertex 13.4 8 1.6
      vertex 16 5 1.6
      vertex 16 7 1.6
    endloop
  endfacet
  facet normal 0 0 1
    outer loop
      vertex 13.4 8 1.6
      vertex 16 7 1.6
      vertex 13.4 9.6 1.6
    endloop
  endfacet
  facet normal 0 0 1
    outer loop
      vertex 16 7 1.6
      vertex 16.4 7 1.6
      vertex 13.4 9.6 1.6
    endloop
  endfacet
  facet normal 0 0 1
    outer loop
      vertex 16.4 5 1.6
      vertex 17.6 5 1.6
      vertex 17.6 7 1.6
    endloop
  endfacet
  facet normal 0 0 1
    outer loop
      vertex 16.4 5 1.6
      vertex 17.6 7 1.6
      vertex 16.4 7 1.6
    endloop
  endfacet
  facet normal 0 0 1
    outer loop
      vertex 16.4 7 1.6
      vertex 17.6 7 1.6
      vertex 16 11.8 1.6
    endloop
  endfacet
  facet normal 0 0 1
    outer loop
      vertex 17.6 7 1.6
      vertex 18 7 1.6
      vertex 16 11.8 1.6
    endloop
  endfacet
  facet normal 0 0 -1
    outer loop
      vertex 23.75 0 0
      vertex 21.976116523516815 1.6561165235168165 0
      vertex 22.0990482137391 1.548308324635957 0
    endloop
  endfacet
  facet normal 0 0 -1
    outer loop
      vertex 23.75 0 0
      vertex 22.235 1.4574682452694527 0
      vertex 22.381645709543637 1.3851505843608924 0
    endloop
  endfacet
  facet normal 0 0 -1
    outer loop
      vertex 23.75 0 0
      vertex 22.0990482137391 1.548308324635957 0
      vertex 22.235 1.4574682452694527 0
    endloop
  endfacet
  facet normal 0 0 -1
    outer loop
      vertex 23.75 0 0
      vertex 22.381645709543637 1.3851505843608924 0
      vertex 22.536476193621848 1.3325927171386656 0
    endloop
  endfacet
  facet normal 0 0 -1
    outer loop
      vertex 23.75 0 0
      vertex 22.536476193621848 1.3325927171386656 0
      vertex 22.696842259724935 1.300693923282738 0
    endloop
  endfacet
  facet normal 0 0 -1
    outer loop
      vertex 23.75 0 0
      vertex 22.696842259724935 1.300693923282738 0
      vertex 22.86 1.290000000000001 0
    endloop
  endfacet
  facet normal 0 0 -1
    outer loop
      vertex 23.75 0 0
      vertex 22.86 1.290000000000001 0
      vertex 23.023157740275064 1.300693923282738 0
    endloop
  endfacet
  facet normal 0 0 -1
    outer loop
      vertex 23.75 0 0
      vertex 23.023157740275064 1.300693923282738 0
      vertex 23.18352380637815 1.3325927171386656 0
    endloop
  endfacet
  facet normal 0 0 -1
    outer loop
      vertex 23.75 0 0
      vertex 23.18352380637815 1.3325927171386656 0
      vertex 23.338354290456362 1.3851505843608924 0
    endloop
  endfacet
  facet normal 0 0 -1
    outer loop
      vertex 23.75 0 0
      vertex 23.338354290456362 1.3851505843608924 0
      vertex 23.485 1.4574682452694527 0
    endloop
  endfacet
  facet normal 0 0 -1
    outer loop
      vertex 23.75 0 0
      vertex 23.485 1.4574682452694527 0
      vertex 23.6209517862609 1.548308324635957 0
    endloop
  endfacet
  facet normal 0 0 -1
    outer loop
      vertex 23.75 0 0
      vertex 23.6209517862609 1.548308324635957 0
      vertex 23.743883476483184 1.6561165235168165 0
    endloop
  endfacet
  facet normal 0 0 -1
    outer loop
      vertex 23.75 0 0
      vertex 23.743883476483184 1.6561165235168165 0
      vertex 23.851691675364044 1.7790482137391002 0
    endloop
  endfacet
  facet normal 0 0 -1
    outer loop
      vertex 23.75 0 0
      vertex 23.851691675364044 1.7790482137391002 0
      vertex 23.96536821871996 0.014115981757640839 0
    endloop
  endfacet
  facet normal 0 0 -1
    outer loop
      vertex 23.96536821871996 0.014115981757640839 0
      vertex 24.01484941563911 2.0616457095436385 0
      vertex 24.177051424980164 0.05622238665819168 0
    endloop
  endfacet
  facet normal 0.06540314271242062 -0.9978589223549282 0
    outer loop
      vertex 23.75 0 0
      vertex 23.96536821871996 0.014115981757640839 0
      vertex 23.75 0 1.6
    endloop
  endfacet
  facet normal 0.1950903095760331 -0.9807852828777192 0
    outer loop
      vertex 23.96536821871996 0.014115981757640839 0
      vertex 24.177051424980164 0.05622238665819168 0
      vertex 23.96536821871996 0.014115981757640839 1.6
    endloop
  endfacet
  facet normal 0.3214394782475631 -0.9469301251010734 0
    outer loop
      vertex 24.177051424980164 0.05622238665819168 0
      vertex 24.38142766058445 0.12559877336025238 0
      vertex 24.177051424980164 0.05622238665819168 1.6
    endloop
  endfacet
  facet normal 0.4422886788217332 -0.8968727471531989 0
    outer loop
      vertex 24.38142766058445 0.12559877336025238 0
      vertex 24.575000002980232 0.22105808556079865 0
      vertex 24.38142766058445 0.12559877336025238 1.6
    endloop
  endfacet
  facet normal 0.5555702486529531 -0.8314696018566738 0
    outer loop
      vertex 24.575000002980232 0.22105808556079865 0
      vertex 24.754456356167793 0.34096699208021164 0
      vertex 24.575000002980232 0.22105808556079865 1.6
    endloop
  endfacet
  facet normal 0.659345808230778 -0.7518398135031837 0
    outer loop
      vertex 24.754456356167793 0.34096699208021164 0
      vertex 24.91672618687153 0.48327381163835526 0
      vertex 24.754456356167793 0.34096699208021164 1.6
    endloop
  endfacet
  facet normal 0.7518397963905751 -0.6593458277439683 0
    outer loop
      vertex 24.91672618687153 0.48327381163835526 0
      vertex 25.059033013880253 0.6455436423420906 0
      vertex 24.91672618687153 0.48327381163835526 1.6
    endloop
  endfacet
  facet normal 0.831469628458139 -0.5555702088410468 0
    outer loop
      vertex 25.059033013880253 0.6455436423420906 0
      vertex 25.178941912949085 0.8250000029802322 0
      vertex 25.059033013880253 0.6455436423420906 1.6
    endloop
  endfacet
  facet normal 0.8968727404003146 -0.44228869251522795 0
    outer loop
      vertex 25.178941912949085 0.8250000029802322 0
      vertex 25.27440122514963 1.0185723379254341 0
      vertex 25.178941912949085 0.8250000029802322 1.6
    endloop
  endfacet
  facet normal 0.9469301251010734 -0.3214394782475631 0
    outer loop
      vertex 25.27440122514963 1.0185723379254341 0
      vertex 25.343777611851692 1.2229485735297203 0
      vertex 25.27440122514963 1.0185723379254341 1.6
    endloop
  endfacet
  facet normal 0 0 -1
    outer loop
      vertex 23.96536821871996 0.014115981757640839 0
      vertex 23.851691675364044 1.7790482137391002 0
      vertex 23.94253175473055 1.915000000000001 0
    endloop
  endfacet
  facet normal 0 0 -1
    outer loop
      vertex 23.96536821871996 0.014115981757640839 0
      vertex 23.94253175473055 1.915000000000001 0
      vertex 24.01484941563911 2.0616457095436385 0
    endloop
  endfacet
  facet normal 0 0 -1
    outer loop
      vertex 24.177051424980164 0.05622238665819168 0
      vertex 24.01484941563911 2.0616457095436385 0
      vertex 24.067407282861335 2.21647619362185 0
    endloop
  endfacet
  facet normal 0 0 -1
    outer loop
      vertex 24.177051424980164 0.05622238665819168 0
      vertex 24.067407282861335 2.21647619362185 0
      vertex 24.099306076717262 2.3768422597249366 0
    endloop
  endfacet
  facet normal 0 0 -1
    outer loop
      vertex 24.177051424980164 0.05622238665819168 0
      vertex 24.099306076717262 2.3768422597249366 0
      vertex 24.11 2.540000000000001 0
    endloop
  endfacet
  facet normal 0.9807852762724986 -0.19509034278271867 0
    outer loop
      vertex 25.343777611851692 1.2229485735297203 0
      vertex 25.385884024202824 1.4346317797899246 0
      vertex 25.343777611851692 1.2229485735297203 1.6
    endloop
  endfacet
  facet normal 0.9978589246078458 -0.0654031083395394 0
    outer loop
      vertex 25.385884024202824 1.4346317797899246 0
      vertex 25.399999998509884 1.6499999985098839 0
      vertex 25.385884024202824 1.4346317797899246 1.6
    endloop
  endfacet
  facet normal 0.06540314271242062 -0.9978589223549282 0
    outer loop
      vertex 23.96536821871996 0.014115981757640839 0
      vertex 23.96536821871996 0.014115981757640839 1.6
      vertex 23.75 0 1.6
    endloop
  endfacet
  facet normal 0.1950903095760331 -0.9807852828777192 0
    outer loop
      vertex 24.177051424980164 0.05622238665819168 0
      vertex 24.177051424980164 0.05622238665819168 1.6
      vertex 23.96536821871996 0.014115981757640839 1.6
    endloop
  endfacet
  facet normal 0.3214394782475631 -0.9469301251010734 0
    outer loop
      vertex 24.38142766058445 0.12559877336025238 0
      vertex 24.38142766058445 0.12559877336025238 1.6
      vertex 24.177051424980164 0.05622238665819168 1.6
    endloop
  endfacet
  facet normal 0.4422886788217332 -0.8968727471531989 0
    outer loop
      vertex 24.575000002980232 0.22105808556079865 0
      vertex 24.575000002980232 0.22105808556079865 1.6
      vertex 24.38142766058445 0.12559877336025238 1.6
    endloop
  endfacet
  facet normal 0.5555702486529531 -0.8314696018566738 0
    outer loop
      vertex 24.754456356167793 0.34096699208021164 0
      vertex 24.754456356167793 0.34096699208021164 1.6
      vertex 24.575000002980232 0.22105808556079865 1.6
    endloop
  endfacet
  facet normal 0.659345808230778 -0.7518398135031837 0
    outer loop
      vertex 24.91672618687153 0.48327381163835526 0
      vertex 24.91672618687153 0.48327381163835526 1.6
      vertex 24.754456356167793 0.34096699208021164 1.6
    endloop
  endfacet
  facet normal 0.7518397963905751 -0.6593458277439683 0
    outer loop
      vertex 25.059033013880253 0.6455436423420906 0
      vertex 25.059033013880253 0.6455436423420906 1.6
      vertex 24.91672618687153 0.48327381163835526 1.6
    endloop
  endfacet
  facet normal 0.831469628458139 -0.5555702088410468 0
    outer loop
      vertex 25.178941912949085 0.8250000029802322 0
      vertex 25.178941912949085 0.8250000029802322 1.6
      vertex 25.059033013880253 0.6455436423420906 1.6
    endloop
  endfacet
  facet normal 0.8968727404003146 -0.44228869251522795 0
    outer loop
      vertex 25.27440122514963 1.0185723379254341 0
      vertex 25.27440122514963 1.0185723379254341 1.6
      vertex 25.178941912949085 0.8250000029802322 1.6
    endloop
  endfacet
  facet normal 0.9469301251010734 -0.3214394782475631 0
    outer loop
      vertex 25.343777611851692 1.2229485735297203 0
      vertex 25.343777611851692 1.2229485735297203 1.6
      vertex 25.27440122514963 1.0185723379254341 1.6
    endloop
  endfacet
  facet normal 0.9807852762724986 -0.19509034278271867 0
    outer loop
      vertex 25.385884024202824 1.4346317797899246 0
      vertex 25.385884024202824 1.4346317797899246 1.6
      vertex 25.343777611851692 1.2229485735297203 1.6
    endloop
  endfacet
  facet normal 0.9978589246078458 -0.0654031083395394 0
    outer loop
      vertex 25.399999998509884 1.6499999985098839 0
      vertex 25.399999998509884 1.6499999985098839 1.6
      vertex 25.385884024202824 1.4346317797899246 1.6
    endloop
  endfacet
  facet normal 0 0 1
    outer loop
      vertex 18 5 1.6
      vertex 23.75 0 1.6
      vertex 22.0990482137391 1.548308324635957 1.6
    endloop
  endfacet
  facet normal 0 0 1
    outer loop
      vertex 16.4 5 1.6
      vertex 23.75 0 1.6
      vertex 17.6 5 1.6
    endloop
  endfacet
  facet normal 0 0 1
    outer loop
      vertex 17.6 5 1.6
      vertex 23.75 0 1.6
      vertex 18 5 1.6
    endloop
  endfacet
  facet normal 0 0 1
    outer loop
      vertex 18 5 1.6
      vertex 21.976116523516815 1.6561165235168165 1.6
      vertex 21.868308324635954 1.7790482137391002 1.6
    endloop
  endfacet
  facet normal 0 0 1
    outer loop
      vertex 18 5 1.6
      vertex 21.868308324635954 1.7790482137391002 1.6
      vertex 21.77746824526945 1.915000000000001 1.6
    endloop
  endfacet
  facet normal 0 0 1
    outer loop
      vertex 18 5 1.6
      vertex 21.77746824526945 1.915000000000001 1.6
      vertex 21.70515058436089 2.0616457095436385 1.6
    endloop
  endfacet
  facet normal 0 0 1
    outer loop
      vertex 18 5 1.6
      vertex 21.652592717138663 2.21647619362185 1.6
      vertex 21.620693923282737 2.3768422597249366 1.6
    endloop
  endfacet
  facet normal 0 0 1
    outer loop
      vertex 18 5 1.6
      vertex 21.620693923282737 2.3768422597249366 1.6
      vertex 21.61 2.540000000000001 1.6
    endloop
  endfacet
  facet normal 0 0 1
    outer loop
      vertex 18 5 1.6
      vertex 21.70515058436089 2.0616457095436385 1.6
      vertex 21.652592717138663 2.21647619362185 1.6
    endloop
  endfacet
  facet normal 0 0 1
    outer loop
      vertex 18 5 1.6
      vertex 21.61 2.540000000000001 1.6
      vertex 21.620693923282737 2.7031577402750653 1.6
    endloop
  endfacet
  facet normal 0 0 1
    outer loop
      vertex 18 5 1.6
      vertex 22.0990482137391 1.548308324635957 1.6
      vertex 21.976116523516815 1.6561165235168165 1.6
    endloop
  endfacet
  facet normal 0 0 1
    outer loop
      vertex 20.99 5.92 1.6
      vertex 21.620693923282737 2.7031577402750653 1.6
      vertex 21.652592717138663 2.8635238063781516 1.6
    endloop
  endfacet
  facet normal 0 0 1
    outer loop
      vertex 20.99 5.92 1.6
      vertex 21.652592717138663 2.8635238063781516 1.6
      vertex 21.70515058436089 3.0183542904563634 1.6
    endloop
  endfacet
  facet normal 0 0 1
    outer loop
      vertex 20.99 5.92 1.6
      vertex 21.70515058436089 3.0183542904563634 1.6
      vertex 21.77746824526945 3.165000000000001 1.6
    endloop
  endfacet
  facet normal 0 0 1
    outer loop
      vertex 20.99 5.92 1.6
      vertex 21.77746824526945 3.165000000000001 1.6
      vertex 21.868308324635954 3.3009517862609017 1.6
    endloop
  endfacet
  facet normal 0 0 1
    outer loop
      vertex 20.99 5.92 1.6
      vertex 21.868308324635954 3.3009517862609017 1.6
      vertex 21.976116523516815 3.4238834764831854 1.6
    endloop
  endfacet
  facet normal 0 0 1
    outer loop
      vertex 20.99 5.92 1.6
      vertex 21.976116523516815 3.4238834764831854 1.6
      vertex 22.0990482137391 3.531691675364045 1.6
    endloop
  endfacet
  facet normal 0 0 1
    outer loop
      vertex 20.99 5.92 1.6
      vertex 22.0990482137391 3.531691675364045 1.6
      vertex 22.235 3.622531754730549 1.6
    endloop
  endfacet
  facet normal 0 0 1
    outer loop
      vertex 20.99 5.92 1.6
      vertex 22.235 3.622531754730549 1.6
      vertex 22.381645709543637 3.6948494156391094 1.6
    endloop
  endfacet
  facet normal 0 0 1
    outer loop
      vertex 23.75 0 1.6
      vertex 22.381645709543637 1.3851505843608924 1.6
      vertex 22.235 1.4574682452694527 1.6
    endloop
  endfacet
  facet normal 0 0 1
    outer loop
      vertex 23.75 0 1.6
      vertex 22.235 1.4574682452694527 1.6
      vertex 22.0990482137391 1.548308324635957 1.6
    endloop
  endfacet
  facet normal 0 0 1
    outer loop
      vertex 23.75 0 1.6
      vertex 22.536476193621848 1.3325927171386656 1.6
      vertex 22.381645709543637 1.3851505843608924 1.6
    endloop
  endfacet
  facet normal 0 0 1
    outer loop
      vertex 23.75 0 1.6
      vertex 22.696842259724935 1.300693923282738 1.6
      vertex 22.536476193621848 1.3325927171386656 1.6
    endloop
  endfacet
  facet normal 0 0 1
    outer loop
      vertex 23.75 0 1.6
      vertex 23.96536821871996 0.014115981757640839 1.6
      vertex 23.18352380637815 1.3325927171386656 1.6
    endloop
  endfacet
  facet normal 0 0 1
    outer loop
      vertex 23.75 0 1.6
      vertex 22.86 1.290000000000001 1.6
      vertex 22.696842259724935 1.300693923282738 1.6
    endloop
  endfacet
  facet normal 0 0 1
    outer loop
      vertex 23.75 0 1.6
      vertex 23.023157740275064 1.300693923282738 1.6
      vertex 22.86 1.290000000000001 1.6
    endloop
  endfacet
  facet normal 0 0 1
    outer loop
      vertex 23.75 0 1.6
      vertex 23.18352380637815 1.3325927171386656 1.6
      vertex 23.023157740275064 1.300693923282738 1.6
    endloop
  endfacet
  facet normal 0 0 1
    outer loop
      vertex 23.96536821871996 0.014115981757640839 1.6
      vertex 23.338354290456362 1.3851505843608924 1.6
      vertex 23.18352380637815 1.3325927171386656 1.6
    endloop
  endfacet
  facet normal 0 0 1
    outer loop
      vertex 24.177051424980164 0.05622238665819168 1.6
      vertex 23.485 1.4574682452694527 1.6
      vertex 23.338354290456362 1.3851505843608924 1.6
    endloop
  endfacet
  facet normal 0 0 1
    outer loop
      vertex 23.96536821871996 0.014115981757640839 1.6
      vertex 24.177051424980164 0.05622238665819168 1.6
      vertex 23.338354290456362 1.3851505843608924 1.6
    endloop
  endfacet
  facet normal 0 0 1
    outer loop
      vertex 24.177051424980164 0.05622238665819168 1.6
      vertex 24.38142766058445 0.12559877336025238 1.6
      vertex 23.485 1.4574682452694527 1.6
    endloop
  endfacet
  facet normal 0 0 1
    outer loop
      vertex 24.38142766058445 0.12559877336025238 1.6
      vertex 24.575000002980232 0.22105808556079865 1.6
      vertex 23.6209517862609 1.548308324635957 1.6
    endloop
  endfacet
  facet normal 0 0 1
    outer loop
      vertex 24.38142766058445 0.12559877336025238 1.6
      vertex 23.6209517862609 1.548308324635957 1.6
      vertex 23.485 1.4574682452694527 1.6
    endloop
  endfacet
  facet normal 0 0 1
    outer loop
      vertex 24.575000002980232 0.22105808556079865 1.6
      vertex 24.754456356167793 0.34096699208021164 1.6
      vertex 23.6209517862609 1.548308324635957 1.6
    endloop
  endfacet
  facet normal 0 0 1
    outer loop
      vertex 24.754456356167793 0.34096699208021164 1.6
      vertex 24.91672618687153 0.48327381163835526 1.6
      vertex 23.743883476483184 1.6561165235168165 1.6
    endloop
  endfacet
  facet normal 0 0 1
    outer loop
      vertex 24.91672618687153 0.48327381163835526 1.6
      vertex 25.059033013880253 0.6455436423420906 1.6
      vertex 23.851691675364044 1.7790482137391002 1.6
    endloop
  endfacet
  facet normal 0 0 1
    outer loop
      vertex 24.754456356167793 0.34096699208021164 1.6
      vertex 23.743883476483184 1.6561165235168165 1.6
      vertex 23.6209517862609 1.548308324635957 1.6
    endloop
  endfacet
  facet normal 0 0 1
    outer loop
      vertex 24.91672618687153 0.48327381163835526 1.6
      vertex 23.851691675364044 1.7790482137391002 1.6
      vertex 23.743883476483184 1.6561165235168165 1.6
    endloop
  endfacet
  facet normal 0 0 1
    outer loop
      vertex 25.059033013880253 0.6455436423420906 1.6
      vertex 23.94253175473055 1.915000000000001 1.6
      vertex 23.851691675364044 1.7790482137391002 1.6
    endloop
  endfacet
  facet normal 0 0 1
    outer loop
      vertex 25.178941912949085 0.8250000029802322 1.6
      vertex 24.01484941563911 2.0616457095436385 1.6
      vertex 23.94253175473055 1.915000000000001 1.6
    endloop
  endfacet
  facet normal 0 0 1
    outer loop
      vertex 25.178941912949085 0.8250000029802322 1.6
      vertex 24.067407282861335 2.21647619362185 1.6
      vertex 24.01484941563911 2.0616457095436385 1.6
    endloop
  endfacet
  facet normal 0 0 1
    outer loop
      vertex 25.059033013880253 0.6455436423420906 1.6
      vertex 25.178941912949085 0.8250000029802322 1.6
      vertex 23.94253175473055 1.915000000000001 1.6
    endloop
  endfacet
  facet normal 0 0 1
    outer loop
      vertex 25.178941912949085 0.8250000029802322 1.6
      vertex 25.169999999999998 5.92 1.6
      vertex 24.067407282861335 2.21647619362185 1.6
    endloop
  endfacet
  facet normal 0 0 1
    outer loop
      vertex 25.169999999999998 5.92 1.6
      vertex 24.099306076717262 2.3768422597249366 1.6
      vertex 24.067407282861335 2.21647619362185 1.6
    endloop
  endfacet
  facet normal 0 0 1
    outer loop
      vertex 25.169999999999998 5.92 1.6
      vertex 24.11 2.540000000000001 1.6
      vertex 24.099306076717262 2.3768422597249366 1.6
    endloop
  endfacet
  facet normal 0 0 1
    outer loop
      vertex 25.169999999999998 5.92 1.6
      vertex 24.099306076717262 2.7031577402750653 1.6
      vertex 24.11 2.540000000000001 1.6
    endloop
  endfacet
  facet normal 0 0 1
    outer loop
      vertex 25.169999999999998 5.92 1.6
      vertex 24.067407282861335 2.8635238063781516 1.6
      vertex 24.099306076717262 2.7031577402750653 1.6
    endloop
  endfacet
  facet normal 0 0 1
    outer loop
      vertex 25.169999999999998 5.92 1.6
      vertex 23.338354290456362 3.6948494156391094 1.6
      vertex 23.485 3.622531754730549 1.6
    endloop
  endfacet
  facet normal 0 0 1
    outer loop
      vertex 25.169999999999998 5.92 1.6
      vertex 23.6209517862609 3.531691675364045 1.6
      vertex 23.743883476483184 3.4238834764831854 1.6
    endloop
  endfacet
  facet normal 0 0 1
    outer loop
      vertex 25.169999999999998 5.92 1.6
      vertex 23.485 3.622531754730549 1.6
      vertex 23.6209517862609 3.531691675364045 1.6
    endloop
  endfacet
  facet normal 0 0 1
    outer loop
      vertex 25.169999999999998 5.92 1.6
      vertex 23.94253175473055 3.165000000000001 1.6
      vertex 24.01484941563911 3.0183542904563634 1.6
    endloop
  endfacet
  facet normal 0 0 1
    outer loop
      vertex 25.169999999999998 5.92 1.6
      vertex 23.851691675364044 3.3009517862609017 1.6
      vertex 23.94253175473055 3.165000000000001 1.6
    endloop
  endfacet
  facet normal 0 0 1
    outer loop
      vertex 25.169999999999998 5.92 1.6
      vertex 24.01484941563911 3.0183542904563634 1.6
      vertex 24.067407282861335 2.8635238063781516 1.6
    endloop
  endfacet
  facet normal 0 0 1
    outer loop
      vertex 25.169999999999998 5.92 1.6
      vertex 23.743883476483184 3.4238834764831854 1.6
      vertex 23.851691675364044 3.3009517862609017 1.6
    endloop
  endfacet
  facet normal 0 0 -1
    outer loop
      vertex 21.868308324635954 3.3009517862609017 0
      vertex 21.976116523516815 14.356116523516816 0
      vertex 21.976116523516815 3.4238834764831854 0
    endloop
  endfacet
  facet normal 0 0 -1
    outer loop
      vertex 22.0990482137391 3.531691675364045 0
      vertex 21.976116523516815 3.4238834764831854 0
      vertex 22.0990482137391 14.248308324635957 0
    endloop
  endfacet
  facet normal 0 0 -1
    outer loop
      vertex 22.235 3.622531754730549 0
      vertex 22.0990482137391 3.531691675364045 0
      vertex 22.235 14.157468245269452 0
    endloop
  endfacet
  facet normal 0 0 -1
    outer loop
      vertex 24.177051424980164 0.05622238665819168 0
      vertex 24.11 2.540000000000001 0
      vertex 24.01484941563911 14.761645709543638 0
    endloop
  endfacet
  facet normal 0 0 -1
    outer loop
      vertex 24.177051424980164 0.05622238665819168 0
      vertex 24.177051424980164 17.7237776145339 0
      vertex 24.38142766058445 0.12559877336025238 0
    endloop
  endfacet
  facet normal 0 0 -1
    outer loop
      vertex 24.38142766058445 0.12559877336025238 0
      vertex 24.38142766058445 17.65440122783184 0
      vertex 24.575000002980232 0.22105808556079865 0
    endloop
  endfacet
  facet normal 0 0 -1
    outer loop
      vertex 24.575000002980232 0.22105808556079865 0
      vertex 24.575000002980232 17.558941915631294 0
      vertex 24.754456356167793 0.34096699208021164 0
    endloop
  endfacet
  facet normal 0 0 -1
    outer loop
      vertex 24.754456356167793 0.34096699208021164 0
      vertex 24.754456356167793 17.43903300911188 0
      vertex 24.91672618687153 0.48327381163835526 0
    endloop
  endfacet
  facet normal 0 0 -1
    outer loop
      vertex 24.91672618687153 0.48327381163835526 0
      vertex 24.91672618687153 17.296726189553738 0
      vertex 25.059033013880253 0.6455436423420906 0
    endloop
  endfacet
  facet normal 0 0 -1
    outer loop
      vertex 25.059033013880253 0.6455436423420906 0
      vertex 25.059033013880253 17.134456358850002 0
      vertex 25.178941912949085 0.8250000029802322 0
    endloop
  endfacet
  facet normal 0 0 -1
    outer loop
      vertex 25.178941912949085 0.8250000029802322 0
      vertex 25.178941912949085 16.95499999821186 0
      vertex 25.27440122514963 1.0185723379254341 0
    endloop
  endfacet
  facet normal 0 0 -1
    outer loop
      vertex 25.27440122514963 1.0185723379254341 0
      vertex 25.27440122514963 16.76142766326666 0
      vertex 25.343777611851692 1.2229485735297203 0
    endloop
  endfacet
  facet normal 0 0 -1
    outer loop
      vertex 25.343777611851692 1.2229485735297203 0
      vertex 25.343777611851692 16.557051427662373 0
      vertex 25.385884024202824 1.4346317797899246 0
    endloop
  endfacet
  facet normal 0 0 -1
    outer loop
      vertex 25.385884024202824 1.4346317797899246 0
      vertex 25.385884024202824 16.345368213951588 0
      vertex 25.399999998509884 1.6499999985098839 0
    endloop
  endfacet
  facet normal 1 0 0
    outer loop
      vertex 25.399999998509884 1.6499999985098839 0
      vertex 25.399999998509884 16.13000000268221 0
      vertex 25.399999998509884 1.6499999985098839 1.6
    endloop
  endfacet
  facet normal 0 0 -1
    outer loop
      vertex 22.381645709543637 3.6948494156391094 0
      vertex 22.235 3.622531754730549 0
      vertex 22.381645709543637 14.085150584360893 0
    endloop
  endfacet
  facet normal 0 0 -1
    outer loop
      vertex 22.536476193621848 3.747407282861336 0
      vertex 22.381645709543637 3.6948494156391094 0
      vertex 22.536476193621848 14.032592717138664 0
    endloop
  endfacet
  facet normal 0 0 -1
    outer loop
      vertex 22.696842259724935 3.7793060767172637 0
      vertex 22.536476193621848 3.747407282861336 0
      vertex 22.696842259724935 14.000693923282737 0
    endloop
  endfacet
  facet normal 0 0 -1
    outer loop
      vertex 22.86 3.790000000000001 0
      vertex 22.696842259724935 3.7793060767172637 0
      vertex 22.86 13.99 0
    endloop
  endfacet
  facet normal 0 0 -1
    outer loop
      vertex 23.023157740275064 3.7793060767172637 0
      vertex 22.86 3.790000000000001 0
      vertex 23.023157740275064 14.000693923282737 0
    endloop
  endfacet
  facet normal 0 0 -1
    outer loop
      vertex 23.18352380637815 3.747407282861336 0
      vertex 23.023157740275064 3.7793060767172637 0
      vertex 23.18352380637815 14.032592717138664 0
    endloop
  endfacet
  facet normal 0 0 -1
    outer loop
      vertex 23.338354290456362 3.6948494156391094 0
      vertex 23.18352380637815 3.747407282861336 0
      vertex 23.338354290456362 14.085150584360893 0
    endloop
  endfacet
  facet normal 0 0 -1
    outer loop
      vertex 23.485 3.622531754730549 0
      vertex 23.338354290456362 3.6948494156391094 0
      vertex 23.485 14.157468245269452 0
    endloop
  endfacet
  facet normal 0 0 -1
    outer loop
      vertex 23.6209517862609 3.531691675364045 0
      vertex 23.485 3.622531754730549 0
      vertex 23.6209517862609 14.248308324635957 0
    endloop
  endfacet
  facet normal 0 0 -1
    outer loop
      vertex 23.6209517862609 3.531691675364045 0
      vertex 23.743883476483184 14.356116523516816 0
      vertex 23.743883476483184 3.4238834764831854 0
    endloop
  endfacet
  facet normal 0 0 -1
    outer loop
      vertex 24.01484941563911 14.761645709543638 0
      vertex 24.11 2.540000000000001 0
      vertex 24.099306076717262 2.7031577402750653 0
    endloop
  endfacet
  facet normal 0 0 -1
    outer loop
      vertex 24.01484941563911 14.761645709543638 0
      vertex 24.099306076717262 2.7031577402750653 0
      vertex 24.067407282861335 2.8635238063781516 0
    endloop
  endfacet
  facet normal 0 0 -1
    outer loop
      vertex 24.01484941563911 14.761645709543638 0
      vertex 24.067407282861335 2.8635238063781516 0
      vertex 24.01484941563911 3.0183542904563634 0
    endloop
  endfacet
  facet normal 0 0 -1
    outer loop
      vertex 23.851691675364044 3.3009517862609017 0
      vertex 23.851691675364044 14.4790482137391 0
      vertex 23.94253175473055 3.165000000000001 0
    endloop
  endfacet
  facet normal 0 0 -1
    outer loop
      vertex 23.851691675364044 14.4790482137391 0
      vertex 23.851691675364044 3.3009517862609017 0
      vertex 23.743883476483184 3.4238834764831854 0
    endloop
  endfacet
  facet normal 0 0 -1
    outer loop
      vertex 23.94253175473055 3.165000000000001 0
      vertex 24.01484941563911 14.761645709543638 0
      vertex 24.01484941563911 3.0183542904563634 0
    endloop
  endfacet
  facet normal 0 0 1
    outer loop
      vertex 18 5 1.6
      vertex 21.620693923282737 2.7031577402750653 1.6
      vertex 18 7 1.6
    endloop
  endfacet
  facet normal 0 0 1
    outer loop
      vertex 18 7 1.6
      vertex 21.620693923282737 2.7031577402750653 1.6
      vertex 20.99 5.92 1.6
    endloop
  endfacet
  facet normal 0 0 1
    outer loop
      vertex 20.99 5.92 1.6
      vertex 22.381645709543637 3.6948494156391094 1.6
      vertex 22.536476193621848 3.747407282861336 1.6
    endloop
  endfacet
  facet normal 0 0 1
    outer loop
      vertex 20.99 5.92 1.6
      vertex 22.536476193621848 3.747407282861336 1.6
      vertex 22.696842259724935 3.7793060767172637 1.6
    endloop
  endfacet
  facet normal 0 0 1
    outer loop
      vertex 20.99 5.92 1.6
      vertex 22.696842259724935 3.7793060767172637 1.6
      vertex 22.86 3.790000000000001 1.6
    endloop
  endfacet
  facet normal 0 0 1
    outer loop
      vertex 18 7 1.6
      vertex 20.99 5.92 1.6
      vertex 20.99 11.86 1.6
    endloop
  endfacet
  facet normal 0 0 1
    outer loop
      vertex 20.99 5.92 1.6
      vertex 22.86 3.790000000000001 1.6
      vertex 25.169999999999998 5.92 1.6
    endloop
  endfacet
  facet normal 0 0 1
    outer loop
      vertex 25.169999999999998 5.92 1.6
      vertex 22.86 3.790000000000001 1.6
      vertex 23.023157740275064 3.7793060767172637 1.6
    endloop
  endfacet
  facet normal 0 0 1
    outer loop
      vertex 25.169999999999998 5.92 1.6
      vertex 23.023157740275064 3.7793060767172637 1.6
      vertex 23.18352380637815 3.747407282861336 1.6
    endloop
  endfacet
  facet normal 0 0 1
    outer loop
      vertex 25.169999999999998 5.92 1.6
      vertex 23.18352380637815 3.747407282861336 1.6
      vertex 23.338354290456362 3.6948494156391094 1.6
    endloop
  endfacet
  facet normal 0 0 1
    outer loop
      vertex 25.178941912949085 0.8250000029802322 1.6
      vertex 25.169999999999998 11.86 1.6
      vertex 25.169999999999998 5.92 1.6
    endloop
  endfacet
  facet normal 0 0 1
    outer loop
      vertex 25.178941912949085 0.8250000029802322 1.6
      vertex 25.27440122514963 1.0185723379254341 1.6
      vertex 25.178941912949085 16.95499999821186 1.6
    endloop
  endfacet
  facet normal 0 0 1
    outer loop
      vertex 25.27440122514963 1.0185723379254341 1.6
      vertex 25.343777611851692 1.2229485735297203 1.6
      vertex 25.27440122514963 16.76142766326666 1.6
    endloop
  endfacet
  facet normal 0 0 1
    outer loop
      vertex 25.343777611851692 1.2229485735297203 1.6
      vertex 25.385884024202824 1.4346317797899246 1.6
      vertex 25.343777611851692 16.557051427662373 1.6
    endloop
  endfacet
  facet normal 0 0 1
    outer loop
      vertex 25.385884024202824 1.4346317797899246 1.6
      vertex 25.399999998509884 1.6499999985098839 1.6
      vertex 25.385884024202824 16.345368213951588 1.6
    endloop
  endfacet
  facet normal 0 0 -1
    outer loop
      vertex 1.6499999985098839 17.780000001192093 0
      vertex 21.868308324635954 14.4790482137391 0
      vertex 21.868308324635954 3.3009517862609017 0
    endloop
  endfacet
  facet normal 0 0 1
    outer loop
      vertex 16.4 7 1.6
      vertex 16 11.8 1.6
      vertex 13.4 9.6 1.6
    endloop
  endfacet
  facet normal 0 0 1
    outer loop
      vertex 9 13.45 1.6
      vertex 13.4 9.6 1.6
      vertex 16 11.8 1.6
    endloop
  endfacet
  facet normal 0 0 1
    outer loop
      vertex 9 13.45 1.6
      vertex 16 11.8 1.6
      vertex 16 12.2 1.6
    endloop
  endfacet
  facet normal 0 0 1
    outer loop
      vertex 18 7 1.6
      vertex 19 11.8 1.6
      vertex 16 11.8 1.6
    endloop
  endfacet
  facet normal 0 0 1
    outer loop
      vertex 16 12.2 1.6
      vertex 19 12.2 1.6
      vertex 21.620693923282737 15.403157740275065 1.6
    endloop
  endfacet
  facet normal 0 0 -1
    outer loop
      vertex 1.6499999985098839 17.780000001192093 0
      vertex 21.70515058436089 14.761645709543638 0
      vertex 21.77746824526945 14.615 0
    endloop
  endfacet
  facet normal 0 0 -1
    outer loop
      vertex 1.6499999985098839 17.780000001192093 0
      vertex 21.652592717138663 14.916476193621849 0
      vertex 21.70515058436089 14.761645709543638 0
    endloop
  endfacet
  facet normal 0 0 -1
    outer loop
      vertex 1.6499999985098839 17.780000001192093 0
      vertex 21.620693923282737 15.076842259724936 0
      vertex 21.652592717138663 14.916476193621849 0
    endloop
  endfacet
  facet normal 0 0 -1
    outer loop
      vertex 1.6499999985098839 17.780000001192093 0
      vertex 21.61 15.24 0
      vertex 21.620693923282737 15.076842259724936 0
    endloop
  endfacet
  facet normal 0 0 -1
    outer loop
      vertex 1.6499999985098839 17.780000001192093 0
      vertex 21.620693923282737 15.403157740275065 0
      vertex 21.61 15.24 0
    endloop
  endfacet
  facet normal 0 0 -1
    outer loop
      vertex 1.6499999985098839 17.780000001192093 0
      vertex 21.652592717138663 15.563523806378152 0
      vertex 21.620693923282737 15.403157740275065 0
    endloop
  endfacet
  facet normal 0 0 -1
    outer loop
      vertex 1.6499999985098839 17.780000001192093 0
      vertex 21.70515058436089 15.718354290456363 0
      vertex 21.652592717138663 15.563523806378152 0
    endloop
  endfacet
  facet normal 0 0 -1
    outer loop
      vertex 1.6499999985098839 17.780000001192093 0
      vertex 21.77746824526945 15.865 0
      vertex 21.70515058436089 15.718354290456363 0
    endloop
  endfacet
  facet normal 0 0 -1
    outer loop
      vertex 1.6499999985098839 17.780000001192093 0
      vertex 21.77746824526945 14.615 0
      vertex 21.868308324635954 14.4790482137391 0
    endloop
  endfacet
  facet normal 0 0 -1
    outer loop
      vertex 1.6499999985098839 17.780000001192093 0
      vertex 21.868308324635954 16.000951786260902 0
      vertex 21.77746824526945 15.865 0
    endloop
  endfacet
  facet normal 0 0 -1
    outer loop
      vertex 1.6499999985098839 17.780000001192093 0
      vertex 21.976116523516815 16.123883476483186 0
      vertex 21.868308324635954 16.000951786260902 0
    endloop
  endfacet
  facet normal 0 0 -1
    outer loop
      vertex 1.6499999985098839 17.780000001192093 0
      vertex 22.0990482137391 16.231691675364043 0
      vertex 21.976116523516815 16.123883476483186 0
    endloop
  endfacet
  facet normal 0 0 -1
    outer loop
      vertex 1.6499999985098839 17.780000001192093 0
      vertex 22.235 16.322531754730548 0
      vertex 22.0990482137391 16.231691675364043 0
    endloop
  endfacet
  facet normal 0 0 -1
    outer loop
      vertex 1.6499999985098839 17.780000001192093 0
      vertex 22.381645709543637 16.394849415639108 0
      vertex 22.235 16.322531754730548 0
    endloop
  endfacet
  facet normal 0 0 -1
    outer loop
      vertex 1.6499999985098839 17.780000001192093 0
      vertex 22.536476193621848 16.447407282861334 0
      vertex 22.381645709543637 16.394849415639108 0
    endloop
  endfacet
  facet normal 0 0 -1
    outer loop
      vertex 1.6499999985098839 17.780000001192093 0
      vertex 22.696842259724935 16.479306076717265 0
      vertex 22.536476193621848 16.447407282861334 0
    endloop
  endfacet
  facet normal 0 0 -1
    outer loop
      vertex 1.6499999985098839 17.780000001192093 0
      vertex 22.86 16.490000000000002 0
      vertex 22.696842259724935 16.479306076717265 0
    endloop
  endfacet
  facet normal 0 0 -1
    outer loop
      vertex 1.6499999985098839 17.780000001192093 0
      vertex 23.75 17.780000001192093 0
      vertex 22.86 16.490000000000002 0
    endloop
  endfacet
  facet normal 0 1 0
    outer loop
      vertex 1.6499999985098839 17.780000001192093 0
      vertex 23.75 17.780000001192093 1.6
      vertex 23.75 17.780000001192093 0
    endloop
  endfacet
  facet normal 0 0 1
    outer loop
      vertex 9 13.45 1.6
      vertex 16 12.2 1.6
      vertex 23.75 17.780000001192093 1.6
    endloop
  endfacet
  facet normal 0 0 -1
    outer loop
      vertex 21.976116523516815 3.4238834764831854 0
      vertex 21.976116523516815 14.356116523516816 0
      vertex 22.0990482137391 14.248308324635957 0
    endloop
  endfacet
  facet normal 0 0 -1
    outer loop
      vertex 21.868308324635954 3.3009517862609017 0
      vertex 21.868308324635954 14.4790482137391 0
      vertex 21.976116523516815 14.356116523516816 0
    endloop
  endfacet
  facet normal 0 0 -1
    outer loop
      vertex 22.0990482137391 3.531691675364045 0
      vertex 22.0990482137391 14.248308324635957 0
      vertex 22.235 14.157468245269452 0
    endloop
  endfacet
  facet normal 0 0 -1
    outer loop
      vertex 22.235 3.622531754730549 0
      vertex 22.235 14.157468245269452 0
      vertex 22.381645709543637 14.085150584360893 0
    endloop
  endfacet
  facet normal 0 0 -1
    outer loop
      vertex 22.381645709543637 3.6948494156391094 0
      vertex 22.381645709543637 14.085150584360893 0
      vertex 22.536476193621848 14.032592717138664 0
    endloop
  endfacet
  facet normal 0 0 -1
    outer loop
      vertex 22.536476193621848 3.747407282861336 0
      vertex 22.536476193621848 14.032592717138664 0
      vertex 22.696842259724935 14.000693923282737 0
    endloop
  endfacet
  facet normal 0 0 -1
    outer loop
      vertex 22.696842259724935 3.7793060767172637 0
      vertex 22.696842259724935 14.000693923282737 0
      vertex 22.86 13.99 0
    endloop
  endfacet
  facet normal 0 0 -1
    outer loop
      vertex 22.86 3.790000000000001 0
      vertex 22.86 13.99 0
      vertex 23.023157740275064 14.000693923282737 0
    endloop
  endfacet
  facet normal 0 0 -1
    outer loop
      vertex 23.023157740275064 3.7793060767172637 0
      vertex 23.023157740275064 14.000693923282737 0
      vertex 23.18352380637815 14.032592717138664 0
    endloop
  endfacet
  facet normal 0 0 -1
    outer loop
      vertex 23.18352380637815 3.747407282861336 0
      vertex 23.18352380637815 14.032592717138664 0
      vertex 23.338354290456362 14.085150584360893 0
    endloop
  endfacet
  facet normal 0 0 -1
    outer loop
      vertex 23.338354290456362 3.6948494156391094 0
      vertex 23.338354290456362 14.085150584360893 0
      vertex 23.485 14.157468245269452 0
    endloop
  endfacet
  facet normal 0 0 -1
    outer loop
      vertex 23.485 3.622531754730549 0
      vertex 23.485 14.157468245269452 0
      vertex 23.6209517862609 14.248308324635957 0
    endloop
  endfacet
  facet normal 0 0 -1
    outer loop
      vertex 23.6209517862609 3.531691675364045 0
      vertex 23.6209517862609 14.248308324635957 0
      vertex 23.743883476483184 14.356116523516816 0
    endloop
  endfacet
  facet normal 0 0 -1
    outer loop
      vertex 23.743883476483184 3.4238834764831854 0
      vertex 23.743883476483184 14.356116523516816 0
      vertex 23.851691675364044 14.4790482137391 0
    endloop
  endfacet
  facet normal 0 0 -1
    outer loop
      vertex 24.177051424980164 0.05622238665819168 0
      vertex 24.01484941563911 14.761645709543638 0
      vertex 24.067407282861335 14.916476193621849 0
    endloop
  endfacet
  facet normal 0 0 -1
    outer loop
      vertex 24.177051424980164 0.05622238665819168 0
      vertex 24.067407282861335 14.916476193621849 0
      vertex 24.099306076717262 15.076842259724936 0
    endloop
  endfacet
  facet normal 0 0 -1
    outer loop
      vertex 24.177051424980164 0.05622238665819168 0
      vertex 24.099306076717262 15.076842259724936 0
      vertex 24.11 15.24 0
    endloop
  endfacet
  facet normal 0 0 -1
    outer loop
      vertex 23.94253175473055 3.165000000000001 0
      vertex 23.851691675364044 14.4790482137391 0
      vertex 23.94253175473055 14.615 0
    endloop
  endfacet
  facet normal 0 0 -1
    outer loop
      vertex 23.94253175473055 3.165000000000001 0
      vertex 23.94253175473055 14.615 0
      vertex 24.01484941563911 14.761645709543638 0
    endloop
  endfacet
  facet normal 0 0 -1
    outer loop
      vertex 24.177051424980164 0.05622238665819168 0
      vertex 24.11 15.24 0
      vertex 24.177051424980164 17.7237776145339 0
    endloop
  endfacet
  facet normal 0 0 -1
    outer loop
      vertex 24.38142766058445 0.12559877336025238 0
      vertex 24.177051424980164 17.7237776145339 0
      vertex 24.38142766058445 17.65440122783184 0
    endloop
  endfacet
  facet normal 0 0 -1
    outer loop
      vertex 24.575000002980232 0.22105808556079865 0
      vertex 24.38142766058445 17.65440122783184 0
      vertex 24.575000002980232 17.558941915631294 0
    endloop
  endfacet
  facet normal 0 0 -1
    outer loop
      vertex 25.399999998509884 1.6499999985098839 0
      vertex 25.385884024202824 16.345368213951588 0
      vertex 25.399999998509884 16.13000000268221 0
    endloop
  endfacet
  facet normal 0 0 -1
    outer loop
      vertex 25.178941912949085 0.8250000029802322 0
      vertex 25.059033013880253 17.134456358850002 0
      vertex 25.178941912949085 16.95499999821186 0
    endloop
  endfacet
  facet normal 0 0 -1
    outer loop
      vertex 25.385884024202824 1.4346317797899246 0
      vertex 25.343777611851692 16.557051427662373 0
      vertex 25.385884024202824 16.345368213951588 0
    endloop
  endfacet
  facet normal 0 0 -1
    outer loop
      vertex 25.343777611851692 1.2229485735297203 0
      vertex 25.27440122514963 16.76142766326666 0
      vertex 25.343777611851692 16.557051427662373 0
    endloop
  endfacet
  facet normal 0 0 -1
    outer loop
      vertex 25.27440122514963 1.0185723379254341 0
      vertex 25.178941912949085 16.95499999821186 0
      vertex 25.27440122514963 16.76142766326666 0
    endloop
  endfacet
  facet normal 0 0 -1
    outer loop
      vertex 24.754456356167793 0.34096699208021164 0
      vertex 24.575000002980232 17.558941915631294 0
      vertex 24.754456356167793 17.43903300911188 0
    endloop
  endfacet
  facet normal 0 0 -1
    outer loop
      vertex 24.91672618687153 0.48327381163835526 0
      vertex 24.754456356167793 17.43903300911188 0
      vertex 24.91672618687153 17.296726189553738 0
    endloop
  endfacet
  facet normal 0 0 -1
    outer loop
      vertex 25.059033013880253 0.6455436423420906 0
      vertex 24.91672618687153 17.296726189553738 0
      vertex 25.059033013880253 17.134456358850002 0
    endloop
  endfacet
  facet normal 1 0 0
    outer loop
      vertex 25.399999998509884 1.6499999985098839 1.6
      vertex 25.399999998509884 16.13000000268221 0
      vertex 25.399999998509884 16.13000000268221 1.6
    endloop
  endfacet
  facet normal 0 0 1
    outer loop
      vertex 18 7 1.6
      vertex 20.99 11.86 1.6
      vertex 19 11.8 1.6
    endloop
  endfacet
  facet normal 0 0 1
    outer loop
      vertex 19 11.8 1.6
      vertex 20.99 11.86 1.6
      vertex 19 12.2 1.6
    endloop
  endfacet
  facet normal 0 0 1
    outer loop
      vertex 19 12.2 1.6
      vertex 20.99 11.86 1.6
      vertex 21.77746824526945 14.615 1.6
    endloop
  endfacet
  facet normal 0 0 1
    outer loop
      vertex 20.99 11.86 1.6
      vertex 22.536476193621848 14.032592717138664 1.6
      vertex 22.381645709543637 14.085150584360893 1.6
    endloop
  endfacet
  facet normal 0 0 1
    outer loop
      vertex 25.178941912949085 0.8250000029802322 1.6
      vertex 25.178941912949085 16.95499999821186 1.6
      vertex 25.169999999999998 11.86 1.6
    endloop
  endfacet
  facet normal 0 0 1
    outer loop
      vertex 20.99 11.86 1.6
      vertex 25.169999999999998 11.86 1.6
      vertex 22.536476193621848 14.032592717138664 1.6
    endloop
  endfacet
  facet normal 0 0 1
    outer loop
      vertex 25.169999999999998 11.86 1.6
      vertex 22.696842259724935 14.000693923282737 1.6
      vertex 22.536476193621848 14.032592717138664 1.6
    endloop
  endfacet
  facet normal 0 0 1
    outer loop
      vertex 25.169999999999998 11.86 1.6
      vertex 22.86 13.99 1.6
      vertex 22.696842259724935 14.000693923282737 1.6
    endloop
  endfacet
  facet normal 0 0 1
    outer loop
      vertex 25.169999999999998 11.86 1.6
      vertex 23.023157740275064 14.000693923282737 1.6
      vertex 22.86 13.99 1.6
    endloop
  endfacet
  facet normal 0 0 1
    outer loop
      vertex 25.169999999999998 11.86 1.6
      vertex 23.18352380637815 14.032592717138664 1.6
      vertex 23.023157740275064 14.000693923282737 1.6
    endloop
  endfacet
  facet normal 0 0 1
    outer loop
      vertex 25.399999998509884 1.6499999985098839 1.6
      vertex 25.399999998509884 16.13000000268221 1.6
      vertex 25.385884024202824 16.345368213951588 1.6
    endloop
  endfacet
  facet normal 0 0 1
    outer loop
      vertex 25.385884024202824 1.4346317797899246 1.6
      vertex 25.385884024202824 16.345368213951588 1.6
      vertex 25.343777611851692 16.557051427662373 1.6
    endloop
  endfacet
  facet normal 0 0 1
    outer loop
      vertex 25.343777611851692 1.2229485735297203 1.6
      vertex 25.343777611851692 16.557051427662373 1.6
      vertex 25.27440122514963 16.76142766326666 1.6
    endloop
  endfacet
  facet normal 0 0 1
    outer loop
      vertex 25.27440122514963 1.0185723379254341 1.6
      vertex 25.27440122514963 16.76142766326666 1.6
      vertex 25.178941912949085 16.95499999821186 1.6
    endloop
  endfacet
  facet normal 0 0 1
    outer loop
      vertex 25.169999999999998 11.86 1.6
      vertex 23.338354290456362 14.085150584360893 1.6
      vertex 23.18352380637815 14.032592717138664 1.6
    endloop
  endfacet
  facet normal 0 0 -1
    outer loop
      vertex 23.75 17.780000001192093 0
      vertex 23.023157740275064 16.479306076717265 0
      vertex 22.86 16.490000000000002 0
    endloop
  endfacet
  facet normal 0 0 -1
    outer loop
      vertex 23.75 17.780000001192093 0
      vertex 23.18352380637815 16.447407282861334 0
      vertex 23.023157740275064 16.479306076717265 0
    endloop
  endfacet
  facet normal 0 0 -1
    outer loop
      vertex 23.75 17.780000001192093 0
      vertex 23.338354290456362 16.394849415639108 0
      vertex 23.18352380637815 16.447407282861334 0
    endloop
  endfacet
  facet normal 0 0 -1
    outer loop
      vertex 23.75 17.780000001192093 0
      vertex 23.485 16.322531754730548 0
      vertex 23.338354290456362 16.394849415639108 0
    endloop
  endfacet
  facet normal 0 0 -1
    outer loop
      vertex 23.75 17.780000001192093 0
      vertex 23.743883476483184 16.123883476483186 0
      vertex 23.6209517862609 16.231691675364043 0
    endloop
  endfacet
  facet normal 0 0 -1
    outer loop
      vertex 23.75 17.780000001192093 0
      vertex 23.6209517862609 16.231691675364043 0
      vertex 23.485 16.322531754730548 0
    endloop
  endfacet
  facet normal 0 0 -1
    outer loop
      vertex 24.177051424980164 17.7237776145339 0
      vertex 24.11 15.24 0
      vertex 24.099306076717262 15.403157740275065 0
    endloop
  endfacet
  facet normal 0 0 -1
    outer loop
      vertex 24.177051424980164 17.7237776145339 0
      vertex 24.099306076717262 15.403157740275065 0
      vertex 24.067407282861335 15.563523806378152 0
    endloop
  endfacet
  facet normal 0 0 -1
    outer loop
      vertex 24.177051424980164 17.7237776145339 0
      vertex 24.067407282861335 15.563523806378152 0
      vertex 24.01484941563911 15.718354290456363 0
    endloop
  endfacet
  facet normal 0 0 -1
    outer loop
      vertex 23.96536821871996 17.765884019434452 0
      vertex 23.851691675364044 16.000951786260902 0
      vertex 23.743883476483184 16.123883476483186 0
    endloop
  endfacet
  facet normal 0 0 -1
    outer loop
      vertex 23.96536821871996 17.765884019434452 0
      vertex 23.94253175473055 15.865 0
      vertex 23.851691675364044 16.000951786260902 0
    endloop
  endfacet
  facet normal 0 0 -1
    outer loop
      vertex 24.177051424980164 17.7237776145339 0
      vertex 24.01484941563911 15.718354290456363 0
      vertex 23.94253175473055 15.865 0
    endloop
  endfacet
  facet normal 0.9978589244601819 0.06540311059245643 0
    outer loop
      vertex 25.399999998509884 16.13000000268221 0
      vertex 25.385884024202824 16.345368213951588 0
      vertex 25.399999998509884 16.13000000268221 1.6
    endloop
  endfacet
  facet normal 0.9807852775863588 0.1950903361774978 0
    outer loop
      vertex 25.385884024202824 16.345368213951588 0
      vertex 25.343777611851692 16.557051427662373 0
      vertex 25.385884024202824 16.345368213951588 1.6
    endloop
  endfacet
  facet normal 0.9469301251010734 0.3214394782475631 0
    outer loop
      vertex 25.343777611851692 16.557051427662373 0
      vertex 25.27440122514963 16.76142766326666 0
      vertex 25.343777611851692 16.557051427662373 1.6
    endloop
  endfacet
  facet normal 0 0 -1
    outer loop
      vertex 23.75 17.780000001192093 0
      vertex 23.96536821871996 17.765884019434452 0
      vertex 23.743883476483184 16.123883476483186 0
    endloop
  endfacet
  facet normal 0 0 -1
    outer loop
      vertex 23.96536821871996 17.765884019434452 0
      vertex 24.177051424980164 17.7237776145339 0
      vertex 23.94253175473055 15.865 0
    endloop
  endfacet
  facet normal 0.06540314271242062 0.9978589223549282 0
    outer loop
      vertex 23.75 17.780000001192093 0
      vertex 23.96536821871996 17.765884019434452 1.6
      vertex 23.96536821871996 17.765884019434452 0
    endloop
  endfacet
  facet normal 0.1950903095760331 0.9807852828777192 0
    outer loop
      vertex 23.96536821871996 17.765884019434452 0
      vertex 24.177051424980164 17.7237776145339 1.6
      vertex 24.177051424980164 17.7237776145339 0
    endloop
  endfacet
  facet normal 0.3214394782475631 0.9469301251010734 0
    outer loop
      vertex 24.177051424980164 17.7237776145339 0
      vertex 24.38142766058445 17.65440122783184 1.6
      vertex 24.38142766058445 17.65440122783184 0
    endloop
  endfacet
  facet normal 0.4422886788217332 0.8968727471531989 0
    outer loop
      vertex 24.38142766058445 17.65440122783184 0
      vertex 24.575000002980232 17.558941915631294 1.6
      vertex 24.575000002980232 17.558941915631294 0
    endloop
  endfacet
  facet normal 0.8968727404003146 0.44228869251522795 0
    outer loop
      vertex 25.27440122514963 16.76142766326666 0
      vertex 25.178941912949085 16.95499999821186 0
      vertex 25.27440122514963 16.76142766326666 1.6
    endloop
  endfacet
  facet normal 0.831469628458139 0.5555702088410468 0
    outer loop
      vertex 25.178941912949085 16.95499999821186 0
      vertex 25.059033013880253 17.134456358850002 0
      vertex 25.178941912949085 16.95499999821186 1.6
    endloop
  endfacet
  facet normal 0.7518397963905751 0.6593458277439683 0
    outer loop
      vertex 25.059033013880253 17.134456358850002 0
      vertex 24.91672618687153 17.296726189553738 0
      vertex 25.059033013880253 17.134456358850002 1.6
    endloop
  endfacet
  facet normal 0.5555702486529531 0.8314696018566738 0
    outer loop
      vertex 24.575000002980232 17.558941915631294 0
      vertex 24.754456356167793 17.43903300911188 1.6
      vertex 24.754456356167793 17.43903300911188 0
    endloop
  endfacet
  facet normal 0.659345808230778 0.7518398135031837 0
    outer loop
      vertex 24.754456356167793 17.43903300911188 0
      vertex 24.91672618687153 17.296726189553738 1.6
      vertex 24.91672618687153 17.296726189553738 0
    endloop
  endfacet
  facet normal 0.9978589244601819 0.06540311059245643 0
    outer loop
      vertex 25.385884024202824 16.345368213951588 0
      vertex 25.385884024202824 16.345368213951588 1.6
      vertex 25.399999998509884 16.13000000268221 1.6
    endloop
  endfacet
  facet normal 0.9807852775863588 0.1950903361774978 0
    outer loop
      vertex 25.343777611851692 16.557051427662373 0
      vertex 25.343777611851692 16.557051427662373 1.6
      vertex 25.385884024202824 16.345368213951588 1.6
    endloop
  endfacet
  facet normal 0.06540314271242062 0.9978589223549282 0
    outer loop
      vertex 23.75 17.780000001192093 0
      vertex 23.75 17.780000001192093 1.6
      vertex 23.96536821871996 17.765884019434452 1.6
    endloop
  endfacet
  facet normal 0.1950903095760331 0.9807852828777192 0
    outer loop
      vertex 23.96536821871996 17.765884019434452 0
      vertex 23.96536821871996 17.765884019434452 1.6
      vertex 24.177051424980164 17.7237776145339 1.6
    endloop
  endfacet
  facet normal 0.3214394782475631 0.9469301251010734 0
    outer loop
      vertex 24.177051424980164 17.7237776145339 0
      vertex 24.177051424980164 17.7237776145339 1.6
      vertex 24.38142766058445 17.65440122783184 1.6
    endloop
  endfacet
  facet normal 0.4422886788217332 0.8968727471531989 0
    outer loop
      vertex 24.38142766058445 17.65440122783184 0
      vertex 24.38142766058445 17.65440122783184 1.6
      vertex 24.575000002980232 17.558941915631294 1.6
    endloop
  endfacet
  facet normal 0.9469301251010734 0.3214394782475631 0
    outer loop
      vertex 25.27440122514963 16.76142766326666 0
      vertex 25.27440122514963 16.76142766326666 1.6
      vertex 25.343777611851692 16.557051427662373 1.6
    endloop
  endfacet
  facet normal 0.8968727404003146 0.44228869251522795 0
    outer loop
      vertex 25.178941912949085 16.95499999821186 0
      vertex 25.178941912949085 16.95499999821186 1.6
      vertex 25.27440122514963 16.76142766326666 1.6
    endloop
  endfacet
  facet normal 0.831469628458139 0.5555702088410468 0
    outer loop
      vertex 25.059033013880253 17.134456358850002 0
      vertex 25.059033013880253 17.134456358850002 1.6
      vertex 25.178941912949085 16.95499999821186 1.6
    endloop
  endfacet
  facet normal 0.7518397963905751 0.6593458277439683 0
    outer loop
      vertex 24.91672618687153 17.296726189553738 0
      vertex 24.91672618687153 17.296726189553738 1.6
      vertex 25.059033013880253 17.134456358850002 1.6
    endloop
  endfacet
  facet normal 0.659345808230778 0.7518398135031837 0
    outer loop
      vertex 24.754456356167793 17.43903300911188 0
      vertex 24.754456356167793 17.43903300911188 1.6
      vertex 24.91672618687153 17.296726189553738 1.6
    endloop
  endfacet
  facet normal 0.5555702486529531 0.8314696018566738 0
    outer loop
      vertex 24.575000002980232 17.558941915631294 0
      vertex 24.575000002980232 17.558941915631294 1.6
      vertex 24.754456356167793 17.43903300911188 1.6
    endloop
  endfacet
  facet normal 0 0 1
    outer loop
      vertex 16 12.2 1.6
      vertex 21.620693923282737 15.403157740275065 1.6
      vertex 21.652592717138663 15.563523806378152 1.6
    endloop
  endfacet
  facet normal 0 0 1
    outer loop
      vertex 16 12.2 1.6
      vertex 21.652592717138663 15.563523806378152 1.6
      vertex 21.70515058436089 15.718354290456363 1.6
    endloop
  endfacet
  facet normal 0 0 1
    outer loop
      vertex 16 12.2 1.6
      vertex 21.70515058436089 15.718354290456363 1.6
      vertex 21.77746824526945 15.865 1.6
    endloop
  endfacet
  facet normal 0 0 1
    outer loop
      vertex 16 12.2 1.6
      vertex 21.77746824526945 15.865 1.6
      vertex 21.868308324635954 16.000951786260902 1.6
    endloop
  endfacet
  facet normal 0 0 1
    outer loop
      vertex 16 12.2 1.6
      vertex 21.868308324635954 16.000951786260902 1.6
      vertex 21.976116523516815 16.123883476483186 1.6
    endloop
  endfacet
  facet normal 0 0 1
    outer loop
      vertex 16 12.2 1.6
      vertex 21.976116523516815 16.123883476483186 1.6
      vertex 22.0990482137391 16.231691675364043 1.6
    endloop
  endfacet
  facet normal 0 0 1
    outer loop
      vertex 16 12.2 1.6
      vertex 22.0990482137391 16.231691675364043 1.6
      vertex 22.235 16.322531754730548 1.6
    endloop
  endfacet
  facet normal 0 0 1
    outer loop
      vertex 19 12.2 1.6
      vertex 21.77746824526945 14.615 1.6
      vertex 21.70515058436089 14.761645709543638 1.6
    endloop
  endfacet
  facet normal 0 0 1
    outer loop
      vertex 19 12.2 1.6
      vertex 21.70515058436089 14.761645709543638 1.6
      vertex 21.652592717138663 14.916476193621849 1.6
    endloop
  endfacet
  facet normal 0 0 1
    outer loop
      vertex 19 12.2 1.6
      vertex 21.652592717138663 14.916476193621849 1.6
      vertex 21.620693923282737 15.076842259724936 1.6
    endloop
  endfacet
  facet normal 0 0 1
    outer loop
      vertex 19 12.2 1.6
      vertex 21.620693923282737 15.076842259724936 1.6
      vertex 21.61 15.24 1.6
    endloop
  endfacet
  facet normal 0 0 1
    outer loop
      vertex 19 12.2 1.6
      vertex 21.61 15.24 1.6
      vertex 21.620693923282737 15.403157740275065 1.6
    endloop
  endfacet
  facet normal 0 0 1
    outer loop
      vertex 20.99 11.86 1.6
      vertex 21.976116523516815 14.356116523516816 1.6
      vertex 21.868308324635954 14.4790482137391 1.6
    endloop
  endfacet
  facet normal 0 0 1
    outer loop
      vertex 20.99 11.86 1.6
      vertex 22.235 14.157468245269452 1.6
      vertex 22.0990482137391 14.248308324635957 1.6
    endloop
  endfacet
  facet normal 0 0 1
    outer loop
      vertex 20.99 11.86 1.6
      vertex 22.0990482137391 14.248308324635957 1.6
      vertex 21.976116523516815 14.356116523516816 1.6
    endloop
  endfacet
  facet normal 0 0 1
    outer loop
      vertex 20.99 11.86 1.6
      vertex 21.868308324635954 14.4790482137391 1.6
      vertex 21.77746824526945 14.615 1.6
    endloop
  endfacet
  facet normal 0 0 1
    outer loop
      vertex 20.99 11.86 1.6
      vertex 22.381645709543637 14.085150584360893 1.6
      vertex 22.235 14.157468245269452 1.6
    endloop
  endfacet
  facet normal 0 0 1
    outer loop
      vertex 16 12.2 1.6
      vertex 22.235 16.322531754730548 1.6
      vertex 23.75 17.780000001192093 1.6
    endloop
  endfacet
  facet normal 0 0 1
    outer loop
      vertex 25.169999999999998 11.86 1.6
      vertex 23.485 14.157468245269452 1.6
      vertex 23.338354290456362 14.085150584360893 1.6
    endloop
  endfacet
  facet normal 0 0 1
    outer loop
      vertex 25.169999999999998 11.86 1.6
      vertex 23.6209517862609 14.248308324635957 1.6
      vertex 23.485 14.157468245269452 1.6
    endloop
  endfacet
  facet normal 0 0 1
    outer loop
      vertex 25.169999999999998 11.86 1.6
      vertex 23.743883476483184 14.356116523516816 1.6
      vertex 23.6209517862609 14.248308324635957 1.6
    endloop
  endfacet
  facet normal 0 0 1
    outer loop
      vertex 25.169999999999998 11.86 1.6
      vertex 23.851691675364044 14.4790482137391 1.6
      vertex 23.743883476483184 14.356116523516816 1.6
    endloop
  endfacet
  facet normal 0 0 1
    outer loop
      vertex 25.169999999999998 11.86 1.6
      vertex 23.94253175473055 14.615 1.6
      vertex 23.851691675364044 14.4790482137391 1.6
    endloop
  endfacet
  facet normal 0 0 1
    outer loop
      vertex 25.169999999999998 11.86 1.6
      vertex 24.01484941563911 14.761645709543638 1.6
      vertex 23.94253175473055 14.615 1.6
    endloop
  endfacet
  facet normal 0 0 1
    outer loop
      vertex 25.169999999999998 11.86 1.6
      vertex 24.067407282861335 14.916476193621849 1.6
      vertex 24.01484941563911 14.761645709543638 1.6
    endloop
  endfacet
  facet normal 0 0 1
    outer loop
      vertex 25.169999999999998 11.86 1.6
      vertex 24.099306076717262 15.076842259724936 1.6
      vertex 24.067407282861335 14.916476193621849 1.6
    endloop
  endfacet
  facet normal 0 0 1
    outer loop
      vertex 25.169999999999998 11.86 1.6
      vertex 24.11 15.24 1.6
      vertex 24.099306076717262 15.076842259724936 1.6
    endloop
  endfacet
  facet normal 0 0 1
    outer loop
      vertex 25.169999999999998 11.86 1.6
      vertex 24.099306076717262 15.403157740275065 1.6
      vertex 24.11 15.24 1.6
    endloop
  endfacet
  facet normal 0 0 1
    outer loop
      vertex 25.169999999999998 11.86 1.6
      vertex 23.75 17.780000001192093 1.6
      vertex 24.099306076717262 15.403157740275065 1.6
    endloop
  endfacet
  facet normal 0 0 1
    outer loop
      vertex 25.169999999999998 11.86 1.6
      vertex 24.91672618687153 17.296726189553738 1.6
      vertex 24.754456356167793 17.43903300911188 1.6
    endloop
  endfacet
  facet normal 0 0 1
    outer loop
      vertex 25.169999999999998 11.86 1.6
      vertex 25.178941912949085 16.95499999821186 1.6
      vertex 25.059033013880253 17.134456358850002 1.6
    endloop
  endfacet
  facet normal 0 0 1
    outer loop
      vertex 25.169999999999998 11.86 1.6
      vertex 25.059033013880253 17.134456358850002 1.6
      vertex 24.91672618687153 17.296726189553738 1.6
    endloop
  endfacet
  facet normal 0 0 1
    outer loop
      vertex 23.75 17.780000001192093 1.6
      vertex 23.743883476483184 16.123883476483186 1.6
      vertex 23.851691675364044 16.000951786260902 1.6
    endloop
  endfacet
  facet normal 0 0 1
    outer loop
      vertex 23.75 17.780000001192093 1.6
      vertex 22.235 16.322531754730548 1.6
      vertex 22.381645709543637 16.394849415639108 1.6
    endloop
  endfacet
  facet normal 0 0 1
    outer loop
      vertex 23.75 17.780000001192093 1.6
      vertex 22.381645709543637 16.394849415639108 1.6
      vertex 22.536476193621848 16.447407282861334 1.6
    endloop
  endfacet
  facet normal 0 0 1
    outer loop
      vertex 23.75 17.780000001192093 1.6
      vertex 22.536476193621848 16.447407282861334 1.6
      vertex 22.696842259724935 16.479306076717265 1.6
    endloop
  endfacet
  facet normal 0 0 1
    outer loop
      vertex 23.75 17.780000001192093 1.6
      vertex 22.696842259724935 16.479306076717265 1.6
      vertex 22.86 16.490000000000002 1.6
    endloop
  endfacet
  facet normal 0 0 1
    outer loop
      vertex 23.75 17.780000001192093 1.6
      vertex 22.86 16.490000000000002 1.6
      vertex 23.023157740275064 16.479306076717265 1.6
    endloop
  endfacet
  facet normal 0 0 1
    outer loop
      vertex 23.75 17.780000001192093 1.6
      vertex 23.023157740275064 16.479306076717265 1.6
      vertex 23.18352380637815 16.447407282861334 1.6
    endloop
  endfacet
  facet normal 0 0 1
    outer loop
      vertex 23.75 17.780000001192093 1.6
      vertex 23.18352380637815 16.447407282861334 1.6
      vertex 23.338354290456362 16.394849415639108 1.6
    endloop
  endfacet
  facet normal 0 0 1
    outer loop
      vertex 23.75 17.780000001192093 1.6
      vertex 23.338354290456362 16.394849415639108 1.6
      vertex 23.485 16.322531754730548 1.6
    endloop
  endfacet
  facet normal 0 0 1
    outer loop
      vertex 23.75 17.780000001192093 1.6
      vertex 23.6209517862609 16.231691675364043 1.6
      vertex 23.743883476483184 16.123883476483186 1.6
    endloop
  endfacet
  facet normal 0 0 1
    outer loop
      vertex 23.75 17.780000001192093 1.6
      vertex 23.485 16.322531754730548 1.6
      vertex 23.6209517862609 16.231691675364043 1.6
    endloop
  endfacet
  facet normal 0 0 1
    outer loop
      vertex 25.169999999999998 11.86 1.6
      vertex 23.96536821871996 17.765884019434452 1.6
      vertex 23.75 17.780000001192093 1.6
    endloop
  endfacet
  facet normal 0 0 1
    outer loop
      vertex 25.169999999999998 11.86 1.6
      vertex 24.177051424980164 17.7237776145339 1.6
      vertex 23.96536821871996 17.765884019434452 1.6
    endloop
  endfacet
  facet normal 0 0 1
    outer loop
      vertex 25.169999999999998 11.86 1.6
      vertex 24.38142766058445 17.65440122783184 1.6
      vertex 24.177051424980164 17.7237776145339 1.6
    endloop
  endfacet
  facet normal 0 0 1
    outer loop
      vertex 23.75 17.780000001192093 1.6
      vertex 24.067407282861335 15.563523806378152 1.6
      vertex 24.099306076717262 15.403157740275065 1.6
    endloop
  endfacet
  facet normal 0 0 1
    outer loop
      vertex 23.75 17.780000001192093 1.6
      vertex 24.01484941563911 15.718354290456363 1.6
      vertex 24.067407282861335 15.563523806378152 1.6
    endloop
  endfacet
  facet normal 0 0 1
    outer loop
      vertex 23.75 17.780000001192093 1.6
      vertex 23.94253175473055 15.865 1.6
      vertex 24.01484941563911 15.718354290456363 1.6
    endloop
  endfacet
  facet normal 0 0 1
    outer loop
      vertex 23.75 17.780000001192093 1.6
      vertex 23.851691675364044 16.000951786260902 1.6
      vertex 23.94253175473055 15.865 1.6
    endloop
  endfacet
  facet normal 0 0 1
    outer loop
      vertex 25.169999999999998 11.86 1.6
      vertex 24.575000002980232 17.558941915631294 1.6
      vertex 24.38142766058445 17.65440122783184 1.6
    endloop
  endfacet
  facet normal 0 0 1
    outer loop
      vertex 25.169999999999998 11.86 1.6
      vertex 24.754456356167793 17.43903300911188 1.6
      vertex 24.575000002980232 17.558941915631294 1.6
    endloop
  endfacet
  facet normal 0.7518398074789777 0.6593458151000683 2.8111258801976426e-18
    outer loop
      vertex 1.6561165235168156 1.6561165235168165 0
      vertex 1.5483083246359561 1.7790482137391002 0
      vertex 1.5483083246359561 1.7790482137391002 1.6
    endloop
  endfacet
  facet normal 0.8314696123025452 0.555570233019602 0
    outer loop
      vertex 1.4574682452694518 1.915000000000001 1.6
      vertex 1.5483083246359561 1.7790482137391002 0
      vertex 1.4574682452694518 1.915000000000001 0
    endloop
  endfacet
  facet normal 0.946930129495106 0.3214394653031605 0
    outer loop
      vertex 1.3325927171386647 2.21647619362185 1.6
      vertex 1.3851505843608916 2.0616457095436385 0
      vertex 1.3325927171386647 2.21647619362185 0
    endloop
  endfacet
  facet normal 0.8968727415326877 0.44228869021900263 -1.2115192600189007e-18
    outer loop
      vertex 1.4574682452694518 1.915000000000001 0
      vertex 1.3851505843608916 2.0616457095436385 0
      vertex 1.3851505843608916 2.0616457095436385 1.6
    endloop
  endfacet
  facet normal 0.6593458151000683 0.7518398074789777 0
    outer loop
      vertex 1.6561165235168156 1.6561165235168165 1.6
      vertex 1.7790482137390993 1.548308324635957 0
      vertex 1.6561165235168156 1.6561165235168165 0
    endloop
  endfacet
  facet normal 0.555570233019602 0.8314696123025452 0
    outer loop
      vertex 1.7790482137390993 1.548308324635957 1.6
      vertex 1.915 1.4574682452694527 0
      vertex 1.7790482137390993 1.548308324635957 0
    endloop
  endfacet
  facet normal 0.44228869021900263 0.8968727415326877 0
    outer loop
      vertex 1.915 1.4574682452694527 1.6
      vertex 2.0616457095436376 1.3851505843608924 0
      vertex 1.915 1.4574682452694527 0
    endloop
  endfacet
  facet normal 0.3214394653031605 0.946930129495106 0
    outer loop
      vertex 2.0616457095436376 1.3851505843608924 1.6
      vertex 2.2164761936218493 1.3325927171386656 0
      vertex 2.0616457095436376 1.3851505843608924 0
    endloop
  endfacet
  facet normal 0.19509032201612833 0.9807852804032304 0
    outer loop
      vertex 2.2164761936218493 1.3325927171386656 1.6
      vertex 2.3768422597249357 1.300693923282738 0
      vertex 2.2164761936218493 1.3325927171386656 0
    endloop
  endfacet
  facet normal 0.06540312923014316 0.9978589232386035 0
    outer loop
      vertex 2.3768422597249357 1.300693923282738 1.6
      vertex 2.54 1.290000000000001 0
      vertex 2.3768422597249357 1.300693923282738 0
    endloop
  endfacet
  facet normal -0.06540312923014316 0.9978589232386035 0
    outer loop
      vertex 2.54 1.290000000000001 1.6
      vertex 2.7031577402750644 1.300693923282738 0
      vertex 2.54 1.290000000000001 0
    endloop
  endfacet
  facet normal -0.19509032201612833 0.9807852804032304 0
    outer loop
      vertex 2.7031577402750644 1.300693923282738 1.6
      vertex 2.8635238063781507 1.3325927171386656 0
      vertex 2.7031577402750644 1.300693923282738 0
    endloop
  endfacet
  facet normal -0.3214394653031605 0.946930129495106 0
    outer loop
      vertex 2.8635238063781507 1.3325927171386656 1.6
      vertex 3.0183542904563625 1.3851505843608924 0
      vertex 2.8635238063781507 1.3325927171386656 0
    endloop
  endfacet
  facet normal -0.44228869021900263 0.8968727415326877 0
    outer loop
      vertex 3.0183542904563625 1.3851505843608924 0
      vertex 3.0183542904563625 1.3851505843608924 1.6
      vertex 3.165 1.4574682452694527 0
    endloop
  endfacet
  facet normal 0.8314696123025452 0.555570233019602 1.936210277430335e-19
    outer loop
      vertex 1.4574682452694518 1.915000000000001 1.6
      vertex 1.5483083246359561 1.7790482137391002 1.6
      vertex 1.5483083246359561 1.7790482137391002 0
    endloop
  endfacet
  facet normal 0.946930129495106 0.3214394653031605 -2.8734998057925622e-18
    outer loop
      vertex 1.3325927171386647 2.21647619362185 1.6
      vertex 1.3851505843608916 2.0616457095436385 1.6
      vertex 1.3851505843608916 2.0616457095436385 0
    endloop
  endfacet
  facet normal 0.8968727415326877 0.44228869021900263 -1.2115192600189007e-18
    outer loop
      vertex 1.3851505843608916 2.0616457095436385 1.6
      vertex 1.4574682452694518 1.915000000000001 1.6
      vertex 1.4574682452694518 1.915000000000001 0
    endloop
  endfacet
  facet normal 0.6593458151000683 0.7518398074789777 0
    outer loop
      vertex 1.7790482137390993 1.548308324635957 1.6
      vertex 1.7790482137390993 1.548308324635957 0
      vertex 1.6561165235168156 1.6561165235168165 1.6
    endloop
  endfacet
  facet normal 0.555570233019602 0.8314696123025452 0
    outer loop
      vertex 1.915 1.4574682452694527 1.6
      vertex 1.915 1.4574682452694527 0
      vertex 1.7790482137390993 1.548308324635957 1.6
    endloop
  endfacet
  facet normal 0.3214394653031605 0.946930129495106 0
    outer loop
      vertex 2.2164761936218493 1.3325927171386656 1.6
      vertex 2.2164761936218493 1.3325927171386656 0
      vertex 2.0616457095436376 1.3851505843608924 1.6
    endloop
  endfacet
  facet normal 0.19509032201612833 0.9807852804032304 1.09184519634342e-18
    outer loop
      vertex 2.2164761936218493 1.3325927171386656 1.6
      vertex 2.3768422597249357 1.300693923282738 1.6
      vertex 2.3768422597249357 1.300693923282738 0
    endloop
  endfacet
  facet normal 0.44228869021900263 0.8968727415326877 0
    outer loop
      vertex 2.0616457095436376 1.3851505843608924 1.6
      vertex 2.0616457095436376 1.3851505843608924 0
      vertex 1.915 1.4574682452694527 1.6
    endloop
  endfacet
  facet normal 0.7518398074789777 0.6593458151000683 2.8111258801976426e-18
    outer loop
      vertex 1.5483083246359561 1.7790482137391002 1.6
      vertex 1.6561165235168156 1.6561165235168165 1.6
      vertex 1.6561165235168156 1.6561165235168165 0
    endloop
  endfacet
  facet normal 0.06540312923014316 0.9978589232386035 0
    outer loop
      vertex 2.54 1.290000000000001 1.6
      vertex 2.54 1.290000000000001 0
      vertex 2.3768422597249357 1.300693923282738 1.6
    endloop
  endfacet
  facet normal -0.06540312923014316 0.9978589232386035 0
    outer loop
      vertex 2.7031577402750644 1.300693923282738 1.6
      vertex 2.7031577402750644 1.300693923282738 0
      vertex 2.54 1.290000000000001 1.6
    endloop
  endfacet
  facet normal -0.19509032201612833 0.9807852804032304 0
    outer loop
      vertex 2.8635238063781507 1.3325927171386656 1.6
      vertex 2.8635238063781507 1.3325927171386656 0
      vertex 2.7031577402750644 1.300693923282738 1.6
    endloop
  endfacet
  facet normal -0.3214394653031605 0.946930129495106 0
    outer loop
      vertex 3.0183542904563625 1.3851505843608924 0
      vertex 2.8635238063781507 1.3325927171386656 1.6
      vertex 3.0183542904563625 1.3851505843608924 1.6
    endloop
  endfacet
  facet normal -0.44228869021900263 0.8968727415326877 0
    outer loop
      vertex 3.165 1.4574682452694527 0
      vertex 3.0183542904563625 1.3851505843608924 1.6
      vertex 3.165 1.4574682452694527 1.6
    endloop
  endfacet
  facet normal 0.9807852804032304 0.19509032201612833 0
    outer loop
      vertex 1.300693923282737 2.3768422597249366 1.6
      vertex 1.3325927171386647 2.21647619362185 0
      vertex 1.300693923282737 2.3768422597249366 0
    endloop
  endfacet
  facet normal 0.9978589232386035 0.06540312923014316 0
    outer loop
      vertex 1.29 2.540000000000001 1.6
      vertex 1.300693923282737 2.3768422597249366 0
      vertex 1.29 2.540000000000001 0
    endloop
  endfacet
  facet normal 0.9978589232386035 -0.06540312923014316 0
    outer loop
      vertex 1.300693923282737 2.7031577402750653 1.6
      vertex 1.29 2.540000000000001 0
      vertex 1.300693923282737 2.7031577402750653 0
    endloop
  endfacet
  facet normal 0.9807852804032304 -0.19509032201612833 0
    outer loop
      vertex 1.3325927171386647 2.8635238063781516 1.6
      vertex 1.300693923282737 2.7031577402750653 0
      vertex 1.3325927171386647 2.8635238063781516 0
    endloop
  endfacet
  facet normal 0.946930129495106 -0.3214394653031605 0
    outer loop
      vertex 1.3851505843608916 3.0183542904563634 1.6
      vertex 1.3325927171386647 2.8635238063781516 0
      vertex 1.3851505843608916 3.0183542904563634 0
    endloop
  endfacet
  facet normal 0.8968727415326877 -0.44228869021900263 1.2115192600189007e-18
    outer loop
      vertex 1.3851505843608916 3.0183542904563634 0
      vertex 1.4574682452694518 3.165000000000001 0
      vertex 1.4574682452694518 3.165000000000001 1.6
    endloop
  endfacet
  facet normal 0.8314696123025452 -0.555570233019602 0
    outer loop
      vertex 1.5483083246359561 3.3009517862609017 1.6
      vertex 1.4574682452694518 3.165000000000001 0
      vertex 1.5483083246359561 3.3009517862609017 0
    endloop
  endfacet
  facet normal 0.7518398074789777 -0.6593458151000683 -2.8111258801976426e-18
    outer loop
      vertex 1.5483083246359561 3.3009517862609017 0
      vertex 1.6561165235168156 3.4238834764831854 0
      vertex 1.6561165235168156 3.4238834764831854 1.6
    endloop
  endfacet
  facet normal 0.6593458151000692 -0.7518398074789772 0
    outer loop
      vertex 1.7790482137390993 3.531691675364045 1.6
      vertex 1.6561165235168156 3.4238834764831854 0
      vertex 1.7790482137390993 3.531691675364045 0
    endloop
  endfacet
  facet normal 0.5555702330196011 -0.831469612302546 0
    outer loop
      vertex 1.915 3.622531754730549 1.6
      vertex 1.7790482137390993 3.531691675364045 0
      vertex 1.915 3.622531754730549 0
    endloop
  endfacet
  facet normal 0.44228869021900263 -0.8968727415326877 0
    outer loop
      vertex 2.0616457095436376 3.6948494156391094 1.6
      vertex 1.915 3.622531754730549 0
      vertex 2.0616457095436376 3.6948494156391094 0
    endloop
  endfacet
  facet normal 0.32143946530315926 -0.9469301294951065 0
    outer loop
      vertex 2.2164761936218493 3.747407282861336 1.6
      vertex 2.0616457095436376 3.6948494156391094 0
      vertex 2.2164761936218493 3.747407282861336 0
    endloop
  endfacet
  facet normal 0.19509032201612833 -0.9807852804032304 0
    outer loop
      vertex 2.3768422597249357 3.7793060767172637 1.6
      vertex 2.2164761936218493 3.747407282861336 0
      vertex 2.3768422597249357 3.7793060767172637 0
    endloop
  endfacet
  facet normal 0.06540312923014453 -0.9978589232386035 0
    outer loop
      vertex 2.54 3.790000000000001 1.6
      vertex 2.3768422597249357 3.7793060767172637 0
      vertex 2.54 3.790000000000001 0
    endloop
  endfacet
  facet normal -0.06540312923014453 -0.9978589232386035 0
    outer loop
      vertex 2.7031577402750644 3.7793060767172637 1.6
      vertex 2.54 3.790000000000001 0
      vertex 2.7031577402750644 3.7793060767172637 0
    endloop
  endfacet
  facet normal -0.32143946530315926 -0.9469301294951065 0
    outer loop
      vertex 3.0183542904563625 3.6948494156391094 1.6
      vertex 2.8635238063781507 3.747407282861336 0
      vertex 3.0183542904563625 3.6948494156391094 0
    endloop
  endfacet
  facet normal -0.19509032201612833 -0.9807852804032304 0
    outer loop
      vertex 2.8635238063781507 3.747407282861336 1.6
      vertex 2.7031577402750644 3.7793060767172637 0
      vertex 2.8635238063781507 3.747407282861336 0
    endloop
  endfacet
  facet normal -0.44228869021900263 -0.8968727415326877 0
    outer loop
      vertex 3.165 3.622531754730549 1.6
      vertex 3.0183542904563625 3.6948494156391094 0
      vertex 3.165 3.622531754730549 0
    endloop
  endfacet
  facet normal 0.9807852804032304 0.19509032201612833 1.09184519634342e-18
    outer loop
      vertex 1.300693923282737 2.3768422597249366 1.6
      vertex 1.3325927171386647 2.21647619362185 1.6
      vertex 1.3325927171386647 2.21647619362185 0
    endloop
  endfacet
  facet normal 0.9978589232386035 0.06540312923014316 -1.2479409470915827e-19
    outer loop
      vertex 1.29 2.540000000000001 1.6
      vertex 1.300693923282737 2.3768422597249366 1.6
      vertex 1.300693923282737 2.3768422597249366 0
    endloop
  endfacet
  facet normal 0.9978589232386035 -0.06540312923014316 1.2479409470915827e-19
    outer loop
      vertex 1.300693923282737 2.7031577402750653 1.6
      vertex 1.29 2.540000000000001 1.6
      vertex 1.29 2.540000000000001 0
    endloop
  endfacet
  facet normal 0.9807852804032304 -0.19509032201612833 -1.09184519634342e-18
    outer loop
      vertex 1.3325927171386647 2.8635238063781516 1.6
      vertex 1.300693923282737 2.7031577402750653 1.6
      vertex 1.300693923282737 2.7031577402750653 0
    endloop
  endfacet
  facet normal 0.946930129495106 -0.3214394653031605 2.8734998057925622e-18
    outer loop
      vertex 1.3851505843608916 3.0183542904563634 1.6
      vertex 1.3325927171386647 2.8635238063781516 1.6
      vertex 1.3325927171386647 2.8635238063781516 0
    endloop
  endfacet
  facet normal 0.8968727415326877 -0.44228869021900263 1.2115192600189007e-18
    outer loop
      vertex 1.4574682452694518 3.165000000000001 1.6
      vertex 1.3851505843608916 3.0183542904563634 1.6
      vertex 1.3851505843608916 3.0183542904563634 0
    endloop
  endfacet
  facet normal 0.8314696123025452 -0.555570233019602 -1.936210277430335e-19
    outer loop
      vertex 1.5483083246359561 3.3009517862609017 1.6
      vertex 1.4574682452694518 3.165000000000001 1.6
      vertex 1.4574682452694518 3.165000000000001 0
    endloop
  endfacet
  facet normal 0.7518398074789777 -0.6593458151000683 -2.8111258801976426e-18
    outer loop
      vertex 1.6561165235168156 3.4238834764831854 1.6
      vertex 1.5483083246359561 3.3009517862609017 1.6
      vertex 1.5483083246359561 3.3009517862609017 0
    endloop
  endfacet
  facet normal 0.6593458151000692 -0.7518398074789772 0
    outer loop
      vertex 1.6561165235168156 3.4238834764831854 1.6
      vertex 1.6561165235168156 3.4238834764831854 0
      vertex 1.7790482137390993 3.531691675364045 1.6
    endloop
  endfacet
  facet normal 0.5555702330196011 -0.831469612302546 0
    outer loop
      vertex 1.7790482137390993 3.531691675364045 1.6
      vertex 1.7790482137390993 3.531691675364045 0
      vertex 1.915 3.622531754730549 1.6
    endloop
  endfacet
  facet normal 0.44228869021900263 -0.8968727415326877 0
    outer loop
      vertex 1.915 3.622531754730549 1.6
      vertex 1.915 3.622531754730549 0
      vertex 2.0616457095436376 3.6948494156391094 1.6
    endloop
  endfacet
  facet normal 0.32143946530315926 -0.9469301294951065 0
    outer loop
      vertex 2.0616457095436376 3.6948494156391094 1.6
      vertex 2.0616457095436376 3.6948494156391094 0
      vertex 2.2164761936218493 3.747407282861336 1.6
    endloop
  endfacet
  facet normal 0.19509032201612833 -0.9807852804032304 0
    outer loop
      vertex 2.2164761936218493 3.747407282861336 1.6
      vertex 2.2164761936218493 3.747407282861336 0
      vertex 2.3768422597249357 3.7793060767172637 1.6
    endloop
  endfacet
  facet normal 0.06540312923014453 -0.9978589232386035 0
    outer loop
      vertex 2.3768422597249357 3.7793060767172637 1.6
      vertex 2.3768422597249357 3.7793060767172637 0
      vertex 2.54 3.790000000000001 1.6
    endloop
  endfacet
  facet normal -0.06540312923014453 -0.9978589232386035 0
    outer loop
      vertex 2.54 3.790000000000001 1.6
      vertex 2.54 3.790000000000001 0
      vertex 2.7031577402750644 3.7793060767172637 1.6
    endloop
  endfacet
  facet normal -0.19509032201612833 -0.9807852804032304 0
    outer loop
      vertex 2.7031577402750644 3.7793060767172637 1.6
      vertex 2.7031577402750644 3.7793060767172637 0
      vertex 2.8635238063781507 3.747407282861336 1.6
    endloop
  endfacet
  facet normal -0.32143946530315926 -0.9469301294951065 0
    outer loop
      vertex 2.8635238063781507 3.747407282861336 1.6
      vertex 2.8635238063781507 3.747407282861336 0
      vertex 3.0183542904563625 3.6948494156391094 1.6
    endloop
  endfacet
  facet normal -0.44228869021900263 -0.8968727415326877 0
    outer loop
      vertex 3.0183542904563625 3.6948494156391094 1.6
      vertex 3.0183542904563625 3.6948494156391094 0
      vertex 3.165 3.622531754730549 1.6
    endloop
  endfacet
  facet normal -0.555570233019602 0.8314696123025452 0
    outer loop
      vertex 3.165 1.4574682452694527 0
      vertex 3.165 1.4574682452694527 1.6
      vertex 3.300951786260901 1.548308324635957 0
    endloop
  endfacet
  facet normal -0.6593458151000683 0.7518398074789777 0
    outer loop
      vertex 3.300951786260901 1.548308324635957 0
      vertex 3.300951786260901 1.548308324635957 1.6
      vertex 3.4238834764831845 1.6561165235168165 0
    endloop
  endfacet
  facet normal -0.7518398074789772 0.6593458151000692 0
    outer loop
      vertex 3.4238834764831845 1.6561165235168165 0
      vertex 3.4238834764831845 1.6561165235168165 1.6
      vertex 3.531691675364044 1.7790482137391002 0
    endloop
  endfacet
  facet normal -0.831469612302546 0.5555702330196011 -2.85810201570709e-18
    outer loop
      vertex 3.6225317547305482 1.915000000000001 0
      vertex 3.531691675364044 1.7790482137391002 0
      vertex 3.531691675364044 1.7790482137391002 1.6
    endloop
  endfacet
  facet normal -0.8968727415326877 0.44228869021900263 1.2115192600189007e-18
    outer loop
      vertex 3.6948494156391085 2.0616457095436385 0
      vertex 3.6225317547305482 1.915000000000001 0
      vertex 3.6225317547305482 1.915000000000001 1.6
    endloop
  endfacet
  facet normal -0.9469301294951065 0.32143946530315926 -2.5525694077440457e-18
    outer loop
      vertex 3.747407282861335 2.21647619362185 0
      vertex 3.6948494156391085 2.0616457095436385 0
      vertex 3.6948494156391085 2.0616457095436385 1.6
    endloop
  endfacet
  facet normal -0.555570233019602 0.8314696123025452 0
    outer loop
      vertex 3.300951786260901 1.548308324635957 0
      vertex 3.165 1.4574682452694527 1.6
      vertex 3.300951786260901 1.548308324635957 1.6
    endloop
  endfacet
  facet normal -0.6593458151000683 0.7518398074789777 0
    outer loop
      vertex 3.4238834764831845 1.6561165235168165 0
      vertex 3.300951786260901 1.548308324635957 1.6
      vertex 3.4238834764831845 1.6561165235168165 1.6
    endloop
  endfacet
  facet normal -0.7518398074789772 0.6593458151000692 0
    outer loop
      vertex 3.531691675364044 1.7790482137391002 0
      vertex 3.4238834764831845 1.6561165235168165 1.6
      vertex 3.531691675364044 1.7790482137391002 1.6
    endloop
  endfacet
  facet normal -0.831469612302546 0.5555702330196011 0
    outer loop
      vertex 3.6225317547305482 1.915000000000001 0
      vertex 3.531691675364044 1.7790482137391002 1.6
      vertex 3.6225317547305482 1.915000000000001 1.6
    endloop
  endfacet
  facet normal -0.8968727415326877 0.44228869021900263 0
    outer loop
      vertex 3.6948494156391085 2.0616457095436385 0
      vertex 3.6225317547305482 1.915000000000001 1.6
      vertex 3.6948494156391085 2.0616457095436385 1.6
    endloop
  endfacet
  facet normal -0.9469301294951065 0.32143946530315926 0
    outer loop
      vertex 3.747407282861335 2.21647619362185 0
      vertex 3.6948494156391085 2.0616457095436385 1.6
      vertex 3.747407282861335 2.21647619362185 1.6
    endloop
  endfacet
  facet normal -0.9807852804032304 0.19509032201612833 -1.09184519634342e-18
    outer loop
      vertex 3.779306076717263 2.3768422597249366 0
      vertex 3.747407282861335 2.21647619362185 0
      vertex 3.747407282861335 2.21647619362185 1.6
    endloop
  endfacet
  facet normal -0.9978589232386035 0.06540312923014453 0
    outer loop
      vertex 3.779306076717263 2.3768422597249366 1.6
      vertex 3.79 2.540000000000001 0
      vertex 3.779306076717263 2.3768422597249366 0
    endloop
  endfacet
  facet normal -0.9807852804032304 -0.19509032201612833 0
    outer loop
      vertex 3.779306076717263 2.7031577402750653 1.6
      vertex 3.747407282861335 2.8635238063781516 0
      vertex 3.779306076717263 2.7031577402750653 0
    endloop
  endfacet
  facet normal -0.9978589232386035 -0.06540312923014453 0
    outer loop
      vertex 3.79 2.540000000000001 1.6
      vertex 3.779306076717263 2.7031577402750653 0
      vertex 3.79 2.540000000000001 0
    endloop
  endfacet
  facet normal -0.9469301294951065 -0.32143946530315926 0
    outer loop
      vertex 3.747407282861335 2.8635238063781516 1.6
      vertex 3.6948494156391085 3.0183542904563634 0
      vertex 3.747407282861335 2.8635238063781516 0
    endloop
  endfacet
  facet normal -0.8968727415326877 -0.44228869021900263 0
    outer loop
      vertex 3.6948494156391085 3.0183542904563634 1.6
      vertex 3.6225317547305482 3.165000000000001 0
      vertex 3.6948494156391085 3.0183542904563634 0
    endloop
  endfacet
  facet normal -0.831469612302546 -0.5555702330196011 0
    outer loop
      vertex 3.6225317547305482 3.165000000000001 1.6
      vertex 3.531691675364044 3.3009517862609017 0
      vertex 3.6225317547305482 3.165000000000001 0
    endloop
  endfacet
  facet normal -0.5555702330196011 -0.831469612302546 0
    outer loop
      vertex 3.300951786260901 3.531691675364045 1.6
      vertex 3.165 3.622531754730549 0
      vertex 3.300951786260901 3.531691675364045 0
    endloop
  endfacet
  facet normal -0.6593458151000692 -0.7518398074789772 -2.064277114791499e-18
    outer loop
      vertex 3.300951786260901 3.531691675364045 0
      vertex 3.4238834764831845 3.4238834764831854 0
      vertex 3.4238834764831845 3.4238834764831854 1.6
    endloop
  endfacet
  facet normal -0.7518398074789772 -0.6593458151000692 0
    outer loop
      vertex 3.531691675364044 3.3009517862609017 1.6
      vertex 3.4238834764831845 3.4238834764831854 0
      vertex 3.531691675364044 3.3009517862609017 0
    endloop
  endfacet
  facet normal -0.9807852804032304 0.19509032201612833 -1.09184519634342e-18
    outer loop
      vertex 3.747407282861335 2.21647619362185 1.6
      vertex 3.779306076717263 2.3768422597249366 1.6
      vertex 3.779306076717263 2.3768422597249366 0
    endloop
  endfacet
  facet normal -0.9978589232386035 0.06540312923014453 1.8573696934434372e-19
    outer loop
      vertex 3.779306076717263 2.3768422597249366 1.6
      vertex 3.79 2.540000000000001 1.6
      vertex 3.79 2.540000000000001 0
    endloop
  endfacet
  facet normal -0.9978589232386035 -0.06540312923014453 -1.8573696934434372e-19
    outer loop
      vertex 3.79 2.540000000000001 1.6
      vertex 3.779306076717263 2.7031577402750653 1.6
      vertex 3.779306076717263 2.7031577402750653 0
    endloop
  endfacet
  facet normal -0.831469612302546 -0.5555702330196011 2.85810201570709e-18
    outer loop
      vertex 3.6225317547305482 3.165000000000001 1.6
      vertex 3.531691675364044 3.3009517862609017 1.6
      vertex 3.531691675364044 3.3009517862609017 0
    endloop
  endfacet
  facet normal -0.9807852804032304 -0.19509032201612833 1.09184519634342e-18
    outer loop
      vertex 3.779306076717263 2.7031577402750653 1.6
      vertex 3.747407282861335 2.8635238063781516 1.6
      vertex 3.747407282861335 2.8635238063781516 0
    endloop
  endfacet
  facet normal -0.9469301294951065 -0.32143946530315926 2.5525694077440457e-18
    outer loop
      vertex 3.747407282861335 2.8635238063781516 1.6
      vertex 3.6948494156391085 3.0183542904563634 1.6
      vertex 3.6948494156391085 3.0183542904563634 0
    endloop
  endfacet
  facet normal -0.8968727415326877 -0.44228869021900263 -1.2115192600189007e-18
    outer loop
      vertex 3.6948494156391085 3.0183542904563634 1.6
      vertex 3.6225317547305482 3.165000000000001 1.6
      vertex 3.6225317547305482 3.165000000000001 0
    endloop
  endfacet
  facet normal -0.5555702330196011 -0.831469612302546 0
    outer loop
      vertex 3.165 3.622531754730549 1.6
      vertex 3.165 3.622531754730549 0
      vertex 3.300951786260901 3.531691675364045 1.6
    endloop
  endfacet
  facet normal -0.6593458151000692 -0.7518398074789772 0
    outer loop
      vertex 3.300951786260901 3.531691675364045 1.6
      vertex 3.300951786260901 3.531691675364045 0
      vertex 3.4238834764831845 3.4238834764831854 1.6
    endloop
  endfacet
  facet normal -0.7518398074789772 -0.6593458151000692 -2.064277114791499e-18
    outer loop
      vertex 3.531691675364044 3.3009517862609017 1.6
      vertex 3.4238834764831845 3.4238834764831854 1.6
      vertex 3.4238834764831845 3.4238834764831854 0
    endloop
  endfacet
  facet normal 0.751839807478979 0.6593458151000671 -1.1601061434632026e-18
    outer loop
      vertex 1.6561165235168156 14.356116523516816 0
      vertex 1.5483083246359561 14.4790482137391 0
      vertex 1.5483083246359561 14.4790482137391 1.6
    endloop
  endfacet
  facet normal 0.8314696123025446 0.5555702330196033 1.8848976009340587e-18
    outer loop
      vertex 1.5483083246359561 14.4790482137391 0
      vertex 1.4574682452694518 14.615 0
      vertex 1.4574682452694518 14.615 1.6
    endloop
  endfacet
  facet normal 0.8968727415326877 0.44228869021900263 -1.2115192600189007e-18
    outer loop
      vertex 1.4574682452694518 14.615 0
      vertex 1.3851505843608916 14.761645709543638 0
      vertex 1.3851505843608916 14.761645709543638 1.6
    endloop
  endfacet
  facet normal 0.9469301294951055 0.32143946530316214 3.158142316776746e-18
    outer loop
      vertex 1.3851505843608916 14.761645709543638 0
      vertex 1.3325927171386647 14.916476193621849 0
      vertex 1.3325927171386647 14.916476193621849 1.6
    endloop
  endfacet
  facet normal 0.9807852804032305 0.19509032201612725 -1.1108196778449817e-18
    outer loop
      vertex 1.3325927171386647 14.916476193621849 0
      vertex 1.300693923282737 15.076842259724936 0
      vertex 1.300693923282737 15.076842259724936 1.6
    endloop
  endfacet
  facet normal 0.9978589232386035 0.06540312923014316 -1.2479409470915827e-19
    outer loop
      vertex 1.300693923282737 15.076842259724936 0
      vertex 1.29 15.24 0
      vertex 1.29 15.24 1.6
    endloop
  endfacet
  facet normal 0.9978589232386035 -0.06540312923014316 1.2479409470915827e-19
    outer loop
      vertex 1.29 15.24 0
      vertex 1.300693923282737 15.403157740275065 0
      vertex 1.300693923282737 15.403157740275065 1.6
    endloop
  endfacet
  facet normal 0.9807852804032305 -0.19509032201612725 1.1108196778449817e-18
    outer loop
      vertex 1.300693923282737 15.403157740275065 0
      vertex 1.3325927171386647 15.563523806378152 0
      vertex 1.3325927171386647 15.563523806378152 1.6
    endloop
  endfacet
  facet normal 0.4422886902190004 0.8968727415326886 0
    outer loop
      vertex 1.915 14.157468245269452 0
      vertex 1.915 14.157468245269452 1.6
      vertex 2.0616457095436376 14.085150584360893 0
    endloop
  endfacet
  facet normal 0.659345815100066 0.7518398074789798 0
    outer loop
      vertex 1.6561165235168156 14.356116523516816 0
      vertex 1.6561165235168156 14.356116523516816 1.6
      vertex 1.7790482137390993 14.248308324635957 0
    endloop
  endfacet
  facet normal 0.5555702330196031 0.8314696123025448 0
    outer loop
      vertex 1.7790482137390993 14.248308324635957 0
      vertex 1.7790482137390993 14.248308324635957 1.6
      vertex 1.915 14.157468245269452 0
    endloop
  endfacet
  facet normal 0.321439465303169 0.9469301294951032 0
    outer loop
      vertex 2.0616457095436376 14.085150584360893 0
      vertex 2.0616457095436376 14.085150584360893 1.6
      vertex 2.2164761936218493 14.032592717138664 0
    endloop
  endfacet
  facet normal 0.19509032201612306 0.9807852804032313 0
    outer loop
      vertex 2.2164761936218493 14.032592717138664 0
      vertex 2.2164761936218493 14.032592717138664 1.6
      vertex 2.3768422597249357 14.000693923282737 0
    endloop
  endfacet
  facet normal 0.06540312923014453 0.9978589232386035 0
    outer loop
      vertex 2.3768422597249357 14.000693923282737 0
      vertex 2.3768422597249357 14.000693923282737 1.6
      vertex 2.54 13.99 0
    endloop
  endfacet
  facet normal -0.06540312923014453 0.9978589232386035 0
    outer loop
      vertex 2.54 13.99 0
      vertex 2.54 13.99 1.6
      vertex 2.7031577402750644 14.000693923282737 0
    endloop
  endfacet
  facet normal -0.19509032201612306 0.9807852804032313 0
    outer loop
      vertex 2.7031577402750644 14.000693923282737 0
      vertex 2.7031577402750644 14.000693923282737 1.6
      vertex 2.8635238063781507 14.032592717138664 0
    endloop
  endfacet
  facet normal -0.321439465303169 0.9469301294951032 0
    outer loop
      vertex 2.8635238063781507 14.032592717138664 0
      vertex 2.8635238063781507 14.032592717138664 1.6
      vertex 3.0183542904563625 14.085150584360893 0
    endloop
  endfacet
  facet normal -0.4422886902190004 0.8968727415326886 0
    outer loop
      vertex 3.0183542904563625 14.085150584360893 0
      vertex 3.0183542904563625 14.085150584360893 1.6
      vertex 3.165 14.157468245269452 0
    endloop
  endfacet
  facet normal 0.8314696123025446 0.5555702330196033 0
    outer loop
      vertex 1.5483083246359561 14.4790482137391 0
      vertex 1.4574682452694518 14.615 1.6
      vertex 1.5483083246359561 14.4790482137391 1.6
    endloop
  endfacet
  facet normal 0.8968727415326877 0.44228869021900263 0
    outer loop
      vertex 1.4574682452694518 14.615 0
      vertex 1.3851505843608916 14.761645709543638 1.6
      vertex 1.4574682452694518 14.615 1.6
    endloop
  endfacet
  facet normal 0.9469301294951055 0.32143946530316214 0
    outer loop
      vertex 1.3851505843608916 14.761645709543638 0
      vertex 1.3325927171386647 14.916476193621849 1.6
      vertex 1.3851505843608916 14.761645709543638 1.6
    endloop
  endfacet
  facet normal 0.9807852804032305 0.19509032201612725 0
    outer loop
      vertex 1.3325927171386647 14.916476193621849 0
      vertex 1.300693923282737 15.076842259724936 1.6
      vertex 1.3325927171386647 14.916476193621849 1.6
    endloop
  endfacet
  facet normal 0.9978589232386035 0.06540312923014316 0
    outer loop
      vertex 1.300693923282737 15.076842259724936 0
      vertex 1.29 15.24 1.6
      vertex 1.300693923282737 15.076842259724936 1.6
    endloop
  endfacet
  facet normal 0.9978589232386035 -0.06540312923014316 0
    outer loop
      vertex 1.29 15.24 0
      vertex 1.300693923282737 15.403157740275065 1.6
      vertex 1.29 15.24 1.6
    endloop
  endfacet
  facet normal 0.9807852804032305 -0.19509032201612725 0
    outer loop
      vertex 1.300693923282737 15.403157740275065 0
      vertex 1.3325927171386647 15.563523806378152 1.6
      vertex 1.300693923282737 15.403157740275065 1.6
    endloop
  endfacet
  facet normal 0.659345815100066 0.7518398074789798 0
    outer loop
      vertex 1.7790482137390993 14.248308324635957 0
      vertex 1.6561165235168156 14.356116523516816 1.6
      vertex 1.7790482137390993 14.248308324635957 1.6
    endloop
  endfacet
  facet normal 0.751839807478979 0.6593458151000671 0
    outer loop
      vertex 1.6561165235168156 14.356116523516816 0
      vertex 1.5483083246359561 14.4790482137391 1.6
      vertex 1.6561165235168156 14.356116523516816 1.6
    endloop
  endfacet
  facet normal 0.5555702330196031 0.8314696123025448 0
    outer loop
      vertex 1.915 14.157468245269452 0
      vertex 1.7790482137390993 14.248308324635957 1.6
      vertex 1.915 14.157468245269452 1.6
    endloop
  endfacet
  facet normal 0.4422886902190004 0.8968727415326886 0
    outer loop
      vertex 2.0616457095436376 14.085150584360893 0
      vertex 1.915 14.157468245269452 1.6
      vertex 2.0616457095436376 14.085150584360893 1.6
    endloop
  endfacet
  facet normal 0.321439465303169 0.9469301294951032 0
    outer loop
      vertex 2.2164761936218493 14.032592717138664 0
      vertex 2.0616457095436376 14.085150584360893 1.6
      vertex 2.2164761936218493 14.032592717138664 1.6
    endloop
  endfacet
  facet normal 0.19509032201612306 0.9807852804032313 0
    outer loop
      vertex 2.3768422597249357 14.000693923282737 0
      vertex 2.2164761936218493 14.032592717138664 1.6
      vertex 2.3768422597249357 14.000693923282737 1.6
    endloop
  endfacet
  facet normal 0.06540312923014453 0.9978589232386035 0
    outer loop
      vertex 2.54 13.99 0
      vertex 2.3768422597249357 14.000693923282737 1.6
      vertex 2.54 13.99 1.6
    endloop
  endfacet
  facet normal -0.06540312923014453 0.9978589232386035 0
    outer loop
      vertex 2.7031577402750644 14.000693923282737 0
      vertex 2.54 13.99 1.6
      vertex 2.7031577402750644 14.000693923282737 1.6
    endloop
  endfacet
  facet normal -0.19509032201612306 0.9807852804032313 1.5112703240362645e-18
    outer loop
      vertex 2.7031577402750644 14.000693923282737 1.6
      vertex 2.8635238063781507 14.032592717138664 1.6
      vertex 2.8635238063781507 14.032592717138664 0
    endloop
  endfacet
  facet normal -0.321439465303169 0.9469301294951032 1.0706522438992722e-18
    outer loop
      vertex 2.8635238063781507 14.032592717138664 1.6
      vertex 3.0183542904563625 14.085150584360893 1.6
      vertex 3.0183542904563625 14.085150584360893 0
    endloop
  endfacet
  facet normal -0.4422886902190004 0.8968727415326886 -2.37779167604388e-18
    outer loop
      vertex 3.0183542904563625 14.085150584360893 1.6
      vertex 3.165 14.157468245269452 1.6
      vertex 3.165 14.157468245269452 0
    endloop
  endfacet
  facet normal 0.9469301294951055 -0.32143946530316214 -3.158142316776746e-18
    outer loop
      vertex 1.3325927171386647 15.563523806378152 0
      vertex 1.3851505843608916 15.718354290456363 0
      vertex 1.3851505843608916 15.718354290456363 1.6
    endloop
  endfacet
  facet normal 0.8968727415326877 -0.44228869021900263 1.2115192600189007e-18
    outer loop
      vertex 1.3851505843608916 15.718354290456363 0
      vertex 1.4574682452694518 15.865 0
      vertex 1.4574682452694518 15.865 1.6
    endloop
  endfacet
  facet normal 0.8314696123025478 -0.5555702330195982 -1.7506799842782356e-18
    outer loop
      vertex 1.4574682452694518 15.865 0
      vertex 1.5483083246359561 16.000951786260902 0
      vertex 1.5483083246359561 16.000951786260902 1.6
    endloop
  endfacet
  facet normal 0.751839807478979 -0.6593458151000671 1.1601061434632026e-18
    outer loop
      vertex 1.5483083246359561 16.000951786260902 0
      vertex 1.6561165235168156 16.123883476483186 0
      vertex 1.6561165235168156 16.123883476483186 1.6
    endloop
  endfacet
  facet normal 0.65934581510006 -0.7518398074789853 0
    outer loop
      vertex 1.7790482137390993 16.231691675364043 0
      vertex 1.7790482137390993 16.231691675364043 1.6
      vertex 1.6561165235168156 16.123883476483186 0
    endloop
  endfacet
  facet normal 0.5555702330196031 -0.8314696123025448 0
    outer loop
      vertex 1.915 16.322531754730548 0
      vertex 1.915 16.322531754730548 1.6
      vertex 1.7790482137390993 16.231691675364043 0
    endloop
  endfacet
  facet normal 0.4422886902190004 -0.8968727415326886 0
    outer loop
      vertex 2.0616457095436376 16.394849415639108 0
      vertex 2.0616457095436376 16.394849415639108 1.6
      vertex 1.915 16.322531754730548 0
    endloop
  endfacet
  facet normal 0.32143946530315926 -0.9469301294951065 0
    outer loop
      vertex 2.2164761936218493 16.447407282861334 0
      vertex 2.2164761936218493 16.447407282861334 1.6
      vertex 2.0616457095436376 16.394849415639108 0
    endloop
  endfacet
  facet normal 0.195090322016144 -0.9807852804032273 0
    outer loop
      vertex 2.3768422597249357 16.479306076717265 0
      vertex 2.3768422597249357 16.479306076717265 1.6
      vertex 2.2164761936218493 16.447407282861334 0
    endloop
  endfacet
  facet normal 0.06540312923014453 -0.9978589232386035 0
    outer loop
      vertex 2.54 16.490000000000002 0
      vertex 2.54 16.490000000000002 1.6
      vertex 2.3768422597249357 16.479306076717265 0
    endloop
  endfacet
  facet normal -0.06540312923014453 -0.9978589232386035 0
    outer loop
      vertex 2.7031577402750644 16.479306076717265 1.6
      vertex 2.54 16.490000000000002 0
      vertex 2.7031577402750644 16.479306076717265 0
    endloop
  endfacet
  facet normal -0.4422886902190004 -0.8968727415326886 0
    outer loop
      vertex 3.165 16.322531754730548 0
      vertex 3.165 16.322531754730548 1.6
      vertex 3.0183542904563625 16.394849415639108 0
    endloop
  endfacet
  facet normal -0.195090322016144 -0.9807852804032273 0
    outer loop
      vertex 2.8635238063781507 16.447407282861334 0
      vertex 2.8635238063781507 16.447407282861334 1.6
      vertex 2.7031577402750644 16.479306076717265 0
    endloop
  endfacet
  facet normal -0.32143946530315926 -0.9469301294951065 0
    outer loop
      vertex 3.0183542904563625 16.394849415639108 0
      vertex 3.0183542904563625 16.394849415639108 1.6
      vertex 2.8635238063781507 16.447407282861334 0
    endloop
  endfacet
  facet normal 0.9469301294951055 -0.32143946530316214 -3.158142316776746e-18
    outer loop
      vertex 1.3851505843608916 15.718354290456363 1.6
      vertex 1.3325927171386647 15.563523806378152 1.6
      vertex 1.3325927171386647 15.563523806378152 0
    endloop
  endfacet
  facet normal 0.8968727415326877 -0.44228869021900263 1.2115192600189007e-18
    outer loop
      vertex 1.4574682452694518 15.865 1.6
      vertex 1.3851505843608916 15.718354290456363 1.6
      vertex 1.3851505843608916 15.718354290456363 0
    endloop
  endfacet
  facet normal 0.8314696123025478 -0.5555702330195982 -1.7506799842782356e-18
    outer loop
      vertex 1.5483083246359561 16.000951786260902 1.6
      vertex 1.4574682452694518 15.865 1.6
      vertex 1.4574682452694518 15.865 0
    endloop
  endfacet
  facet normal 0.751839807478979 -0.6593458151000671 1.1601061434632026e-18
    outer loop
      vertex 1.6561165235168156 16.123883476483186 1.6
      vertex 1.5483083246359561 16.000951786260902 1.6
      vertex 1.5483083246359561 16.000951786260902 0
    endloop
  endfacet
  facet normal 0.65934581510006 -0.7518398074789853 0
    outer loop
      vertex 1.6561165235168156 16.123883476483186 0
      vertex 1.7790482137390993 16.231691675364043 1.6
      vertex 1.6561165235168156 16.123883476483186 1.6
    endloop
  endfacet
  facet normal 0.5555702330196031 -0.8314696123025448 0
    outer loop
      vertex 1.7790482137390993 16.231691675364043 0
      vertex 1.915 16.322531754730548 1.6
      vertex 1.7790482137390993 16.231691675364043 1.6
    endloop
  endfacet
  facet normal 0.4422886902190004 -0.8968727415326886 0
    outer loop
      vertex 1.915 16.322531754730548 0
      vertex 2.0616457095436376 16.394849415639108 1.6
      vertex 1.915 16.322531754730548 1.6
    endloop
  endfacet
  facet normal 0.32143946530315926 -0.9469301294951065 0
    outer loop
      vertex 2.0616457095436376 16.394849415639108 0
      vertex 2.2164761936218493 16.447407282861334 1.6
      vertex 2.0616457095436376 16.394849415639108 1.6
    endloop
  endfacet
  facet normal 0.195090322016144 -0.9807852804032273 0
    outer loop
      vertex 2.2164761936218493 16.447407282861334 0
      vertex 2.3768422597249357 16.479306076717265 1.6
      vertex 2.2164761936218493 16.447407282861334 1.6
    endloop
  endfacet
  facet normal 0.06540312923014453 -0.9978589232386035 0
    outer loop
      vertex 2.3768422597249357 16.479306076717265 0
      vertex 2.54 16.490000000000002 1.6
      vertex 2.3768422597249357 16.479306076717265 1.6
    endloop
  endfacet
  facet normal -0.06540312923014453 -0.9978589232386035 0
    outer loop
      vertex 2.54 16.490000000000002 0
      vertex 2.7031577402750644 16.479306076717265 1.6
      vertex 2.54 16.490000000000002 1.6
    endloop
  endfacet
  facet normal -0.195090322016144 -0.9807852804032273 0
    outer loop
      vertex 2.7031577402750644 16.479306076717265 0
      vertex 2.8635238063781507 16.447407282861334 1.6
      vertex 2.7031577402750644 16.479306076717265 1.6
    endloop
  endfacet
  facet normal -0.4422886902190004 -0.8968727415326886 0
    outer loop
      vertex 3.0183542904563625 16.394849415639108 0
      vertex 3.165 16.322531754730548 1.6
      vertex 3.0183542904563625 16.394849415639108 1.6
    endloop
  endfacet
  facet normal -0.32143946530315926 -0.9469301294951065 0
    outer loop
      vertex 2.8635238063781507 16.447407282861334 0
      vertex 3.0183542904563625 16.394849415639108 1.6
      vertex 2.8635238063781507 16.447407282861334 1.6
    endloop
  endfacet
  facet normal -0.5555702330196031 0.8314696123025448 0
    outer loop
      vertex 3.165 14.157468245269452 0
      vertex 3.165 14.157468245269452 1.6
      vertex 3.300951786260901 14.248308324635957 0
    endloop
  endfacet
  facet normal -0.659345815100066 0.7518398074789798 0
    outer loop
      vertex 3.300951786260901 14.248308324635957 0
      vertex 3.300951786260901 14.248308324635957 1.6
      vertex 3.4238834764831845 14.356116523516816 0
    endloop
  endfacet
  facet normal -0.7518398074789783 0.6593458151000677 0
    outer loop
      vertex 3.4238834764831845 14.356116523516816 0
      vertex 3.4238834764831845 14.356116523516816 1.6
      vertex 3.531691675364044 14.4790482137391 0
    endloop
  endfacet
  facet normal -0.8314696123025452 0.5555702330196024 2.081510087210552e-18
    outer loop
      vertex 3.6225317547305482 14.615 0
      vertex 3.531691675364044 14.4790482137391 0
      vertex 3.531691675364044 14.4790482137391 1.6
    endloop
  endfacet
  facet normal -0.8968727415326877 0.44228869021900263 1.2115192600189007e-18
    outer loop
      vertex 3.6948494156391085 14.761645709543638 0
      vertex 3.6225317547305482 14.615 0
      vertex 3.6225317547305482 14.615 1.6
    endloop
  endfacet
  facet normal -0.9469301294951059 0.3214394653031609 -1.9533228542043377e-18
    outer loop
      vertex 3.747407282861335 14.916476193621849 0
      vertex 3.6948494156391085 14.761645709543638 0
      vertex 3.6948494156391085 14.761645709543638 1.6
    endloop
  endfacet
  facet normal -0.9807852804032305 0.19509032201612725 1.1108196778449817e-18
    outer loop
      vertex 3.779306076717263 15.076842259724936 0
      vertex 3.747407282861335 14.916476193621849 0
      vertex 3.747407282861335 14.916476193621849 1.6
    endloop
  endfacet
  facet normal -0.9978589232386035 0.06540312923014453 1.8573696934434372e-19
    outer loop
      vertex 3.79 15.24 0
      vertex 3.779306076717263 15.076842259724936 0
      vertex 3.779306076717263 15.076842259724936 1.6
    endloop
  endfacet
  facet normal -0.9807852804032305 -0.19509032201612725 -1.1108196778449817e-18
    outer loop
      vertex 3.747407282861335 15.563523806378152 0
      vertex 3.779306076717263 15.403157740275065 0
      vertex 3.779306076717263 15.403157740275065 1.6
    endloop
  endfacet
  facet normal -0.9978589232386035 -0.06540312923014453 -1.8573696934434372e-19
    outer loop
      vertex 3.779306076717263 15.403157740275065 0
      vertex 3.79 15.24 0
      vertex 3.79 15.24 1.6
    endloop
  endfacet
  facet normal -0.5555702330196031 0.8314696123025448 2.470859960221019e-18
    outer loop
      vertex 3.165 14.157468245269452 1.6
      vertex 3.300951786260901 14.248308324635957 1.6
      vertex 3.300951786260901 14.248308324635957 0
    endloop
  endfacet
  facet normal -0.659345815100066 0.7518398074789798 0
    outer loop
      vertex 3.4238834764831845 14.356116523516816 0
      vertex 3.300951786260901 14.248308324635957 1.6
      vertex 3.4238834764831845 14.356116523516816 1.6
    endloop
  endfacet
  facet normal -0.7518398074789783 0.6593458151000677 0
    outer loop
      vertex 3.531691675364044 14.4790482137391 0
      vertex 3.4238834764831845 14.356116523516816 1.6
      vertex 3.531691675364044 14.4790482137391 1.6
    endloop
  endfacet
  facet normal -0.8314696123025452 0.5555702330196024 2.081510087210552e-18
    outer loop
      vertex 3.531691675364044 14.4790482137391 1.6
      vertex 3.6225317547305482 14.615 1.6
      vertex 3.6225317547305482 14.615 0
    endloop
  endfacet
  facet normal -0.8968727415326877 0.44228869021900263 0
    outer loop
      vertex 3.6948494156391085 14.761645709543638 0
      vertex 3.6225317547305482 14.615 1.6
      vertex 3.6948494156391085 14.761645709543638 1.6
    endloop
  endfacet
  facet normal -0.9469301294951059 0.3214394653031609 0
    outer loop
      vertex 3.747407282861335 14.916476193621849 0
      vertex 3.6948494156391085 14.761645709543638 1.6
      vertex 3.747407282861335 14.916476193621849 1.6
    endloop
  endfacet
  facet normal -0.9807852804032305 0.19509032201612725 0
    outer loop
      vertex 3.779306076717263 15.076842259724936 0
      vertex 3.747407282861335 14.916476193621849 1.6
      vertex 3.779306076717263 15.076842259724936 1.6
    endloop
  endfacet
  facet normal -0.9978589232386035 0.06540312923014453 1.8573696934434372e-19
    outer loop
      vertex 3.779306076717263 15.076842259724936 1.6
      vertex 3.79 15.24 1.6
      vertex 3.79 15.24 0
    endloop
  endfacet
  facet normal -0.9807852804032305 -0.19509032201612725 0
    outer loop
      vertex 3.747407282861335 15.563523806378152 0
      vertex 3.779306076717263 15.403157740275065 1.6
      vertex 3.747407282861335 15.563523806378152 1.6
    endloop
  endfacet
  facet normal -0.9978589232386035 -0.06540312923014453 0
    outer loop
      vertex 3.779306076717263 15.403157740275065 0
      vertex 3.79 15.24 1.6
      vertex 3.779306076717263 15.403157740275065 1.6
    endloop
  endfacet
  facet normal -0.7518398074789783 -0.6593458151000677 5.95379537655547e-19
    outer loop
      vertex 3.4238834764831845 16.123883476483186 0
      vertex 3.531691675364044 16.000951786260902 0
      vertex 3.531691675364044 16.000951786260902 1.6
    endloop
  endfacet
  facet normal -0.9469301294951059 -0.3214394653031609 1.9533228542043377e-18
    outer loop
      vertex 3.6948494156391085 15.718354290456363 0
      vertex 3.747407282861335 15.563523806378152 0
      vertex 3.747407282861335 15.563523806378152 1.6
    endloop
  endfacet
  facet normal -0.8968727415326877 -0.44228869021900263 -1.2115192600189007e-18
    outer loop
      vertex 3.6225317547305482 15.865 0
      vertex 3.6948494156391085 15.718354290456363 0
      vertex 3.6948494156391085 15.718354290456363 1.6
    endloop
  endfacet
  facet normal -0.8314696123025486 -0.5555702330195973 -2.2157277038648312e-18
    outer loop
      vertex 3.531691675364044 16.000951786260902 0
      vertex 3.6225317547305482 15.865 0
      vertex 3.6225317547305482 15.865 1.6
    endloop
  endfacet
  facet normal -0.5555702330196031 -0.8314696123025448 0
    outer loop
      vertex 3.300951786260901 16.231691675364043 0
      vertex 3.300951786260901 16.231691675364043 1.6
      vertex 3.165 16.322531754730548 0
    endloop
  endfacet
  facet normal -0.65934581510006 -0.7518398074789853 -3.2374392598962792e-18
    outer loop
      vertex 3.300951786260901 16.231691675364043 0
      vertex 3.4238834764831845 16.123883476483186 0
      vertex 3.4238834764831845 16.123883476483186 1.6
    endloop
  endfacet
  facet normal -0.8314696123025486 -0.5555702330195973 0
    outer loop
      vertex 3.531691675364044 16.000951786260902 0
      vertex 3.6225317547305482 15.865 1.6
      vertex 3.531691675364044 16.000951786260902 1.6
    endloop
  endfacet
  facet normal -0.7518398074789783 -0.6593458151000677 0
    outer loop
      vertex 3.4238834764831845 16.123883476483186 0
      vertex 3.531691675364044 16.000951786260902 1.6
      vertex 3.4238834764831845 16.123883476483186 1.6
    endloop
  endfacet
  facet normal -0.9469301294951059 -0.3214394653031609 0
    outer loop
      vertex 3.6948494156391085 15.718354290456363 0
      vertex 3.747407282861335 15.563523806378152 1.6
      vertex 3.6948494156391085 15.718354290456363 1.6
    endloop
  endfacet
  facet normal -0.8968727415326877 -0.44228869021900263 0
    outer loop
      vertex 3.6225317547305482 15.865 0
      vertex 3.6948494156391085 15.718354290456363 1.6
      vertex 3.6225317547305482 15.865 1.6
    endloop
  endfacet
  facet normal -0.65934581510006 -0.7518398074789853 0
    outer loop
      vertex 3.300951786260901 16.231691675364043 0
      vertex 3.4238834764831845 16.123883476483186 1.6
      vertex 3.300951786260901 16.231691675364043 1.6
    endloop
  endfacet
  facet normal -0.5555702330196031 -0.8314696123025448 0
    outer loop
      vertex 3.165 16.322531754730548 0
      vertex 3.300951786260901 16.231691675364043 1.6
      vertex 3.165 16.322531754730548 1.6
    endloop
  endfacet
  facet normal 0.6593458151000671 0.751839807478979 0
    outer loop
      vertex 21.976116523516815 1.6561165235168165 1.6
      vertex 22.0990482137391 1.548308324635957 0
      vertex 21.976116523516815 1.6561165235168165 0
    endloop
  endfacet
  facet normal 0.5555702330196033 0.8314696123025446 0
    outer loop
      vertex 22.0990482137391 1.548308324635957 1.6
      vertex 22.235 1.4574682452694527 0
      vertex 22.0990482137391 1.548308324635957 0
    endloop
  endfacet
  facet normal 0.8314696123025448 0.5555702330196031 0
    outer loop
      vertex 21.77746824526945 1.915000000000001 1.6
      vertex 21.868308324635954 1.7790482137391002 0
      vertex 21.77746824526945 1.915000000000001 0
    endloop
  endfacet
  facet normal 0.8968727415326886 0.4422886902190004 0
    outer loop
      vertex 21.70515058436089 2.0616457095436385 1.6
      vertex 21.77746824526945 1.915000000000001 0
      vertex 21.70515058436089 2.0616457095436385 0
    endloop
  endfacet
  facet normal 0.9469301294951065 0.32143946530315926 0
    outer loop
      vertex 21.652592717138663 2.21647619362185 1.6
      vertex 21.70515058436089 2.0616457095436385 0
      vertex 21.652592717138663 2.21647619362185 0
    endloop
  endfacet
  facet normal 0.7518398074789744 0.6593458151000722 0
    outer loop
      vertex 21.868308324635954 1.7790482137391002 1.6
      vertex 21.976116523516815 1.6561165235168165 0
      vertex 21.868308324635954 1.7790482137391002 0
    endloop
  endfacet
  facet normal 0.5555702330196033 0.8314696123025446 0
    outer loop
      vertex 22.235 1.4574682452694527 1.6
      vertex 22.235 1.4574682452694527 0
      vertex 22.0990482137391 1.548308324635957 1.6
    endloop
  endfacet
  facet normal 0.6593458151000671 0.751839807478979 0
    outer loop
      vertex 22.0990482137391 1.548308324635957 1.6
      vertex 22.0990482137391 1.548308324635957 0
      vertex 21.976116523516815 1.6561165235168165 1.6
    endloop
  endfacet
  facet normal 0.8968727415326886 0.4422886902190004 2.37779167604388e-18
    outer loop
      vertex 21.70515058436089 2.0616457095436385 1.6
      vertex 21.77746824526945 1.915000000000001 1.6
      vertex 21.77746824526945 1.915000000000001 0
    endloop
  endfacet
  facet normal 0.9469301294951065 0.32143946530315926 2.5525694077440457e-18
    outer loop
      vertex 21.652592717138663 2.21647619362185 1.6
      vertex 21.70515058436089 2.0616457095436385 1.6
      vertex 21.70515058436089 2.0616457095436385 0
    endloop
  endfacet
  facet normal 0.7518398074789744 0.6593458151000722 -1.6732230664232444e-18
    outer loop
      vertex 21.868308324635954 1.7790482137391002 1.6
      vertex 21.976116523516815 1.6561165235168165 1.6
      vertex 21.976116523516815 1.6561165235168165 0
    endloop
  endfacet
  facet normal 0.8314696123025448 0.5555702330196031 -2.470859960221019e-18
    outer loop
      vertex 21.77746824526945 1.915000000000001 1.6
      vertex 21.868308324635954 1.7790482137391002 1.6
      vertex 21.868308324635954 1.7790482137391002 0
    endloop
  endfacet
  facet normal 0.9978589232386035 0.06540312923014453 0
    outer loop
      vertex 21.61 2.540000000000001 1.6
      vertex 21.620693923282737 2.3768422597249366 0
      vertex 21.61 2.540000000000001 0
    endloop
  endfacet
  facet normal 0.9807852804032313 0.19509032201612306 0
    outer loop
      vertex 21.620693923282737 2.3768422597249366 1.6
      vertex 21.652592717138663 2.21647619362185 0
      vertex 21.620693923282737 2.3768422597249366 0
    endloop
  endfacet
  facet normal 0.9978589232386035 -0.06540312923014453 0
    outer loop
      vertex 21.620693923282737 2.7031577402750653 1.6
      vertex 21.61 2.540000000000001 0
      vertex 21.620693923282737 2.7031577402750653 0
    endloop
  endfacet
  facet normal 0.9807852804032313 -0.19509032201612306 0
    outer loop
      vertex 21.652592717138663 2.8635238063781516 1.6
      vertex 21.620693923282737 2.7031577402750653 0
      vertex 21.652592717138663 2.8635238063781516 0
    endloop
  endfacet
  facet normal 0.9469301294951065 -0.32143946530315926 0
    outer loop
      vertex 21.70515058436089 3.0183542904563634 1.6
      vertex 21.652592717138663 2.8635238063781516 0
      vertex 21.70515058436089 3.0183542904563634 0
    endloop
  endfacet
  facet normal 0.8968727415326886 -0.4422886902190004 0
    outer loop
      vertex 21.77746824526945 3.165000000000001 1.6
      vertex 21.70515058436089 3.0183542904563634 0
      vertex 21.77746824526945 3.165000000000001 0
    endloop
  endfacet
  facet normal 0.8314696123025448 -0.5555702330196031 0
    outer loop
      vertex 21.868308324635954 3.3009517862609017 1.6
      vertex 21.77746824526945 3.165000000000001 0
      vertex 21.868308324635954 3.3009517862609017 0
    endloop
  endfacet
  facet normal 0.7518398074789744 -0.6593458151000722 0
    outer loop
      vertex 21.976116523516815 3.4238834764831854 1.6
      vertex 21.868308324635954 3.3009517862609017 0
      vertex 21.976116523516815 3.4238834764831854 0
    endloop
  endfacet
  facet normal 0.6593458151000677 -0.7518398074789783 0
    outer loop
      vertex 22.0990482137391 3.531691675364045 1.6
      vertex 21.976116523516815 3.4238834764831854 0
      vertex 22.0990482137391 3.531691675364045 0
    endloop
  endfacet
  facet normal 0.5555702330196024 -0.8314696123025452 0
    outer loop
      vertex 22.235 3.622531754730549 1.6
      vertex 22.0990482137391 3.531691675364045 0
      vertex 22.235 3.622531754730549 0
    endloop
  endfacet
  facet normal 0.9978589232386035 0.06540312923014453 -1.8573696934434372e-19
    outer loop
      vertex 21.61 2.540000000000001 1.6
      vertex 21.620693923282737 2.3768422597249366 1.6
      vertex 21.620693923282737 2.3768422597249366 0
    endloop
  endfacet
  facet normal 0.9807852804032313 0.19509032201612306 -1.5112703240362645e-18
    outer loop
      vertex 21.620693923282737 2.3768422597249366 1.6
      vertex 21.652592717138663 2.21647619362185 1.6
      vertex 21.652592717138663 2.21647619362185 0
    endloop
  endfacet
  facet normal 0.9978589232386035 -0.06540312923014453 1.8573696934434372e-19
    outer loop
      vertex 21.620693923282737 2.7031577402750653 1.6
      vertex 21.61 2.540000000000001 1.6
      vertex 21.61 2.540000000000001 0
    endloop
  endfacet
  facet normal 0.9807852804032313 -0.19509032201612306 1.5112703240362645e-18
    outer loop
      vertex 21.652592717138663 2.8635238063781516 1.6
      vertex 21.620693923282737 2.7031577402750653 1.6
      vertex 21.620693923282737 2.7031577402750653 0
    endloop
  endfacet
  facet normal 0.9469301294951065 -0.32143946530315926 -2.5525694077440457e-18
    outer loop
      vertex 21.70515058436089 3.0183542904563634 1.6
      vertex 21.652592717138663 2.8635238063781516 1.6
      vertex 21.652592717138663 2.8635238063781516 0
    endloop
  endfacet
  facet normal 0.8968727415326886 -0.4422886902190004 -2.37779167604388e-18
    outer loop
      vertex 21.77746824526945 3.165000000000001 1.6
      vertex 21.70515058436089 3.0183542904563634 1.6
      vertex 21.70515058436089 3.0183542904563634 0
    endloop
  endfacet
  facet normal 0.8314696123025448 -0.5555702330196031 2.470859960221019e-18
    outer loop
      vertex 21.868308324635954 3.3009517862609017 1.6
      vertex 21.77746824526945 3.165000000000001 1.6
      vertex 21.77746824526945 3.165000000000001 0
    endloop
  endfacet
  facet normal 0.7518398074789744 -0.6593458151000722 1.6732230664232444e-18
    outer loop
      vertex 21.976116523516815 3.4238834764831854 1.6
      vertex 21.868308324635954 3.3009517862609017 1.6
      vertex 21.868308324635954 3.3009517862609017 0
    endloop
  endfacet
  facet normal 0.6593458151000677 -0.7518398074789783 0
    outer loop
      vertex 21.976116523516815 3.4238834764831854 1.6
      vertex 21.976116523516815 3.4238834764831854 0
      vertex 22.0990482137391 3.531691675364045 1.6
    endloop
  endfacet
  facet normal 0.5555702330196024 -0.8314696123025452 2.081510087210552e-18
    outer loop
      vertex 22.235 3.622531754730549 1.6
      vertex 22.0990482137391 3.531691675364045 1.6
      vertex 22.0990482137391 3.531691675364045 0
    endloop
  endfacet
  facet normal 0.32143946530316214 0.9469301294951055 0
    outer loop
      vertex 22.381645709543637 1.3851505843608924 1.6
      vertex 22.536476193621848 1.3325927171386656 0
      vertex 22.381645709543637 1.3851505843608924 0
    endloop
  endfacet
  facet normal 0.19509032201612725 0.9807852804032305 0
    outer loop
      vertex 22.536476193621848 1.3325927171386656 1.6
      vertex 22.696842259724935 1.300693923282738 0
      vertex 22.536476193621848 1.3325927171386656 0
    endloop
  endfacet
  facet normal 0.44228869021900263 0.8968727415326877 0
    outer loop
      vertex 22.235 1.4574682452694527 1.6
      vertex 22.381645709543637 1.3851505843608924 0
      vertex 22.235 1.4574682452694527 0
    endloop
  endfacet
  facet normal 0.06540312923014316 0.9978589232386035 0
    outer loop
      vertex 22.696842259724935 1.300693923282738 1.6
      vertex 22.86 1.290000000000001 0
      vertex 22.696842259724935 1.300693923282738 0
    endloop
  endfacet
  facet normal -0.06540312923014316 0.9978589232386035 0
    outer loop
      vertex 22.86 1.290000000000001 1.6
      vertex 23.023157740275064 1.300693923282738 0
      vertex 22.86 1.290000000000001 0
    endloop
  endfacet
  facet normal -0.19509032201612725 0.9807852804032305 0
    outer loop
      vertex 23.023157740275064 1.300693923282738 1.6
      vertex 23.18352380637815 1.3325927171386656 0
      vertex 23.023157740275064 1.300693923282738 0
    endloop
  endfacet
  facet normal -0.32143946530316214 0.9469301294951055 0
    outer loop
      vertex 23.18352380637815 1.3325927171386656 1.6
      vertex 23.338354290456362 1.3851505843608924 0
      vertex 23.18352380637815 1.3325927171386656 0
    endloop
  endfacet
  facet normal -0.44228869021900263 0.8968727415326877 0
    outer loop
      vertex 23.338354290456362 1.3851505843608924 1.6
      vertex 23.485 1.4574682452694527 0
      vertex 23.338354290456362 1.3851505843608924 0
    endloop
  endfacet
  facet normal -0.5555702330196033 0.8314696123025446 0
    outer loop
      vertex 23.485 1.4574682452694527 1.6
      vertex 23.6209517862609 1.548308324635957 0
      vertex 23.485 1.4574682452694527 0
    endloop
  endfacet
  facet normal -0.6593458151000671 0.751839807478979 0
    outer loop
      vertex 23.6209517862609 1.548308324635957 1.6
      vertex 23.743883476483184 1.6561165235168165 0
      vertex 23.6209517862609 1.548308324635957 0
    endloop
  endfacet
  facet normal -0.7518398074789744 0.6593458151000722 1.6732230664232444e-18
    outer loop
      vertex 23.851691675364044 1.7790482137391002 0
      vertex 23.743883476483184 1.6561165235168165 0
      vertex 23.743883476483184 1.6561165235168165 1.6
    endloop
  endfacet
  facet normal -0.8314696123025448 0.5555702330196031 0
    outer loop
      vertex 23.851691675364044 1.7790482137391002 1.6
      vertex 23.94253175473055 1.915000000000001 0
      vertex 23.851691675364044 1.7790482137391002 0
    endloop
  endfacet
  facet normal -0.8968727415326886 0.4422886902190004 -2.37779167604388e-18
    outer loop
      vertex 24.01484941563911 2.0616457095436385 0
      vertex 23.94253175473055 1.915000000000001 0
      vertex 23.94253175473055 1.915000000000001 1.6
    endloop
  endfacet
  facet normal -0.9469301294951065 0.32143946530315926 0
    outer loop
      vertex 24.01484941563911 2.0616457095436385 1.6
      vertex 24.067407282861335 2.21647619362185 0
      vertex 24.01484941563911 2.0616457095436385 0
    endloop
  endfacet
  facet normal 0.32143946530316214 0.9469301294951055 0
    outer loop
      vertex 22.536476193621848 1.3325927171386656 1.6
      vertex 22.536476193621848 1.3325927171386656 0
      vertex 22.381645709543637 1.3851505843608924 1.6
    endloop
  endfacet
  facet normal 0.44228869021900263 0.8968727415326877 0
    outer loop
      vertex 22.381645709543637 1.3851505843608924 1.6
      vertex 22.381645709543637 1.3851505843608924 0
      vertex 22.235 1.4574682452694527 1.6
    endloop
  endfacet
  facet normal 0.19509032201612725 0.9807852804032305 -1.1108196778449817e-18
    outer loop
      vertex 22.536476193621848 1.3325927171386656 1.6
      vertex 22.696842259724935 1.300693923282738 1.6
      vertex 22.696842259724935 1.300693923282738 0
    endloop
  endfacet
  facet normal 0.06540312923014316 0.9978589232386035 0
    outer loop
      vertex 22.86 1.290000000000001 1.6
      vertex 22.86 1.290000000000001 0
      vertex 22.696842259724935 1.300693923282738 1.6
    endloop
  endfacet
  facet normal -0.06540312923014316 0.9978589232386035 0
    outer loop
      vertex 23.023157740275064 1.300693923282738 1.6
      vertex 23.023157740275064 1.300693923282738 0
      vertex 22.86 1.290000000000001 1.6
    endloop
  endfacet
  facet normal -0.19509032201612725 0.9807852804032305 0
    outer loop
      vertex 23.18352380637815 1.3325927171386656 1.6
      vertex 23.18352380637815 1.3325927171386656 0
      vertex 23.023157740275064 1.300693923282738 1.6
    endloop
  endfacet
  facet normal -0.32143946530316214 0.9469301294951055 0
    outer loop
      vertex 23.338354290456362 1.3851505843608924 1.6
      vertex 23.338354290456362 1.3851505843608924 0
      vertex 23.18352380637815 1.3325927171386656 1.6
    endloop
  endfacet
  facet normal -0.44228869021900263 0.8968727415326877 0
    outer loop
      vertex 23.485 1.4574682452694527 1.6
      vertex 23.485 1.4574682452694527 0
      vertex 23.338354290456362 1.3851505843608924 1.6
    endloop
  endfacet
  facet normal -0.5555702330196033 0.8314696123025446 0
    outer loop
      vertex 23.6209517862609 1.548308324635957 1.6
      vertex 23.6209517862609 1.548308324635957 0
      vertex 23.485 1.4574682452694527 1.6
    endloop
  endfacet
  facet normal -0.6593458151000671 0.751839807478979 0
    outer loop
      vertex 23.743883476483184 1.6561165235168165 1.6
      vertex 23.743883476483184 1.6561165235168165 0
      vertex 23.6209517862609 1.548308324635957 1.6
    endloop
  endfacet
  facet normal -0.7518398074789744 0.6593458151000722 1.6732230664232444e-18
    outer loop
      vertex 23.743883476483184 1.6561165235168165 1.6
      vertex 23.851691675364044 1.7790482137391002 1.6
      vertex 23.851691675364044 1.7790482137391002 0
    endloop
  endfacet
  facet normal -0.8314696123025448 0.5555702330196031 2.470859960221019e-18
    outer loop
      vertex 23.851691675364044 1.7790482137391002 1.6
      vertex 23.94253175473055 1.915000000000001 1.6
      vertex 23.94253175473055 1.915000000000001 0
    endloop
  endfacet
  facet normal -0.8968727415326886 0.4422886902190004 -2.37779167604388e-18
    outer loop
      vertex 23.94253175473055 1.915000000000001 1.6
      vertex 24.01484941563911 2.0616457095436385 1.6
      vertex 24.01484941563911 2.0616457095436385 0
    endloop
  endfacet
  facet normal -0.9469301294951065 0.32143946530315926 -2.5525694077440457e-18
    outer loop
      vertex 24.01484941563911 2.0616457095436385 1.6
      vertex 24.067407282861335 2.21647619362185 1.6
      vertex 24.067407282861335 2.21647619362185 0
    endloop
  endfacet
  facet normal 0.44228869021900263 -0.8968727415326877 0
    outer loop
      vertex 22.381645709543637 3.6948494156391094 1.6
      vertex 22.235 3.622531754730549 0
      vertex 22.381645709543637 3.6948494156391094 0
    endloop
  endfacet
  facet normal 0.3214394653031609 -0.9469301294951059 0
    outer loop
      vertex 22.536476193621848 3.747407282861336 1.6
      vertex 22.381645709543637 3.6948494156391094 0
      vertex 22.536476193621848 3.747407282861336 0
    endloop
  endfacet
  facet normal 0.19509032201612725 -0.9807852804032305 0
    outer loop
      vertex 22.696842259724935 3.7793060767172637 1.6
      vertex 22.536476193621848 3.747407282861336 0
      vertex 22.696842259724935 3.7793060767172637 0
    endloop
  endfacet
  facet normal 0.06540312923014453 -0.9978589232386035 0
    outer loop
      vertex 22.86 3.790000000000001 1.6
      vertex 22.696842259724935 3.7793060767172637 0
      vertex 22.86 3.790000000000001 0
    endloop
  endfacet
  facet normal -0.06540312923014453 -0.9978589232386035 0
    outer loop
      vertex 23.023157740275064 3.7793060767172637 1.6
      vertex 22.86 3.790000000000001 0
      vertex 23.023157740275064 3.7793060767172637 0
    endloop
  endfacet
  facet normal -0.19509032201612725 -0.9807852804032305 0
    outer loop
      vertex 23.18352380637815 3.747407282861336 1.6
      vertex 23.023157740275064 3.7793060767172637 0
      vertex 23.18352380637815 3.747407282861336 0
    endloop
  endfacet
  facet normal -0.3214394653031609 -0.9469301294951059 0
    outer loop
      vertex 23.338354290456362 3.6948494156391094 1.6
      vertex 23.18352380637815 3.747407282861336 0
      vertex 23.338354290456362 3.6948494156391094 0
    endloop
  endfacet
  facet normal -0.5555702330196024 -0.8314696123025452 0
    outer loop
      vertex 23.6209517862609 3.531691675364045 1.6
      vertex 23.485 3.622531754730549 0
      vertex 23.6209517862609 3.531691675364045 0
    endloop
  endfacet
  facet normal -0.6593458151000677 -0.7518398074789783 5.95379537655547e-19
    outer loop
      vertex 23.6209517862609 3.531691675364045 0
      vertex 23.743883476483184 3.4238834764831854 0
      vertex 23.743883476483184 3.4238834764831854 1.6
    endloop
  endfacet
  facet normal -0.44228869021900263 -0.8968727415326877 0
    outer loop
      vertex 23.485 3.622531754730549 1.6
      vertex 23.338354290456362 3.6948494156391094 0
      vertex 23.485 3.622531754730549 0
    endloop
  endfacet
  facet normal -0.9807852804032313 0.19509032201612306 0
    outer loop
      vertex 24.067407282861335 2.21647619362185 1.6
      vertex 24.099306076717262 2.3768422597249366 0
      vertex 24.067407282861335 2.21647619362185 0
    endloop
  endfacet
  facet normal -0.9978589232386035 0.06540312923014453 0
    outer loop
      vertex 24.099306076717262 2.3768422597249366 1.6
      vertex 24.11 2.540000000000001 0
      vertex 24.099306076717262 2.3768422597249366 0
    endloop
  endfacet
  facet normal -0.9978589232386035 -0.06540312923014453 0
    outer loop
      vertex 24.11 2.540000000000001 1.6
      vertex 24.099306076717262 2.7031577402750653 0
      vertex 24.11 2.540000000000001 0
    endloop
  endfacet
  facet normal -0.9807852804032313 -0.19509032201612306 0
    outer loop
      vertex 24.099306076717262 2.7031577402750653 1.6
      vertex 24.067407282861335 2.8635238063781516 0
      vertex 24.099306076717262 2.7031577402750653 0
    endloop
  endfacet
  facet normal -0.9469301294951065 -0.32143946530315926 0
    outer loop
      vertex 24.067407282861335 2.8635238063781516 1.6
      vertex 24.01484941563911 3.0183542904563634 0
      vertex 24.067407282861335 2.8635238063781516 0
    endloop
  endfacet
  facet normal -0.8968727415326886 -0.4422886902190004 2.37779167604388e-18
    outer loop
      vertex 23.94253175473055 3.165000000000001 0
      vertex 24.01484941563911 3.0183542904563634 0
      vertex 24.01484941563911 3.0183542904563634 1.6
    endloop
  endfacet
  facet normal -0.8314696123025448 -0.5555702330196031 -2.470859960221019e-18
    outer loop
      vertex 23.851691675364044 3.3009517862609017 0
      vertex 23.94253175473055 3.165000000000001 0
      vertex 23.94253175473055 3.165000000000001 1.6
    endloop
  endfacet
  facet normal -0.7518398074789744 -0.6593458151000722 0
    outer loop
      vertex 23.851691675364044 3.3009517862609017 1.6
      vertex 23.743883476483184 3.4238834764831854 0
      vertex 23.851691675364044 3.3009517862609017 0
    endloop
  endfacet
  facet normal 0.44228869021900263 -0.8968727415326877 1.2115192600189007e-18
    outer loop
      vertex 22.381645709543637 3.6948494156391094 1.6
      vertex 22.235 3.622531754730549 1.6
      vertex 22.235 3.622531754730549 0
    endloop
  endfacet
  facet normal 0.3214394653031609 -0.9469301294951059 -1.9533228542043377e-18
    outer loop
      vertex 22.536476193621848 3.747407282861336 1.6
      vertex 22.381645709543637 3.6948494156391094 1.6
      vertex 22.381645709543637 3.6948494156391094 0
    endloop
  endfacet
  facet normal 0.19509032201612725 -0.9807852804032305 1.1108196778449817e-18
    outer loop
      vertex 22.696842259724935 3.7793060767172637 1.6
      vertex 22.536476193621848 3.747407282861336 1.6
      vertex 22.536476193621848 3.747407282861336 0
    endloop
  endfacet
  facet normal 0.06540312923014453 -0.9978589232386035 0
    outer loop
      vertex 22.696842259724935 3.7793060767172637 1.6
      vertex 22.696842259724935 3.7793060767172637 0
      vertex 22.86 3.790000000000001 1.6
    endloop
  endfacet
  facet normal -0.06540312923014453 -0.9978589232386035 0
    outer loop
      vertex 22.86 3.790000000000001 1.6
      vertex 22.86 3.790000000000001 0
      vertex 23.023157740275064 3.7793060767172637 1.6
    endloop
  endfacet
  facet normal -0.19509032201612725 -0.9807852804032305 0
    outer loop
      vertex 23.023157740275064 3.7793060767172637 1.6
      vertex 23.023157740275064 3.7793060767172637 0
      vertex 23.18352380637815 3.747407282861336 1.6
    endloop
  endfacet
  facet normal -0.3214394653031609 -0.9469301294951059 0
    outer loop
      vertex 23.18352380637815 3.747407282861336 1.6
      vertex 23.18352380637815 3.747407282861336 0
      vertex 23.338354290456362 3.6948494156391094 1.6
    endloop
  endfacet
  facet normal -0.44228869021900263 -0.8968727415326877 0
    outer loop
      vertex 23.338354290456362 3.6948494156391094 1.6
      vertex 23.338354290456362 3.6948494156391094 0
      vertex 23.485 3.622531754730549 1.6
    endloop
  endfacet
  facet normal -0.5555702330196024 -0.8314696123025452 0
    outer loop
      vertex 23.485 3.622531754730549 1.6
      vertex 23.485 3.622531754730549 0
      vertex 23.6209517862609 3.531691675364045 1.6
    endloop
  endfacet
  facet normal -0.7518398074789744 -0.6593458151000722 -1.6732230664232444e-18
    outer loop
      vertex 23.851691675364044 3.3009517862609017 1.6
      vertex 23.743883476483184 3.4238834764831854 1.6
      vertex 23.743883476483184 3.4238834764831854 0
    endloop
  endfacet
  facet normal -0.6593458151000677 -0.7518398074789783 0
    outer loop
      vertex 23.6209517862609 3.531691675364045 1.6
      vertex 23.6209517862609 3.531691675364045 0
      vertex 23.743883476483184 3.4238834764831854 1.6
    endloop
  endfacet
  facet normal -0.9807852804032313 0.19509032201612306 1.5112703240362645e-18
    outer loop
      vertex 24.067407282861335 2.21647619362185 1.6
      vertex 24.099306076717262 2.3768422597249366 1.6
      vertex 24.099306076717262 2.3768422597249366 0
    endloop
  endfacet
  facet normal -0.9978589232386035 0.06540312923014453 1.8573696934434372e-19
    outer loop
      vertex 24.099306076717262 2.3768422597249366 1.6
      vertex 24.11 2.540000000000001 1.6
      vertex 24.11 2.540000000000001 0
    endloop
  endfacet
  facet normal -0.9978589232386035 -0.06540312923014453 -1.8573696934434372e-19
    outer loop
      vertex 24.11 2.540000000000001 1.6
      vertex 24.099306076717262 2.7031577402750653 1.6
      vertex 24.099306076717262 2.7031577402750653 0
    endloop
  endfacet
  facet normal -0.9807852804032313 -0.19509032201612306 -1.5112703240362645e-18
    outer loop
      vertex 24.099306076717262 2.7031577402750653 1.6
      vertex 24.067407282861335 2.8635238063781516 1.6
      vertex 24.067407282861335 2.8635238063781516 0
    endloop
  endfacet
  facet normal -0.9469301294951065 -0.32143946530315926 2.5525694077440457e-18
    outer loop
      vertex 24.067407282861335 2.8635238063781516 1.6
      vertex 24.01484941563911 3.0183542904563634 1.6
      vertex 24.01484941563911 3.0183542904563634 0
    endloop
  endfacet
  facet normal -0.8968727415326886 -0.4422886902190004 2.37779167604388e-18
    outer loop
      vertex 24.01484941563911 3.0183542904563634 1.6
      vertex 23.94253175473055 3.165000000000001 1.6
      vertex 23.94253175473055 3.165000000000001 0
    endloop
  endfacet
  facet normal -0.8314696123025448 -0.5555702330196031 -2.470859960221019e-18
    outer loop
      vertex 23.94253175473055 3.165000000000001 1.6
      vertex 23.851691675364044 3.3009517862609017 1.6
      vertex 23.851691675364044 3.3009517862609017 0
    endloop
  endfacet
  facet normal 0.7518398074789757 0.659345815100071 9.864335860222836e-19
    outer loop
      vertex 21.976116523516815 14.356116523516816 0
      vertex 21.868308324635954 14.4790482137391 0
      vertex 21.868308324635954 14.4790482137391 1.6
    endloop
  endfacet
  facet normal 0.6593458151000647 0.7518398074789812 0
    outer loop
      vertex 21.976116523516815 14.356116523516816 0
      vertex 21.976116523516815 14.356116523516816 1.6
      vertex 22.0990482137391 14.248308324635957 0
    endloop
  endfacet
  facet normal 0.5555702330196042 0.8314696123025439 0
    outer loop
      vertex 22.0990482137391 14.248308324635957 1.6
      vertex 22.235 14.157468245269452 0
      vertex 22.0990482137391 14.248308324635957 0
    endloop
  endfacet
  facet normal 0.8314696123025439 0.5555702330196042 -7.795833870296238e-19
    outer loop
      vertex 21.868308324635954 14.4790482137391 0
      vertex 21.77746824526945 14.615 0
      vertex 21.77746824526945 14.615 1.6
    endloop
  endfacet
  facet normal 0.8968727415326886 0.4422886902190004 2.37779167604388e-18
    outer loop
      vertex 21.77746824526945 14.615 0
      vertex 21.70515058436089 14.761645709543638 0
      vertex 21.70515058436089 14.761645709543638 1.6
    endloop
  endfacet
  facet normal 0.9469301294951059 0.3214394653031609 1.9533228542043377e-18
    outer loop
      vertex 21.70515058436089 14.761645709543638 0
      vertex 21.652592717138663 14.916476193621849 0
      vertex 21.652592717138663 14.916476193621849 1.6
    endloop
  endfacet
  facet normal 0.9978589232386035 0.06540312923014453 -1.8573696934434372e-19
    outer loop
      vertex 21.620693923282737 15.076842259724936 0
      vertex 21.61 15.24 0
      vertex 21.61 15.24 1.6
    endloop
  endfacet
  facet normal 0.9807852804032317 0.19509032201612203 -3.9849086016751415e-19
    outer loop
      vertex 21.652592717138663 14.916476193621849 0
      vertex 21.620693923282737 15.076842259724936 0
      vertex 21.620693923282737 15.076842259724936 1.6
    endloop
  endfacet
  facet normal 0.9978589232386035 -0.06540312923014453 1.8573696934434372e-19
    outer loop
      vertex 21.61 15.24 0
      vertex 21.620693923282737 15.403157740275065 0
      vertex 21.620693923282737 15.403157740275065 1.6
    endloop
  endfacet
  facet normal 0.9807852804032317 -0.19509032201612203 3.9849086016751415e-19
    outer loop
      vertex 21.620693923282737 15.403157740275065 0
      vertex 21.652592717138663 15.563523806378152 0
      vertex 21.652592717138663 15.563523806378152 1.6
    endloop
  endfacet
  facet normal 0.7518398074789757 0.659345815100071 0
    outer loop
      vertex 21.976116523516815 14.356116523516816 0
      vertex 21.868308324635954 14.4790482137391 1.6
      vertex 21.976116523516815 14.356116523516816 1.6
    endloop
  endfacet
  facet normal 0.6593458151000647 0.7518398074789812 0
    outer loop
      vertex 22.0990482137391 14.248308324635957 0
      vertex 21.976116523516815 14.356116523516816 1.6
      vertex 22.0990482137391 14.248308324635957 1.6
    endloop
  endfacet
  facet normal 0.5555702330196042 0.8314696123025439 0
    outer loop
      vertex 22.235 14.157468245269452 0
      vertex 22.0990482137391 14.248308324635957 1.6
      vertex 22.235 14.157468245269452 1.6
    endloop
  endfacet
  facet normal 0.8968727415326886 0.4422886902190004 0
    outer loop
      vertex 21.77746824526945 14.615 0
      vertex 21.70515058436089 14.761645709543638 1.6
      vertex 21.77746824526945 14.615 1.6
    endloop
  endfacet
  facet normal 0.9469301294951059 0.3214394653031609 0
    outer loop
      vertex 21.70515058436089 14.761645709543638 0
      vertex 21.652592717138663 14.916476193621849 1.6
      vertex 21.70515058436089 14.761645709543638 1.6
    endloop
  endfacet
  facet normal 0.9807852804032317 0.19509032201612203 0
    outer loop
      vertex 21.652592717138663 14.916476193621849 0
      vertex 21.620693923282737 15.076842259724936 1.6
      vertex 21.652592717138663 14.916476193621849 1.6
    endloop
  endfacet
  facet normal 0.8314696123025439 0.5555702330196042 0
    outer loop
      vertex 21.868308324635954 14.4790482137391 0
      vertex 21.77746824526945 14.615 1.6
      vertex 21.868308324635954 14.4790482137391 1.6
    endloop
  endfacet
  facet normal 0.9978589232386035 0.06540312923014453 0
    outer loop
      vertex 21.620693923282737 15.076842259724936 0
      vertex 21.61 15.24 1.6
      vertex 21.620693923282737 15.076842259724936 1.6
    endloop
  endfacet
  facet normal 0.9978589232386035 -0.06540312923014453 1.8573696934434372e-19
    outer loop
      vertex 21.620693923282737 15.403157740275065 1.6
      vertex 21.61 15.24 1.6
      vertex 21.61 15.24 0
    endloop
  endfacet
  facet normal 0.9807852804032317 -0.19509032201612203 0
    outer loop
      vertex 21.620693923282737 15.403157740275065 0
      vertex 21.652592717138663 15.563523806378152 1.6
      vertex 21.620693923282737 15.403157740275065 1.6
    endloop
  endfacet
  facet normal 0.9469301294951059 -0.3214394653031609 -1.9533228542043377e-18
    outer loop
      vertex 21.652592717138663 15.563523806378152 0
      vertex 21.70515058436089 15.718354290456363 0
      vertex 21.70515058436089 15.718354290456363 1.6
    endloop
  endfacet
  facet normal 0.8968727415326886 -0.4422886902190004 -2.37779167604388e-18
    outer loop
      vertex 21.70515058436089 15.718354290456363 0
      vertex 21.77746824526945 15.865 0
      vertex 21.77746824526945 15.865 1.6
    endloop
  endfacet
  facet normal 0.8314696123025472 -0.5555702330195993 9.138010036869304e-19
    outer loop
      vertex 21.77746824526945 15.865 0
      vertex 21.868308324635954 16.000951786260902 0
      vertex 21.868308324635954 16.000951786260902 1.6
    endloop
  endfacet
  facet normal 0.7518398074789757 -0.659345815100071 -9.864335860222836e-19
    outer loop
      vertex 21.868308324635954 16.000951786260902 0
      vertex 21.976116523516815 16.123883476483186 0
      vertex 21.976116523516815 16.123883476483186 1.6
    endloop
  endfacet
  facet normal 0.6593458151000585 -0.7518398074789864 0
    outer loop
      vertex 22.0990482137391 16.231691675364043 0
      vertex 22.0990482137391 16.231691675364043 1.6
      vertex 21.976116523516815 16.123883476483186 0
    endloop
  endfacet
  facet normal 0.5555702330196042 -0.8314696123025439 0
    outer loop
      vertex 22.235 16.322531754730548 0
      vertex 22.235 16.322531754730548 1.6
      vertex 22.0990482137391 16.231691675364043 0
    endloop
  endfacet
  facet normal 0.9469301294951059 -0.3214394653031609 0
    outer loop
      vertex 21.652592717138663 15.563523806378152 0
      vertex 21.70515058436089 15.718354290456363 1.6
      vertex 21.652592717138663 15.563523806378152 1.6
    endloop
  endfacet
  facet normal 0.8968727415326886 -0.4422886902190004 0
    outer loop
      vertex 21.70515058436089 15.718354290456363 0
      vertex 21.77746824526945 15.865 1.6
      vertex 21.70515058436089 15.718354290456363 1.6
    endloop
  endfacet
  facet normal 0.8314696123025472 -0.5555702330195993 0
    outer loop
      vertex 21.77746824526945 15.865 0
      vertex 21.868308324635954 16.000951786260902 1.6
      vertex 21.77746824526945 15.865 1.6
    endloop
  endfacet
  facet normal 0.7518398074789757 -0.659345815100071 0
    outer loop
      vertex 21.868308324635954 16.000951786260902 0
      vertex 21.976116523516815 16.123883476483186 1.6
      vertex 21.868308324635954 16.000951786260902 1.6
    endloop
  endfacet
  facet normal 0.6593458151000585 -0.7518398074789864 0
    outer loop
      vertex 21.976116523516815 16.123883476483186 0
      vertex 22.0990482137391 16.231691675364043 1.6
      vertex 21.976116523516815 16.123883476483186 1.6
    endloop
  endfacet
  facet normal 0.5555702330196042 -0.8314696123025439 0
    outer loop
      vertex 22.0990482137391 16.231691675364043 0
      vertex 22.235 16.322531754730548 1.6
      vertex 22.0990482137391 16.231691675364043 1.6
    endloop
  endfacet
  facet normal 0.4422886902190004 0.8968727415326886 0
    outer loop
      vertex 22.235 14.157468245269452 0
      vertex 22.235 14.157468245269452 1.6
      vertex 22.381645709543637 14.085150584360893 0
    endloop
  endfacet
  facet normal 0.19509032201612203 0.9807852804032317 0
    outer loop
      vertex 22.536476193621848 14.032592717138664 0
      vertex 22.536476193621848 14.032592717138664 1.6
      vertex 22.696842259724935 14.000693923282737 0
    endloop
  endfacet
  facet normal 0.32143946530317064 0.9469301294951025 0
    outer loop
      vertex 22.381645709543637 14.085150584360893 0
      vertex 22.381645709543637 14.085150584360893 1.6
      vertex 22.536476193621848 14.032592717138664 0
    endloop
  endfacet
  facet normal 0.06540312923014453 0.9978589232386035 0
    outer loop
      vertex 22.696842259724935 14.000693923282737 0
      vertex 22.696842259724935 14.000693923282737 1.6
      vertex 22.86 13.99 0
    endloop
  endfacet
  facet normal -0.06540312923014453 0.9978589232386035 0
    outer loop
      vertex 22.86 13.99 0
      vertex 22.86 13.99 1.6
      vertex 23.023157740275064 14.000693923282737 0
    endloop
  endfacet
  facet normal -0.19509032201612203 0.9807852804032317 0
    outer loop
      vertex 23.023157740275064 14.000693923282737 0
      vertex 23.023157740275064 14.000693923282737 1.6
      vertex 23.18352380637815 14.032592717138664 0
    endloop
  endfacet
  facet normal -0.32143946530317064 0.9469301294951025 0
    outer loop
      vertex 23.18352380637815 14.032592717138664 0
      vertex 23.18352380637815 14.032592717138664 1.6
      vertex 23.338354290456362 14.085150584360893 0
    endloop
  endfacet
  facet normal -0.4422886902190004 0.8968727415326886 0
    outer loop
      vertex 23.338354290456362 14.085150584360893 0
      vertex 23.338354290456362 14.085150584360893 1.6
      vertex 23.485 14.157468245269452 0
    endloop
  endfacet
  facet normal -0.5555702330196042 0.8314696123025439 0
    outer loop
      vertex 23.485 14.157468245269452 0
      vertex 23.485 14.157468245269452 1.6
      vertex 23.6209517862609 14.248308324635957 0
    endloop
  endfacet
  facet normal -0.6593458151000647 0.7518398074789812 0
    outer loop
      vertex 23.6209517862609 14.248308324635957 0
      vertex 23.6209517862609 14.248308324635957 1.6
      vertex 23.743883476483184 14.356116523516816 0
    endloop
  endfacet
  facet normal -0.7518398074789757 0.659345815100071 -9.864335860222836e-19
    outer loop
      vertex 23.851691675364044 14.4790482137391 0
      vertex 23.743883476483184 14.356116523516816 0
      vertex 23.743883476483184 14.356116523516816 1.6
    endloop
  endfacet
  facet normal -0.8314696123025439 0.5555702330196042 7.795833870296238e-19
    outer loop
      vertex 23.94253175473055 14.615 0
      vertex 23.851691675364044 14.4790482137391 0
      vertex 23.851691675364044 14.4790482137391 1.6
    endloop
  endfacet
  facet normal -0.8968727415326886 0.4422886902190004 -2.37779167604388e-18
    outer loop
      vertex 24.01484941563911 14.761645709543638 0
      vertex 23.94253175473055 14.615 0
      vertex 23.94253175473055 14.615 1.6
    endloop
  endfacet
  facet normal -0.9469301294951059 0.3214394653031609 -1.9533228542043377e-18
    outer loop
      vertex 24.067407282861335 14.916476193621849 0
      vertex 24.01484941563911 14.761645709543638 0
      vertex 24.01484941563911 14.761645709543638 1.6
    endloop
  endfacet
  facet normal -0.9807852804032317 0.19509032201612203 3.9849086016751415e-19
    outer loop
      vertex 24.099306076717262 15.076842259724936 0
      vertex 24.067407282861335 14.916476193621849 0
      vertex 24.067407282861335 14.916476193621849 1.6
    endloop
  endfacet
  facet normal -0.9978589232386035 0.06540312923014453 1.8573696934434372e-19
    outer loop
      vertex 24.11 15.24 0
      vertex 24.099306076717262 15.076842259724936 0
      vertex 24.099306076717262 15.076842259724936 1.6
    endloop
  endfacet
  facet normal -0.9978589232386035 -0.06540312923014453 -1.8573696934434372e-19
    outer loop
      vertex 24.099306076717262 15.403157740275065 0
      vertex 24.11 15.24 0
      vertex 24.11 15.24 1.6
    endloop
  endfacet
  facet normal -0.9807852804032317 -0.19509032201612203 -3.9849086016751415e-19
    outer loop
      vertex 24.067407282861335 15.563523806378152 0
      vertex 24.099306076717262 15.403157740275065 0
      vertex 24.099306076717262 15.403157740275065 1.6
    endloop
  endfacet
  facet normal 0.4422886902190004 0.8968727415326886 0
    outer loop
      vertex 22.381645709543637 14.085150584360893 0
      vertex 22.235 14.157468245269452 1.6
      vertex 22.381645709543637 14.085150584360893 1.6
    endloop
  endfacet
  facet normal 0.32143946530317064 0.9469301294951025 0
    outer loop
      vertex 22.536476193621848 14.032592717138664 0
      vertex 22.381645709543637 14.085150584360893 1.6
      vertex 22.536476193621848 14.032592717138664 1.6
    endloop
  endfacet
  facet normal 0.19509032201612203 0.9807852804032317 0
    outer loop
      vertex 22.696842259724935 14.000693923282737 0
      vertex 22.536476193621848 14.032592717138664 1.6
      vertex 22.696842259724935 14.000693923282737 1.6
    endloop
  endfacet
  facet normal 0.06540312923014453 0.9978589232386035 0
    outer loop
      vertex 22.86 13.99 0
      vertex 22.696842259724935 14.000693923282737 1.6
      vertex 22.86 13.99 1.6
    endloop
  endfacet
  facet normal -0.06540312923014453 0.9978589232386035 0
    outer loop
      vertex 23.023157740275064 14.000693923282737 0
      vertex 22.86 13.99 1.6
      vertex 23.023157740275064 14.000693923282737 1.6
    endloop
  endfacet
  facet normal -0.19509032201612203 0.9807852804032317 0
    outer loop
      vertex 23.18352380637815 14.032592717138664 0
      vertex 23.023157740275064 14.000693923282737 1.6
      vertex 23.18352380637815 14.032592717138664 1.6
    endloop
  endfacet
  facet normal -0.32143946530317064 0.9469301294951025 0
    outer loop
      vertex 23.338354290456362 14.085150584360893 0
      vertex 23.18352380637815 14.032592717138664 1.6
      vertex 23.338354290456362 14.085150584360893 1.6
    endloop
  endfacet
  facet normal -0.4422886902190004 0.8968727415326886 0
    outer loop
      vertex 23.485 14.157468245269452 0
      vertex 23.338354290456362 14.085150584360893 1.6
      vertex 23.485 14.157468245269452 1.6
    endloop
  endfacet
  facet normal -0.5555702330196042 0.8314696123025439 0
    outer loop
      vertex 23.6209517862609 14.248308324635957 0
      vertex 23.485 14.157468245269452 1.6
      vertex 23.6209517862609 14.248308324635957 1.6
    endloop
  endfacet
  facet normal -0.6593458151000647 0.7518398074789812 0
    outer loop
      vertex 23.743883476483184 14.356116523516816 0
      vertex 23.6209517862609 14.248308324635957 1.6
      vertex 23.743883476483184 14.356116523516816 1.6
    endloop
  endfacet
  facet normal -0.7518398074789757 0.659345815100071 0
    outer loop
      vertex 23.851691675364044 14.4790482137391 0
      vertex 23.743883476483184 14.356116523516816 1.6
      vertex 23.851691675364044 14.4790482137391 1.6
    endloop
  endfacet
  facet normal -0.8314696123025439 0.5555702330196042 0
    outer loop
      vertex 23.94253175473055 14.615 0
      vertex 23.851691675364044 14.4790482137391 1.6
      vertex 23.94253175473055 14.615 1.6
    endloop
  endfacet
  facet normal -0.8968727415326886 0.4422886902190004 0
    outer loop
      vertex 24.01484941563911 14.761645709543638 0
      vertex 23.94253175473055 14.615 1.6
      vertex 24.01484941563911 14.761645709543638 1.6
    endloop
  endfacet
  facet normal -0.9469301294951059 0.3214394653031609 0
    outer loop
      vertex 24.067407282861335 14.916476193621849 0
      vertex 24.01484941563911 14.761645709543638 1.6
      vertex 24.067407282861335 14.916476193621849 1.6
    endloop
  endfacet
  facet normal -0.9807852804032317 0.19509032201612203 0
    outer loop
      vertex 24.099306076717262 15.076842259724936 0
      vertex 24.067407282861335 14.916476193621849 1.6
      vertex 24.099306076717262 15.076842259724936 1.6
    endloop
  endfacet
  facet normal -0.9978589232386035 0.06540312923014453 0
    outer loop
      vertex 24.11 15.24 0
      vertex 24.099306076717262 15.076842259724936 1.6
      vertex 24.11 15.24 1.6
    endloop
  endfacet
  facet normal -0.9978589232386035 -0.06540312923014453 0
    outer loop
      vertex 24.099306076717262 15.403157740275065 0
      vertex 24.11 15.24 1.6
      vertex 24.099306076717262 15.403157740275065 1.6
    endloop
  endfacet
  facet normal -0.9807852804032317 -0.19509032201612203 0
    outer loop
      vertex 24.067407282861335 15.563523806378152 0
      vertex 24.099306076717262 15.403157740275065 1.6
      vertex 24.067407282861335 15.563523806378152 1.6
    endloop
  endfacet
  facet normal 0.4422886902190004 -0.8968727415326886 0
    outer loop
      vertex 22.381645709543637 16.394849415639108 0
      vertex 22.381645709543637 16.394849415639108 1.6
      vertex 22.235 16.322531754730548 0
    endloop
  endfacet
  facet normal 0.3214394653031609 -0.9469301294951059 0
    outer loop
      vertex 22.536476193621848 16.447407282861334 0
      vertex 22.536476193621848 16.447407282861334 1.6
      vertex 22.381645709543637 16.394849415639108 0
    endloop
  endfacet
  facet normal 0.19509032201614296 -0.9807852804032274 0
    outer loop
      vertex 22.696842259724935 16.479306076717265 0
      vertex 22.696842259724935 16.479306076717265 1.6
      vertex 22.536476193621848 16.447407282861334 0
    endloop
  endfacet
  facet normal 0.06540312923014453 -0.9978589232386035 0
    outer loop
      vertex 22.86 16.490000000000002 0
      vertex 22.86 16.490000000000002 1.6
      vertex 22.696842259724935 16.479306076717265 0
    endloop
  endfacet
  facet normal -0.06540312923014453 -0.9978589232386035 0
    outer loop
      vertex 23.023157740275064 16.479306076717265 0
      vertex 23.023157740275064 16.479306076717265 1.6
      vertex 22.86 16.490000000000002 0
    endloop
  endfacet
  facet normal -0.19509032201614296 -0.9807852804032274 0
    outer loop
      vertex 23.18352380637815 16.447407282861334 0
      vertex 23.18352380637815 16.447407282861334 1.6
      vertex 23.023157740275064 16.479306076717265 0
    endloop
  endfacet
  facet normal -0.3214394653031609 -0.9469301294951059 0
    outer loop
      vertex 23.338354290456362 16.394849415639108 0
      vertex 23.338354290456362 16.394849415639108 1.6
      vertex 23.18352380637815 16.447407282861334 0
    endloop
  endfacet
  facet normal -0.4422886902190004 -0.8968727415326886 0
    outer loop
      vertex 23.485 16.322531754730548 0
      vertex 23.485 16.322531754730548 1.6
      vertex 23.338354290456362 16.394849415639108 0
    endloop
  endfacet
  facet normal -0.5555702330196042 -0.8314696123025439 0
    outer loop
      vertex 23.6209517862609 16.231691675364043 0
      vertex 23.6209517862609 16.231691675364043 1.6
      vertex 23.485 16.322531754730548 0
    endloop
  endfacet
  facet normal -0.6593458151000585 -0.7518398074789864 -5.77782607444679e-19
    outer loop
      vertex 23.6209517862609 16.231691675364043 0
      vertex 23.743883476483184 16.123883476483186 0
      vertex 23.743883476483184 16.123883476483186 1.6
    endloop
  endfacet
  facet normal -0.8968727415326886 -0.4422886902190004 2.37779167604388e-18
    outer loop
      vertex 23.94253175473055 15.865 0
      vertex 24.01484941563911 15.718354290456363 0
      vertex 24.01484941563911 15.718354290456363 1.6
    endloop
  endfacet
  facet normal -0.9469301294951059 -0.3214394653031609 1.9533228542043377e-18
    outer loop
      vertex 24.01484941563911 15.718354290456363 0
      vertex 24.067407282861335 15.563523806378152 0
      vertex 24.067407282861335 15.563523806378152 1.6
    endloop
  endfacet
  facet normal -0.8314696123025472 -0.5555702330195993 -9.138010036869304e-19
    outer loop
      vertex 23.851691675364044 16.000951786260902 0
      vertex 23.94253175473055 15.865 0
      vertex 23.94253175473055 15.865 1.6
    endloop
  endfacet
  facet normal -0.7518398074789757 -0.659345815100071 9.864335860222836e-19
    outer loop
      vertex 23.743883476483184 16.123883476483186 0
      vertex 23.851691675364044 16.000951786260902 0
      vertex 23.851691675364044 16.000951786260902 1.6
    endloop
  endfacet
  facet normal 0.4422886902190004 -0.8968727415326886 0
    outer loop
      vertex 22.235 16.322531754730548 0
      vertex 22.381645709543637 16.394849415639108 1.6
      vertex 22.235 16.322531754730548 1.6
    endloop
  endfacet
  facet normal 0.3214394653031609 -0.9469301294951059 0
    outer loop
      vertex 22.381645709543637 16.394849415639108 0
      vertex 22.536476193621848 16.447407282861334 1.6
      vertex 22.381645709543637 16.394849415639108 1.6
    endloop
  endfacet
  facet normal 0.19509032201614296 -0.9807852804032274 0
    outer loop
      vertex 22.536476193621848 16.447407282861334 0
      vertex 22.696842259724935 16.479306076717265 1.6
      vertex 22.536476193621848 16.447407282861334 1.6
    endloop
  endfacet
  facet normal 0.06540312923014453 -0.9978589232386035 0
    outer loop
      vertex 22.696842259724935 16.479306076717265 0
      vertex 22.86 16.490000000000002 1.6
      vertex 22.696842259724935 16.479306076717265 1.6
    endloop
  endfacet
  facet normal -0.06540312923014453 -0.9978589232386035 0
    outer loop
      vertex 22.86 16.490000000000002 0
      vertex 23.023157740275064 16.479306076717265 1.6
      vertex 22.86 16.490000000000002 1.6
    endloop
  endfacet
  facet normal -0.7518398074789757 -0.659345815100071 0
    outer loop
      vertex 23.743883476483184 16.123883476483186 0
      vertex 23.851691675364044 16.000951786260902 1.6
      vertex 23.743883476483184 16.123883476483186 1.6
    endloop
  endfacet
  facet normal -0.4422886902190004 -0.8968727415326886 0
    outer loop
      vertex 23.338354290456362 16.394849415639108 0
      vertex 23.485 16.322531754730548 1.6
      vertex 23.338354290456362 16.394849415639108 1.6
    endloop
  endfacet
  facet normal -0.19509032201614296 -0.9807852804032274 0
    outer loop
      vertex 23.023157740275064 16.479306076717265 0
      vertex 23.18352380637815 16.447407282861334 1.6
      vertex 23.023157740275064 16.479306076717265 1.6
    endloop
  endfacet
  facet normal -0.3214394653031609 -0.9469301294951059 0
    outer loop
      vertex 23.18352380637815 16.447407282861334 0
      vertex 23.338354290456362 16.394849415639108 1.6
      vertex 23.18352380637815 16.447407282861334 1.6
    endloop
  endfacet
  facet normal -0.5555702330196042 -0.8314696123025439 0
    outer loop
      vertex 23.485 16.322531754730548 0
      vertex 23.6209517862609 16.231691675364043 1.6
      vertex 23.485 16.322531754730548 1.6
    endloop
  endfacet
  facet normal -0.6593458151000585 -0.7518398074789864 0
    outer loop
      vertex 23.6209517862609 16.231691675364043 0
      vertex 23.743883476483184 16.123883476483186 1.6
      vertex 23.6209517862609 16.231691675364043 1.6
    endloop
  endfacet
  facet normal -0.8968727415326886 -0.4422886902190004 0
    outer loop
      vertex 23.94253175473055 15.865 0
      vertex 24.01484941563911 15.718354290456363 1.6
      vertex 23.94253175473055 15.865 1.6
    endloop
  endfacet
  facet normal -0.9469301294951059 -0.3214394653031609 0
    outer loop
      vertex 24.01484941563911 15.718354290456363 0
      vertex 24.067407282861335 15.563523806378152 1.6
      vertex 24.01484941563911 15.718354290456363 1.6
    endloop
  endfacet
  facet normal -0.8314696123025472 -0.5555702330195993 0
    outer loop
      vertex 23.851691675364044 16.000951786260902 0
      vertex 23.94253175473055 15.865 1.6
      vertex 23.851691675364044 16.000951786260902 1.6
    endloop
  endfacet
endsolid OpenSCAD_Model
