solid OpenSCAD_Model
  facet normal 0 0 -1
    outer loop
      vertex 3.25 -0.0310889132455352 2
      vertex 3.2034721532817243 0 2
      vertex 6.796527846718275 0 2
    endloop
  endfacet
  facet normal 0 0 -1
    outer loop
      vertex 3.25 -0.0310889132455352 2
      vertex 6.796527846718275 0 2
      vertex 3.6606079867221855 -0.23357836378950347 2
    endloop
  endfacet
  facet normal 0 0 -1
    outer loop
      vertex 4.094133342141177 -0.3807403920117389 2
      vertex 6.796527846718275 0 2
      vertex 4.543158327229819 -0.4700570148083365 2
    endloop
  endfacet
  facet normal 0 0 -1
    outer loop
      vertex 3.6606079867221855 -0.23357836378950347 2
      vertex 6.796527846718275 0 2
      vertex 4.094133342141177 -0.3807403920117389 2
    endloop
  endfacet
  facet normal 0 0 -1
    outer loop
      vertex 4.543158327229819 -0.4700570148083365 2
      vertex 6.796527846718275 0 2
      vertex 5 -0.5 2
    endloop
  endfacet
  facet normal 0 0 -1
    outer loop
      vertex 5 -0.5 2
      vertex 6.796527846718275 0 2
      vertex 5.456841672770181 -0.4700570148083365 2
    endloop
  endfacet
  facet normal 0 0 -1
    outer loop
      vertex 5.456841672770181 -0.4700570148083365 2
      vertex 6.796527846718275 0 2
      vertex 5.905866657858823 -0.3807403920117389 2
    endloop
  endfacet
  facet normal 0 0 -1
    outer loop
      vertex 5.905866657858823 -0.3807403920117389 2
      vertex 6.796527846718275 0 2
      vertex 6.3393920132778145 -0.23357836378950347 2
    endloop
  endfacet
  facet normal 0 0 -1
    outer loop
      vertex 6.3393920132778145 -0.23357836378950347 2
      vertex 6.796527846718275 0 2
      vertex 6.75 -0.0310889132455352 2
    endloop
  endfacet
  facet normal -0.19509032201612891 0.9807852804032302 4.1010098048792233e-19
    outer loop
      vertex 4.094133342141177 6.380740392011739 2
      vertex 4.279609590820565 6.417633911729254 7
      vertex 4.279609590820565 6.417633911729254 2
    endloop
  endfacet
  facet normal 0.9807852804032292 -0.1950903220161348 -2.6941221209029357e-19
    outer loop
      vertex 8.380740392011738 2.0941333421411774 2
      vertex 8.417633911729254 2.279609590820564 2
      vertex 8.417633911729254 2.279609590820564 7
    endloop
  endfacet
  facet normal -0.6593458151000692 -0.751839807478977 1.5584731926485684e-19
    outer loop
      vertex 2.5251262658470837 0.5251262658470837 2
      vertex 2.8693349984694776 0.2232633089806768 2
      vertex 2.8693349984694776 0.2232633089806768 12
    endloop
  endfacet
  facet normal -0.751839807478977 -0.6593458151000692 0
    outer loop
      vertex 2.223263308980677 0.8693349984694776 2
      vertex 2.5251262658470837 0.5251262658470837 2
      vertex 2.223263308980677 0.8693349984694776 12
    endloop
  endfacet
  facet normal -0.8314696123025456 -0.5555702330196017 -1.0177762386749489e-18
    outer loop
      vertex 2 1.2034721532817245 2
      vertex 2.223263308980677 0.8693349984694776 2
      vertex 2.223263308980677 0.8693349984694776 12
    endloop
  endfacet
  facet normal -0.5555702330196 -0.8314696123025467 0
    outer loop
      vertex 3.25 -0.0310889132455352 2
      vertex 3.25 -0.0310889132455352 12
      vertex 3.2034721532817243 0 2
    endloop
  endfacet
  facet normal -0.5555702330196021 -0.8314696123025453 1.3155529140102888e-17
    outer loop
      vertex 2.8693349984694776 0.2232633089806768 2
      vertex 3.2034721532817243 0 2
      vertex 3.25 -0.0310889132455352 12
    endloop
  endfacet
  facet normal -0.44228869021900136 -0.8968727415326881 1.2869607490830527e-18
    outer loop
      vertex 3.25 -0.0310889132455352 2
      vertex 3.6606079867221855 -0.23357836378950347 2
      vertex 3.6606079867221855 -0.23357836378950347 12
    endloop
  endfacet
  facet normal -0.32143946530316175 -0.9469301294951055 1.4416189158212986e-18
    outer loop
      vertex 3.6606079867221855 -0.23357836378950347 2
      vertex 4.094133342141177 -0.3807403920117389 2
      vertex 4.094133342141177 -0.3807403920117389 12
    endloop
  endfacet
  facet normal -0.19509032201612847 -0.9807852804032304 1.033331281345438e-19
    outer loop
      vertex 4.094133342141177 -0.3807403920117389 2
      vertex 4.543158327229819 -0.4700570148083365 2
      vertex 4.543158327229819 -0.4700570148083365 12
    endloop
  endfacet
  facet normal -0.06540312923014291 -0.9978589232386036 1.6137251827378852e-21
    outer loop
      vertex 4.543158327229819 -0.4700570148083365 2
      vertex 5 -0.5 2
      vertex 5 -0.5 12
    endloop
  endfacet
  facet normal 0.06540312923014291 -0.9978589232386036 -1.6137251827378852e-21
    outer loop
      vertex 5 -0.5 2
      vertex 5.456841672770181 -0.4700570148083365 2
      vertex 5.456841672770181 -0.4700570148083365 12
    endloop
  endfacet
  facet normal -0.8314696123025453 0.5555702330196021 0
    outer loop
      vertex 2 4.796527846718275 2
      vertex 2 4.796527846718275 12
      vertex 2.223263308980677 5.130665001530522 2
    endloop
  endfacet
  facet normal -0.751839807478978 0.6593458151000683 8.11820588827447e-19
    outer loop
      vertex 2.223263308980677 5.130665001530522 2
      vertex 2.5251262658470837 5.474873734152917 12
      vertex 2.5251262658470837 5.474873734152917 2
    endloop
  endfacet
  facet normal -0.6593458151000686 0.7518398074789775 0
    outer loop
      vertex 2.5251262658470837 5.474873734152917 2
      vertex 2.5251262658470837 5.474873734152917 12
      vertex 2.8693349984694776 5.776736691019323 2
    endloop
  endfacet
  facet normal -0.5555702330196012 0.831469612302546 0
    outer loop
      vertex 2.8693349984694776 5.776736691019323 2
      vertex 2.8693349984694776 5.776736691019323 12
      vertex 3.25 6.031088913245535 2
    endloop
  endfacet
  facet normal -0.44228869021900136 0.8968727415326881 0
    outer loop
      vertex 3.25 6.031088913245535 2
      vertex 3.25 6.031088913245535 12
      vertex 3.6606079867221855 6.233578363789503 2
    endloop
  endfacet
  facet normal -0.32143946530316264 0.9469301294951054 0
    outer loop
      vertex 3.6606079867221855 6.233578363789503 2
      vertex 3.6606079867221855 6.233578363789503 12
      vertex 4.094133342141177 6.380740392011739 2
    endloop
  endfacet
  facet normal 0.19509032201612847 -0.9807852804032304 -1.033331281345438e-19
    outer loop
      vertex 5.456841672770181 -0.4700570148083365 2
      vertex 5.905866657858823 -0.3807403920117389 2
      vertex 5.905866657858823 -0.3807403920117389 12
    endloop
  endfacet
  facet normal 0.32143946530316175 -0.9469301294951055 -1.4416189158212986e-18
    outer loop
      vertex 5.905866657858823 -0.3807403920117389 2
      vertex 6.3393920132778145 -0.23357836378950347 2
      vertex 6.3393920132778145 -0.23357836378950347 12
    endloop
  endfacet
  facet normal 0.44228869021900136 -0.8968727415326881 -1.2869607490830527e-18
    outer loop
      vertex 6.3393920132778145 -0.23357836378950347 2
      vertex 6.75 -0.0310889132455352 2
      vertex 6.75 -0.0310889132455352 12
    endloop
  endfacet
  facet normal 0.5555702330196037 -0.8314696123025443 -7.898433344113844e-17
    outer loop
      vertex 6.75 -0.0310889132455352 2
      vertex 6.796527846718275 0 2
      vertex 7.130665001530522 0.2232633089806768 12
    endloop
  endfacet
  facet normal 0.5555702330196021 -0.8314696123025453 -9.582810523362225e-19
    outer loop
      vertex 6.796527846718275 0 2
      vertex 7.130665001530522 0.2232633089806768 2
      vertex 7.130665001530522 0.2232633089806768 12
    endloop
  endfacet
  facet normal 0.6593458151000683 -0.751839807478978 8.11820588827447e-19
    outer loop
      vertex 7.130665001530522 0.2232633089806768 2
      vertex 7.474873734152917 0.5251262658470837 2
      vertex 7.474873734152917 0.5251262658470837 12
    endloop
  endfacet
  facet normal 0.7518398074789775 -0.6593458151000686 0
    outer loop
      vertex 7.474873734152917 0.5251262658470837 2
      vertex 7.776736691019323 0.8693349984694776 2
      vertex 7.474873734152917 0.5251262658470837 12
    endloop
  endfacet
  facet normal 0.831469612302546 -0.5555702330196012 0
    outer loop
      vertex 7.776736691019323 0.8693349984694776 2
      vertex 8.031088913245535 1.25 2
      vertex 7.776736691019323 0.8693349984694776 12
    endloop
  endfacet
  facet normal 0.8968727415326884 -0.44228869021900125 0
    outer loop
      vertex 8.031088913245535 1.25 2
      vertex 8.233578363789503 1.6606079867221857 2
      vertex 8.031088913245535 1.25 12
    endloop
  endfacet
  facet normal 0.9469301294951059 -0.3214394653031608 0
    outer loop
      vertex 8.233578363789503 1.6606079867221857 2
      vertex 8.380740392011738 2.0941333421411774 2
      vertex 8.233578363789503 1.6606079867221857 12
    endloop
  endfacet
  facet normal -0.19509032201612891 0.9807852804032302 0
    outer loop
      vertex 4.094133342141177 6.380740392011739 2
      vertex 4.094133342141177 6.380740392011739 12
      vertex 4.279609590820565 6.417633911729254 7
    endloop
  endfacet
  facet normal 0.9807852804032292 -0.1950903220161348 0
    outer loop
      vertex 8.380740392011738 2.0941333421411774 2
      vertex 8.417633911729254 2.279609590820564 7
      vertex 8.380740392011738 2.0941333421411774 12
    endloop
  endfacet
  facet normal -0.6593458151000692 -0.751839807478977 0
    outer loop
      vertex 2.5251262658470837 0.5251262658470837 2
      vertex 2.8693349984694776 0.2232633089806768 12
      vertex 2.5251262658470837 0.5251262658470837 12
    endloop
  endfacet
  facet normal -0.8314696123025456 -0.5555702330196017 0
    outer loop
      vertex 2 1.2034721532817245 2
      vertex 2.223263308980677 0.8693349984694776 12
      vertex 2 1.2034721532817245 12
    endloop
  endfacet
  facet normal -0.751839807478977 -0.6593458151000692 0
    outer loop
      vertex 2.5251262658470837 0.5251262658470837 2
      vertex 2.5251262658470837 0.5251262658470837 12
      vertex 2.223263308980677 0.8693349984694776 12
    endloop
  endfacet
  facet normal -0.44228869021900136 -0.8968727415326881 0
    outer loop
      vertex 3.25 -0.0310889132455352 2
      vertex 3.6606079867221855 -0.23357836378950347 12
      vertex 3.25 -0.0310889132455352 12
    endloop
  endfacet
  facet normal -0.5555702330196017 -0.8314696123025456 0
    outer loop
      vertex 2.8693349984694776 0.2232633089806768 2
      vertex 3.25 -0.0310889132455352 12
      vertex 2.8693349984694776 0.2232633089806768 12
    endloop
  endfacet
  facet normal -0.32143946530316175 -0.9469301294951055 0
    outer loop
      vertex 3.6606079867221855 -0.23357836378950347 2
      vertex 4.094133342141177 -0.3807403920117389 12
      vertex 3.6606079867221855 -0.23357836378950347 12
    endloop
  endfacet
  facet normal -0.19509032201612847 -0.9807852804032304 0
    outer loop
      vertex 4.094133342141177 -0.3807403920117389 2
      vertex 4.543158327229819 -0.4700570148083365 12
      vertex 4.094133342141177 -0.3807403920117389 12
    endloop
  endfacet
  facet normal -0.06540312923014291 -0.9978589232386036 0
    outer loop
      vertex 4.543158327229819 -0.4700570148083365 2
      vertex 5 -0.5 12
      vertex 4.543158327229819 -0.4700570148083365 12
    endloop
  endfacet
  facet normal 0.06540312923014291 -0.9978589232386036 0
    outer loop
      vertex 5 -0.5 2
      vertex 5.456841672770181 -0.4700570148083365 12
      vertex 5 -0.5 12
    endloop
  endfacet
  facet normal -0.8314696123025453 0.5555702330196021 0
    outer loop
      vertex 2.223263308980677 5.130665001530522 2
      vertex 2 4.796527846718275 12
      vertex 2.223263308980677 5.130665001530522 12
    endloop
  endfacet
  facet normal -0.751839807478978 0.6593458151000683 0
    outer loop
      vertex 2.223263308980677 5.130665001530522 2
      vertex 2.223263308980677 5.130665001530522 12
      vertex 2.5251262658470837 5.474873734152917 12
    endloop
  endfacet
  facet normal -0.6593458151000686 0.7518398074789775 0
    outer loop
      vertex 2.8693349984694776 5.776736691019323 2
      vertex 2.5251262658470837 5.474873734152917 12
      vertex 2.8693349984694776 5.776736691019323 12
    endloop
  endfacet
  facet normal -0.5555702330196012 0.831469612302546 0
    outer loop
      vertex 3.25 6.031088913245535 2
      vertex 2.8693349984694776 5.776736691019323 12
      vertex 3.25 6.031088913245535 12
    endloop
  endfacet
  facet normal -0.44228869021900136 0.8968727415326881 0
    outer loop
      vertex 3.6606079867221855 6.233578363789503 2
      vertex 3.25 6.031088913245535 12
      vertex 3.6606079867221855 6.233578363789503 12
    endloop
  endfacet
  facet normal -0.32143946530316264 0.9469301294951054 0
    outer loop
      vertex 4.094133342141177 6.380740392011739 2
      vertex 3.6606079867221855 6.233578363789503 12
      vertex 4.094133342141177 6.380740392011739 12
    endloop
  endfacet
  facet normal -0.19509032201612816 0.9807852804032304 2.9279598961937426e-17
    outer loop
      vertex 4.094133342141177 6.380740392011739 12
      vertex 4.543158327229819 6.4700570148083365 7
      vertex 4.279609590820565 6.417633911729254 7
    endloop
  endfacet
  facet normal -0.06540312923014291 0.9978589232386036 0
    outer loop
      vertex 4.543158327229819 6.4700570148083365 12
      vertex 5 6.5 7
      vertex 4.543158327229819 6.4700570148083365 7
    endloop
  endfacet
  facet normal 0.06540312923014291 0.9978589232386036 0
    outer loop
      vertex 5 6.5 12
      vertex 5.456841672770181 6.4700570148083365 7
      vertex 5 6.5 7
    endloop
  endfacet
  facet normal 0.19509032201612847 -0.9807852804032304 0
    outer loop
      vertex 5.456841672770181 -0.4700570148083365 2
      vertex 5.905866657858823 -0.3807403920117389 12
      vertex 5.456841672770181 -0.4700570148083365 12
    endloop
  endfacet
  facet normal 0.32143946530316175 -0.9469301294951055 0
    outer loop
      vertex 5.905866657858823 -0.3807403920117389 2
      vertex 6.3393920132778145 -0.23357836378950347 12
      vertex 5.905866657858823 -0.3807403920117389 12
    endloop
  endfacet
  facet normal 0.44228869021900136 -0.8968727415326881 0
    outer loop
      vertex 6.3393920132778145 -0.23357836378950347 2
      vertex 6.75 -0.0310889132455352 12
      vertex 6.3393920132778145 -0.23357836378950347 12
    endloop
  endfacet
  facet normal 0.5555702330196022 -0.8314696123025452 0
    outer loop
      vertex 6.75 -0.0310889132455352 2
      vertex 7.130665001530522 0.2232633089806768 12
      vertex 6.75 -0.0310889132455352 12
    endloop
  endfacet
  facet normal 0.6593458151000683 -0.751839807478978 0
    outer loop
      vertex 7.130665001530522 0.2232633089806768 2
      vertex 7.474873734152917 0.5251262658470837 12
      vertex 7.130665001530522 0.2232633089806768 12
    endloop
  endfacet
  facet normal 0.7518398074789775 -0.6593458151000686 0
    outer loop
      vertex 7.776736691019323 0.8693349984694776 2
      vertex 7.776736691019323 0.8693349984694776 12
      vertex 7.474873734152917 0.5251262658470837 12
    endloop
  endfacet
  facet normal 0.831469612302546 -0.5555702330196012 0
    outer loop
      vertex 8.031088913245535 1.25 2
      vertex 8.031088913245535 1.25 12
      vertex 7.776736691019323 0.8693349984694776 12
    endloop
  endfacet
  facet normal 0.8968727415326884 -0.44228869021900125 0
    outer loop
      vertex 8.233578363789503 1.6606079867221857 2
      vertex 8.233578363789503 1.6606079867221857 12
      vertex 8.031088913245535 1.25 12
    endloop
  endfacet
  facet normal 0.9469301294951059 -0.3214394653031608 0
    outer loop
      vertex 8.380740392011738 2.0941333421411774 2
      vertex 8.380740392011738 2.0941333421411774 12
      vertex 8.233578363789503 1.6606079867221857 12
    endloop
  endfacet
  facet normal 0.9807852804032307 -0.19509032201612755 0
    outer loop
      vertex 8.470057014808337 2.5431583272298193 12
      vertex 8.417633911729254 2.279609590820564 7
      vertex 8.470057014808337 2.5431583272298193 7
    endloop
  endfacet
  facet normal 0.9978589232386036 -0.06540312923014291 0
    outer loop
      vertex 8.5 3 12
      vertex 8.470057014808337 2.5431583272298193 7
      vertex 8.5 3 7
    endloop
  endfacet
  facet normal 0.9978589232386036 0.06540312923014291 0
    outer loop
      vertex 8.470057014808337 3.4568416727701807 12
      vertex 8.5 3 7
      vertex 8.470057014808337 3.4568416727701807 7
    endloop
  endfacet
  facet normal 0.98078528040323 0.19509032201613052 0
    outer loop
      vertex 8.380740392011738 3.9058666578588226 12
      vertex 8.470057014808337 3.4568416727701807 7
      vertex 8.380740392011738 3.9058666578588226 7
    endloop
  endfacet
  facet normal 0.44228869021900136 0.8968727415326881 0
    outer loop
      vertex 6.3393920132778145 6.233578363789503 12
      vertex 6.75 6.031088913245535 7
      vertex 6.3393920132778145 6.233578363789503 7
    endloop
  endfacet
  facet normal 0.5555702330196015 0.8314696123025457 0
    outer loop
      vertex 6.75 6.031088913245535 12
      vertex 7.130665001530522 5.776736691019323 7
      vertex 6.75 6.031088913245535 7
    endloop
  endfacet
  facet normal 0.8314696123025457 0.5555702330196015 0
    outer loop
      vertex 7.776736691019323 5.130665001530522 12
      vertex 8.031088913245535 4.75 7
      vertex 7.776736691019323 5.130665001530522 7
    endloop
  endfacet
  facet normal 0.8968727415326881 0.44228869021900136 0
    outer loop
      vertex 8.031088913245535 4.75 12
      vertex 8.233578363789503 4.3393920132778145 7
      vertex 8.031088913245535 4.75 7
    endloop
  endfacet
  facet normal 0.7518398074789785 0.6593458151000677 0
    outer loop
      vertex 7.474873734152917 5.474873734152917 12
      vertex 7.776736691019323 5.130665001530522 7
      vertex 7.474873734152917 5.474873734152917 7
    endloop
  endfacet
  facet normal 0.6593458151000677 0.7518398074789785 0
    outer loop
      vertex 7.130665001530522 5.776736691019323 12
      vertex 7.474873734152917 5.474873734152917 7
      vertex 7.130665001530522 5.776736691019323 7
    endloop
  endfacet
  facet normal 0.19509032201612847 0.9807852804032304 0
    outer loop
      vertex 5.456841672770181 6.4700570148083365 12
      vertex 5.905866657858823 6.380740392011739 7
      vertex 5.456841672770181 6.4700570148083365 7
    endloop
  endfacet
  facet normal 0.32143946530316264 0.9469301294951054 0
    outer loop
      vertex 5.905866657858823 6.380740392011739 12
      vertex 6.3393920132778145 6.233578363789503 7
      vertex 5.905866657858823 6.380740392011739 7
    endloop
  endfacet
  facet normal 0.9469301294951059 0.3214394653031606 0
    outer loop
      vertex 8.233578363789503 4.3393920132778145 12
      vertex 8.380740392011738 3.9058666578588226 7
      vertex 8.233578363789503 4.3393920132778145 7
    endloop
  endfacet
  facet normal -0.19509032201612847 0.9807852804032304 -2.066662562690876e-19
    outer loop
      vertex 4.094133342141177 6.380740392011739 12
      vertex 4.543158327229819 6.4700570148083365 12
      vertex 4.543158327229819 6.4700570148083365 7
    endloop
  endfacet
  facet normal -0.06540312923014291 0.9978589232386036 -3.2274503654757704e-21
    outer loop
      vertex 4.543158327229819 6.4700570148083365 12
      vertex 5 6.5 12
      vertex 5 6.5 7
    endloop
  endfacet
  facet normal 0.06540312923014291 0.9978589232386036 3.2274503654757704e-21
    outer loop
      vertex 5 6.5 12
      vertex 5.456841672770181 6.4700570148083365 12
      vertex 5.456841672770181 6.4700570148083365 7
    endloop
  endfacet
  facet normal 0.98078528040323 -0.19509032201613052 1.6454711572480366e-16
    outer loop
      vertex 8.380740392011738 2.0941333421411774 12
      vertex 8.417633911729254 2.279609590820564 7
      vertex 8.470057014808337 2.5431583272298193 12
    endloop
  endfacet
  facet normal 0.9978589232386036 -0.06540312923014291 0
    outer loop
      vertex 8.470057014808337 2.5431583272298193 12
      vertex 8.470057014808337 2.5431583272298193 7
      vertex 8.5 3 12
    endloop
  endfacet
  facet normal 0.9978589232386036 0.06540312923014291 0
    outer loop
      vertex 8.5 3 12
      vertex 8.5 3 7
      vertex 8.470057014808337 3.4568416727701807 12
    endloop
  endfacet
  facet normal 0.98078528040323 0.19509032201613052 0
    outer loop
      vertex 8.470057014808337 3.4568416727701807 12
      vertex 8.470057014808337 3.4568416727701807 7
      vertex 8.380740392011738 3.9058666578588226 12
    endloop
  endfacet
  facet normal 0.44228869021900136 0.8968727415326881 2.5739214981661054e-18
    outer loop
      vertex 6.3393920132778145 6.233578363789503 12
      vertex 6.75 6.031088913245535 12
      vertex 6.75 6.031088913245535 7
    endloop
  endfacet
  facet normal 0.8968727415326881 0.44228869021900136 0
    outer loop
      vertex 8.233578363789503 4.3393920132778145 12
      vertex 8.233578363789503 4.3393920132778145 7
      vertex 8.031088913245535 4.75 12
    endloop
  endfacet
  facet normal 0.8314696123025457 0.5555702330196015 0
    outer loop
      vertex 8.031088913245535 4.75 12
      vertex 8.031088913245535 4.75 7
      vertex 7.776736691019323 5.130665001530522 12
    endloop
  endfacet
  facet normal 0.6593458151000677 0.7518398074789785 0
    outer loop
      vertex 7.474873734152917 5.474873734152917 12
      vertex 7.474873734152917 5.474873734152917 7
      vertex 7.130665001530522 5.776736691019323 12
    endloop
  endfacet
  facet normal 0.5555702330196015 0.8314696123025457 2.580237817689948e-18
    outer loop
      vertex 6.75 6.031088913245535 12
      vertex 7.130665001530522 5.776736691019323 12
      vertex 7.130665001530522 5.776736691019323 7
    endloop
  endfacet
  facet normal 0.7518398074789785 0.6593458151000677 -1.5346466556540937e-18
    outer loop
      vertex 7.474873734152917 5.474873734152917 12
      vertex 7.776736691019323 5.130665001530522 12
      vertex 7.776736691019323 5.130665001530522 7
    endloop
  endfacet
  facet normal 0.19509032201612847 0.9807852804032304 2.066662562690876e-19
    outer loop
      vertex 5.456841672770181 6.4700570148083365 12
      vertex 5.905866657858823 6.380740392011739 12
      vertex 5.905866657858823 6.380740392011739 7
    endloop
  endfacet
  facet normal 0.32143946530316264 0.9469301294951054 -2.408204501895977e-18
    outer loop
      vertex 5.905866657858823 6.380740392011739 12
      vertex 6.3393920132778145 6.233578363789503 12
      vertex 6.3393920132778145 6.233578363789503 7
    endloop
  endfacet
  facet normal 0.9469301294951059 0.3214394653031606 -2.1872990982861616e-18
    outer loop
      vertex 8.233578363789503 4.3393920132778145 12
      vertex 8.380740392011738 3.9058666578588226 12
      vertex 8.380740392011738 3.9058666578588226 7
    endloop
  endfacet
  facet normal 0 0 1
    outer loop
      vertex 2.223263308980677 0.8693349984694776 12
      vertex 2.5251262658470837 0.5251262658470837 12
      vertex 2.223263308980677 5.130665001530522 12
    endloop
  endfacet
  facet normal 0 0 1
    outer loop
      vertex 2.5251262658470837 0.5251262658470837 12
      vertex 2.8693349984694776 0.2232633089806768 12
      vertex 2.5251262658470837 5.474873734152917 12
    endloop
  endfacet
  facet normal 0 0 1
    outer loop
      vertex 2 1.2034721532817245 12
      vertex 2.223263308980677 0.8693349984694776 12
      vertex 2.223263308980677 5.130665001530522 12
    endloop
  endfacet
  facet normal 0 0 1
    outer loop
      vertex 2 1.2034721532817245 12
      vertex 2.223263308980677 5.130665001530522 12
      vertex 2 4.796527846718275 12
    endloop
  endfacet
  facet normal 0 0 1
    outer loop
      vertex 2.5251262658470837 0.5251262658470837 12
      vertex 2.5251262658470837 5.474873734152917 12
      vertex 2.223263308980677 5.130665001530522 12
    endloop
  endfacet
  facet normal 0 0 1
    outer loop
      vertex 2.8693349984694776 0.2232633089806768 12
      vertex 2.8693349984694776 5.776736691019323 12
      vertex 2.5251262658470837 5.474873734152917 12
    endloop
  endfacet
  facet normal 0 0 1
    outer loop
      vertex 3.6606079867221855 -0.23357836378950347 12
      vertex 4.094133342141177 -0.3807403920117389 12
      vertex 3.8451505843608915 2.5216457095436375 12
    endloop
  endfacet
  facet normal 0 0 1
    outer loop
      vertex 3.6606079867221855 -0.23357836378950347 12
      vertex 3.8451505843608915 2.5216457095436375 12
      vertex 3.792592717138665 2.6764761936218493 12
    endloop
  endfacet
  facet normal 0 0 1
    outer loop
      vertex 4.094133342141177 -0.3807403920117389 12
      vertex 4.008308324635956 2.2390482137390992 12
      vertex 3.917468245269452 2.375 12
    endloop
  endfacet
  facet normal 0 0 1
    outer loop
      vertex 4.094133342141177 -0.3807403920117389 12
      vertex 4.116116523516816 2.1161165235168156 12
      vertex 4.008308324635956 2.2390482137390992 12
    endloop
  endfacet
  facet normal 0 0 1
    outer loop
      vertex 4.094133342141177 -0.3807403920117389 12
      vertex 3.917468245269452 2.375 12
      vertex 3.8451505843608915 2.5216457095436375 12
    endloop
  endfacet
  facet normal 0 0 1
    outer loop
      vertex 4.094133342141177 -0.3807403920117389 12
      vertex 4.543158327229819 -0.4700570148083365 12
      vertex 4.375 1.9174682452694518 12
    endloop
  endfacet
  facet normal 0 0 1
    outer loop
      vertex 4.543158327229819 -0.4700570148083365 12
      vertex 5 -0.5 12
      vertex 4.836842259724936 1.760693923282737 12
    endloop
  endfacet
  facet normal 0 0 1
    outer loop
      vertex 5 -0.5 12
      vertex 5.456841672770181 -0.4700570148083365 12
      vertex 5.163157740275064 1.760693923282737 12
    endloop
  endfacet
  facet normal 0 0 1
    outer loop
      vertex 4.543158327229819 -0.4700570148083365 12
      vertex 4.5216457095436375 1.8451505843608915 12
      vertex 4.375 1.9174682452694518 12
    endloop
  endfacet
  facet normal 0 0 1
    outer loop
      vertex 4.543158327229819 -0.4700570148083365 12
      vertex 4.676476193621849 1.7925927171386646 12
      vertex 4.5216457095436375 1.8451505843608915 12
    endloop
  endfacet
  facet normal 0 0 1
    outer loop
      vertex 4.543158327229819 -0.4700570148083365 12
      vertex 4.836842259724936 1.760693923282737 12
      vertex 4.676476193621849 1.7925927171386646 12
    endloop
  endfacet
  facet normal 0 0 1
    outer loop
      vertex 4.094133342141177 -0.3807403920117389 12
      vertex 4.2390482137391 2.008308324635956 12
      vertex 4.116116523516816 2.1161165235168156 12
    endloop
  endfacet
  facet normal 0 0 1
    outer loop
      vertex 4.094133342141177 -0.3807403920117389 12
      vertex 4.375 1.9174682452694518 12
      vertex 4.2390482137391 2.008308324635956 12
    endloop
  endfacet
  facet normal 0 0 1
    outer loop
      vertex 5 -0.5 12
      vertex 5 1.75 12
      vertex 4.836842259724936 1.760693923282737 12
    endloop
  endfacet
  facet normal 0 0 1
    outer loop
      vertex 5 -0.5 12
      vertex 5.163157740275064 1.760693923282737 12
      vertex 5 1.75 12
    endloop
  endfacet
  facet normal 0 0 1
    outer loop
      vertex 5.456841672770181 -0.4700570148083365 12
      vertex 5.323523806378151 1.7925927171386646 12
      vertex 5.163157740275064 1.760693923282737 12
    endloop
  endfacet
  facet normal 0 0 1
    outer loop
      vertex 2.8693349984694776 0.2232633089806768 12
      vertex 3.25 -0.0310889132455352 12
      vertex 2.8693349984694776 5.776736691019323 12
    endloop
  endfacet
  facet normal 0 0 1
    outer loop
      vertex 3.25 -0.0310889132455352 12
      vertex 3.6606079867221855 -0.23357836378950347 12
      vertex 3.25 6.031088913245535 12
    endloop
  endfacet
  facet normal 0 0 1
    outer loop
      vertex 3.6606079867221855 -0.23357836378950347 12
      vertex 3.792592717138665 2.6764761936218493 12
      vertex 3.760693923282737 2.8368422597249356 12
    endloop
  endfacet
  facet normal 0 0 1
    outer loop
      vertex 3.6606079867221855 -0.23357836378950347 12
      vertex 3.760693923282737 2.8368422597249356 12
      vertex 3.75 3 12
    endloop
  endfacet
  facet normal 0 0 1
    outer loop
      vertex 3.25 -0.0310889132455352 12
      vertex 3.25 6.031088913245535 12
      vertex 2.8693349984694776 5.776736691019323 12
    endloop
  endfacet
  facet normal 0 0 1
    outer loop
      vertex 3.6606079867221855 -0.23357836378950347 12
      vertex 3.75 3 12
      vertex 3.6606079867221855 6.233578363789503 12
    endloop
  endfacet
  facet normal 0 0 1
    outer loop
      vertex 3.6606079867221855 -0.23357836378950347 12
      vertex 3.6606079867221855 6.233578363789503 12
      vertex 3.25 6.031088913245535 12
    endloop
  endfacet
  facet normal 0 0 1
    outer loop
      vertex 3.75 3 12
      vertex 3.760693923282737 3.1631577402750644 12
      vertex 3.6606079867221855 6.233578363789503 12
    endloop
  endfacet
  facet normal 0 0 1
    outer loop
      vertex 3.760693923282737 3.1631577402750644 12
      vertex 3.792592717138665 3.3235238063781507 12
      vertex 3.6606079867221855 6.233578363789503 12
    endloop
  endfacet
  facet normal 0 0 1
    outer loop
      vertex 3.792592717138665 3.3235238063781507 12
      vertex 3.8451505843608915 3.4783542904563625 12
      vertex 3.6606079867221855 6.233578363789503 12
    endloop
  endfacet
  facet normal 0 0 1
    outer loop
      vertex 3.8451505843608915 3.4783542904563625 12
      vertex 3.917468245269452 3.625 12
      vertex 3.6606079867221855 6.233578363789503 12
    endloop
  endfacet
  facet normal 0 0 1
    outer loop
      vertex 3.917468245269452 3.625 12
      vertex 4.008308324635956 3.7609517862609008 12
      vertex 3.6606079867221855 6.233578363789503 12
    endloop
  endfacet
  facet normal 0 0 1
    outer loop
      vertex 4.008308324635956 3.7609517862609008 12
      vertex 4.116116523516816 3.8838834764831844 12
      vertex 3.6606079867221855 6.233578363789503 12
    endloop
  endfacet
  facet normal 0 0 1
    outer loop
      vertex 4.116116523516816 3.8838834764831844 12
      vertex 4.094133342141177 6.380740392011739 12
      vertex 3.6606079867221855 6.233578363789503 12
    endloop
  endfacet
  facet normal 0 0 1
    outer loop
      vertex 4.116116523516816 3.8838834764831844 12
      vertex 4.2390482137391 3.991691675364044 12
      vertex 4.094133342141177 6.380740392011739 12
    endloop
  endfacet
  facet normal 0 0 1
    outer loop
      vertex 4.2390482137391 3.991691675364044 12
      vertex 4.375 4.082531754730548 12
      vertex 4.094133342141177 6.380740392011739 12
    endloop
  endfacet
  facet normal 0 0 1
    outer loop
      vertex 4.375 4.082531754730548 12
      vertex 4.5216457095436375 4.1548494156391085 12
      vertex 4.094133342141177 6.380740392011739 12
    endloop
  endfacet
  facet normal 0 0 1
    outer loop
      vertex 4.5216457095436375 4.1548494156391085 12
      vertex 4.676476193621849 4.207407282861335 12
      vertex 4.094133342141177 6.380740392011739 12
    endloop
  endfacet
  facet normal 0 0 1
    outer loop
      vertex 4.676476193621849 4.207407282861335 12
      vertex 4.836842259724936 4.239306076717263 12
      vertex 4.543158327229819 6.4700570148083365 12
    endloop
  endfacet
  facet normal 0 0 1
    outer loop
      vertex 4.836842259724936 4.239306076717263 12
      vertex 5 4.25 12
      vertex 5 6.5 12
    endloop
  endfacet
  facet normal 0 0 1
    outer loop
      vertex 5 4.25 12
      vertex 5.163157740275064 4.239306076717263 12
      vertex 5 6.5 12
    endloop
  endfacet
  facet normal 0 0 1
    outer loop
      vertex 5.163157740275064 4.239306076717263 12
      vertex 5.323523806378151 4.207407282861335 12
      vertex 5.456841672770181 6.4700570148083365 12
    endloop
  endfacet
  facet normal 0 0 1
    outer loop
      vertex 5.323523806378151 4.207407282861335 12
      vertex 5.4783542904563625 4.1548494156391085 12
      vertex 5.456841672770181 6.4700570148083365 12
    endloop
  endfacet
  facet normal 0 0 1
    outer loop
      vertex 4.676476193621849 4.207407282861335 12
      vertex 4.543158327229819 6.4700570148083365 12
      vertex 4.094133342141177 6.380740392011739 12
    endloop
  endfacet
  facet normal 0 0 1
    outer loop
      vertex 4.836842259724936 4.239306076717263 12
      vertex 5 6.5 12
      vertex 4.543158327229819 6.4700570148083365 12
    endloop
  endfacet
  facet normal 0 0 1
    outer loop
      vertex 5.163157740275064 4.239306076717263 12
      vertex 5.456841672770181 6.4700570148083365 12
      vertex 5 6.5 12
    endloop
  endfacet
  facet normal 0 0 1
    outer loop
      vertex 5.456841672770181 -0.4700570148083365 12
      vertex 5.905866657858823 -0.3807403920117389 12
      vertex 5.323523806378151 1.7925927171386646 12
    endloop
  endfacet
  facet normal 0 0 1
    outer loop
      vertex 5.905866657858823 -0.3807403920117389 12
      vertex 6.3393920132778145 -0.23357836378950347 12
      vertex 5.883883476483184 2.1161165235168156 12
    endloop
  endfacet
  facet normal 0 0 1
    outer loop
      vertex 5.323523806378151 1.7925927171386646 12
      vertex 5.905866657858823 -0.3807403920117389 12
      vertex 5.4783542904563625 1.8451505843608915 12
    endloop
  endfacet
  facet normal 0 0 1
    outer loop
      vertex 5.4783542904563625 1.8451505843608915 12
      vertex 5.905866657858823 -0.3807403920117389 12
      vertex 5.625 1.9174682452694518 12
    endloop
  endfacet
  facet normal 0 0 1
    outer loop
      vertex 5.905866657858823 -0.3807403920117389 12
      vertex 5.7609517862609 2.008308324635956 12
      vertex 5.625 1.9174682452694518 12
    endloop
  endfacet
  facet normal 0 0 1
    outer loop
      vertex 5.905866657858823 -0.3807403920117389 12
      vertex 5.883883476483184 2.1161165235168156 12
      vertex 5.7609517862609 2.008308324635956 12
    endloop
  endfacet
  facet normal 0 0 1
    outer loop
      vertex 6.3393920132778145 -0.23357836378950347 12
      vertex 5.991691675364044 2.2390482137390992 12
      vertex 5.883883476483184 2.1161165235168156 12
    endloop
  endfacet
  facet normal 0 0 1
    outer loop
      vertex 6.3393920132778145 -0.23357836378950347 12
      vertex 6.082531754730548 2.375 12
      vertex 5.991691675364044 2.2390482137390992 12
    endloop
  endfacet
  facet normal 0 0 1
    outer loop
      vertex 6.3393920132778145 -0.23357836378950347 12
      vertex 6.1548494156391085 2.5216457095436375 12
      vertex 6.082531754730548 2.375 12
    endloop
  endfacet
  facet normal 0 0 1
    outer loop
      vertex 6.3393920132778145 -0.23357836378950347 12
      vertex 6.207407282861335 2.6764761936218493 12
      vertex 6.1548494156391085 2.5216457095436375 12
    endloop
  endfacet
  facet normal 0 0 1
    outer loop
      vertex 6.3393920132778145 -0.23357836378950347 12
      vertex 6.239306076717263 2.8368422597249356 12
      vertex 6.207407282861335 2.6764761936218493 12
    endloop
  endfacet
  facet normal 0 0 1
    outer loop
      vertex 6.3393920132778145 -0.23357836378950347 12
      vertex 6.25 3 12
      vertex 6.239306076717263 2.8368422597249356 12
    endloop
  endfacet
  facet normal 0 0 1
    outer loop
      vertex 6.3393920132778145 -0.23357836378950347 12
      vertex 6.75 -0.0310889132455352 12
      vertex 6.3393920132778145 6.233578363789503 12
    endloop
  endfacet
  facet normal 0 0 1
    outer loop
      vertex 6.75 -0.0310889132455352 12
      vertex 7.130665001530522 0.2232633089806768 12
      vertex 6.75 6.031088913245535 12
    endloop
  endfacet
  facet normal 0 0 1
    outer loop
      vertex 6.3393920132778145 -0.23357836378950347 12
      vertex 6.3393920132778145 6.233578363789503 12
      vertex 6.25 3 12
    endloop
  endfacet
  facet normal 0 0 1
    outer loop
      vertex 7.130665001530522 0.2232633089806768 12
      vertex 7.474873734152917 0.5251262658470837 12
      vertex 7.130665001530522 5.776736691019323 12
    endloop
  endfacet
  facet normal 0 0 1
    outer loop
      vertex 7.474873734152917 0.5251262658470837 12
      vertex 7.776736691019323 0.8693349984694776 12
      vertex 7.474873734152917 5.474873734152917 12
    endloop
  endfacet
  facet normal 0 0 1
    outer loop
      vertex 7.776736691019323 0.8693349984694776 12
      vertex 8.031088913245535 1.25 12
      vertex 7.776736691019323 5.130665001530522 12
    endloop
  endfacet
  facet normal 0 0 1
    outer loop
      vertex 8.031088913245535 1.25 12
      vertex 8.233578363789503 1.6606079867221857 12
      vertex 8.031088913245535 4.75 12
    endloop
  endfacet
  facet normal 0 0 1
    outer loop
      vertex 7.474873734152917 0.5251262658470837 12
      vertex 7.474873734152917 5.474873734152917 12
      vertex 7.130665001530522 5.776736691019323 12
    endloop
  endfacet
  facet normal 0 0 1
    outer loop
      vertex 7.776736691019323 0.8693349984694776 12
      vertex 7.776736691019323 5.130665001530522 12
      vertex 7.474873734152917 5.474873734152917 12
    endloop
  endfacet
  facet normal 0 0 1
    outer loop
      vertex 8.233578363789503 1.6606079867221857 12
      vertex 8.233578363789503 4.3393920132778145 12
      vertex 8.031088913245535 4.75 12
    endloop
  endfacet
  facet normal 0 0 1
    outer loop
      vertex 8.031088913245535 1.25 12
      vertex 8.031088913245535 4.75 12
      vertex 7.776736691019323 5.130665001530522 12
    endloop
  endfacet
  facet normal 0 0 1
    outer loop
      vertex 8.233578363789503 1.6606079867221857 12
      vertex 8.380740392011738 2.0941333421411774 12
      vertex 8.233578363789503 4.3393920132778145 12
    endloop
  endfacet
  facet normal 0 0 1
    outer loop
      vertex 8.380740392011738 2.0941333421411774 12
      vertex 8.470057014808337 2.5431583272298193 12
      vertex 8.380740392011738 3.9058666578588226 12
    endloop
  endfacet
  facet normal 0 0 1
    outer loop
      vertex 8.470057014808337 2.5431583272298193 12
      vertex 8.5 3 12
      vertex 8.470057014808337 3.4568416727701807 12
    endloop
  endfacet
  facet normal 0 0 1
    outer loop
      vertex 8.470057014808337 2.5431583272298193 12
      vertex 8.470057014808337 3.4568416727701807 12
      vertex 8.380740392011738 3.9058666578588226 12
    endloop
  endfacet
  facet normal 0 0 1
    outer loop
      vertex 8.380740392011738 2.0941333421411774 12
      vertex 8.380740392011738 3.9058666578588226 12
      vertex 8.233578363789503 4.3393920132778145 12
    endloop
  endfacet
  facet normal 0 0 1
    outer loop
      vertex 6.1548494156391085 3.4783542904563625 12
      vertex 5.905866657858823 6.380740392011739 12
      vertex 6.082531754730548 3.625 12
    endloop
  endfacet
  facet normal 0 0 1
    outer loop
      vertex 5.7609517862609 3.991691675364044 12
      vertex 5.883883476483184 3.8838834764831844 12
      vertex 5.905866657858823 6.380740392011739 12
    endloop
  endfacet
  facet normal 0 0 1
    outer loop
      vertex 5.4783542904563625 4.1548494156391085 12
      vertex 5.625 4.082531754730548 12
      vertex 5.456841672770181 6.4700570148083365 12
    endloop
  endfacet
  facet normal 0 0 1
    outer loop
      vertex 5.625 4.082531754730548 12
      vertex 5.7609517862609 3.991691675364044 12
      vertex 5.905866657858823 6.380740392011739 12
    endloop
  endfacet
  facet normal 0 0 1
    outer loop
      vertex 6.082531754730548 3.625 12
      vertex 5.905866657858823 6.380740392011739 12
      vertex 5.991691675364044 3.7609517862609008 12
    endloop
  endfacet
  facet normal 0 0 1
    outer loop
      vertex 5.991691675364044 3.7609517862609008 12
      vertex 5.905866657858823 6.380740392011739 12
      vertex 5.883883476483184 3.8838834764831844 12
    endloop
  endfacet
  facet normal 0 0 1
    outer loop
      vertex 6.25 3 12
      vertex 6.3393920132778145 6.233578363789503 12
      vertex 6.239306076717263 3.1631577402750644 12
    endloop
  endfacet
  facet normal 0 0 1
    outer loop
      vertex 6.239306076717263 3.1631577402750644 12
      vertex 6.3393920132778145 6.233578363789503 12
      vertex 6.207407282861335 3.3235238063781507 12
    endloop
  endfacet
  facet normal 0 0 1
    outer loop
      vertex 6.207407282861335 3.3235238063781507 12
      vertex 6.3393920132778145 6.233578363789503 12
      vertex 6.1548494156391085 3.4783542904563625 12
    endloop
  endfacet
  facet normal 0 0 1
    outer loop
      vertex 6.75 -0.0310889132455352 12
      vertex 6.75 6.031088913245535 12
      vertex 6.3393920132778145 6.233578363789503 12
    endloop
  endfacet
  facet normal 0 0 1
    outer loop
      vertex 6.1548494156391085 3.4783542904563625 12
      vertex 6.3393920132778145 6.233578363789503 12
      vertex 5.905866657858823 6.380740392011739 12
    endloop
  endfacet
  facet normal 0 0 1
    outer loop
      vertex 5.456841672770181 6.4700570148083365 12
      vertex 5.625 4.082531754730548 12
      vertex 5.905866657858823 6.380740392011739 12
    endloop
  endfacet
  facet normal 0 0 1
    outer loop
      vertex 7.130665001530522 0.2232633089806768 12
      vertex 7.130665001530522 5.776736691019323 12
      vertex 6.75 6.031088913245535 12
    endloop
  endfacet
  facet normal -0.6593458151000708 -0.7518398074789756 2.235553626391332e-20
    outer loop
      vertex 2.5251262658470837 51.32512626584708 2
      vertex 2.8693349984694776 51.023263308980674 2
      vertex 2.8693349984694776 51.023263308980674 12
    endloop
  endfacet
  facet normal -0.7518398074789746 -0.6593458151000721 2.7587648749417355e-20
    outer loop
      vertex 2.5251262658470837 51.32512626584708 2
      vertex 2.223263308980677 51.66933499846947 12
      vertex 2.223263308980677 51.66933499846947 2
    endloop
  endfacet
  facet normal -0.8314696123025453 -0.5555702330196021 9.582810523362225e-19
    outer loop
      vertex 2 52.00347215328172 2
      vertex 2.223263308980677 51.66933499846947 2
      vertex 2.223263308980677 51.66933499846947 12
    endloop
  endfacet
  facet normal -0.44228869021900763 -0.8968727415326851 9.364115036317179e-19
    outer loop
      vertex 3.25 50.768911086754464 2
      vertex 3.6606079867221855 50.56642163621049 2
      vertex 3.6606079867221855 50.56642163621049 12
    endloop
  endfacet
  facet normal -0.3214394653031574 -0.946930129495107 0
    outer loop
      vertex 4.094133342141177 50.41925960798826 2
      vertex 4.094133342141177 50.41925960798826 12
      vertex 3.6606079867221855 50.56642163621049 2
    endloop
  endfacet
  facet normal -0.19509032201613347 -0.9807852804032294 0
    outer loop
      vertex 4.094133342141177 50.41925960798826 2
      vertex 4.279609590820565 50.38236608827074 2
      vertex 4.094133342141177 50.41925960798826 12
    endloop
  endfacet
  facet normal -0.5555702330195984 -0.8314696123025478 0
    outer loop
      vertex 3.25 50.768911086754464 2
      vertex 3.25 50.768911086754464 12
      vertex 2.8693349984694776 51.023263308980674 2
    endloop
  endfacet
  facet normal 0.9807852804032291 0.19509032201613527 1.6803308816642669e-19
    outer loop
      vertex 8.380740392011738 54.70586665785882 2
      vertex 8.417633911729254 54.520390409179434 7
      vertex 8.417633911729254 54.520390409179434 2
    endloop
  endfacet
  facet normal -0.8314696123025453 0.5555702330196021 0
    outer loop
      vertex 2 55.596527846718274 2
      vertex 2 55.596527846718274 12
      vertex 2.223263308980677 55.93066500153052 2
    endloop
  endfacet
  facet normal -0.7518398074789746 0.6593458151000721 -2.7587648749417355e-20
    outer loop
      vertex 2.223263308980677 55.93066500153052 2
      vertex 2.5251262658470837 56.27487373415291 12
      vertex 2.5251262658470837 56.27487373415291 2
    endloop
  endfacet
  facet normal -0.6593458151000708 0.7518398074789756 0
    outer loop
      vertex 2.5251262658470837 56.27487373415291 2
      vertex 2.5251262658470837 56.27487373415291 12
      vertex 2.8693349984694776 56.57673669101932 2
    endloop
  endfacet
  facet normal -0.5555702330195985 0.8314696123025478 0
    outer loop
      vertex 2.8693349984694776 56.57673669101932 2
      vertex 2.8693349984694776 56.57673669101932 12
      vertex 3.2034721532817274 56.8 2
    endloop
  endfacet
  facet normal 0.8968727415326876 0.44228869021900297 0
    outer loop
      vertex 8.233578363789503 55.13939201327781 2
      vertex 8.031088913245535 55.55 2
      vertex 8.233578363789503 55.13939201327781 12
    endloop
  endfacet
  facet normal 0.8314696123025468 0.5555702330195997 0
    outer loop
      vertex 8.031088913245535 55.55 2
      vertex 7.776736691019323 55.93066500153052 2
      vertex 8.031088913245535 55.55 12
    endloop
  endfacet
  facet normal 0.751839807478975 0.6593458151000715 0
    outer loop
      vertex 7.776736691019323 55.93066500153052 2
      vertex 7.474873734152917 56.27487373415291 2
      vertex 7.776736691019323 55.93066500153052 12
    endloop
  endfacet
  facet normal 0.555570233019599 0.8314696123025473 0
    outer loop
      vertex 6.796527846718273 56.8 2
      vertex 6.796527846718273 56.8 12
      vertex 7.130665001530522 56.57673669101932 2
    endloop
  endfacet
  facet normal 0.65934581510007 0.7518398074789766 -9.453123718286469e-19
    outer loop
      vertex 7.474873734152917 56.27487373415291 2
      vertex 7.130665001530522 56.57673669101932 2
      vertex 7.130665001530522 56.57673669101932 12
    endloop
  endfacet
  facet normal 0.9469301294951062 0.3214394653031597 0
    outer loop
      vertex 8.380740392011738 54.70586665785882 2
      vertex 8.233578363789503 55.13939201327781 2
      vertex 8.380740392011738 54.70586665785882 12
    endloop
  endfacet
  facet normal -0.19509032201613347 -0.9807852804032294 -3.437599169081962e-19
    outer loop
      vertex 4.094133342141177 50.41925960798826 12
      vertex 4.279609590820565 50.38236608827074 2
      vertex 4.279609590820565 50.38236608827074 7
    endloop
  endfacet
  facet normal -0.6593458151000708 -0.7518398074789756 0
    outer loop
      vertex 2.5251262658470837 51.32512626584708 2
      vertex 2.8693349984694776 51.023263308980674 12
      vertex 2.5251262658470837 51.32512626584708 12
    endloop
  endfacet
  facet normal -0.7518398074789746 -0.6593458151000721 0
    outer loop
      vertex 2.5251262658470837 51.32512626584708 2
      vertex 2.5251262658470837 51.32512626584708 12
      vertex 2.223263308980677 51.66933499846947 12
    endloop
  endfacet
  facet normal -0.8314696123025453 -0.5555702330196021 0
    outer loop
      vertex 2 52.00347215328172 2
      vertex 2.223263308980677 51.66933499846947 12
      vertex 2 52.00347215328172 12
    endloop
  endfacet
  facet normal -0.44228869021900763 -0.8968727415326851 0
    outer loop
      vertex 3.25 50.768911086754464 2
      vertex 3.6606079867221855 50.56642163621049 12
      vertex 3.25 50.768911086754464 12
    endloop
  endfacet
  facet normal -0.3214394653031574 -0.946930129495107 0
    outer loop
      vertex 3.6606079867221855 50.56642163621049 2
      vertex 4.094133342141177 50.41925960798826 12
      vertex 3.6606079867221855 50.56642163621049 12
    endloop
  endfacet
  facet normal -0.19509032201611545 -0.9807852804032331 0
    outer loop
      vertex 4.543158327229819 50.329942985191664 12
      vertex 4.279609590820565 50.38236608827074 7
      vertex 4.543158327229819 50.329942985191664 7
    endloop
  endfacet
  facet normal -0.06540312923015063 -0.9978589232386029 0
    outer loop
      vertex 5 50.3 12
      vertex 4.543158327229819 50.329942985191664 7
      vertex 5 50.3 7
    endloop
  endfacet
  facet normal 0.06540312923015063 -0.9978589232386029 0
    outer loop
      vertex 5.456841672770181 50.329942985191664 12
      vertex 5 50.3 7
      vertex 5.456841672770181 50.329942985191664 7
    endloop
  endfacet
  facet normal -0.5555702330195984 -0.8314696123025478 0
    outer loop
      vertex 2.8693349984694776 51.023263308980674 2
      vertex 3.25 50.768911086754464 12
      vertex 2.8693349984694776 51.023263308980674 12
    endloop
  endfacet
  facet normal 0.1950903220161229 -0.9807852804032315 0
    outer loop
      vertex 5.905866657858823 50.41925960798826 12
      vertex 5.456841672770181 50.329942985191664 7
      vertex 5.905866657858823 50.41925960798826 7
    endloop
  endfacet
  facet normal 0.3214394653031574 -0.946930129495107 0
    outer loop
      vertex 6.3393920132778145 50.56642163621049 12
      vertex 5.905866657858823 50.41925960798826 7
      vertex 6.3393920132778145 50.56642163621049 7
    endloop
  endfacet
  facet normal 0.44228869021900763 -0.8968727415326851 0
    outer loop
      vertex 6.75 50.768911086754464 12
      vertex 6.3393920132778145 50.56642163621049 7
      vertex 6.75 50.768911086754464 7
    endloop
  endfacet
  facet normal 0.5555702330195988 -0.8314696123025475 0
    outer loop
      vertex 7.130665001530522 51.023263308980674 12
      vertex 6.75 50.768911086754464 7
      vertex 7.130665001530522 51.023263308980674 7
    endloop
  endfacet
  facet normal 0.65934581510007 -0.7518398074789766 0
    outer loop
      vertex 7.474873734152917 51.32512626584708 12
      vertex 7.130665001530522 51.023263308980674 7
      vertex 7.474873734152917 51.32512626584708 7
    endloop
  endfacet
  facet normal 0.751839807478975 -0.6593458151000715 0
    outer loop
      vertex 7.776736691019323 51.66933499846947 12
      vertex 7.474873734152917 51.32512626584708 7
      vertex 7.776736691019323 51.66933499846947 7
    endloop
  endfacet
  facet normal 0.8314696123025468 -0.5555702330195997 0
    outer loop
      vertex 8.031088913245535 52.05 12
      vertex 7.776736691019323 51.66933499846947 7
      vertex 8.031088913245535 52.05 7
    endloop
  endfacet
  facet normal 0.8968727415326876 -0.44228869021900297 0
    outer loop
      vertex 8.233578363789503 52.46060798672218 12
      vertex 8.031088913245535 52.05 7
      vertex 8.233578363789503 52.46060798672218 7
    endloop
  endfacet
  facet normal 0.9469301294951062 -0.3214394653031597 0
    outer loop
      vertex 8.380740392011738 52.894133342141174 12
      vertex 8.233578363789503 52.46060798672218 7
      vertex 8.380740392011738 52.894133342141174 7
    endloop
  endfacet
  facet normal -0.1950903220161229 -0.9807852804032315 4.0727815994679e-16
    outer loop
      vertex 4.094133342141177 50.41925960798826 12
      vertex 4.279609590820565 50.38236608827074 7
      vertex 4.543158327229819 50.329942985191664 12
    endloop
  endfacet
  facet normal -0.06540312923015063 -0.9978589232386029 0
    outer loop
      vertex 4.543158327229819 50.329942985191664 12
      vertex 4.543158327229819 50.329942985191664 7
      vertex 5 50.3 12
    endloop
  endfacet
  facet normal 0.06540312923015063 -0.9978589232386029 0
    outer loop
      vertex 5 50.3 12
      vertex 5 50.3 7
      vertex 5.456841672770181 50.329942985191664 12
    endloop
  endfacet
  facet normal 0.1950903220161229 -0.9807852804032315 0
    outer loop
      vertex 5.456841672770181 50.329942985191664 12
      vertex 5.456841672770181 50.329942985191664 7
      vertex 5.905866657858823 50.41925960798826 12
    endloop
  endfacet
  facet normal 0.3214394653031574 -0.946930129495107 0
    outer loop
      vertex 5.905866657858823 50.41925960798826 12
      vertex 5.905866657858823 50.41925960798826 7
      vertex 6.3393920132778145 50.56642163621049 12
    endloop
  endfacet
  facet normal 0.44228869021900763 -0.8968727415326851 0
    outer loop
      vertex 6.3393920132778145 50.56642163621049 12
      vertex 6.3393920132778145 50.56642163621049 7
      vertex 6.75 50.768911086754464 12
    endloop
  endfacet
  facet normal 0.5555702330195988 -0.8314696123025475 0
    outer loop
      vertex 6.75 50.768911086754464 12
      vertex 6.75 50.768911086754464 7
      vertex 7.130665001530522 51.023263308980674 12
    endloop
  endfacet
  facet normal 0.65934581510007 -0.7518398074789766 0
    outer loop
      vertex 7.130665001530522 51.023263308980674 12
      vertex 7.130665001530522 51.023263308980674 7
      vertex 7.474873734152917 51.32512626584708 12
    endloop
  endfacet
  facet normal 0.751839807478975 -0.6593458151000715 0
    outer loop
      vertex 7.474873734152917 51.32512626584708 12
      vertex 7.474873734152917 51.32512626584708 7
      vertex 7.776736691019323 51.66933499846947 12
    endloop
  endfacet
  facet normal 0.8314696123025468 -0.5555702330195997 0
    outer loop
      vertex 7.776736691019323 51.66933499846947 12
      vertex 7.776736691019323 51.66933499846947 7
      vertex 8.031088913245535 52.05 12
    endloop
  endfacet
  facet normal 0.8968727415326876 -0.44228869021900297 0
    outer loop
      vertex 8.031088913245535 52.05 12
      vertex 8.031088913245535 52.05 7
      vertex 8.233578363789503 52.46060798672218 12
    endloop
  endfacet
  facet normal 0.9469301294951062 -0.3214394653031597 0
    outer loop
      vertex 8.233578363789503 52.46060798672218 12
      vertex 8.233578363789503 52.46060798672218 7
      vertex 8.380740392011738 52.894133342141174 12
    endloop
  endfacet
  facet normal 0 0 1
    outer loop
      vertex 2.5251262658470837 51.32512626584708 12
      vertex 2.8693349984694776 51.023263308980674 12
      vertex 2.5251262658470837 56.27487373415291 12
    endloop
  endfacet
  facet normal 0 0 1
    outer loop
      vertex 3.25 50.768911086754464 12
      vertex 2.8693349984694776 56.57673669101932 12
      vertex 2.8693349984694776 51.023263308980674 12
    endloop
  endfacet
  facet normal 0 0 1
    outer loop
      vertex 3.25 50.768911086754464 12
      vertex 3.6606079867221855 50.56642163621049 12
      vertex 3.2034721532817274 56.8 12
    endloop
  endfacet
  facet normal 0 0 1
    outer loop
      vertex 4.094133342141177 50.41925960798826 12
      vertex 3.917468245269452 53.175 12
      vertex 3.8451505843608915 53.32164570954364 12
    endloop
  endfacet
  facet normal 0 0 1
    outer loop
      vertex 4.094133342141177 50.41925960798826 12
      vertex 3.8451505843608915 53.32164570954364 12
      vertex 3.792592717138665 53.47647619362185 12
    endloop
  endfacet
  facet normal 0 0 1
    outer loop
      vertex 4.094133342141177 50.41925960798826 12
      vertex 3.2034721532817274 56.8 12
      vertex 3.6606079867221855 50.56642163621049 12
    endloop
  endfacet
  facet normal 0 0 1
    outer loop
      vertex 4.094133342141177 50.41925960798826 12
      vertex 3.792592717138665 53.47647619362185 12
      vertex 3.760693923282737 53.63684225972493 12
    endloop
  endfacet
  facet normal 0 0 1
    outer loop
      vertex 4.543158327229819 50.329942985191664 12
      vertex 5 50.3 12
      vertex 4.2390482137391 52.80830832463595 12
    endloop
  endfacet
  facet normal 0 0 1
    outer loop
      vertex 4.094133342141177 50.41925960798826 12
      vertex 4.543158327229819 50.329942985191664 12
      vertex 3.917468245269452 53.175 12
    endloop
  endfacet
  facet normal 0 0 1
    outer loop
      vertex 5 50.3 12
      vertex 5.456841672770181 50.329942985191664 12
      vertex 4.5216457095436375 52.64515058436089 12
    endloop
  endfacet
  facet normal 0 0 1
    outer loop
      vertex 5.456841672770181 50.329942985191664 12
      vertex 5.905866657858823 50.41925960798826 12
      vertex 5 52.55 12
    endloop
  endfacet
  facet normal 0 0 1
    outer loop
      vertex 5.456841672770181 50.329942985191664 12
      vertex 4.676476193621849 52.592592717138665 12
      vertex 4.5216457095436375 52.64515058436089 12
    endloop
  endfacet
  facet normal 0 0 1
    outer loop
      vertex 5.456841672770181 50.329942985191664 12
      vertex 4.836842259724936 52.560693923282734 12
      vertex 4.676476193621849 52.592592717138665 12
    endloop
  endfacet
  facet normal 0 0 1
    outer loop
      vertex 5.456841672770181 50.329942985191664 12
      vertex 5 52.55 12
      vertex 4.836842259724936 52.560693923282734 12
    endloop
  endfacet
  facet normal 0 0 1
    outer loop
      vertex 5.905866657858823 50.41925960798826 12
      vertex 5.163157740275064 52.560693923282734 12
      vertex 5 52.55 12
    endloop
  endfacet
  facet normal 0 0 1
    outer loop
      vertex 4.543158327229819 50.329942985191664 12
      vertex 4.116116523516816 52.91611652351681 12
      vertex 4.008308324635956 53.03904821373909 12
    endloop
  endfacet
  facet normal 0 0 1
    outer loop
      vertex 4.543158327229819 50.329942985191664 12
      vertex 4.2390482137391 52.80830832463595 12
      vertex 4.116116523516816 52.91611652351681 12
    endloop
  endfacet
  facet normal 0 0 1
    outer loop
      vertex 4.543158327229819 50.329942985191664 12
      vertex 4.008308324635956 53.03904821373909 12
      vertex 3.917468245269452 53.175 12
    endloop
  endfacet
  facet normal 0 0 1
    outer loop
      vertex 5 50.3 12
      vertex 4.375 52.71746824526945 12
      vertex 4.2390482137391 52.80830832463595 12
    endloop
  endfacet
  facet normal 0 0 1
    outer loop
      vertex 5 50.3 12
      vertex 4.5216457095436375 52.64515058436089 12
      vertex 4.375 52.71746824526945 12
    endloop
  endfacet
  facet normal 0 0 1
    outer loop
      vertex 5.905866657858823 50.41925960798826 12
      vertex 6.3393920132778145 50.56642163621049 12
      vertex 5.163157740275064 52.560693923282734 12
    endloop
  endfacet
  facet normal 0 0 1
    outer loop
      vertex 6.3393920132778145 50.56642163621049 12
      vertex 6.75 50.768911086754464 12
      vertex 5.4783542904563625 52.64515058436089 12
    endloop
  endfacet
  facet normal 0 0 1
    outer loop
      vertex 6.75 50.768911086754464 12
      vertex 7.130665001530522 51.023263308980674 12
      vertex 5.7609517862609 52.80830832463595 12
    endloop
  endfacet
  facet normal 0 0 1
    outer loop
      vertex 6.3393920132778145 50.56642163621049 12
      vertex 5.323523806378151 52.592592717138665 12
      vertex 5.163157740275064 52.560693923282734 12
    endloop
  endfacet
  facet normal 0 0 1
    outer loop
      vertex 6.3393920132778145 50.56642163621049 12
      vertex 5.4783542904563625 52.64515058436089 12
      vertex 5.323523806378151 52.592592717138665 12
    endloop
  endfacet
  facet normal 0 0 1
    outer loop
      vertex 6.75 50.768911086754464 12
      vertex 5.625 52.71746824526945 12
      vertex 5.4783542904563625 52.64515058436089 12
    endloop
  endfacet
  facet normal 0 0 1
    outer loop
      vertex 6.75 50.768911086754464 12
      vertex 5.7609517862609 52.80830832463595 12
      vertex 5.625 52.71746824526945 12
    endloop
  endfacet
  facet normal 0 0 1
    outer loop
      vertex 7.130665001530522 51.023263308980674 12
      vertex 5.883883476483184 52.91611652351681 12
      vertex 5.7609517862609 52.80830832463595 12
    endloop
  endfacet
  facet normal 0 0 1
    outer loop
      vertex 7.130665001530522 51.023263308980674 12
      vertex 5.991691675364044 53.03904821373909 12
      vertex 5.883883476483184 52.91611652351681 12
    endloop
  endfacet
  facet normal 0 0 1
    outer loop
      vertex 7.130665001530522 51.023263308980674 12
      vertex 6.082531754730548 53.175 12
      vertex 5.991691675364044 53.03904821373909 12
    endloop
  endfacet
  facet normal 0 0 1
    outer loop
      vertex 7.130665001530522 51.023263308980674 12
      vertex 6.1548494156391085 53.32164570954364 12
      vertex 6.082531754730548 53.175 12
    endloop
  endfacet
  facet normal 0 0 1
    outer loop
      vertex 7.130665001530522 51.023263308980674 12
      vertex 6.207407282861335 53.47647619362185 12
      vertex 6.1548494156391085 53.32164570954364 12
    endloop
  endfacet
  facet normal 0.9807852804032291 0.19509032201613527 0
    outer loop
      vertex 8.380740392011738 54.70586665785882 2
      vertex 8.380740392011738 54.70586665785882 12
      vertex 8.417633911729254 54.520390409179434 7
    endloop
  endfacet
  facet normal -0.8314696123025453 0.5555702330196021 0
    outer loop
      vertex 2.223263308980677 55.93066500153052 2
      vertex 2 55.596527846718274 12
      vertex 2.223263308980677 55.93066500153052 12
    endloop
  endfacet
  facet normal -0.7518398074789746 0.6593458151000721 0
    outer loop
      vertex 2.223263308980677 55.93066500153052 2
      vertex 2.223263308980677 55.93066500153052 12
      vertex 2.5251262658470837 56.27487373415291 12
    endloop
  endfacet
  facet normal -0.6593458151000708 0.7518398074789756 0
    outer loop
      vertex 2.8693349984694776 56.57673669101932 2
      vertex 2.5251262658470837 56.27487373415291 12
      vertex 2.8693349984694776 56.57673669101932 12
    endloop
  endfacet
  facet normal -0.5555702330195985 0.8314696123025478 0
    outer loop
      vertex 3.2034721532817274 56.8 2
      vertex 2.8693349984694776 56.57673669101932 12
      vertex 3.2034721532817274 56.8 12
    endloop
  endfacet
  facet normal 0.751839807478975 0.6593458151000715 0
    outer loop
      vertex 7.474873734152917 56.27487373415291 2
      vertex 7.474873734152917 56.27487373415291 12
      vertex 7.776736691019323 55.93066500153052 12
    endloop
  endfacet
  facet normal 0.8968727415326876 0.44228869021900297 0
    outer loop
      vertex 8.031088913245535 55.55 2
      vertex 8.031088913245535 55.55 12
      vertex 8.233578363789503 55.13939201327781 12
    endloop
  endfacet
  facet normal 0.8314696123025468 0.5555702330195997 0
    outer loop
      vertex 7.776736691019323 55.93066500153052 2
      vertex 7.776736691019323 55.93066500153052 12
      vertex 8.031088913245535 55.55 12
    endloop
  endfacet
  facet normal 0.555570233019599 0.8314696123025473 0
    outer loop
      vertex 7.130665001530522 56.57673669101932 2
      vertex 6.796527846718273 56.8 12
      vertex 7.130665001530522 56.57673669101932 12
    endloop
  endfacet
  facet normal 0.65934581510007 0.7518398074789766 0
    outer loop
      vertex 7.474873734152917 56.27487373415291 2
      vertex 7.130665001530522 56.57673669101932 12
      vertex 7.474873734152917 56.27487373415291 12
    endloop
  endfacet
  facet normal 0.98078528040323 -0.19509032201613072 0
    outer loop
      vertex 8.470057014808337 53.343158327229816 12
      vertex 8.380740392011738 52.894133342141174 7
      vertex 8.470057014808337 53.343158327229816 7
    endloop
  endfacet
  facet normal 0.9978589232386036 -0.06540312923014278 0
    outer loop
      vertex 8.5 53.8 12
      vertex 8.470057014808337 53.343158327229816 7
      vertex 8.5 53.8 7
    endloop
  endfacet
  facet normal 0.9978589232386036 0.06540312923014278 0
    outer loop
      vertex 8.470057014808337 54.25684167277018 12
      vertex 8.5 53.8 7
      vertex 8.470057014808337 54.25684167277018 7
    endloop
  endfacet
  facet normal 0.9807852804032307 0.19509032201612755 2.9830713736151654e-16
    outer loop
      vertex 8.380740392011738 54.70586665785882 12
      vertex 8.470057014808337 54.25684167277018 7
      vertex 8.417633911729254 54.520390409179434 7
    endloop
  endfacet
  facet normal 0.9469301294951062 0.3214394653031597 0
    outer loop
      vertex 8.233578363789503 55.13939201327781 2
      vertex 8.233578363789503 55.13939201327781 12
      vertex 8.380740392011738 54.70586665785882 12
    endloop
  endfacet
  facet normal 0.98078528040323 -0.19509032201613072 0
    outer loop
      vertex 8.380740392011738 52.894133342141174 12
      vertex 8.380740392011738 52.894133342141174 7
      vertex 8.470057014808337 53.343158327229816 12
    endloop
  endfacet
  facet normal 0.9978589232386036 -0.06540312923014278 0
    outer loop
      vertex 8.470057014808337 53.343158327229816 12
      vertex 8.470057014808337 53.343158327229816 7
      vertex 8.5 53.8 12
    endloop
  endfacet
  facet normal 0.9978589232386036 0.06540312923014278 0
    outer loop
      vertex 8.5 53.8 12
      vertex 8.5 53.8 7
      vertex 8.470057014808337 54.25684167277018 12
    endloop
  endfacet
  facet normal 0.98078528040323 0.19509032201613072 0
    outer loop
      vertex 8.470057014808337 54.25684167277018 12
      vertex 8.470057014808337 54.25684167277018 7
      vertex 8.380740392011738 54.70586665785882 12
    endloop
  endfacet
  facet normal 0 0 1
    outer loop
      vertex 2 52.00347215328172 12
      vertex 2.223263308980677 51.66933499846947 12
      vertex 2.223263308980677 55.93066500153052 12
    endloop
  endfacet
  facet normal 0 0 1
    outer loop
      vertex 2.5251262658470837 51.32512626584708 12
      vertex 2.223263308980677 55.93066500153052 12
      vertex 2.223263308980677 51.66933499846947 12
    endloop
  endfacet
  facet normal 0 0 1
    outer loop
      vertex 2 52.00347215328172 12
      vertex 2.223263308980677 55.93066500153052 12
      vertex 2 55.596527846718274 12
    endloop
  endfacet
  facet normal 0 0 1
    outer loop
      vertex 2.5251262658470837 51.32512626584708 12
      vertex 2.5251262658470837 56.27487373415291 12
      vertex 2.223263308980677 55.93066500153052 12
    endloop
  endfacet
  facet normal 0 0 1
    outer loop
      vertex 2.8693349984694776 51.023263308980674 12
      vertex 2.8693349984694776 56.57673669101932 12
      vertex 2.5251262658470837 56.27487373415291 12
    endloop
  endfacet
  facet normal 0 0 1
    outer loop
      vertex 4.094133342141177 50.41925960798826 12
      vertex 3.760693923282737 53.63684225972493 12
      vertex 3.2034721532817274 56.8 12
    endloop
  endfacet
  facet normal 0 0 1
    outer loop
      vertex 3.25 50.768911086754464 12
      vertex 3.2034721532817274 56.8 12
      vertex 2.8693349984694776 56.57673669101932 12
    endloop
  endfacet
  facet normal 0 0 1
    outer loop
      vertex 3.760693923282737 53.63684225972493 12
      vertex 3.75 53.8 12
      vertex 3.2034721532817274 56.8 12
    endloop
  endfacet
  facet normal 0 0 1
    outer loop
      vertex 3.75 53.8 12
      vertex 3.760693923282737 53.963157740275065 12
      vertex 3.2034721532817274 56.8 12
    endloop
  endfacet
  facet normal 0 0 1
    outer loop
      vertex 3.760693923282737 53.963157740275065 12
      vertex 3.792592717138665 54.123523806378145 12
      vertex 3.2034721532817274 56.8 12
    endloop
  endfacet
  facet normal 0 0 1
    outer loop
      vertex 3.792592717138665 54.123523806378145 12
      vertex 3.8451505843608915 54.278354290456356 12
      vertex 3.2034721532817274 56.8 12
    endloop
  endfacet
  facet normal 0 0 1
    outer loop
      vertex 3.8451505843608915 54.278354290456356 12
      vertex 3.917468245269452 54.425 12
      vertex 3.2034721532817274 56.8 12
    endloop
  endfacet
  facet normal 0 0 1
    outer loop
      vertex 3.917468245269452 54.425 12
      vertex 4.008308324635956 54.5609517862609 12
      vertex 3.2034721532817274 56.8 12
    endloop
  endfacet
  facet normal 0 0 1
    outer loop
      vertex 4.008308324635956 54.5609517862609 12
      vertex 4.116116523516816 54.68388347648318 12
      vertex 3.2034721532817274 56.8 12
    endloop
  endfacet
  facet normal 0 0 1
    outer loop
      vertex 4.116116523516816 54.68388347648318 12
      vertex 4.2390482137391 54.79169167536404 12
      vertex 3.2034721532817274 56.8 12
    endloop
  endfacet
  facet normal 0 0 1
    outer loop
      vertex 4.2390482137391 54.79169167536404 12
      vertex 4.375 54.88253175473054 12
      vertex 3.2034721532817274 56.8 12
    endloop
  endfacet
  facet normal 0 0 1
    outer loop
      vertex 4.375 54.88253175473054 12
      vertex 4.5216457095436375 54.9548494156391 12
      vertex 3.2034721532817274 56.8 12
    endloop
  endfacet
  facet normal 0 0 1
    outer loop
      vertex 4.5216457095436375 54.9548494156391 12
      vertex 4.676476193621849 55.00740728286133 12
      vertex 3.2034721532817274 56.8 12
    endloop
  endfacet
  facet normal 0 0 1
    outer loop
      vertex 4.676476193621849 55.00740728286133 12
      vertex 4.836842259724936 55.03930607671726 12
      vertex 3.2034721532817274 56.8 12
    endloop
  endfacet
  facet normal 0 0 1
    outer loop
      vertex 4.836842259724936 55.03930607671726 12
      vertex 7.130665001530522 56.57673669101932 12
      vertex 3.2034721532817274 56.8 12
    endloop
  endfacet
  facet normal 0 0 1
    outer loop
      vertex 7.130665001530522 51.023263308980674 12
      vertex 7.130665001530522 56.57673669101932 12
      vertex 6.207407282861335 53.47647619362185 12
    endloop
  endfacet
  facet normal 0 0 1
    outer loop
      vertex 6.207407282861335 53.47647619362185 12
      vertex 7.130665001530522 56.57673669101932 12
      vertex 6.239306076717263 53.63684225972493 12
    endloop
  endfacet
  facet normal 0 0 1
    outer loop
      vertex 6.239306076717263 53.63684225972493 12
      vertex 7.130665001530522 56.57673669101932 12
      vertex 6.25 53.8 12
    endloop
  endfacet
  facet normal 0 0 1
    outer loop
      vertex 6.25 53.8 12
      vertex 7.130665001530522 56.57673669101932 12
      vertex 6.239306076717263 53.963157740275065 12
    endloop
  endfacet
  facet normal 0 0 1
    outer loop
      vertex 6.207407282861335 54.123523806378145 12
      vertex 6.239306076717263 53.963157740275065 12
      vertex 7.130665001530522 56.57673669101932 12
    endloop
  endfacet
  facet normal 0 0 1
    outer loop
      vertex 6.207407282861335 54.123523806378145 12
      vertex 7.130665001530522 56.57673669101932 12
      vertex 6.1548494156391085 54.278354290456356 12
    endloop
  endfacet
  facet normal 0 0 1
    outer loop
      vertex 6.1548494156391085 54.278354290456356 12
      vertex 7.130665001530522 56.57673669101932 12
      vertex 6.082531754730548 54.425 12
    endloop
  endfacet
  facet normal 0 0 1
    outer loop
      vertex 5.991691675364044 54.5609517862609 12
      vertex 6.082531754730548 54.425 12
      vertex 7.130665001530522 56.57673669101932 12
    endloop
  endfacet
  facet normal 0 0 1
    outer loop
      vertex 7.130665001530522 51.023263308980674 12
      vertex 7.474873734152917 51.32512626584708 12
      vertex 7.130665001530522 56.57673669101932 12
    endloop
  endfacet
  facet normal 0 0 1
    outer loop
      vertex 7.474873734152917 51.32512626584708 12
      vertex 7.776736691019323 51.66933499846947 12
      vertex 7.474873734152917 56.27487373415291 12
    endloop
  endfacet
  facet normal 0 0 1
    outer loop
      vertex 7.776736691019323 51.66933499846947 12
      vertex 8.031088913245535 52.05 12
      vertex 7.776736691019323 55.93066500153052 12
    endloop
  endfacet
  facet normal 0 0 1
    outer loop
      vertex 8.031088913245535 52.05 12
      vertex 8.233578363789503 52.46060798672218 12
      vertex 8.031088913245535 55.55 12
    endloop
  endfacet
  facet normal 0 0 1
    outer loop
      vertex 7.474873734152917 51.32512626584708 12
      vertex 7.474873734152917 56.27487373415291 12
      vertex 7.130665001530522 56.57673669101932 12
    endloop
  endfacet
  facet normal 0 0 1
    outer loop
      vertex 7.776736691019323 51.66933499846947 12
      vertex 7.776736691019323 55.93066500153052 12
      vertex 7.474873734152917 56.27487373415291 12
    endloop
  endfacet
  facet normal 0 0 1
    outer loop
      vertex 8.031088913245535 52.05 12
      vertex 8.031088913245535 55.55 12
      vertex 7.776736691019323 55.93066500153052 12
    endloop
  endfacet
  facet normal 0 0 1
    outer loop
      vertex 8.233578363789503 52.46060798672218 12
      vertex 8.233578363789503 55.13939201327781 12
      vertex 8.031088913245535 55.55 12
    endloop
  endfacet
  facet normal 0 0 1
    outer loop
      vertex 4.836842259724936 55.03930607671726 12
      vertex 5 55.05 12
      vertex 7.130665001530522 56.57673669101932 12
    endloop
  endfacet
  facet normal 0 0 1
    outer loop
      vertex 5 55.05 12
      vertex 5.163157740275064 55.03930607671726 12
      vertex 7.130665001530522 56.57673669101932 12
    endloop
  endfacet
  facet normal 0 0 1
    outer loop
      vertex 5.4783542904563625 54.9548494156391 12
      vertex 5.625 54.88253175473054 12
      vertex 7.130665001530522 56.57673669101932 12
    endloop
  endfacet
  facet normal 0 0 1
    outer loop
      vertex 5.7609517862609 54.79169167536404 12
      vertex 7.130665001530522 56.57673669101932 12
      vertex 5.625 54.88253175473054 12
    endloop
  endfacet
  facet normal 0 0 1
    outer loop
      vertex 5.163157740275064 55.03930607671726 12
      vertex 5.323523806378151 55.00740728286133 12
      vertex 7.130665001530522 56.57673669101932 12
    endloop
  endfacet
  facet normal 0 0 1
    outer loop
      vertex 5.323523806378151 55.00740728286133 12
      vertex 5.4783542904563625 54.9548494156391 12
      vertex 7.130665001530522 56.57673669101932 12
    endloop
  endfacet
  facet normal 0 0 1
    outer loop
      vertex 5.991691675364044 54.5609517862609 12
      vertex 7.130665001530522 56.57673669101932 12
      vertex 5.883883476483184 54.68388347648318 12
    endloop
  endfacet
  facet normal 0 0 1
    outer loop
      vertex 5.7609517862609 54.79169167536404 12
      vertex 5.883883476483184 54.68388347648318 12
      vertex 7.130665001530522 56.57673669101932 12
    endloop
  endfacet
  facet normal 0 0 1
    outer loop
      vertex 3.2034721532817274 56.8 12
      vertex 7.130665001530522 56.57673669101932 12
      vertex 6.796527846718273 56.8 12
    endloop
  endfacet
  facet normal 0 0 1
    outer loop
      vertex 8.233578363789503 52.46060798672218 12
      vertex 8.380740392011738 52.894133342141174 12
      vertex 8.233578363789503 55.13939201327781 12
    endloop
  endfacet
  facet normal 0 0 1
    outer loop
      vertex 8.380740392011738 52.894133342141174 12
      vertex 8.470057014808337 53.343158327229816 12
      vertex 8.380740392011738 54.70586665785882 12
    endloop
  endfacet
  facet normal 0 0 1
    outer loop
      vertex 8.470057014808337 53.343158327229816 12
      vertex 8.5 53.8 12
      vertex 8.470057014808337 54.25684167277018 12
    endloop
  endfacet
  facet normal 0 0 1
    outer loop
      vertex 8.470057014808337 53.343158327229816 12
      vertex 8.470057014808337 54.25684167277018 12
      vertex 8.380740392011738 54.70586665785882 12
    endloop
  endfacet
  facet normal 0 0 1
    outer loop
      vertex 8.380740392011738 52.894133342141174 12
      vertex 8.380740392011738 54.70586665785882 12
      vertex 8.233578363789503 55.13939201327781 12
    endloop
  endfacet
  facet normal 0 0 -1
    outer loop
      vertex 83.00347215328172 0 2
      vertex 86.59652784671827 0 2
      vertex 83.05 -0.0310889132455352 2
    endloop
  endfacet
  facet normal 0 0 -1
    outer loop
      vertex 83.46060798672218 -0.23357836378950347 2
      vertex 83.05 -0.0310889132455352 2
      vertex 86.59652784671827 0 2
    endloop
  endfacet
  facet normal 0 0 -1
    outer loop
      vertex 83.46060798672218 -0.23357836378950347 2
      vertex 86.59652784671827 0 2
      vertex 83.89413334214117 -0.3807403920117389 2
    endloop
  endfacet
  facet normal 0 0 -1
    outer loop
      vertex 83.89413334214117 -0.3807403920117389 2
      vertex 86.59652784671827 0 2
      vertex 84.34315832722982 -0.4700570148083365 2
    endloop
  endfacet
  facet normal 0 0 -1
    outer loop
      vertex 84.34315832722982 -0.4700570148083365 2
      vertex 86.59652784671827 0 2
      vertex 84.8 -0.5 2
    endloop
  endfacet
  facet normal 0 0 -1
    outer loop
      vertex 84.8 -0.5 2
      vertex 86.59652784671827 0 2
      vertex 85.25684167277018 -0.4700570148083365 2
    endloop
  endfacet
  facet normal 0 0 -1
    outer loop
      vertex 85.25684167277018 -0.4700570148083365 2
      vertex 86.59652784671827 0 2
      vertex 85.70586665785882 -0.3807403920117389 2
    endloop
  endfacet
  facet normal 0 0 -1
    outer loop
      vertex 85.70586665785882 -0.3807403920117389 2
      vertex 86.59652784671827 0 2
      vertex 86.13939201327781 -0.23357836378950347 2
    endloop
  endfacet
  facet normal 0 0 -1
    outer loop
      vertex 86.13939201327781 -0.23357836378950347 2
      vertex 86.59652784671827 0 2
      vertex 86.55 -0.0310889132455352 2
    endloop
  endfacet
  facet normal 0 0 -1
    outer loop
      vertex 87.8 1.203472153281718 2
      vertex 87.8 4.7965278467182815 2
      vertex 87.83108891324554 1.25 2
    endloop
  endfacet
  facet normal 0 0 -1
    outer loop
      vertex 87.83108891324554 1.25 2
      vertex 88.0335783637895 4.3393920132778145 2
      vertex 88.0335783637895 1.6606079867221857 2
    endloop
  endfacet
  facet normal 0 0 -1
    outer loop
      vertex 88.0335783637895 1.6606079867221857 2
      vertex 88.18074039201174 3.9058666578588226 2
      vertex 88.18074039201174 2.0941333421411774 2
    endloop
  endfacet
  facet normal 0 0 -1
    outer loop
      vertex 88.18074039201174 2.0941333421411774 2
      vertex 88.27005701480833 3.4568416727701807 2
      vertex 88.27005701480833 2.5431583272298193 2
    endloop
  endfacet
  facet normal 0 0 -1
    outer loop
      vertex 88.27005701480833 2.5431583272298193 2
      vertex 88.27005701480833 3.4568416727701807 2
      vertex 88.3 3 2
    endloop
  endfacet
  facet normal 0 0 -1
    outer loop
      vertex 88.0335783637895 1.6606079867221857 2
      vertex 88.0335783637895 4.3393920132778145 2
      vertex 88.18074039201174 3.9058666578588226 2
    endloop
  endfacet
  facet normal 0 0 -1
    outer loop
      vertex 88.18074039201174 2.0941333421411774 2
      vertex 88.18074039201174 3.9058666578588226 2
      vertex 88.27005701480833 3.4568416727701807 2
    endloop
  endfacet
  facet normal 0 0 -1
    outer loop
      vertex 87.83108891324554 1.25 2
      vertex 87.83108891324554 4.75 2
      vertex 88.0335783637895 4.3393920132778145 2
    endloop
  endfacet
  facet normal 0 0 -1
    outer loop
      vertex 87.83108891324554 1.25 2
      vertex 87.8 4.7965278467182815 2
      vertex 87.83108891324554 4.75 2
    endloop
  endfacet
  facet normal -0.6593458151000567 -0.7518398074789882 0
    outer loop
      vertex 82.66933499846948 0.2232633089806768 2
      vertex 82.66933499846948 0.2232633089806768 12
      vertex 82.32512626584708 0.5251262658470837 2
    endloop
  endfacet
  facet normal -0.8314696123025405 -0.5555702330196091 3.363873569480915e-19
    outer loop
      vertex 82.02326330898067 0.8693349984694776 2
      vertex 81.76891108675446 1.25 12
      vertex 81.76891108675446 1.25 2
    endloop
  endfacet
  facet normal -0.8968727415326915 -0.44228869021899503 9.105184306628573e-19
    outer loop
      vertex 81.76891108675446 1.25 2
      vertex 81.56642163621049 1.6606079867221857 12
      vertex 81.56642163621049 1.6606079867221857 2
    endloop
  endfacet
  facet normal -0.7518398074789834 -0.6593458151000621 0
    outer loop
      vertex 82.02326330898067 0.8693349984694776 2
      vertex 82.32512626584708 0.5251262658470837 2
      vertex 82.02326330898067 0.8693349984694776 12
    endloop
  endfacet
  facet normal -0.9807852804032345 -0.19509032201610815 0
    outer loop
      vertex 81.32994298519166 2.5431583272298193 2
      vertex 81.41925960798825 2.0941333421411774 2
      vertex 81.32994298519166 2.5431583272298193 12
    endloop
  endfacet
  facet normal -0.9978589232386029 -0.06540312923015063 1.48726305595485e-19
    outer loop
      vertex 81.32994298519166 2.5431583272298193 2
      vertex 81.3 3 12
      vertex 81.3 3 2
    endloop
  endfacet
  facet normal -0.9978589232386029 0.06540312923015063 -1.48726305595485e-19
    outer loop
      vertex 81.3 3 2
      vertex 81.32994298519166 3.4568416727701807 12
      vertex 81.32994298519166 3.4568416727701807 2
    endloop
  endfacet
  facet normal -0.9807852804032345 0.19509032201610815 -1.7613339780688713e-20
    outer loop
      vertex 81.32994298519166 3.4568416727701807 2
      vertex 81.41925960798825 3.9058666578588226 12
      vertex 81.41925960798825 3.9058666578588226 2
    endloop
  endfacet
  facet normal -0.9469301294951024 -0.32143946530317125 -1.4548064839805866e-18
    outer loop
      vertex 81.56642163621049 1.6606079867221857 2
      vertex 81.41925960798825 2.0941333421411774 12
      vertex 81.41925960798825 2.0941333421411774 2
    endloop
  endfacet
  facet normal -0.9469301294951025 0.3214394653031711 -5.015937923408445e-19
    outer loop
      vertex 81.41925960798825 3.9058666578588226 2
      vertex 81.56642163621049 4.3393920132778145 12
      vertex 81.56642163621049 4.3393920132778145 2
    endloop
  endfacet
  facet normal -0.8968727415326913 0.44228869021899514 1.3937534002579768e-18
    outer loop
      vertex 81.56642163621049 4.3393920132778145 2
      vertex 81.76891108675446 4.75 12
      vertex 81.76891108675446 4.75 2
    endloop
  endfacet
  facet normal -0.8314696123025404 0.5555702330196096 -7.585547783987445e-19
    outer loop
      vertex 81.76891108675446 4.75 2
      vertex 82.02326330898067 5.130665001530522 12
      vertex 82.02326330898067 5.130665001530522 2
    endloop
  endfacet
  facet normal -0.7518398074789843 0.6593458151000612 2.333561958222414e-19
    outer loop
      vertex 82.02326330898067 5.130665001530522 2
      vertex 82.32512626584708 5.474873734152917 12
      vertex 82.32512626584708 5.474873734152917 2
    endloop
  endfacet
  facet normal -0.6593458151000562 0.7518398074789886 0
    outer loop
      vertex 82.32512626584708 5.474873734152917 2
      vertex 82.32512626584708 5.474873734152917 12
      vertex 82.66933499846948 5.776736691019323 2
    endloop
  endfacet
  facet normal -0.555570233019589 -0.831469612302554 -5.385875954838591e-20
    outer loop
      vertex 83.00347215328172 0 2
      vertex 83.05 -0.0310889132455352 2
      vertex 83.05 -0.0310889132455352 12
    endloop
  endfacet
  facet normal -0.44228869021900297 -0.8968727415326876 0
    outer loop
      vertex 83.46060798672218 -0.23357836378950347 2
      vertex 83.46060798672218 -0.23357836378950347 12
      vertex 83.05 -0.0310889132455352 2
    endloop
  endfacet
  facet normal -0.5555702330196103 -0.83146961230254 1.4171838168156895e-16
    outer loop
      vertex 82.66933499846948 0.2232633089806768 2
      vertex 83.00347215328172 0 2
      vertex 83.05 -0.0310889132455352 12
    endloop
  endfacet
  facet normal -0.32143946530316064 -0.9469301294951061 -1.0947592423594163e-18
    outer loop
      vertex 83.46060798672218 -0.23357836378950347 2
      vertex 83.89413334214117 -0.3807403920117389 2
      vertex 83.89413334214117 -0.3807403920117389 12
    endloop
  endfacet
  facet normal -0.19509032201612886 -0.9807852804032303 -7.567458499122195e-19
    outer loop
      vertex 83.89413334214117 -0.3807403920117389 2
      vertex 84.34315832722982 -0.4700570148083365 2
      vertex 84.34315832722982 -0.4700570148083365 12
    endloop
  endfacet
  facet normal -0.06540312923014278 -0.9978589232386036 -1.2373220588873878e-19
    outer loop
      vertex 84.34315832722982 -0.4700570148083365 2
      vertex 84.8 -0.5 2
      vertex 84.8 -0.5 12
    endloop
  endfacet
  facet normal 0.06540312923014278 -0.9978589232386036 1.2373220588873878e-19
    outer loop
      vertex 84.8 -0.5 2
      vertex 85.25684167277018 -0.4700570148083365 2
      vertex 85.25684167277018 -0.4700570148083365 12
    endloop
  endfacet
  facet normal 0.19509032201612886 -0.9807852804032303 7.567458499122195e-19
    outer loop
      vertex 85.25684167277018 -0.4700570148083365 2
      vertex 85.70586665785882 -0.3807403920117389 2
      vertex 85.70586665785882 -0.3807403920117389 12
    endloop
  endfacet
  facet normal 0.32143946530316064 -0.9469301294951061 1.0947592423594163e-18
    outer loop
      vertex 85.70586665785882 -0.3807403920117389 2
      vertex 86.13939201327781 -0.23357836378950347 2
      vertex 86.13939201327781 -0.23357836378950347 12
    endloop
  endfacet
  facet normal 0.44228869021900297 -0.8968727415326876 -1.0403664704719636e-18
    outer loop
      vertex 86.13939201327781 -0.23357836378950347 2
      vertex 86.55 -0.0310889132455352 2
      vertex 86.55 -0.0310889132455352 12
    endloop
  endfacet
  facet normal 0.555570233019589 -0.831469612302554 1.0260364230927785e-15
    outer loop
      vertex 86.55 -0.0310889132455352 2
      vertex 86.59652784671827 0 2
      vertex 86.93066500153051 0.2232633089806768 12
    endloop
  endfacet
  facet normal 0.5555702330196103 -0.83146961230254 1.4217256282341124e-18
    outer loop
      vertex 86.59652784671827 0 2
      vertex 86.93066500153051 0.2232633089806768 2
      vertex 86.93066500153051 0.2232633089806768 12
    endloop
  endfacet
  facet normal 0.6593458151000567 -0.7518398074789882 2.987819067656841e-19
    outer loop
      vertex 86.93066500153051 0.2232633089806768 2
      vertex 87.27487373415292 0.5251262658470837 2
      vertex 87.27487373415292 0.5251262658470837 12
    endloop
  endfacet
  facet normal 0.7518398074789834 -0.6593458151000621 0
    outer loop
      vertex 87.27487373415292 0.5251262658470837 2
      vertex 87.57673669101932 0.8693349984694776 2
      vertex 87.27487373415292 0.5251262658470837 12
    endloop
  endfacet
  facet normal 0.8314696123025406 -0.5555702330196092 0
    outer loop
      vertex 87.57673669101932 0.8693349984694776 2
      vertex 87.8 1.203472153281718 2
      vertex 87.57673669101932 0.8693349984694776 12
    endloop
  endfacet
  facet normal 0.8314696123025407 -0.555570233019609 8.520054564735454e-18
    outer loop
      vertex 87.8 1.203472153281718 2
      vertex 87.83108891324554 1.25 2
      vertex 87.57673669101932 0.8693349984694776 12
    endloop
  endfacet
  facet normal 0.8968727415326915 -0.44228869021899503 0
    outer loop
      vertex 87.83108891324554 1.25 2
      vertex 88.0335783637895 1.6606079867221857 2
      vertex 87.83108891324554 1.25 12
    endloop
  endfacet
  facet normal 0.9469301294951024 -0.32143946530317125 0
    outer loop
      vertex 88.0335783637895 1.6606079867221857 2
      vertex 88.18074039201174 2.0941333421411774 2
      vertex 88.0335783637895 1.6606079867221857 12
    endloop
  endfacet
  facet normal 0.9807852804032345 -0.19509032201610815 0
    outer loop
      vertex 88.18074039201174 2.0941333421411774 2
      vertex 88.27005701480833 2.5431583272298193 2
      vertex 88.18074039201174 2.0941333421411774 12
    endloop
  endfacet
  facet normal 0.9978589232386029 -0.06540312923015063 0
    outer loop
      vertex 88.27005701480833 2.5431583272298193 2
      vertex 88.3 3 2
      vertex 88.27005701480833 2.5431583272298193 12
    endloop
  endfacet
  facet normal 0.9978589232386029 0.06540312923015063 0
    outer loop
      vertex 88.3 3 2
      vertex 88.27005701480833 3.4568416727701807 2
      vertex 88.3 3 12
    endloop
  endfacet
  facet normal 0.9807852804032345 0.19509032201610815 0
    outer loop
      vertex 88.27005701480833 3.4568416727701807 2
      vertex 88.18074039201174 3.9058666578588226 2
      vertex 88.27005701480833 3.4568416727701807 12
    endloop
  endfacet
  facet normal -0.555570233019607 0.8314696123025421 0
    outer loop
      vertex 82.66933499846948 5.776736691019323 2
      vertex 82.66933499846948 5.776736691019323 12
      vertex 83.05 6.031088913245535 2
    endloop
  endfacet
  facet normal -0.44228869021900297 0.8968727415326876 0
    outer loop
      vertex 83.05 6.031088913245535 2
      vertex 83.05 6.031088913245535 12
      vertex 83.46060798672218 6.233578363789503 2
    endloop
  endfacet
  facet normal -0.3214394653031615 0.9469301294951057 0
    outer loop
      vertex 83.46060798672218 6.233578363789503 2
      vertex 83.46060798672218 6.233578363789503 12
      vertex 83.89413334214117 6.380740392011739 2
    endloop
  endfacet
  facet normal -0.19509032201612886 0.9807852804032303 0
    outer loop
      vertex 83.89413334214117 6.380740392011739 2
      vertex 83.89413334214117 6.380740392011739 12
      vertex 84.34315832722982 6.4700570148083365 2
    endloop
  endfacet
  facet normal -0.06540312923014278 0.9978589232386036 0
    outer loop
      vertex 84.34315832722982 6.4700570148083365 2
      vertex 84.34315832722982 6.4700570148083365 12
      vertex 84.8 6.5 2
    endloop
  endfacet
  facet normal 0.06540312923014278 0.9978589232386036 0
    outer loop
      vertex 84.8 6.5 2
      vertex 84.8 6.5 12
      vertex 85.25684167277018 6.4700570148083365 2
    endloop
  endfacet
  facet normal 0.19509032201612886 0.9807852804032303 0
    outer loop
      vertex 85.25684167277018 6.4700570148083365 2
      vertex 85.25684167277018 6.4700570148083365 12
      vertex 85.70586665785882 6.380740392011739 2
    endloop
  endfacet
  facet normal 0.44228869021900297 0.8968727415326876 0
    outer loop
      vertex 86.13939201327781 6.233578363789503 2
      vertex 86.13939201327781 6.233578363789503 12
      vertex 86.55 6.031088913245535 2
    endloop
  endfacet
  facet normal 0.555570233019607 0.8314696123025421 0
    outer loop
      vertex 86.55 6.031088913245535 2
      vertex 86.55 6.031088913245535 12
      vertex 86.93066500153051 5.776736691019323 2
    endloop
  endfacet
  facet normal 0.9469301294951025 0.3214394653031711 0
    outer loop
      vertex 88.18074039201174 3.9058666578588226 2
      vertex 88.0335783637895 4.3393920132778145 2
      vertex 88.18074039201174 3.9058666578588226 12
    endloop
  endfacet
  facet normal 0.8968727415326913 0.44228869021899514 0
    outer loop
      vertex 88.0335783637895 4.3393920132778145 2
      vertex 87.83108891324554 4.75 2
      vertex 88.0335783637895 4.3393920132778145 12
    endloop
  endfacet
  facet normal 0.8314696123025384 0.5555702330196127 0
    outer loop
      vertex 87.83108891324554 4.75 2
      vertex 87.8 4.7965278467182815 2
      vertex 87.83108891324554 4.75 12
    endloop
  endfacet
  facet normal 0.8314696123025406 0.5555702330196092 -2.3465722646951563e-17
    outer loop
      vertex 87.8 4.7965278467182815 2
      vertex 87.57673669101932 5.130665001530522 2
      vertex 87.83108891324554 4.75 12
    endloop
  endfacet
  facet normal 0.7518398074789843 0.6593458151000612 0
    outer loop
      vertex 87.57673669101932 5.130665001530522 2
      vertex 87.27487373415292 5.474873734152917 2
      vertex 87.57673669101932 5.130665001530522 12
    endloop
  endfacet
  facet normal 0.6593458151000562 0.7518398074789886 -2.542846457642506e-19
    outer loop
      vertex 87.27487373415292 5.474873734152917 2
      vertex 86.93066500153051 5.776736691019323 2
      vertex 86.93066500153051 5.776736691019323 12
    endloop
  endfacet
  facet normal 0.3214394653031615 0.9469301294951057 0
    outer loop
      vertex 85.70586665785882 6.380740392011739 2
      vertex 85.70586665785882 6.380740392011739 12
      vertex 86.13939201327781 6.233578363789503 2
    endloop
  endfacet
  facet normal -0.6593458151000567 -0.7518398074789882 0
    outer loop
      vertex 82.32512626584708 0.5251262658470837 2
      vertex 82.66933499846948 0.2232633089806768 12
      vertex 82.32512626584708 0.5251262658470837 12
    endloop
  endfacet
  facet normal -0.8314696123025405 -0.5555702330196091 0
    outer loop
      vertex 82.02326330898067 0.8693349984694776 2
      vertex 82.02326330898067 0.8693349984694776 12
      vertex 81.76891108675446 1.25 12
    endloop
  endfacet
  facet normal -0.8968727415326915 -0.44228869021899503 0
    outer loop
      vertex 81.76891108675446 1.25 2
      vertex 81.76891108675446 1.25 12
      vertex 81.56642163621049 1.6606079867221857 12
    endloop
  endfacet
  facet normal -0.7518398074789834 -0.6593458151000621 0
    outer loop
      vertex 82.32512626584708 0.5251262658470837 2
      vertex 82.32512626584708 0.5251262658470837 12
      vertex 82.02326330898067 0.8693349984694776 12
    endloop
  endfacet
  facet normal -0.9807852804032345 -0.19509032201610815 0
    outer loop
      vertex 81.41925960798825 2.0941333421411774 2
      vertex 81.41925960798825 2.0941333421411774 12
      vertex 81.32994298519166 2.5431583272298193 12
    endloop
  endfacet
  facet normal -0.9978589232386029 -0.06540312923015063 0
    outer loop
      vertex 81.32994298519166 2.5431583272298193 2
      vertex 81.32994298519166 2.5431583272298193 12
      vertex 81.3 3 12
    endloop
  endfacet
  facet normal -0.9978589232386029 0.06540312923015063 0
    outer loop
      vertex 81.3 3 2
      vertex 81.3 3 12
      vertex 81.32994298519166 3.4568416727701807 12
    endloop
  endfacet
  facet normal -0.9807852804032345 0.19509032201610815 0
    outer loop
      vertex 81.32994298519166 3.4568416727701807 2
      vertex 81.32994298519166 3.4568416727701807 12
      vertex 81.41925960798825 3.9058666578588226 12
    endloop
  endfacet
  facet normal -0.9469301294951024 -0.32143946530317125 0
    outer loop
      vertex 81.56642163621049 1.6606079867221857 2
      vertex 81.56642163621049 1.6606079867221857 12
      vertex 81.41925960798825 2.0941333421411774 12
    endloop
  endfacet
  facet normal -0.9469301294951025 0.3214394653031711 0
    outer loop
      vertex 81.41925960798825 3.9058666578588226 2
      vertex 81.41925960798825 3.9058666578588226 12
      vertex 81.56642163621049 4.3393920132778145 12
    endloop
  endfacet
  facet normal -0.8968727415326913 0.44228869021899514 0
    outer loop
      vertex 81.56642163621049 4.3393920132778145 2
      vertex 81.56642163621049 4.3393920132778145 12
      vertex 81.76891108675446 4.75 12
    endloop
  endfacet
  facet normal -0.8314696123025404 0.5555702330196096 0
    outer loop
      vertex 81.76891108675446 4.75 2
      vertex 81.76891108675446 4.75 12
      vertex 82.02326330898067 5.130665001530522 12
    endloop
  endfacet
  facet normal -0.7518398074789843 0.6593458151000612 0
    outer loop
      vertex 82.02326330898067 5.130665001530522 2
      vertex 82.02326330898067 5.130665001530522 12
      vertex 82.32512626584708 5.474873734152917 12
    endloop
  endfacet
  facet normal -0.6593458151000562 0.7518398074789886 0
    outer loop
      vertex 82.66933499846948 5.776736691019323 2
      vertex 82.32512626584708 5.474873734152917 12
      vertex 82.66933499846948 5.776736691019323 12
    endloop
  endfacet
  facet normal -0.44228869021900297 -0.8968727415326876 0
    outer loop
      vertex 83.05 -0.0310889132455352 2
      vertex 83.46060798672218 -0.23357836378950347 12
      vertex 83.05 -0.0310889132455352 12
    endloop
  endfacet
  facet normal -0.5555702330196076 -0.8314696123025416 0
    outer loop
      vertex 82.66933499846948 0.2232633089806768 2
      vertex 83.05 -0.0310889132455352 12
      vertex 82.66933499846948 0.2232633089806768 12
    endloop
  endfacet
  facet normal -0.32143946530316064 -0.9469301294951061 0
    outer loop
      vertex 83.46060798672218 -0.23357836378950347 2
      vertex 83.89413334214117 -0.3807403920117389 12
      vertex 83.46060798672218 -0.23357836378950347 12
    endloop
  endfacet
  facet normal -0.19509032201612886 -0.9807852804032303 0
    outer loop
      vertex 83.89413334214117 -0.3807403920117389 2
      vertex 84.34315832722982 -0.4700570148083365 12
      vertex 83.89413334214117 -0.3807403920117389 12
    endloop
  endfacet
  facet normal -0.06540312923014278 -0.9978589232386036 0
    outer loop
      vertex 84.34315832722982 -0.4700570148083365 2
      vertex 84.8 -0.5 12
      vertex 84.34315832722982 -0.4700570148083365 12
    endloop
  endfacet
  facet normal 0.06540312923014278 -0.9978589232386036 0
    outer loop
      vertex 84.8 -0.5 2
      vertex 85.25684167277018 -0.4700570148083365 12
      vertex 84.8 -0.5 12
    endloop
  endfacet
  facet normal 0.19509032201612886 -0.9807852804032303 0
    outer loop
      vertex 85.25684167277018 -0.4700570148083365 2
      vertex 85.70586665785882 -0.3807403920117389 12
      vertex 85.25684167277018 -0.4700570148083365 12
    endloop
  endfacet
  facet normal 0.32143946530316064 -0.9469301294951061 0
    outer loop
      vertex 85.70586665785882 -0.3807403920117389 2
      vertex 86.13939201327781 -0.23357836378950347 12
      vertex 85.70586665785882 -0.3807403920117389 12
    endloop
  endfacet
  facet normal 0.44228869021900297 -0.8968727415326876 0
    outer loop
      vertex 86.13939201327781 -0.23357836378950347 2
      vertex 86.55 -0.0310889132455352 12
      vertex 86.13939201327781 -0.23357836378950347 12
    endloop
  endfacet
  facet normal 0.5555702330196076 -0.8314696123025416 0
    outer loop
      vertex 86.55 -0.0310889132455352 2
      vertex 86.93066500153051 0.2232633089806768 12
      vertex 86.55 -0.0310889132455352 12
    endloop
  endfacet
  facet normal 0.6593458151000567 -0.7518398074789882 0
    outer loop
      vertex 86.93066500153051 0.2232633089806768 2
      vertex 87.27487373415292 0.5251262658470837 12
      vertex 86.93066500153051 0.2232633089806768 12
    endloop
  endfacet
  facet normal 0.7518398074789834 -0.6593458151000621 0
    outer loop
      vertex 87.57673669101932 0.8693349984694776 2
      vertex 87.57673669101932 0.8693349984694776 12
      vertex 87.27487373415292 0.5251262658470837 12
    endloop
  endfacet
  facet normal 0.8314696123025405 -0.5555702330196091 0
    outer loop
      vertex 87.83108891324554 1.25 2
      vertex 87.83108891324554 1.25 12
      vertex 87.57673669101932 0.8693349984694776 12
    endloop
  endfacet
  facet normal 0.8968727415326915 -0.44228869021899503 0
    outer loop
      vertex 88.0335783637895 1.6606079867221857 2
      vertex 88.0335783637895 1.6606079867221857 12
      vertex 87.83108891324554 1.25 12
    endloop
  endfacet
  facet normal 0.9469301294951024 -0.32143946530317125 0
    outer loop
      vertex 88.18074039201174 2.0941333421411774 2
      vertex 88.18074039201174 2.0941333421411774 12
      vertex 88.0335783637895 1.6606079867221857 12
    endloop
  endfacet
  facet normal 0.9807852804032345 -0.19509032201610815 0
    outer loop
      vertex 88.27005701480833 2.5431583272298193 2
      vertex 88.27005701480833 2.5431583272298193 12
      vertex 88.18074039201174 2.0941333421411774 12
    endloop
  endfacet
  facet normal 0.9978589232386029 -0.06540312923015063 0
    outer loop
      vertex 88.3 3 2
      vertex 88.3 3 12
      vertex 88.27005701480833 2.5431583272298193 12
    endloop
  endfacet
  facet normal 0.9978589232386029 0.06540312923015063 0
    outer loop
      vertex 88.27005701480833 3.4568416727701807 2
      vertex 88.27005701480833 3.4568416727701807 12
      vertex 88.3 3 12
    endloop
  endfacet
  facet normal 0.9807852804032345 0.19509032201610815 0
    outer loop
      vertex 88.18074039201174 3.9058666578588226 2
      vertex 88.18074039201174 3.9058666578588226 12
      vertex 88.27005701480833 3.4568416727701807 12
    endloop
  endfacet
  facet normal -0.555570233019607 0.8314696123025421 0
    outer loop
      vertex 83.05 6.031088913245535 2
      vertex 82.66933499846948 5.776736691019323 12
      vertex 83.05 6.031088913245535 12
    endloop
  endfacet
  facet normal -0.44228869021900297 0.8968727415326876 0
    outer loop
      vertex 83.46060798672218 6.233578363789503 2
      vertex 83.05 6.031088913245535 12
      vertex 83.46060798672218 6.233578363789503 12
    endloop
  endfacet
  facet normal -0.3214394653031615 0.9469301294951057 0
    outer loop
      vertex 83.89413334214117 6.380740392011739 2
      vertex 83.46060798672218 6.233578363789503 12
      vertex 83.89413334214117 6.380740392011739 12
    endloop
  endfacet
  facet normal -0.19509032201612886 0.9807852804032303 0
    outer loop
      vertex 84.34315832722982 6.4700570148083365 2
      vertex 83.89413334214117 6.380740392011739 12
      vertex 84.34315832722982 6.4700570148083365 12
    endloop
  endfacet
  facet normal -0.06540312923014278 0.9978589232386036 0
    outer loop
      vertex 84.8 6.5 2
      vertex 84.34315832722982 6.4700570148083365 12
      vertex 84.8 6.5 12
    endloop
  endfacet
  facet normal 0.06540312923014278 0.9978589232386036 0
    outer loop
      vertex 85.25684167277018 6.4700570148083365 2
      vertex 84.8 6.5 12
      vertex 85.25684167277018 6.4700570148083365 12
    endloop
  endfacet
  facet normal 0.44228869021900297 0.8968727415326876 0
    outer loop
      vertex 86.55 6.031088913245535 2
      vertex 86.13939201327781 6.233578363789503 12
      vertex 86.55 6.031088913245535 12
    endloop
  endfacet
  facet normal 0.555570233019607 0.8314696123025421 0
    outer loop
      vertex 86.93066500153051 5.776736691019323 2
      vertex 86.55 6.031088913245535 12
      vertex 86.93066500153051 5.776736691019323 12
    endloop
  endfacet
  facet normal 0.9469301294951025 0.3214394653031711 0
    outer loop
      vertex 88.0335783637895 4.3393920132778145 2
      vertex 88.0335783637895 4.3393920132778145 12
      vertex 88.18074039201174 3.9058666578588226 12
    endloop
  endfacet
  facet normal 0.8968727415326913 0.44228869021899514 0
    outer loop
      vertex 87.83108891324554 4.75 2
      vertex 87.83108891324554 4.75 12
      vertex 88.0335783637895 4.3393920132778145 12
    endloop
  endfacet
  facet normal 0.8314696123025404 0.5555702330196096 0
    outer loop
      vertex 87.57673669101932 5.130665001530522 2
      vertex 87.57673669101932 5.130665001530522 12
      vertex 87.83108891324554 4.75 12
    endloop
  endfacet
  facet normal 0.6593458151000562 0.7518398074789886 0
    outer loop
      vertex 87.27487373415292 5.474873734152917 2
      vertex 86.93066500153051 5.776736691019323 12
      vertex 87.27487373415292 5.474873734152917 12
    endloop
  endfacet
  facet normal 0.7518398074789843 0.6593458151000612 0
    outer loop
      vertex 87.27487373415292 5.474873734152917 2
      vertex 87.27487373415292 5.474873734152917 12
      vertex 87.57673669101932 5.130665001530522 12
    endloop
  endfacet
  facet normal 0.19509032201612886 0.9807852804032303 0
    outer loop
      vertex 85.70586665785882 6.380740392011739 2
      vertex 85.25684167277018 6.4700570148083365 12
      vertex 85.70586665785882 6.380740392011739 12
    endloop
  endfacet
  facet normal 0.3214394653031615 0.9469301294951057 0
    outer loop
      vertex 86.13939201327781 6.233578363789503 2
      vertex 85.70586665785882 6.380740392011739 12
      vertex 86.13939201327781 6.233578363789503 12
    endloop
  endfacet
  facet normal 0 0 1
    outer loop
      vertex 81.32994298519166 2.5431583272298193 12
      vertex 81.41925960798825 2.0941333421411774 12
      vertex 81.32994298519166 3.4568416727701807 12
    endloop
  endfacet
  facet normal 0 0 1
    outer loop
      vertex 81.32994298519166 2.5431583272298193 12
      vertex 81.32994298519166 3.4568416727701807 12
      vertex 81.3 3 12
    endloop
  endfacet
  facet normal 0 0 1
    outer loop
      vertex 81.41925960798825 2.0941333421411774 12
      vertex 81.41925960798825 3.9058666578588226 12
      vertex 81.32994298519166 3.4568416727701807 12
    endloop
  endfacet
  facet normal 0 0 1
    outer loop
      vertex 81.56642163621049 1.6606079867221857 12
      vertex 81.41925960798825 3.9058666578588226 12
      vertex 81.41925960798825 2.0941333421411774 12
    endloop
  endfacet
  facet normal 0 0 1
    outer loop
      vertex 81.76891108675446 1.25 12
      vertex 81.56642163621049 4.3393920132778145 12
      vertex 81.56642163621049 1.6606079867221857 12
    endloop
  endfacet
  facet normal 0 0 1
    outer loop
      vertex 82.02326330898067 0.8693349984694776 12
      vertex 81.76891108675446 4.75 12
      vertex 81.76891108675446 1.25 12
    endloop
  endfacet
  facet normal 0 0 1
    outer loop
      vertex 82.02326330898067 0.8693349984694776 12
      vertex 82.32512626584708 0.5251262658470837 12
      vertex 82.02326330898067 5.130665001530522 12
    endloop
  endfacet
  facet normal 0 0 1
    outer loop
      vertex 82.66933499846948 0.2232633089806768 12
      vertex 82.32512626584708 5.474873734152917 12
      vertex 82.32512626584708 0.5251262658470837 12
    endloop
  endfacet
  facet normal 0 0 1
    outer loop
      vertex 81.56642163621049 1.6606079867221857 12
      vertex 81.56642163621049 4.3393920132778145 12
      vertex 81.41925960798825 3.9058666578588226 12
    endloop
  endfacet
  facet normal 0 0 1
    outer loop
      vertex 81.76891108675446 1.25 12
      vertex 81.76891108675446 4.75 12
      vertex 81.56642163621049 4.3393920132778145 12
    endloop
  endfacet
  facet normal 0 0 1
    outer loop
      vertex 82.02326330898067 0.8693349984694776 12
      vertex 82.02326330898067 5.130665001530522 12
      vertex 81.76891108675446 4.75 12
    endloop
  endfacet
  facet normal 0 0 1
    outer loop
      vertex 82.32512626584708 0.5251262658470837 12
      vertex 82.32512626584708 5.474873734152917 12
      vertex 82.02326330898067 5.130665001530522 12
    endloop
  endfacet
  facet normal 0 0 1
    outer loop
      vertex 82.66933499846948 0.2232633089806768 12
      vertex 82.66933499846948 5.776736691019323 12
      vertex 82.32512626584708 5.474873734152917 12
    endloop
  endfacet
  facet normal 0 0 1
    outer loop
      vertex 83.89413334214117 -0.3807403920117389 12
      vertex 84.34315832722982 -0.4700570148083365 12
      vertex 84.175 1.9174682452694518 12
    endloop
  endfacet
  facet normal 0 0 1
    outer loop
      vertex 83.46060798672218 -0.23357836378950347 12
      vertex 83.89413334214117 -0.3807403920117389 12
      vertex 83.64515058436089 2.5216457095436375 12
    endloop
  endfacet
  facet normal 0 0 1
    outer loop
      vertex 83.89413334214117 -0.3807403920117389 12
      vertex 83.80830832463596 2.2390482137390992 12
      vertex 83.71746824526944 2.375 12
    endloop
  endfacet
  facet normal 0 0 1
    outer loop
      vertex 83.46060798672218 -0.23357836378950347 12
      vertex 83.64515058436089 2.5216457095436375 12
      vertex 83.59259271713866 2.6764761936218493 12
    endloop
  endfacet
  facet normal 0 0 1
    outer loop
      vertex 83.89413334214117 -0.3807403920117389 12
      vertex 83.71746824526944 2.375 12
      vertex 83.64515058436089 2.5216457095436375 12
    endloop
  endfacet
  facet normal 0 0 1
    outer loop
      vertex 83.89413334214117 -0.3807403920117389 12
      vertex 84.0390482137391 2.008308324635956 12
      vertex 83.91611652351682 2.1161165235168156 12
    endloop
  endfacet
  facet normal 0 0 1
    outer loop
      vertex 83.89413334214117 -0.3807403920117389 12
      vertex 83.91611652351682 2.1161165235168156 12
      vertex 83.80830832463596 2.2390482137390992 12
    endloop
  endfacet
  facet normal 0 0 1
    outer loop
      vertex 83.89413334214117 -0.3807403920117389 12
      vertex 84.175 1.9174682452694518 12
      vertex 84.0390482137391 2.008308324635956 12
    endloop
  endfacet
  facet normal 0 0 1
    outer loop
      vertex 84.34315832722982 -0.4700570148083365 12
      vertex 84.8 -0.5 12
      vertex 84.63684225972493 1.760693923282737 12
    endloop
  endfacet
  facet normal 0 0 1
    outer loop
      vertex 84.8 -0.5 12
      vertex 85.25684167277018 -0.4700570148083365 12
      vertex 84.96315774027507 1.760693923282737 12
    endloop
  endfacet
  facet normal 0 0 1
    outer loop
      vertex 85.25684167277018 -0.4700570148083365 12
      vertex 85.70586665785882 -0.3807403920117389 12
      vertex 85.12352380637815 1.7925927171386646 12
    endloop
  endfacet
  facet normal 0 0 1
    outer loop
      vertex 84.34315832722982 -0.4700570148083365 12
      vertex 84.32164570954363 1.8451505843608915 12
      vertex 84.175 1.9174682452694518 12
    endloop
  endfacet
  facet normal 0 0 1
    outer loop
      vertex 84.34315832722982 -0.4700570148083365 12
      vertex 84.63684225972493 1.760693923282737 12
      vertex 84.47647619362185 1.7925927171386646 12
    endloop
  endfacet
  facet normal 0 0 1
    outer loop
      vertex 84.34315832722982 -0.4700570148083365 12
      vertex 84.47647619362185 1.7925927171386646 12
      vertex 84.32164570954363 1.8451505843608915 12
    endloop
  endfacet
  facet normal 0 0 1
    outer loop
      vertex 84.8 -0.5 12
      vertex 84.8 1.75 12
      vertex 84.63684225972493 1.760693923282737 12
    endloop
  endfacet
  facet normal 0 0 1
    outer loop
      vertex 84.8 -0.5 12
      vertex 84.96315774027507 1.760693923282737 12
      vertex 84.8 1.75 12
    endloop
  endfacet
  facet normal 0 0 1
    outer loop
      vertex 85.25684167277018 -0.4700570148083365 12
      vertex 85.12352380637815 1.7925927171386646 12
      vertex 84.96315774027507 1.760693923282737 12
    endloop
  endfacet
  facet normal 0 0 1
    outer loop
      vertex 85.12352380637815 1.7925927171386646 12
      vertex 85.70586665785882 -0.3807403920117389 12
      vertex 85.27835429045636 1.8451505843608915 12
    endloop
  endfacet
  facet normal 0 0 1
    outer loop
      vertex 85.27835429045636 1.8451505843608915 12
      vertex 85.70586665785882 -0.3807403920117389 12
      vertex 85.425 1.9174682452694518 12
    endloop
  endfacet
  facet normal 0 0 1
    outer loop
      vertex 82.66933499846948 0.2232633089806768 12
      vertex 83.05 -0.0310889132455352 12
      vertex 82.66933499846948 5.776736691019323 12
    endloop
  endfacet
  facet normal 0 0 1
    outer loop
      vertex 83.46060798672218 -0.23357836378950347 12
      vertex 83.05 6.031088913245535 12
      vertex 83.05 -0.0310889132455352 12
    endloop
  endfacet
  facet normal 0 0 1
    outer loop
      vertex 83.46060798672218 -0.23357836378950347 12
      vertex 83.59259271713866 2.6764761936218493 12
      vertex 83.56069392328273 2.8368422597249356 12
    endloop
  endfacet
  facet normal 0 0 1
    outer loop
      vertex 83.46060798672218 -0.23357836378950347 12
      vertex 83.56069392328273 2.8368422597249356 12
      vertex 83.55 3 12
    endloop
  endfacet
  facet normal 0 0 1
    outer loop
      vertex 82.66933499846948 5.776736691019323 12
      vertex 83.05 -0.0310889132455352 12
      vertex 83.05 6.031088913245535 12
    endloop
  endfacet
  facet normal 0 0 1
    outer loop
      vertex 83.46060798672218 -0.23357836378950347 12
      vertex 83.55 3 12
      vertex 83.46060798672218 6.233578363789503 12
    endloop
  endfacet
  facet normal 0 0 1
    outer loop
      vertex 85.70586665785882 -0.3807403920117389 12
      vertex 86.13939201327781 -0.23357836378950347 12
      vertex 85.68388347648317 2.1161165235168156 12
    endloop
  endfacet
  facet normal 0 0 1
    outer loop
      vertex 85.425 1.9174682452694518 12
      vertex 85.70586665785882 -0.3807403920117389 12
      vertex 85.5609517862609 2.008308324635956 12
    endloop
  endfacet
  facet normal 0 0 1
    outer loop
      vertex 85.70586665785882 -0.3807403920117389 12
      vertex 85.68388347648317 2.1161165235168156 12
      vertex 85.5609517862609 2.008308324635956 12
    endloop
  endfacet
  facet normal 0 0 1
    outer loop
      vertex 86.13939201327781 -0.23357836378950347 12
      vertex 85.79169167536404 2.2390482137390992 12
      vertex 85.68388347648317 2.1161165235168156 12
    endloop
  endfacet
  facet normal 0 0 1
    outer loop
      vertex 86.13939201327781 -0.23357836378950347 12
      vertex 85.88253175473055 2.375 12
      vertex 85.79169167536404 2.2390482137390992 12
    endloop
  endfacet
  facet normal 0 0 1
    outer loop
      vertex 86.13939201327781 -0.23357836378950347 12
      vertex 85.9548494156391 2.5216457095436375 12
      vertex 85.88253175473055 2.375 12
    endloop
  endfacet
  facet normal 0 0 1
    outer loop
      vertex 86.13939201327781 -0.23357836378950347 12
      vertex 86.00740728286134 2.6764761936218493 12
      vertex 85.9548494156391 2.5216457095436375 12
    endloop
  endfacet
  facet normal 0 0 1
    outer loop
      vertex 86.13939201327781 -0.23357836378950347 12
      vertex 86.03930607671727 2.8368422597249356 12
      vertex 86.00740728286134 2.6764761936218493 12
    endloop
  endfacet
  facet normal 0 0 1
    outer loop
      vertex 86.13939201327781 -0.23357836378950347 12
      vertex 86.05 3 12
      vertex 86.03930607671727 2.8368422597249356 12
    endloop
  endfacet
  facet normal 0 0 1
    outer loop
      vertex 86.13939201327781 -0.23357836378950347 12
      vertex 86.55 -0.0310889132455352 12
      vertex 86.13939201327781 6.233578363789503 12
    endloop
  endfacet
  facet normal 0 0 1
    outer loop
      vertex 86.55 -0.0310889132455352 12
      vertex 86.93066500153051 0.2232633089806768 12
      vertex 86.55 6.031088913245535 12
    endloop
  endfacet
  facet normal 0 0 1
    outer loop
      vertex 86.13939201327781 -0.23357836378950347 12
      vertex 86.13939201327781 6.233578363789503 12
      vertex 86.05 3 12
    endloop
  endfacet
  facet normal 0 0 1
    outer loop
      vertex 86.93066500153051 0.2232633089806768 12
      vertex 87.27487373415292 0.5251262658470837 12
      vertex 86.93066500153051 5.776736691019323 12
    endloop
  endfacet
  facet normal 0 0 1
    outer loop
      vertex 87.27487373415292 0.5251262658470837 12
      vertex 87.57673669101932 0.8693349984694776 12
      vertex 87.27487373415292 5.474873734152917 12
    endloop
  endfacet
  facet normal 0 0 1
    outer loop
      vertex 87.57673669101932 0.8693349984694776 12
      vertex 87.83108891324554 1.25 12
      vertex 87.57673669101932 5.130665001530522 12
    endloop
  endfacet
  facet normal 0 0 1
    outer loop
      vertex 87.83108891324554 1.25 12
      vertex 88.0335783637895 1.6606079867221857 12
      vertex 87.83108891324554 4.75 12
    endloop
  endfacet
  facet normal 0 0 1
    outer loop
      vertex 88.0335783637895 1.6606079867221857 12
      vertex 88.18074039201174 2.0941333421411774 12
      vertex 88.0335783637895 4.3393920132778145 12
    endloop
  endfacet
  facet normal 0 0 1
    outer loop
      vertex 87.27487373415292 0.5251262658470837 12
      vertex 87.27487373415292 5.474873734152917 12
      vertex 86.93066500153051 5.776736691019323 12
    endloop
  endfacet
  facet normal 0 0 1
    outer loop
      vertex 87.57673669101932 0.8693349984694776 12
      vertex 87.57673669101932 5.130665001530522 12
      vertex 87.27487373415292 5.474873734152917 12
    endloop
  endfacet
  facet normal 0 0 1
    outer loop
      vertex 88.18074039201174 2.0941333421411774 12
      vertex 88.27005701480833 2.5431583272298193 12
      vertex 88.18074039201174 3.9058666578588226 12
    endloop
  endfacet
  facet normal 0 0 1
    outer loop
      vertex 88.27005701480833 2.5431583272298193 12
      vertex 88.3 3 12
      vertex 88.27005701480833 3.4568416727701807 12
    endloop
  endfacet
  facet normal 0 0 1
    outer loop
      vertex 88.27005701480833 2.5431583272298193 12
      vertex 88.27005701480833 3.4568416727701807 12
      vertex 88.18074039201174 3.9058666578588226 12
    endloop
  endfacet
  facet normal 0 0 1
    outer loop
      vertex 87.83108891324554 1.25 12
      vertex 87.83108891324554 4.75 12
      vertex 87.57673669101932 5.130665001530522 12
    endloop
  endfacet
  facet normal 0 0 1
    outer loop
      vertex 88.0335783637895 1.6606079867221857 12
      vertex 88.0335783637895 4.3393920132778145 12
      vertex 87.83108891324554 4.75 12
    endloop
  endfacet
  facet normal 0 0 1
    outer loop
      vertex 88.18074039201174 2.0941333421411774 12
      vertex 88.18074039201174 3.9058666578588226 12
      vertex 88.0335783637895 4.3393920132778145 12
    endloop
  endfacet
  facet normal 0 0 1
    outer loop
      vertex 83.46060798672218 -0.23357836378950347 12
      vertex 83.46060798672218 6.233578363789503 12
      vertex 83.05 6.031088913245535 12
    endloop
  endfacet
  facet normal 0 0 1
    outer loop
      vertex 83.55 3 12
      vertex 83.56069392328273 3.1631577402750644 12
      vertex 83.46060798672218 6.233578363789503 12
    endloop
  endfacet
  facet normal 0 0 1
    outer loop
      vertex 83.56069392328273 3.1631577402750644 12
      vertex 83.59259271713866 3.3235238063781507 12
      vertex 83.46060798672218 6.233578363789503 12
    endloop
  endfacet
  facet normal 0 0 1
    outer loop
      vertex 83.59259271713866 3.3235238063781507 12
      vertex 83.64515058436089 3.4783542904563625 12
      vertex 83.46060798672218 6.233578363789503 12
    endloop
  endfacet
  facet normal 0 0 1
    outer loop
      vertex 83.64515058436089 3.4783542904563625 12
      vertex 83.71746824526944 3.625 12
      vertex 83.46060798672218 6.233578363789503 12
    endloop
  endfacet
  facet normal 0 0 1
    outer loop
      vertex 83.71746824526944 3.625 12
      vertex 83.80830832463596 3.7609517862609008 12
      vertex 83.46060798672218 6.233578363789503 12
    endloop
  endfacet
  facet normal 0 0 1
    outer loop
      vertex 83.80830832463596 3.7609517862609008 12
      vertex 83.91611652351682 3.8838834764831844 12
      vertex 83.46060798672218 6.233578363789503 12
    endloop
  endfacet
  facet normal 0 0 1
    outer loop
      vertex 83.91611652351682 3.8838834764831844 12
      vertex 84.0390482137391 3.991691675364044 12
      vertex 83.89413334214117 6.380740392011739 12
    endloop
  endfacet
  facet normal 0 0 1
    outer loop
      vertex 84.0390482137391 3.991691675364044 12
      vertex 84.175 4.082531754730548 12
      vertex 83.89413334214117 6.380740392011739 12
    endloop
  endfacet
  facet normal 0 0 1
    outer loop
      vertex 84.175 4.082531754730548 12
      vertex 84.32164570954363 4.1548494156391085 12
      vertex 83.89413334214117 6.380740392011739 12
    endloop
  endfacet
  facet normal 0 0 1
    outer loop
      vertex 83.91611652351682 3.8838834764831844 12
      vertex 83.89413334214117 6.380740392011739 12
      vertex 83.46060798672218 6.233578363789503 12
    endloop
  endfacet
  facet normal 0 0 1
    outer loop
      vertex 84.32164570954363 4.1548494156391085 12
      vertex 84.47647619362185 4.207407282861335 12
      vertex 83.89413334214117 6.380740392011739 12
    endloop
  endfacet
  facet normal 0 0 1
    outer loop
      vertex 84.47647619362185 4.207407282861335 12
      vertex 84.63684225972493 4.239306076717263 12
      vertex 84.34315832722982 6.4700570148083365 12
    endloop
  endfacet
  facet normal 0 0 1
    outer loop
      vertex 84.63684225972493 4.239306076717263 12
      vertex 84.8 4.25 12
      vertex 84.8 6.5 12
    endloop
  endfacet
  facet normal 0 0 1
    outer loop
      vertex 84.8 4.25 12
      vertex 84.96315774027507 4.239306076717263 12
      vertex 84.8 6.5 12
    endloop
  endfacet
  facet normal 0 0 1
    outer loop
      vertex 84.96315774027507 4.239306076717263 12
      vertex 85.12352380637815 4.207407282861335 12
      vertex 85.25684167277018 6.4700570148083365 12
    endloop
  endfacet
  facet normal 0 0 1
    outer loop
      vertex 85.425 4.082531754730548 12
      vertex 85.25684167277018 6.4700570148083365 12
      vertex 85.27835429045636 4.1548494156391085 12
    endloop
  endfacet
  facet normal 0 0 1
    outer loop
      vertex 85.12352380637815 4.207407282861335 12
      vertex 85.27835429045636 4.1548494156391085 12
      vertex 85.25684167277018 6.4700570148083365 12
    endloop
  endfacet
  facet normal 0 0 1
    outer loop
      vertex 84.47647619362185 4.207407282861335 12
      vertex 84.34315832722982 6.4700570148083365 12
      vertex 83.89413334214117 6.380740392011739 12
    endloop
  endfacet
  facet normal 0 0 1
    outer loop
      vertex 84.63684225972493 4.239306076717263 12
      vertex 84.8 6.5 12
      vertex 84.34315832722982 6.4700570148083365 12
    endloop
  endfacet
  facet normal 0 0 1
    outer loop
      vertex 84.96315774027507 4.239306076717263 12
      vertex 85.25684167277018 6.4700570148083365 12
      vertex 84.8 6.5 12
    endloop
  endfacet
  facet normal 0 0 1
    outer loop
      vertex 85.425 4.082531754730548 12
      vertex 85.70586665785882 6.380740392011739 12
      vertex 85.25684167277018 6.4700570148083365 12
    endloop
  endfacet
  facet normal 0 0 1
    outer loop
      vertex 85.88253175473055 3.625 12
      vertex 85.9548494156391 3.4783542904563625 12
      vertex 85.70586665785882 6.380740392011739 12
    endloop
  endfacet
  facet normal 0 0 1
    outer loop
      vertex 86.05 3 12
      vertex 86.13939201327781 6.233578363789503 12
      vertex 86.03930607671727 3.1631577402750644 12
    endloop
  endfacet
  facet normal 0 0 1
    outer loop
      vertex 86.00740728286134 3.3235238063781507 12
      vertex 86.13939201327781 6.233578363789503 12
      vertex 85.9548494156391 3.4783542904563625 12
    endloop
  endfacet
  facet normal 0 0 1
    outer loop
      vertex 86.03930607671727 3.1631577402750644 12
      vertex 86.13939201327781 6.233578363789503 12
      vertex 86.00740728286134 3.3235238063781507 12
    endloop
  endfacet
  facet normal 0 0 1
    outer loop
      vertex 85.68388347648317 3.8838834764831844 12
      vertex 85.70586665785882 6.380740392011739 12
      vertex 85.5609517862609 3.991691675364044 12
    endloop
  endfacet
  facet normal 0 0 1
    outer loop
      vertex 85.88253175473055 3.625 12
      vertex 85.70586665785882 6.380740392011739 12
      vertex 85.79169167536404 3.7609517862609008 12
    endloop
  endfacet
  facet normal 0 0 1
    outer loop
      vertex 85.68388347648317 3.8838834764831844 12
      vertex 85.79169167536404 3.7609517862609008 12
      vertex 85.70586665785882 6.380740392011739 12
    endloop
  endfacet
  facet normal 0 0 1
    outer loop
      vertex 85.425 4.082531754730548 12
      vertex 85.5609517862609 3.991691675364044 12
      vertex 85.70586665785882 6.380740392011739 12
    endloop
  endfacet
  facet normal 0 0 1
    outer loop
      vertex 86.55 -0.0310889132455352 12
      vertex 86.55 6.031088913245535 12
      vertex 86.13939201327781 6.233578363789503 12
    endloop
  endfacet
  facet normal 0 0 1
    outer loop
      vertex 86.93066500153051 0.2232633089806768 12
      vertex 86.93066500153051 5.776736691019323 12
      vertex 86.55 6.031088913245535 12
    endloop
  endfacet
  facet normal 0 0 1
    outer loop
      vertex 85.9548494156391 3.4783542904563625 12
      vertex 86.13939201327781 6.233578363789503 12
      vertex 85.70586665785882 6.380740392011739 12
    endloop
  endfacet
  facet normal -0.6593458151000583 -0.7518398074789866 -4.3227368976998413e-19
    outer loop
      vertex 82.32512626584708 51.32512626584708 2
      vertex 82.66933499846948 51.023263308980674 2
      vertex 82.66933499846948 51.023263308980674 12
    endloop
  endfacet
  facet normal -0.7518398074789807 -0.6593458151000648 6.060520417501533e-19
    outer loop
      vertex 82.32512626584708 51.32512626584708 2
      vertex 82.02326330898067 51.66933499846947 12
      vertex 82.02326330898067 51.66933499846947 2
    endloop
  endfacet
  facet normal -0.8968727415326906 -0.4422886902189967 1.3909157159219227e-18
    outer loop
      vertex 81.76891108675446 52.05 2
      vertex 81.56642163621049 52.46060798672218 12
      vertex 81.56642163621049 52.46060798672218 2
    endloop
  endfacet
  facet normal -0.8314696123025415 -0.5555702330196078 -9.30114907403863e-19
    outer loop
      vertex 82.02326330898067 51.66933499846947 2
      vertex 81.76891108675446 52.05 12
      vertex 81.76891108675446 52.05 2
    endloop
  endfacet
  facet normal -0.9469301294951028 -0.3214394653031702 1.149418711000623e-19
    outer loop
      vertex 81.56642163621049 52.46060798672218 2
      vertex 81.41925960798825 52.894133342141174 12
      vertex 81.41925960798825 52.894133342141174 2
    endloop
  endfacet
  facet normal -0.4422886902190092 -0.8968727415326845 6.898172250220067e-19
    outer loop
      vertex 83.05 50.768911086754464 2
      vertex 83.46060798672218 50.56642163621049 2
      vertex 83.46060798672218 50.56642163621049 12
    endloop
  endfacet
  facet normal -0.32143946530315626 -0.9469301294951076 0
    outer loop
      vertex 83.89413334214117 50.41925960798826 2
      vertex 83.89413334214117 50.41925960798826 12
      vertex 83.46060798672218 50.56642163621049 2
    endloop
  endfacet
  facet normal -0.19509032201612328 -0.9807852804032315 -1.117016779494511e-19
    outer loop
      vertex 83.89413334214117 50.41925960798826 2
      vertex 84.34315832722982 50.329942985191664 2
      vertex 84.34315832722982 50.329942985191664 12
    endloop
  endfacet
  facet normal -0.06540312923015051 -0.9978589232386031 2.3380374523318884e-20
    outer loop
      vertex 84.34315832722982 50.329942985191664 2
      vertex 84.8 50.3 2
      vertex 84.8 50.3 12
    endloop
  endfacet
  facet normal 0.06540312923015051 -0.9978589232386031 -2.3380374523318884e-20
    outer loop
      vertex 84.8 50.3 2
      vertex 85.25684167277018 50.329942985191664 2
      vertex 85.25684167277018 50.329942985191664 12
    endloop
  endfacet
  facet normal -0.5555702330196043 -0.8314696123025439 -5.396319114555327e-19
    outer loop
      vertex 82.66933499846948 51.023263308980674 2
      vertex 83.05 50.768911086754464 2
      vertex 83.05 50.768911086754464 12
    endloop
  endfacet
  facet normal 0.19509032201612328 -0.9807852804032315 1.117016779494511e-19
    outer loop
      vertex 85.25684167277018 50.329942985191664 2
      vertex 85.70586665785882 50.41925960798826 2
      vertex 85.70586665785882 50.41925960798826 12
    endloop
  endfacet
  facet normal 0.32143946530315626 -0.9469301294951076 -8.793012318462516e-21
    outer loop
      vertex 85.70586665785882 50.41925960798826 2
      vertex 86.13939201327781 50.56642163621049 2
      vertex 86.13939201327781 50.56642163621049 12
    endloop
  endfacet
  facet normal 0.4422886902190092 -0.8968727415326845 -6.898172250220067e-19
    outer loop
      vertex 86.13939201327781 50.56642163621049 2
      vertex 86.55 50.768911086754464 2
      vertex 86.55 50.768911086754464 12
    endloop
  endfacet
  facet normal 0.5555702330196043 -0.8314696123025439 5.396319114555327e-19
    outer loop
      vertex 86.55 50.768911086754464 2
      vertex 86.93066500153051 51.023263308980674 2
      vertex 86.93066500153051 51.023263308980674 12
    endloop
  endfacet
  facet normal 0.6593458151000583 -0.7518398074789866 4.3227368976998413e-19
    outer loop
      vertex 86.93066500153051 51.023263308980674 2
      vertex 87.27487373415292 51.32512626584708 2
      vertex 87.27487373415292 51.32512626584708 12
    endloop
  endfacet
  facet normal 0.7518398074789807 -0.6593458151000648 0
    outer loop
      vertex 87.27487373415292 51.32512626584708 2
      vertex 87.57673669101932 51.66933499846947 2
      vertex 87.27487373415292 51.32512626584708 12
    endloop
  endfacet
  facet normal 0.83146961230254 -0.5555702330196103 0
    outer loop
      vertex 87.57673669101932 51.66933499846947 2
      vertex 87.8 52.00347215328171 2
      vertex 87.57673669101932 51.66933499846947 12
    endloop
  endfacet
  facet normal 0.8314696123025529 -0.5555702330195907 9.444686654170015e-16
    outer loop
      vertex 87.8 52.00347215328171 2
      vertex 87.83108891324554 52.05 2
      vertex 87.57673669101932 51.66933499846947 12
    endloop
  endfacet
  facet normal 0.8968727415326906 -0.4422886902189967 0
    outer loop
      vertex 87.83108891324554 52.05 2
      vertex 88.0335783637895 52.46060798672218 2
      vertex 87.83108891324554 52.05 12
    endloop
  endfacet
  facet normal 0.9469301294951028 -0.3214394653031702 0
    outer loop
      vertex 88.0335783637895 52.46060798672218 2
      vertex 88.18074039201174 52.894133342141174 2
      vertex 88.0335783637895 52.46060798672218 12
    endloop
  endfacet
  facet normal 0 0 -1
    outer loop
      vertex 87.8 52.00347215328171 2
      vertex 87.8 55.59652784671828 2
      vertex 87.83108891324554 52.05 2
    endloop
  endfacet
  facet normal 0 0 -1
    outer loop
      vertex 87.83108891324554 52.05 2
      vertex 88.0335783637895 55.13939201327781 2
      vertex 88.0335783637895 52.46060798672218 2
    endloop
  endfacet
  facet normal 0 0 -1
    outer loop
      vertex 88.0335783637895 52.46060798672218 2
      vertex 88.18074039201174 54.70586665785882 2
      vertex 88.18074039201174 52.894133342141174 2
    endloop
  endfacet
  facet normal 0 0 -1
    outer loop
      vertex 88.18074039201174 52.894133342141174 2
      vertex 88.27005701480833 54.25684167277018 2
      vertex 88.27005701480833 53.343158327229816 2
    endloop
  endfacet
  facet normal 0 0 -1
    outer loop
      vertex 88.27005701480833 53.343158327229816 2
      vertex 88.27005701480833 54.25684167277018 2
      vertex 88.3 53.8 2
    endloop
  endfacet
  facet normal 0 0 -1
    outer loop
      vertex 88.18074039201174 52.894133342141174 2
      vertex 88.18074039201174 54.70586665785882 2
      vertex 88.27005701480833 54.25684167277018 2
    endloop
  endfacet
  facet normal 0 0 -1
    outer loop
      vertex 87.83108891324554 52.05 2
      vertex 87.83108891324554 55.55 2
      vertex 88.0335783637895 55.13939201327781 2
    endloop
  endfacet
  facet normal 0 0 -1
    outer loop
      vertex 87.83108891324554 52.05 2
      vertex 87.8 55.59652784671828 2
      vertex 87.83108891324554 55.55 2
    endloop
  endfacet
  facet normal 0 0 -1
    outer loop
      vertex 88.0335783637895 52.46060798672218 2
      vertex 88.0335783637895 55.13939201327781 2
      vertex 88.18074039201174 54.70586665785882 2
    endloop
  endfacet
  facet normal -0.9807852804032343 -0.19509032201610832 -4.1242614924364247e-19
    outer loop
      vertex 81.41925960798825 52.894133342141174 2
      vertex 81.32994298519166 53.343158327229816 12
      vertex 81.32994298519166 53.343158327229816 2
    endloop
  endfacet
  facet normal -0.9978589232386031 -0.06540312923015051 2.3380374523318884e-20
    outer loop
      vertex 81.32994298519166 53.343158327229816 2
      vertex 81.3 53.8 12
      vertex 81.3 53.8 2
    endloop
  endfacet
  facet normal -0.9978589232386031 0.06540312923015051 -2.3380374523318884e-20
    outer loop
      vertex 81.3 53.8 2
      vertex 81.32994298519166 54.25684167277018 12
      vertex 81.32994298519166 54.25684167277018 2
    endloop
  endfacet
  facet normal -0.9807852804032343 0.19509032201610832 4.1242614924364247e-19
    outer loop
      vertex 81.32994298519166 54.25684167277018 2
      vertex 81.41925960798825 54.70586665785882 12
      vertex 81.41925960798825 54.70586665785882 2
    endloop
  endfacet
  facet normal -0.9469301294951028 0.3214394653031702 -1.149418711000623e-19
    outer loop
      vertex 81.41925960798825 54.70586665785882 2
      vertex 81.56642163621049 55.13939201327781 12
      vertex 81.56642163621049 55.13939201327781 2
    endloop
  endfacet
  facet normal -0.8968727415326906 0.4422886902189967 -1.3909157159219227e-18
    outer loop
      vertex 81.56642163621049 55.13939201327781 2
      vertex 81.76891108675446 55.55 12
      vertex 81.76891108675446 55.55 2
    endloop
  endfacet
  facet normal -0.8314696123025415 0.5555702330196078 9.30114907403863e-19
    outer loop
      vertex 81.76891108675446 55.55 2
      vertex 82.02326330898067 55.93066500153052 12
      vertex 82.02326330898067 55.93066500153052 2
    endloop
  endfacet
  facet normal -0.7518398074789807 0.6593458151000648 -6.060520417501533e-19
    outer loop
      vertex 82.02326330898067 55.93066500153052 2
      vertex 82.32512626584708 56.27487373415291 12
      vertex 82.32512626584708 56.27487373415291 2
    endloop
  endfacet
  facet normal -0.6593458151000583 0.7518398074789866 0
    outer loop
      vertex 82.32512626584708 56.27487373415291 2
      vertex 82.32512626584708 56.27487373415291 12
      vertex 82.66933499846948 56.57673669101932 2
    endloop
  endfacet
  facet normal -0.5555702330196103 0.83146961230254 0
    outer loop
      vertex 82.66933499846948 56.57673669101932 2
      vertex 82.66933499846948 56.57673669101932 12
      vertex 83.00347215328172 56.8 2
    endloop
  endfacet
  facet normal 0.9807852804032343 -0.19509032201610832 0
    outer loop
      vertex 88.18074039201174 52.894133342141174 2
      vertex 88.27005701480833 53.343158327229816 2
      vertex 88.18074039201174 52.894133342141174 12
    endloop
  endfacet
  facet normal 0.9978589232386031 -0.06540312923015051 0
    outer loop
      vertex 88.27005701480833 53.343158327229816 2
      vertex 88.3 53.8 2
      vertex 88.27005701480833 53.343158327229816 12
    endloop
  endfacet
  facet normal 0.9978589232386031 0.06540312923015051 0
    outer loop
      vertex 88.3 53.8 2
      vertex 88.27005701480833 54.25684167277018 2
      vertex 88.3 53.8 12
    endloop
  endfacet
  facet normal 0.9807852804032343 0.19509032201610832 0
    outer loop
      vertex 88.27005701480833 54.25684167277018 2
      vertex 88.18074039201174 54.70586665785882 2
      vertex 88.27005701480833 54.25684167277018 12
    endloop
  endfacet
  facet normal 0.9469301294951028 0.3214394653031702 0
    outer loop
      vertex 88.18074039201174 54.70586665785882 2
      vertex 88.0335783637895 55.13939201327781 2
      vertex 88.18074039201174 54.70586665785882 12
    endloop
  endfacet
  facet normal 0.5555702330196103 0.83146961230254 0
    outer loop
      vertex 86.59652784671827 56.8 2
      vertex 86.59652784671827 56.8 12
      vertex 86.93066500153051 56.57673669101932 2
    endloop
  endfacet
  facet normal 0.7518398074789807 0.6593458151000648 0
    outer loop
      vertex 87.57673669101932 55.93066500153052 2
      vertex 87.27487373415292 56.27487373415291 2
      vertex 87.57673669101932 55.93066500153052 12
    endloop
  endfacet
  facet normal 0.83146961230254 0.5555702330196103 1.3268343018281935e-16
    outer loop
      vertex 87.57673669101932 55.93066500153052 2
      vertex 87.83108891324554 55.55 12
      vertex 87.8 55.59652784671828 2
    endloop
  endfacet
  facet normal 0.8314696123025529 0.5555702330195907 0
    outer loop
      vertex 87.83108891324554 55.55 2
      vertex 87.8 55.59652784671828 2
      vertex 87.83108891324554 55.55 12
    endloop
  endfacet
  facet normal 0.8968727415326906 0.4422886902189967 1.3909157159219227e-18
    outer loop
      vertex 87.83108891324554 55.55 2
      vertex 88.0335783637895 55.13939201327781 12
      vertex 88.0335783637895 55.13939201327781 2
    endloop
  endfacet
  facet normal 0.6593458151000583 0.7518398074789866 -4.3227368976998413e-19
    outer loop
      vertex 87.27487373415292 56.27487373415291 2
      vertex 86.93066500153051 56.57673669101932 2
      vertex 86.93066500153051 56.57673669101932 12
    endloop
  endfacet
  facet normal -0.8314696123025415 -0.5555702330196078 0
    outer loop
      vertex 82.02326330898067 51.66933499846947 2
      vertex 82.02326330898067 51.66933499846947 12
      vertex 81.76891108675446 52.05 12
    endloop
  endfacet
  facet normal -0.6593458151000583 -0.7518398074789866 0
    outer loop
      vertex 82.32512626584708 51.32512626584708 2
      vertex 82.66933499846948 51.023263308980674 12
      vertex 82.32512626584708 51.32512626584708 12
    endloop
  endfacet
  facet normal -0.7518398074789807 -0.6593458151000648 0
    outer loop
      vertex 82.32512626584708 51.32512626584708 2
      vertex 82.32512626584708 51.32512626584708 12
      vertex 82.02326330898067 51.66933499846947 12
    endloop
  endfacet
  facet normal -0.8968727415326906 -0.4422886902189967 0
    outer loop
      vertex 81.76891108675446 52.05 2
      vertex 81.76891108675446 52.05 12
      vertex 81.56642163621049 52.46060798672218 12
    endloop
  endfacet
  facet normal -0.9469301294951028 -0.3214394653031702 0
    outer loop
      vertex 81.56642163621049 52.46060798672218 2
      vertex 81.56642163621049 52.46060798672218 12
      vertex 81.41925960798825 52.894133342141174 12
    endloop
  endfacet
  facet normal -0.4422886902190092 -0.8968727415326845 0
    outer loop
      vertex 83.05 50.768911086754464 2
      vertex 83.46060798672218 50.56642163621049 12
      vertex 83.05 50.768911086754464 12
    endloop
  endfacet
  facet normal -0.32143946530315626 -0.9469301294951076 0
    outer loop
      vertex 83.46060798672218 50.56642163621049 2
      vertex 83.89413334214117 50.41925960798826 12
      vertex 83.46060798672218 50.56642163621049 12
    endloop
  endfacet
  facet normal -0.19509032201612328 -0.9807852804032315 0
    outer loop
      vertex 83.89413334214117 50.41925960798826 2
      vertex 84.34315832722982 50.329942985191664 12
      vertex 83.89413334214117 50.41925960798826 12
    endloop
  endfacet
  facet normal -0.06540312923015051 -0.9978589232386031 0
    outer loop
      vertex 84.34315832722982 50.329942985191664 2
      vertex 84.8 50.3 12
      vertex 84.34315832722982 50.329942985191664 12
    endloop
  endfacet
  facet normal 0.06540312923015051 -0.9978589232386031 0
    outer loop
      vertex 84.8 50.3 2
      vertex 85.25684167277018 50.329942985191664 12
      vertex 84.8 50.3 12
    endloop
  endfacet
  facet normal 0.19509032201612328 -0.9807852804032315 0
    outer loop
      vertex 85.25684167277018 50.329942985191664 2
      vertex 85.70586665785882 50.41925960798826 12
      vertex 85.25684167277018 50.329942985191664 12
    endloop
  endfacet
  facet normal -0.5555702330196043 -0.8314696123025439 0
    outer loop
      vertex 82.66933499846948 51.023263308980674 2
      vertex 83.05 50.768911086754464 12
      vertex 82.66933499846948 51.023263308980674 12
    endloop
  endfacet
  facet normal 0.32143946530315626 -0.9469301294951076 0
    outer loop
      vertex 85.70586665785882 50.41925960798826 2
      vertex 86.13939201327781 50.56642163621049 12
      vertex 85.70586665785882 50.41925960798826 12
    endloop
  endfacet
  facet normal 0.4422886902190092 -0.8968727415326845 0
    outer loop
      vertex 86.13939201327781 50.56642163621049 2
      vertex 86.55 50.768911086754464 12
      vertex 86.13939201327781 50.56642163621049 12
    endloop
  endfacet
  facet normal 0.5555702330196043 -0.8314696123025439 0
    outer loop
      vertex 86.55 50.768911086754464 2
      vertex 86.93066500153051 51.023263308980674 12
      vertex 86.55 50.768911086754464 12
    endloop
  endfacet
  facet normal 0.6593458151000583 -0.7518398074789866 0
    outer loop
      vertex 86.93066500153051 51.023263308980674 2
      vertex 87.27487373415292 51.32512626584708 12
      vertex 86.93066500153051 51.023263308980674 12
    endloop
  endfacet
  facet normal 0.7518398074789807 -0.6593458151000648 0
    outer loop
      vertex 87.57673669101932 51.66933499846947 2
      vertex 87.57673669101932 51.66933499846947 12
      vertex 87.27487373415292 51.32512626584708 12
    endloop
  endfacet
  facet normal 0.8314696123025415 -0.5555702330196078 0
    outer loop
      vertex 87.83108891324554 52.05 2
      vertex 87.83108891324554 52.05 12
      vertex 87.57673669101932 51.66933499846947 12
    endloop
  endfacet
  facet normal 0.8968727415326906 -0.4422886902189967 0
    outer loop
      vertex 88.0335783637895 52.46060798672218 2
      vertex 88.0335783637895 52.46060798672218 12
      vertex 87.83108891324554 52.05 12
    endloop
  endfacet
  facet normal 0.9469301294951028 -0.3214394653031702 0
    outer loop
      vertex 88.18074039201174 52.894133342141174 2
      vertex 88.18074039201174 52.894133342141174 12
      vertex 88.0335783637895 52.46060798672218 12
    endloop
  endfacet
  facet normal 0 0 1
    outer loop
      vertex 82.32512626584708 51.32512626584708 12
      vertex 82.66933499846948 51.023263308980674 12
      vertex 82.32512626584708 56.27487373415291 12
    endloop
  endfacet
  facet normal 0 0 1
    outer loop
      vertex 83.89413334214117 50.41925960798826 12
      vertex 84.34315832722982 50.329942985191664 12
      vertex 83.80830832463596 53.03904821373909 12
    endloop
  endfacet
  facet normal 0 0 1
    outer loop
      vertex 82.66933499846948 51.023263308980674 12
      vertex 83.05 50.768911086754464 12
      vertex 82.66933499846948 56.57673669101932 12
    endloop
  endfacet
  facet normal 0 0 1
    outer loop
      vertex 83.05 50.768911086754464 12
      vertex 83.46060798672218 50.56642163621049 12
      vertex 83.05203767502927 56.8 12
    endloop
  endfacet
  facet normal 0 0 1
    outer loop
      vertex 83.89413334214117 50.41925960798826 12
      vertex 83.80830832463596 53.03904821373909 12
      vertex 83.71746824526944 53.175 12
    endloop
  endfacet
  facet normal 0 0 1
    outer loop
      vertex 83.89413334214117 50.41925960798826 12
      vertex 83.64515058436089 53.32164570954364 12
      vertex 83.59259271713866 53.47647619362185 12
    endloop
  endfacet
  facet normal 0 0 1
    outer loop
      vertex 83.89413334214117 50.41925960798826 12
      vertex 83.71746824526944 53.175 12
      vertex 83.64515058436089 53.32164570954364 12
    endloop
  endfacet
  facet normal 0 0 1
    outer loop
      vertex 84.34315832722982 50.329942985191664 12
      vertex 83.91611652351682 52.91611652351681 12
      vertex 83.80830832463596 53.03904821373909 12
    endloop
  endfacet
  facet normal 0 0 1
    outer loop
      vertex 84.34315832722982 50.329942985191664 12
      vertex 84.0390482137391 52.80830832463595 12
      vertex 83.91611652351682 52.91611652351681 12
    endloop
  endfacet
  facet normal 0 0 1
    outer loop
      vertex 83.89413334214117 50.41925960798826 12
      vertex 83.19946285148723 56.90479583481805 12
      vertex 83.46060798672218 50.56642163621049 12
    endloop
  endfacet
  facet normal 0 0 1
    outer loop
      vertex 83.89413334214117 50.41925960798826 12
      vertex 83.59259271713866 53.47647619362185 12
      vertex 83.56069392328273 53.63684225972493 12
    endloop
  endfacet
  facet normal 0 0 1
    outer loop
      vertex 84.34315832722982 50.329942985191664 12
      vertex 84.8 50.3 12
      vertex 84.175 52.71746824526945 12
    endloop
  endfacet
  facet normal 0 0 1
    outer loop
      vertex 84.8 50.3 12
      vertex 85.25684167277018 50.329942985191664 12
      vertex 84.47647619362185 52.592592717138665 12
    endloop
  endfacet
  facet normal 0 0 1
    outer loop
      vertex 84.8 50.3 12
      vertex 84.47647619362185 52.592592717138665 12
      vertex 84.32164570954363 52.64515058436089 12
    endloop
  endfacet
  facet normal 0 0 1
    outer loop
      vertex 85.25684167277018 50.329942985191664 12
      vertex 84.63684225972493 52.560693923282734 12
      vertex 84.47647619362185 52.592592717138665 12
    endloop
  endfacet
  facet normal 0 0 1
    outer loop
      vertex 85.25684167277018 50.329942985191664 12
      vertex 85.70586665785882 50.41925960798826 12
      vertex 84.8 52.55 12
    endloop
  endfacet
  facet normal 0 0 1
    outer loop
      vertex 85.25684167277018 50.329942985191664 12
      vertex 84.8 52.55 12
      vertex 84.63684225972493 52.560693923282734 12
    endloop
  endfacet
  facet normal 0 0 1
    outer loop
      vertex 85.70586665785882 50.41925960798826 12
      vertex 84.96315774027507 52.560693923282734 12
      vertex 84.8 52.55 12
    endloop
  endfacet
  facet normal 0 0 1
    outer loop
      vertex 85.70586665785882 50.41925960798826 12
      vertex 85.12352380637815 52.592592717138665 12
      vertex 84.96315774027507 52.560693923282734 12
    endloop
  endfacet
  facet normal 0 0 1
    outer loop
      vertex 84.34315832722982 50.329942985191664 12
      vertex 84.175 52.71746824526945 12
      vertex 84.0390482137391 52.80830832463595 12
    endloop
  endfacet
  facet normal 0 0 1
    outer loop
      vertex 84.8 50.3 12
      vertex 84.32164570954363 52.64515058436089 12
      vertex 84.175 52.71746824526945 12
    endloop
  endfacet
  facet normal 0 0 1
    outer loop
      vertex 86.13939201327781 50.56642163621049 12
      vertex 85.27835429045636 52.64515058436089 12
      vertex 85.12352380637815 52.592592717138665 12
    endloop
  endfacet
  facet normal 0 0 1
    outer loop
      vertex 85.70586665785882 50.41925960798826 12
      vertex 86.13939201327781 50.56642163621049 12
      vertex 85.12352380637815 52.592592717138665 12
    endloop
  endfacet
  facet normal 0 0 1
    outer loop
      vertex 86.13939201327781 50.56642163621049 12
      vertex 86.55 50.768911086754464 12
      vertex 85.425 52.71746824526945 12
    endloop
  endfacet
  facet normal 0 0 1
    outer loop
      vertex 86.55 50.768911086754464 12
      vertex 86.93066500153051 51.023263308980674 12
      vertex 85.425 52.71746824526945 12
    endloop
  endfacet
  facet normal 0 0 1
    outer loop
      vertex 86.13939201327781 50.56642163621049 12
      vertex 85.425 52.71746824526945 12
      vertex 85.27835429045636 52.64515058436089 12
    endloop
  endfacet
  facet normal 0 0 1
    outer loop
      vertex 86.93066500153051 51.023263308980674 12
      vertex 85.5609517862609 52.80830832463595 12
      vertex 85.425 52.71746824526945 12
    endloop
  endfacet
  facet normal 0 0 1
    outer loop
      vertex 86.93066500153051 51.023263308980674 12
      vertex 85.68388347648317 52.91611652351681 12
      vertex 85.5609517862609 52.80830832463595 12
    endloop
  endfacet
  facet normal 0 0 1
    outer loop
      vertex 86.93066500153051 51.023263308980674 12
      vertex 85.79169167536404 53.03904821373909 12
      vertex 85.68388347648317 52.91611652351681 12
    endloop
  endfacet
  facet normal 0 0 1
    outer loop
      vertex 86.93066500153051 51.023263308980674 12
      vertex 85.88253175473055 53.175 12
      vertex 85.79169167536404 53.03904821373909 12
    endloop
  endfacet
  facet normal 0 0 1
    outer loop
      vertex 86.93066500153051 51.023263308980674 12
      vertex 85.9548494156391 53.32164570954364 12
      vertex 85.88253175473055 53.175 12
    endloop
  endfacet
  facet normal 0 0 1
    outer loop
      vertex 86.93066500153051 51.023263308980674 12
      vertex 86.00740728286134 53.47647619362185 12
      vertex 85.9548494156391 53.32164570954364 12
    endloop
  endfacet
  facet normal -0.9807852804032343 -0.19509032201610832 0
    outer loop
      vertex 81.41925960798825 52.894133342141174 2
      vertex 81.41925960798825 52.894133342141174 12
      vertex 81.32994298519166 53.343158327229816 12
    endloop
  endfacet
  facet normal -0.9978589232386031 -0.06540312923015051 0
    outer loop
      vertex 81.32994298519166 53.343158327229816 2
      vertex 81.32994298519166 53.343158327229816 12
      vertex 81.3 53.8 12
    endloop
  endfacet
  facet normal -0.9978589232386031 0.06540312923015051 0
    outer loop
      vertex 81.3 53.8 2
      vertex 81.3 53.8 12
      vertex 81.32994298519166 54.25684167277018 12
    endloop
  endfacet
  facet normal -0.9807852804032343 0.19509032201610832 0
    outer loop
      vertex 81.32994298519166 54.25684167277018 2
      vertex 81.32994298519166 54.25684167277018 12
      vertex 81.41925960798825 54.70586665785882 12
    endloop
  endfacet
  facet normal -0.9469301294951028 0.3214394653031702 0
    outer loop
      vertex 81.41925960798825 54.70586665785882 2
      vertex 81.41925960798825 54.70586665785882 12
      vertex 81.56642163621049 55.13939201327781 12
    endloop
  endfacet
  facet normal -0.8968727415326906 0.4422886902189967 0
    outer loop
      vertex 81.56642163621049 55.13939201327781 2
      vertex 81.56642163621049 55.13939201327781 12
      vertex 81.76891108675446 55.55 12
    endloop
  endfacet
  facet normal -0.8314696123025415 0.5555702330196078 0
    outer loop
      vertex 81.76891108675446 55.55 2
      vertex 81.76891108675446 55.55 12
      vertex 82.02326330898067 55.93066500153052 12
    endloop
  endfacet
  facet normal -0.7518398074789807 0.6593458151000648 0
    outer loop
      vertex 82.02326330898067 55.93066500153052 2
      vertex 82.02326330898067 55.93066500153052 12
      vertex 82.32512626584708 56.27487373415291 12
    endloop
  endfacet
  facet normal -0.6593458151000583 0.7518398074789866 0
    outer loop
      vertex 82.66933499846948 56.57673669101932 2
      vertex 82.32512626584708 56.27487373415291 12
      vertex 82.66933499846948 56.57673669101932 12
    endloop
  endfacet
  facet normal -0.5555702330196103 0.83146961230254 0
    outer loop
      vertex 83.00347215328172 56.8 2
      vertex 82.66933499846948 56.57673669101932 12
      vertex 83.00347215328172 56.8 12
    endloop
  endfacet
  facet normal 0.9807852804032343 -0.19509032201610832 0
    outer loop
      vertex 88.27005701480833 53.343158327229816 2
      vertex 88.27005701480833 53.343158327229816 12
      vertex 88.18074039201174 52.894133342141174 12
    endloop
  endfacet
  facet normal 0.9978589232386031 -0.06540312923015051 0
    outer loop
      vertex 88.3 53.8 2
      vertex 88.3 53.8 12
      vertex 88.27005701480833 53.343158327229816 12
    endloop
  endfacet
  facet normal 0.9978589232386031 0.06540312923015051 0
    outer loop
      vertex 88.27005701480833 54.25684167277018 2
      vertex 88.27005701480833 54.25684167277018 12
      vertex 88.3 53.8 12
    endloop
  endfacet
  facet normal 0.9807852804032343 0.19509032201610832 0
    outer loop
      vertex 88.18074039201174 54.70586665785882 2
      vertex 88.18074039201174 54.70586665785882 12
      vertex 88.27005701480833 54.25684167277018 12
    endloop
  endfacet
  facet normal 0.9469301294951028 0.3214394653031702 0
    outer loop
      vertex 88.0335783637895 55.13939201327781 2
      vertex 88.0335783637895 55.13939201327781 12
      vertex 88.18074039201174 54.70586665785882 12
    endloop
  endfacet
  facet normal 0.5555702330196103 0.83146961230254 0
    outer loop
      vertex 86.93066500153051 56.57673669101932 2
      vertex 86.59652784671827 56.8 12
      vertex 86.93066500153051 56.57673669101932 12
    endloop
  endfacet
  facet normal 0.7518398074789807 0.6593458151000648 0
    outer loop
      vertex 87.27487373415292 56.27487373415291 2
      vertex 87.27487373415292 56.27487373415291 12
      vertex 87.57673669101932 55.93066500153052 12
    endloop
  endfacet
  facet normal 0.8968727415326906 0.4422886902189967 0
    outer loop
      vertex 87.83108891324554 55.55 2
      vertex 87.83108891324554 55.55 12
      vertex 88.0335783637895 55.13939201327781 12
    endloop
  endfacet
  facet normal 0.8314696123025415 0.5555702330196078 0
    outer loop
      vertex 87.57673669101932 55.93066500153052 2
      vertex 87.57673669101932 55.93066500153052 12
      vertex 87.83108891324554 55.55 12
    endloop
  endfacet
  facet normal 0.6593458151000583 0.7518398074789866 0
    outer loop
      vertex 87.27487373415292 56.27487373415291 2
      vertex 86.93066500153051 56.57673669101932 12
      vertex 87.27487373415292 56.27487373415291 12
    endloop
  endfacet
  facet normal 0 0 1
    outer loop
      vertex 81.41925960798825 52.894133342141174 12
      vertex 81.32994298519166 54.25684167277018 12
      vertex 81.32994298519166 53.343158327229816 12
    endloop
  endfacet
  facet normal 0 0 1
    outer loop
      vertex 81.32994298519166 53.343158327229816 12
      vertex 81.32994298519166 54.25684167277018 12
      vertex 81.3 53.8 12
    endloop
  endfacet
  facet normal 0 0 1
    outer loop
      vertex 81.41925960798825 52.894133342141174 12
      vertex 81.41925960798825 54.70586665785882 12
      vertex 81.32994298519166 54.25684167277018 12
    endloop
  endfacet
  facet normal 0 0 1
    outer loop
      vertex 81.76891108675446 52.05 12
      vertex 81.56642163621049 55.13939201327781 12
      vertex 81.56642163621049 52.46060798672218 12
    endloop
  endfacet
  facet normal 0 0 1
    outer loop
      vertex 81.56642163621049 52.46060798672218 12
      vertex 81.41925960798825 54.70586665785882 12
      vertex 81.41925960798825 52.894133342141174 12
    endloop
  endfacet
  facet normal 0 0 1
    outer loop
      vertex 82.02326330898067 51.66933499846947 12
      vertex 81.76891108675446 55.55 12
      vertex 81.76891108675446 52.05 12
    endloop
  endfacet
  facet normal 0 0 1
    outer loop
      vertex 82.32512626584708 51.32512626584708 12
      vertex 82.02326330898067 55.93066500153052 12
      vertex 82.02326330898067 51.66933499846947 12
    endloop
  endfacet
  facet normal 0 0 1
    outer loop
      vertex 81.56642163621049 52.46060798672218 12
      vertex 81.56642163621049 55.13939201327781 12
      vertex 81.41925960798825 54.70586665785882 12
    endloop
  endfacet
  facet normal 0 0 1
    outer loop
      vertex 81.76891108675446 52.05 12
      vertex 81.76891108675446 55.55 12
      vertex 81.56642163621049 55.13939201327781 12
    endloop
  endfacet
  facet normal 0 0 1
    outer loop
      vertex 82.02326330898067 51.66933499846947 12
      vertex 82.02326330898067 55.93066500153052 12
      vertex 81.76891108675446 55.55 12
    endloop
  endfacet
  facet normal 0 0 1
    outer loop
      vertex 82.32512626584708 51.32512626584708 12
      vertex 82.32512626584708 56.27487373415291 12
      vertex 82.02326330898067 55.93066500153052 12
    endloop
  endfacet
  facet normal 0 0 1
    outer loop
      vertex 82.66933499846948 51.023263308980674 12
      vertex 82.66933499846948 56.57673669101932 12
      vertex 82.32512626584708 56.27487373415291 12
    endloop
  endfacet
  facet normal 0 0 1
    outer loop
      vertex 83.89413334214117 50.41925960798826 12
      vertex 83.56069392328273 53.63684225972493 12
      vertex 83.19946285148723 56.90479583481805 12
    endloop
  endfacet
  facet normal 0 0 1
    outer loop
      vertex 83.05 50.768911086754464 12
      vertex 83.00347215328172 56.8 12
      vertex 82.66933499846948 56.57673669101932 12
    endloop
  endfacet
  facet normal 0 0 1
    outer loop
      vertex 83.05 50.768911086754464 12
      vertex 83.05203767502927 56.8 12
      vertex 83.00347215328172 56.8 12
    endloop
  endfacet
  facet normal 0 0 1
    outer loop
      vertex 83.46060798672218 50.56642163621049 12
      vertex 83.19946285148723 56.90479583481805 12
      vertex 83.05203767502927 56.8 12
    endloop
  endfacet
  facet normal 0 0 1
    outer loop
      vertex 83.56069392328273 53.63684225972493 12
      vertex 83.55 53.8 12
      vertex 83.19946285148723 56.90479583481805 12
    endloop
  endfacet
  facet normal 0 0 1
    outer loop
      vertex 83.55 53.8 12
      vertex 83.56069392328273 53.963157740275065 12
      vertex 83.19946285148723 56.90479583481805 12
    endloop
  endfacet
  facet normal 0 0 1
    outer loop
      vertex 83.56069392328273 53.963157740275065 12
      vertex 83.59259271713866 54.123523806378145 12
      vertex 83.19946285148723 56.90479583481805 12
    endloop
  endfacet
  facet normal 0 0 1
    outer loop
      vertex 83.59259271713866 54.123523806378145 12
      vertex 83.64515058436089 54.278354290456356 12
      vertex 83.19946285148723 56.90479583481805 12
    endloop
  endfacet
  facet normal 0 0 1
    outer loop
      vertex 83.64515058436089 54.278354290456356 12
      vertex 83.71746824526944 54.425 12
      vertex 83.19946285148723 56.90479583481805 12
    endloop
  endfacet
  facet normal 0 0 1
    outer loop
      vertex 83.71746824526944 54.425 12
      vertex 83.80830832463596 54.5609517862609 12
      vertex 83.19946285148723 56.90479583481805 12
    endloop
  endfacet
  facet normal 0 0 1
    outer loop
      vertex 83.80830832463596 54.5609517862609 12
      vertex 83.91611652351682 54.68388347648318 12
      vertex 83.19946285148723 56.90479583481805 12
    endloop
  endfacet
  facet normal 0 0 1
    outer loop
      vertex 83.91611652351682 54.68388347648318 12
      vertex 84.0390482137391 54.79169167536404 12
      vertex 83.19946285148723 56.90479583481805 12
    endloop
  endfacet
  facet normal 0 0 1
    outer loop
      vertex 84.0390482137391 54.79169167536404 12
      vertex 84.175 54.88253175473054 12
      vertex 83.19946285148723 56.90479583481805 12
    endloop
  endfacet
  facet normal 0 0 1
    outer loop
      vertex 84.175 54.88253175473054 12
      vertex 84.32164570954363 54.9548494156391 12
      vertex 83.19946285148723 56.90479583481805 12
    endloop
  endfacet
  facet normal 0 0 1
    outer loop
      vertex 84.32164570954363 54.9548494156391 12
      vertex 84.47647619362185 55.00740728286133 12
      vertex 83.19946285148723 56.90479583481805 12
    endloop
  endfacet
  facet normal 0 0 1
    outer loop
      vertex 84.47647619362185 55.00740728286133 12
      vertex 84.63684225972493 55.03930607671726 12
      vertex 83.19946285148723 56.90479583481805 12
    endloop
  endfacet
  facet normal 0 0 1
    outer loop
      vertex 84.63684225972493 55.03930607671726 12
      vertex 84.8 55.05 12
      vertex 86.93066500153051 56.57673669101932 12
    endloop
  endfacet
  facet normal 0 0 1
    outer loop
      vertex 84.63684225972493 55.03930607671726 12
      vertex 86.93066500153051 56.57673669101932 12
      vertex 83.19946285148723 56.90479583481805 12
    endloop
  endfacet
  facet normal 0 0 1
    outer loop
      vertex 83.19946285148723 56.90479583481805 12
      vertex 86.59652784671827 56.8 12
      vertex 86.55405192250974 56.82838150518201 12
    endloop
  endfacet
  facet normal 0 0 1
    outer loop
      vertex 86.93066500153051 51.023263308980674 12
      vertex 86.93066500153051 56.57673669101932 12
      vertex 86.00740728286134 53.47647619362185 12
    endloop
  endfacet
  facet normal 0 0 1
    outer loop
      vertex 85.88253175473055 54.425 12
      vertex 86.93066500153051 56.57673669101932 12
      vertex 85.79169167536404 54.5609517862609 12
    endloop
  endfacet
  facet normal 0 0 1
    outer loop
      vertex 86.00740728286134 53.47647619362185 12
      vertex 86.93066500153051 56.57673669101932 12
      vertex 86.03930607671727 53.63684225972493 12
    endloop
  endfacet
  facet normal 0 0 1
    outer loop
      vertex 86.03930607671727 53.63684225972493 12
      vertex 86.93066500153051 56.57673669101932 12
      vertex 86.05 53.8 12
    endloop
  endfacet
  facet normal 0 0 1
    outer loop
      vertex 86.05 53.8 12
      vertex 86.93066500153051 56.57673669101932 12
      vertex 86.03930607671727 53.963157740275065 12
    endloop
  endfacet
  facet normal 0 0 1
    outer loop
      vertex 86.03930607671727 53.963157740275065 12
      vertex 86.93066500153051 56.57673669101932 12
      vertex 86.00740728286134 54.123523806378145 12
    endloop
  endfacet
  facet normal 0 0 1
    outer loop
      vertex 86.00740728286134 54.123523806378145 12
      vertex 86.93066500153051 56.57673669101932 12
      vertex 85.9548494156391 54.278354290456356 12
    endloop
  endfacet
  facet normal 0 0 1
    outer loop
      vertex 85.88253175473055 54.425 12
      vertex 85.9548494156391 54.278354290456356 12
      vertex 86.93066500153051 56.57673669101932 12
    endloop
  endfacet
  facet normal 0 0 1
    outer loop
      vertex 86.93066500153051 51.023263308980674 12
      vertex 87.27487373415292 51.32512626584708 12
      vertex 86.93066500153051 56.57673669101932 12
    endloop
  endfacet
  facet normal 0 0 1
    outer loop
      vertex 87.27487373415292 51.32512626584708 12
      vertex 87.57673669101932 51.66933499846947 12
      vertex 87.27487373415292 56.27487373415291 12
    endloop
  endfacet
  facet normal 0 0 1
    outer loop
      vertex 87.57673669101932 51.66933499846947 12
      vertex 87.83108891324554 52.05 12
      vertex 87.57673669101932 55.93066500153052 12
    endloop
  endfacet
  facet normal 0 0 1
    outer loop
      vertex 87.83108891324554 52.05 12
      vertex 88.0335783637895 52.46060798672218 12
      vertex 87.83108891324554 55.55 12
    endloop
  endfacet
  facet normal 0 0 1
    outer loop
      vertex 88.0335783637895 52.46060798672218 12
      vertex 88.18074039201174 52.894133342141174 12
      vertex 88.0335783637895 55.13939201327781 12
    endloop
  endfacet
  facet normal 0 0 1
    outer loop
      vertex 88.18074039201174 52.894133342141174 12
      vertex 88.27005701480833 53.343158327229816 12
      vertex 88.18074039201174 54.70586665785882 12
    endloop
  endfacet
  facet normal 0 0 1
    outer loop
      vertex 88.27005701480833 53.343158327229816 12
      vertex 88.3 53.8 12
      vertex 88.27005701480833 54.25684167277018 12
    endloop
  endfacet
  facet normal 0 0 1
    outer loop
      vertex 87.57673669101932 51.66933499846947 12
      vertex 87.57673669101932 55.93066500153052 12
      vertex 87.27487373415292 56.27487373415291 12
    endloop
  endfacet
  facet normal 0 0 1
    outer loop
      vertex 87.27487373415292 51.32512626584708 12
      vertex 87.27487373415292 56.27487373415291 12
      vertex 86.93066500153051 56.57673669101932 12
    endloop
  endfacet
  facet normal 0 0 1
    outer loop
      vertex 87.83108891324554 52.05 12
      vertex 87.83108891324554 55.55 12
      vertex 87.57673669101932 55.93066500153052 12
    endloop
  endfacet
  facet normal 0 0 1
    outer loop
      vertex 88.27005701480833 53.343158327229816 12
      vertex 88.27005701480833 54.25684167277018 12
      vertex 88.18074039201174 54.70586665785882 12
    endloop
  endfacet
  facet normal 0 0 1
    outer loop
      vertex 88.18074039201174 52.894133342141174 12
      vertex 88.18074039201174 54.70586665785882 12
      vertex 88.0335783637895 55.13939201327781 12
    endloop
  endfacet
  facet normal 0 0 1
    outer loop
      vertex 88.0335783637895 52.46060798672218 12
      vertex 88.0335783637895 55.13939201327781 12
      vertex 87.83108891324554 55.55 12
    endloop
  endfacet
  facet normal 0 0 1
    outer loop
      vertex 85.27835429045636 54.9548494156391 12
      vertex 85.425 54.88253175473054 12
      vertex 86.93066500153051 56.57673669101932 12
    endloop
  endfacet
  facet normal 0 0 1
    outer loop
      vertex 84.8 55.05 12
      vertex 84.96315774027507 55.03930607671726 12
      vertex 86.93066500153051 56.57673669101932 12
    endloop
  endfacet
  facet normal 0 0 1
    outer loop
      vertex 84.96315774027507 55.03930607671726 12
      vertex 85.12352380637815 55.00740728286133 12
      vertex 86.93066500153051 56.57673669101932 12
    endloop
  endfacet
  facet normal 0 0 1
    outer loop
      vertex 85.12352380637815 55.00740728286133 12
      vertex 85.27835429045636 54.9548494156391 12
      vertex 86.93066500153051 56.57673669101932 12
    endloop
  endfacet
  facet normal 0 0 1
    outer loop
      vertex 85.425 54.88253175473054 12
      vertex 85.5609517862609 54.79169167536404 12
      vertex 86.93066500153051 56.57673669101932 12
    endloop
  endfacet
  facet normal 0 0 1
    outer loop
      vertex 85.79169167536404 54.5609517862609 12
      vertex 86.93066500153051 56.57673669101932 12
      vertex 85.68388347648317 54.68388347648318 12
    endloop
  endfacet
  facet normal 0 0 1
    outer loop
      vertex 85.68388347648317 54.68388347648318 12
      vertex 86.93066500153051 56.57673669101932 12
      vertex 85.5609517862609 54.79169167536404 12
    endloop
  endfacet
  facet normal 0 0 1
    outer loop
      vertex 83.19946285148723 56.90479583481805 12
      vertex 86.93066500153051 56.57673669101932 12
      vertex 86.59652784671827 56.8 12
    endloop
  endfacet
  facet normal 0 -1 0
    outer loop
      vertex 0 0 0
      vertex 2 0 2
      vertex 0 0 2
    endloop
  endfacet
  facet normal 0 -1 0
    outer loop
      vertex 0 0 0
      vertex 3.2034721532817243 0 2
      vertex 2 0 2
    endloop
  endfacet
  facet normal 0 -1 0
    outer loop
      vertex 0 0 0
      vertex 6.796527846718275 0 2
      vertex 3.2034721532817243 0 2
    endloop
  endfacet
  facet normal 0 0 1
    outer loop
      vertex 2 0 2
      vertex 2.5251262658470837 0.5251262658470837 2
      vertex 2.223263308980677 0.8693349984694776 2
    endloop
  endfacet
  facet normal 0 0 1
    outer loop
      vertex 2 0 2
      vertex 2.8693349984694776 0.2232633089806768 2
      vertex 2.5251262658470837 0.5251262658470837 2
    endloop
  endfacet
  facet normal 0 0 1
    outer loop
      vertex 2 0 2
      vertex 3.2034721532817243 0 2
      vertex 2.8693349984694776 0.2232633089806768 2
    endloop
  endfacet
  facet normal 0 0 1
    outer loop
      vertex 2 0 2
      vertex 2.223263308980677 0.8693349984694776 2
      vertex 2 1.2034721532817245 2
    endloop
  endfacet
  facet normal 0 0 -1
    outer loop
      vertex 0 0 0
      vertex 30.4 17.4 0
      vertex 33.4 17.4 0
    endloop
  endfacet
  facet normal 0 0 1
    outer loop
      vertex 30.4 17.4 2
      vertex 8.797777478867205 4.676457135307563 2
      vertex 8.874334584121431 4.291578576660155 2
    endloop
  endfacet
  facet normal 0 0 1
    outer loop
      vertex 30.4 41.4 2
      vertex 8.498076211353316 5.4 2
      vertex 8.67163859753386 5.048050297095269 2
    endloop
  endfacet
  facet normal 0 0 1
    outer loop
      vertex 30.4 41.4 2
      vertex 8.67163859753386 5.048050297095269 2
      vertex 8.797777478867205 4.676457135307563 2
    endloop
  endfacet
  facet normal -1 0 0
    outer loop
      vertex 0 0 0
      vertex 0 0 2
      vertex 0 56.8 2
    endloop
  endfacet
  facet normal 0 0 -1
    outer loop
      vertex 0 0 0
      vertex 0 56.8 0
      vertex 30.4 17.4 0
    endloop
  endfacet
  facet normal 0 0 1
    outer loop
      vertex 2 4.796527846718275 2
      vertex 2.223263308980677 5.130665001530522 2
      vertex 2 49.799421307786375 2
    endloop
  endfacet
  facet normal 0 0 1
    outer loop
      vertex 2.223263308980677 5.130665001530522 2
      vertex 2.5251262658470837 5.474873734152917 2
      vertex 2 49.799421307786375 2
    endloop
  endfacet
  facet normal 0 0 1
    outer loop
      vertex 2.5251262658470837 5.474873734152917 2
      vertex 2.8693349984694776 5.776736691019323 2
      vertex 2 49.799421307786375 2
    endloop
  endfacet
  facet normal 0 0 1
    outer loop
      vertex 2.8693349984694776 5.776736691019323 2
      vertex 3.25 6.031088913245535 2
      vertex 2 49.799421307786375 2
    endloop
  endfacet
  facet normal 0 0 1
    outer loop
      vertex 3.25 6.031088913245535 2
      vertex 3.6606079867221855 6.233578363789503 2
      vertex 2 49.799421307786375 2
    endloop
  endfacet
  facet normal 0 0 1
    outer loop
      vertex 3.6606079867221855 6.233578363789503 2
      vertex 4.094133342141177 6.380740392011739 2
      vertex 2 49.799421307786375 2
    endloop
  endfacet
  facet normal 0 0 1
    outer loop
      vertex 4.094133342141177 6.380740392011739 2
      vertex 4.279609590820565 6.417633911729254 2
      vertex 2 49.799421307786375 2
    endloop
  endfacet
  facet normal 0 0 1
    outer loop
      vertex 2 49.799421307786375 2
      vertex 4.279609590820565 6.417633911729254 2
      vertex 4.4 6.498076211353316 2
    endloop
  endfacet
  facet normal 0 0 1
    outer loop
      vertex 2 49.799421307786375 2
      vertex 4.4 6.498076211353316 2
      vertex 4.751949702904731 6.67163859753386 2
    endloop
  endfacet
  facet normal 0 0 1
    outer loop
      vertex 2 49.799421307786375 2
      vertex 4.751949702904731 6.67163859753386 2
      vertex 5.123542864692437 6.797777478867205 2
    endloop
  endfacet
  facet normal 0 0 1
    outer loop
      vertex 5.508421423339845 6.874334584121431 2
      vertex 5.123542864692437 50.00222252113279 2
      vertex 5.123542864692437 6.797777478867205 2
    endloop
  endfacet
  facet normal 0 0 1
    outer loop
      vertex 5.9 6.9 2
      vertex 5.508421423339845 49.92566541587857 2
      vertex 5.508421423339845 6.874334584121431 2
    endloop
  endfacet
  facet normal 0 0 1
    outer loop
      vertex 6.291578576660155 6.874334584121431 2
      vertex 5.508421423339845 49.92566541587857 2
      vertex 5.9 6.9 2
    endloop
  endfacet
  facet normal 0 0 1
    outer loop
      vertex 6.676457135307562 6.797777478867205 2
      vertex 6.676457135307562 50.00222252113279 2
      vertex 6.291578576660155 6.874334584121431 2
    endloop
  endfacet
  facet normal 0 0 1
    outer loop
      vertex 7.048050297095269 6.67163859753386 2
      vertex 7.048050297095269 50.12836140246614 2
      vertex 6.676457135307562 6.797777478867205 2
    endloop
  endfacet
  facet normal 0 0 1
    outer loop
      vertex 7.4 6.498076211353316 2
      vertex 7.7262842870261625 50.51993997912629 2
      vertex 7.048050297095269 6.67163859753386 2
    endloop
  endfacet
  facet normal 0 0 1
    outer loop
      vertex 30.4 41.4 2
      vertex 7.4 6.498076211353316 2
      vertex 7.7262842870261625 6.280060020873706 2
    endloop
  endfacet
  facet normal 0 0 1
    outer loop
      vertex 30.4 41.4 2
      vertex 8.280060020873705 5.7262842870261625 2
      vertex 8.498076211353316 5.4 2
    endloop
  endfacet
  facet normal 0 0 1
    outer loop
      vertex 30.4 41.4 2
      vertex 8.021320343559642 6.021320343559643 2
      vertex 8.280060020873705 5.7262842870261625 2
    endloop
  endfacet
  facet normal 0 0 1
    outer loop
      vertex 30.4 41.4 2
      vertex 7.7262842870261625 6.280060020873706 2
      vertex 8.021320343559642 6.021320343559643 2
    endloop
  endfacet
  facet normal 0 0 1
    outer loop
      vertex 30.4 41.4 2
      vertex 8.498076211353316 51.4 2
      vertex 7.4 6.498076211353316 2
    endloop
  endfacet
  facet normal 0 -1 0
    outer loop
      vertex 0 0 0
      vertex 83.00347215328172 0 2
      vertex 6.796527846718275 0 2
    endloop
  endfacet
  facet normal 0 0 1
    outer loop
      vertex 7.776736691019323 0.8693349984694776 2
      vertex 63.50842142333985 0.925665415878569 2
      vertex 8.031088913245535 1.25 2
    endloop
  endfacet
  facet normal 0 0 1
    outer loop
      vertex 8.031088913245535 1.25 2
      vertex 62.75194970290473 1.12836140246614 2
      vertex 8.233578363789503 1.6606079867221857 2
    endloop
  endfacet
  facet normal 0 0 1
    outer loop
      vertex 8.380740392011738 2.0941333421411774 2
      vertex 61.51993997912629 2.073715712973838 2
      vertex 8.417633911729254 2.279609590820564 2
    endloop
  endfacet
  facet normal 0 0 1
    outer loop
      vertex 8.498076211353316 2.4 2
      vertex 8.417633911729254 2.279609590820564 2
      vertex 61.51993997912629 2.073715712973838 2
    endloop
  endfacet
  facet normal 0 0 1
    outer loop
      vertex 8.233578363789503 1.6606079867221857 2
      vertex 62.073715712973836 1.5199399791262942 2
      vertex 8.380740392011738 2.0941333421411774 2
    endloop
  endfacet
  facet normal 0 0 1
    outer loop
      vertex 8.498076211353316 2.4 2
      vertex 61.51993997912629 2.073715712973838 2
      vertex 8.67163859753386 2.7519497029047306 2
    endloop
  endfacet
  facet normal 0 0 1
    outer loop
      vertex 8.67163859753386 2.7519497029047306 2
      vertex 61.30192378864668 2.4 2
      vertex 8.797777478867205 3.1235428646924377 2
    endloop
  endfacet
  facet normal 0 0 1
    outer loop
      vertex 8.797777478867205 3.1235428646924377 2
      vertex 61.12836140246614 2.7519497029047306 2
      vertex 8.874334584121431 3.508421423339845 2
    endloop
  endfacet
  facet normal 0 0 1
    outer loop
      vertex 8.874334584121431 3.508421423339845 2
      vertex 60.92566541587857 3.508421423339845 2
      vertex 8.9 3.9 2
    endloop
  endfacet
  facet normal 0 0 1
    outer loop
      vertex 8.9 3.9 2
      vertex 60.9 3.9 2
      vertex 8.874334584121431 4.291578576660155 2
    endloop
  endfacet
  facet normal 0 0 1
    outer loop
      vertex 6.796527846718275 0 2
      vertex 83.00347215328172 0 2
      vertex 7.130665001530522 0.2232633089806768 2
    endloop
  endfacet
  facet normal 0 0 1
    outer loop
      vertex 7.130665001530522 0.2232633089806768 2
      vertex 82.66933499846948 0.2232633089806768 2
      vertex 7.474873734152917 0.5251262658470837 2
    endloop
  endfacet
  facet normal 0 0 1
    outer loop
      vertex 7.474873734152917 0.5251262658470837 2
      vertex 82.32512626584708 0.5251262658470837 2
      vertex 7.776736691019323 0.8693349984694776 2
    endloop
  endfacet
  facet normal 0 0 1
    outer loop
      vertex 30.4 17.4 2
      vertex 8.874334584121431 4.291578576660155 2
      vertex 33.4 17.4 2
    endloop
  endfacet
  facet normal 0 0 1
    outer loop
      vertex 33.4 17.4 2
      vertex 8.874334584121431 4.291578576660155 2
      vertex 36.4 17.4 2
    endloop
  endfacet
  facet normal 0 0 -1
    outer loop
      vertex 0 0 0
      vertex 33.4 17.4 0
      vertex 87.8 0 0
    endloop
  endfacet
  facet normal 0 0 1
    outer loop
      vertex 8.380740392011738 2.0941333421411774 2
      vertex 61.77867965644035 1.778679656440357 2
      vertex 61.51993997912629 2.073715712973838 2
    endloop
  endfacet
  facet normal 0 0 1
    outer loop
      vertex 8.380740392011738 2.0941333421411774 2
      vertex 62.073715712973836 1.5199399791262942 2
      vertex 61.77867965644035 1.778679656440357 2
    endloop
  endfacet
  facet normal 0 0 1
    outer loop
      vertex 61.12836140246614 2.7519497029047306 2
      vertex 8.797777478867205 3.1235428646924377 2
      vertex 61.30192378864668 2.4 2
    endloop
  endfacet
  facet normal 0 0 1
    outer loop
      vertex 61.30192378864668 2.4 2
      vertex 8.67163859753386 2.7519497029047306 2
      vertex 61.51993997912629 2.073715712973838 2
    endloop
  endfacet
  facet normal 0 0 1
    outer loop
      vertex 60.92566541587857 3.508421423339845 2
      vertex 8.874334584121431 3.508421423339845 2
      vertex 61.00222252113279 3.1235428646924377 2
    endloop
  endfacet
  facet normal 0 0 1
    outer loop
      vertex 61.00222252113279 3.1235428646924377 2
      vertex 8.874334584121431 3.508421423339845 2
      vertex 61.12836140246614 2.7519497029047306 2
    endloop
  endfacet
  facet normal 0 0 1
    outer loop
      vertex 8.9 3.9 2
      vertex 60.92566541587857 3.508421423339845 2
      vertex 60.9 3.9 2
    endloop
  endfacet
  facet normal 0 0 1
    outer loop
      vertex 36.4 17.4 2
      vertex 8.874334584121431 4.291578576660155 2
      vertex 60.9 3.9 2
    endloop
  endfacet
  facet normal 0 0 1
    outer loop
      vertex 30.4 17.4 2
      vertex 30.4 41.4 2
      vertex 8.797777478867205 4.676457135307563 2
    endloop
  endfacet
  facet normal 0 0 -1
    outer loop
      vertex 33.4 17.4 0
      vertex 33.4 41.4 0
      vertex 36.4 17.4 0
    endloop
  endfacet
  facet normal 0 0 -1
    outer loop
      vertex 39.4 17.4 0
      vertex 39.4 41.4 0
      vertex 42.4 17.4 0
    endloop
  endfacet
  facet normal 0 0 1
    outer loop
      vertex 33.4 17.4 2
      vertex 36.4 17.4 2
      vertex 36.4 41.4 2
    endloop
  endfacet
  facet normal 0 0 1
    outer loop
      vertex 39.4 17.4 2
      vertex 42.4 17.4 2
      vertex 42.4 41.4 2
    endloop
  endfacet
  facet normal 0 0 -1
    outer loop
      vertex 36.4 17.4 0
      vertex 33.4 41.4 0
      vertex 36.4 41.4 0
    endloop
  endfacet
  facet normal 0 0 -1
    outer loop
      vertex 42.4 17.4 0
      vertex 39.4 41.4 0
      vertex 42.4 41.4 0
    endloop
  endfacet
  facet normal 0 0 1
    outer loop
      vertex 33.4 17.4 2
      vertex 36.4 41.4 2
      vertex 33.4 41.4 2
    endloop
  endfacet
  facet normal 0 0 1
    outer loop
      vertex 39.4 17.4 2
      vertex 42.4 41.4 2
      vertex 39.4 41.4 2
    endloop
  endfacet
  facet normal -1 0 0
    outer loop
      vertex 0 0 0
      vertex 0 56.8 2
      vertex 0 56.8 0
    endloop
  endfacet
  facet normal 0 0 1
    outer loop
      vertex 2 49.799421307786375 2
      vertex 5.123542864692437 6.797777478867205 2
      vertex 3.6606079867221855 50.56642163621049 2
    endloop
  endfacet
  facet normal 0 0 1
    outer loop
      vertex 4.094133342141177 50.41925960798826 2
      vertex 3.6606079867221855 50.56642163621049 2
      vertex 5.123542864692437 6.797777478867205 2
    endloop
  endfacet
  facet normal 0 0 1
    outer loop
      vertex 4.4 50.30192378864668 2
      vertex 4.279609590820565 50.38236608827074 2
      vertex 5.123542864692437 6.797777478867205 2
    endloop
  endfacet
  facet normal 0 0 1
    outer loop
      vertex 4.094133342141177 50.41925960798826 2
      vertex 5.123542864692437 6.797777478867205 2
      vertex 4.279609590820565 50.38236608827074 2
    endloop
  endfacet
  facet normal 0 0 1
    outer loop
      vertex 4.4 50.30192378864668 2
      vertex 5.123542864692437 6.797777478867205 2
      vertex 4.751949702904731 50.12836140246614 2
    endloop
  endfacet
  facet normal 0 0 1
    outer loop
      vertex 4.751949702904731 50.12836140246614 2
      vertex 5.123542864692437 6.797777478867205 2
      vertex 5.123542864692437 50.00222252113279 2
    endloop
  endfacet
  facet normal 0 0 1
    outer loop
      vertex 5.123542864692437 50.00222252113279 2
      vertex 5.508421423339845 6.874334584121431 2
      vertex 5.508421423339845 49.92566541587857 2
    endloop
  endfacet
  facet normal 0 0 1
    outer loop
      vertex 5.508421423339845 49.92566541587857 2
      vertex 6.291578576660155 6.874334584121431 2
      vertex 5.9 49.9 2
    endloop
  endfacet
  facet normal 0 0 1
    outer loop
      vertex 5.9 49.9 2
      vertex 6.291578576660155 6.874334584121431 2
      vertex 6.291578576660155 49.92566541587857 2
    endloop
  endfacet
  facet normal 0 0 1
    outer loop
      vertex 6.291578576660155 49.92566541587857 2
      vertex 6.291578576660155 6.874334584121431 2
      vertex 6.676457135307562 50.00222252113279 2
    endloop
  endfacet
  facet normal 0 0 1
    outer loop
      vertex 6.676457135307562 50.00222252113279 2
      vertex 6.676457135307562 6.797777478867205 2
      vertex 7.048050297095269 50.12836140246614 2
    endloop
  endfacet
  facet normal 0 0 1
    outer loop
      vertex 7.048050297095269 50.12836140246614 2
      vertex 7.048050297095269 6.67163859753386 2
      vertex 7.4 50.30192378864668 2
    endloop
  endfacet
  facet normal 0 0 1
    outer loop
      vertex 7.4 50.30192378864668 2
      vertex 7.048050297095269 6.67163859753386 2
      vertex 7.7262842870261625 50.51993997912629 2
    endloop
  endfacet
  facet normal 0 0 1
    outer loop
      vertex 7.7262842870261625 50.51993997912629 2
      vertex 7.4 6.498076211353316 2
      vertex 8.021320343559642 50.77867965644035 2
    endloop
  endfacet
  facet normal 0 0 1
    outer loop
      vertex 8.021320343559642 50.77867965644035 2
      vertex 7.4 6.498076211353316 2
      vertex 8.280060020873705 51.073715712973836 2
    endloop
  endfacet
  facet normal 0 0 1
    outer loop
      vertex 8.280060020873705 51.073715712973836 2
      vertex 7.4 6.498076211353316 2
      vertex 8.498076211353316 51.4 2
    endloop
  endfacet
  facet normal 0 0 1
    outer loop
      vertex 2 49.799421307786375 2
      vertex 2.8693349984694776 51.023263308980674 2
      vertex 2.5251262658470837 51.32512626584708 2
    endloop
  endfacet
  facet normal 0 0 1
    outer loop
      vertex 2 49.799421307786375 2
      vertex 3.25 50.768911086754464 2
      vertex 2.8693349984694776 51.023263308980674 2
    endloop
  endfacet
  facet normal 0 0 1
    outer loop
      vertex 2 49.799421307786375 2
      vertex 2.5251262658470837 51.32512626584708 2
      vertex 2.223263308980677 51.66933499846947 2
    endloop
  endfacet
  facet normal 0 0 1
    outer loop
      vertex 2 49.799421307786375 2
      vertex 2.223263308980677 51.66933499846947 2
      vertex 2 52.00347215328172 2
    endloop
  endfacet
  facet normal 0 0 1
    outer loop
      vertex 2 49.799421307786375 2
      vertex 3.6606079867221855 50.56642163621049 2
      vertex 3.25 50.768911086754464 2
    endloop
  endfacet
  facet normal 0 0 -1
    outer loop
      vertex 30.4 17.4 0
      vertex 0 56.8 0
      vertex 30.4 41.4 0
    endloop
  endfacet
  facet normal 0 0 1
    outer loop
      vertex 30.4 41.4 2
      vertex 8.67163859753386 51.75194970290473 2
      vertex 8.498076211353316 51.4 2
    endloop
  endfacet
  facet normal 0 0 1
    outer loop
      vertex 30.4 41.4 2
      vertex 8.797777478867205 52.12354286469244 2
      vertex 8.67163859753386 51.75194970290473 2
    endloop
  endfacet
  facet normal 0 0 1
    outer loop
      vertex 30.4 41.4 2
      vertex 8.874334584121431 52.50842142333985 2
      vertex 8.797777478867205 52.12354286469244 2
    endloop
  endfacet
  facet normal 0 0 1
    outer loop
      vertex 30.4 41.4 2
      vertex 8.9 52.9 2
      vertex 8.874334584121431 52.50842142333985 2
    endloop
  endfacet
  facet normal 0 0 1
    outer loop
      vertex 2 55.596527846718274 2
      vertex 2.223263308980677 55.93066500153052 2
      vertex 2 56.8 2
    endloop
  endfacet
  facet normal 0 0 1
    outer loop
      vertex 2.223263308980677 55.93066500153052 2
      vertex 2.5251262658470837 56.27487373415291 2
      vertex 2 56.8 2
    endloop
  endfacet
  facet normal 0 0 1
    outer loop
      vertex 2 56.8 2
      vertex 2.5251262658470837 56.27487373415291 2
      vertex 2.8693349984694776 56.57673669101932 2
    endloop
  endfacet
  facet normal 0 0 1
    outer loop
      vertex 2 56.8 2
      vertex 2.8693349984694776 56.57673669101932 2
      vertex 3.2034721532817274 56.8 2
    endloop
  endfacet
  facet normal 0 0 1
    outer loop
      vertex 30.4 41.4 2
      vertex 33.4 41.4 2
      vertex 8.9 52.9 2
    endloop
  endfacet
  facet normal 0 0 1
    outer loop
      vertex 33.4 41.4 2
      vertex 36.4 41.4 2
      vertex 8.9 52.9 2
    endloop
  endfacet
  facet normal 0 0 -1
    outer loop
      vertex 0 56.8 0
      vertex 84.81360544217686 56.8 0
      vertex 30.4 41.4 0
    endloop
  endfacet
  facet normal 0 0 1
    outer loop
      vertex 36.4 41.4 2
      vertex 60.92566541587857 52.50842142333985 2
      vertex 8.9 52.9 2
    endloop
  endfacet
  facet normal 0 0 1
    outer loop
      vertex 60.9 52.9 2
      vertex 8.9 52.9 2
      vertex 60.92566541587857 52.50842142333985 2
    endloop
  endfacet
  facet normal 0 0 -1
    outer loop
      vertex 0 56.8 0
      vertex 1.9983971276527537 58.75287555299096 0
      vertex 84.81360544217686 56.8 0
    endloop
  endfacet
  facet normal 0 0 -1
    outer loop
      vertex 0 58.8 0
      vertex 87.8 58.8 0
      vertex 1.9983971276527537 58.75287555299096 0
    endloop
  endfacet
  facet normal 0 1 0
    outer loop
      vertex 0 58.8 0
      vertex 0 58.8 2
      vertex 87.8 58.8 0
    endloop
  endfacet
  facet normal 0 0 1
    outer loop
      vertex 8.874334584121431 53.29157857666015 2
      vertex 60.9 52.9 2
      vertex 8.797777478867205 53.67645713530756 2
    endloop
  endfacet
  facet normal 0 0 1
    outer loop
      vertex 8.797777478867205 53.67645713530756 2
      vertex 61.00222252113279 53.67645713530756 2
      vertex 8.67163859753386 54.048050297095266 2
    endloop
  endfacet
  facet normal 0 0 1
    outer loop
      vertex 8.67163859753386 54.048050297095266 2
      vertex 61.00222252113279 53.67645713530756 2
      vertex 8.498076211353316 54.4 2
    endloop
  endfacet
  facet normal 0 0 1
    outer loop
      vertex 8.380740392011738 54.70586665785882 2
      vertex 8.417633911729254 54.520390409179434 2
      vertex 61.30192378864668 54.4 2
    endloop
  endfacet
  facet normal 0 0 1
    outer loop
      vertex 8.498076211353316 54.4 2
      vertex 61.30192378864668 54.4 2
      vertex 8.417633911729254 54.520390409179434 2
    endloop
  endfacet
  facet normal 0 0 1
    outer loop
      vertex 8.380740392011738 54.70586665785882 2
      vertex 61.51993997912629 54.72628428702616 2
      vertex 8.233578363789503 55.13939201327781 2
    endloop
  endfacet
  facet normal 0 0 1
    outer loop
      vertex 8.9 52.9 2
      vertex 60.9 52.9 2
      vertex 8.874334584121431 53.29157857666015 2
    endloop
  endfacet
  facet normal 0 0 1
    outer loop
      vertex 8.233578363789503 55.13939201327781 2
      vertex 61.77867965644035 55.021320343559644 2
      vertex 8.031088913245535 55.55 2
    endloop
  endfacet
  facet normal 0 0 1
    outer loop
      vertex 8.031088913245535 55.55 2
      vertex 62.4 55.498076211353315 2
      vertex 7.776736691019323 55.93066500153052 2
    endloop
  endfacet
  facet normal 0 0 1
    outer loop
      vertex 7.776736691019323 55.93066500153052 2
      vertex 82.02326330898067 55.93066500153052 2
      vertex 7.474873734152917 56.27487373415291 2
    endloop
  endfacet
  facet normal 0 0 1
    outer loop
      vertex 6.796527846718273 56.8 2
      vertex 7.130665001530522 56.57673669101932 2
      vertex 82.66933499846948 56.57673669101932 2
    endloop
  endfacet
  facet normal 0 0 1
    outer loop
      vertex 7.474873734152917 56.27487373415291 2
      vertex 82.66933499846948 56.57673669101932 2
      vertex 7.130665001530522 56.57673669101932 2
    endloop
  endfacet
  facet normal 0 0 1
    outer loop
      vertex 60.92566541587857 53.29157857666015 2
      vertex 8.797777478867205 53.67645713530756 2
      vertex 60.9 52.9 2
    endloop
  endfacet
  facet normal 0 0 1
    outer loop
      vertex 61.00222252113279 53.67645713530756 2
      vertex 8.797777478867205 53.67645713530756 2
      vertex 60.92566541587857 53.29157857666015 2
    endloop
  endfacet
  facet normal 0 0 1
    outer loop
      vertex 61.12836140246614 54.048050297095266 2
      vertex 8.498076211353316 54.4 2
      vertex 61.00222252113279 53.67645713530756 2
    endloop
  endfacet
  facet normal 0 0 1
    outer loop
      vertex 61.30192378864668 54.4 2
      vertex 8.498076211353316 54.4 2
      vertex 61.12836140246614 54.048050297095266 2
    endloop
  endfacet
  facet normal 0 0 1
    outer loop
      vertex 8.380740392011738 54.70586665785882 2
      vertex 61.30192378864668 54.4 2
      vertex 61.51993997912629 54.72628428702616 2
    endloop
  endfacet
  facet normal 0 0 1
    outer loop
      vertex 8.233578363789503 55.13939201327781 2
      vertex 61.51993997912629 54.72628428702616 2
      vertex 61.77867965644035 55.021320343559644 2
    endloop
  endfacet
  facet normal 0 0 1
    outer loop
      vertex 8.031088913245535 55.55 2
      vertex 61.77867965644035 55.021320343559644 2
      vertex 62.073715712973836 55.280060020873705 2
    endloop
  endfacet
  facet normal 0 0 1
    outer loop
      vertex 8.031088913245535 1.25 2
      vertex 63.12354286469244 1.0022225211327949 2
      vertex 62.75194970290473 1.12836140246614 2
    endloop
  endfacet
  facet normal 0 0 1
    outer loop
      vertex 8.233578363789503 1.6606079867221857 2
      vertex 62.75194970290473 1.12836140246614 2
      vertex 62.4 1.301923788646684 2
    endloop
  endfacet
  facet normal 0 0 1
    outer loop
      vertex 8.233578363789503 1.6606079867221857 2
      vertex 62.4 1.301923788646684 2
      vertex 62.073715712973836 1.5199399791262942 2
    endloop
  endfacet
  facet normal 0 0 1
    outer loop
      vertex 8.031088913245535 1.25 2
      vertex 63.50842142333985 0.925665415878569 2
      vertex 63.12354286469244 1.0022225211327949 2
    endloop
  endfacet
  facet normal 0 0 1
    outer loop
      vertex 7.776736691019323 0.8693349984694776 2
      vertex 63.9 0.9 2
      vertex 63.50842142333985 0.925665415878569 2
    endloop
  endfacet
  facet normal 0 0 1
    outer loop
      vertex 7.776736691019323 0.8693349984694776 2
      vertex 82.02326330898067 0.8693349984694776 2
      vertex 63.9 0.9 2
    endloop
  endfacet
  facet normal 0 0 -1
    outer loop
      vertex 33.4 17.4 0
      vertex 36.4 17.4 0
      vertex 87.8 0 0
    endloop
  endfacet
  facet normal 0 0 -1
    outer loop
      vertex 36.4 17.4 0
      vertex 39.4 17.4 0
      vertex 87.8 0 0
    endloop
  endfacet
  facet normal 0 0 1
    outer loop
      vertex 36.4 17.4 2
      vertex 60.9 3.9 2
      vertex 60.92566541587857 4.291578576660155 2
    endloop
  endfacet
  facet normal 0 0 1
    outer loop
      vertex 36.4 17.4 2
      vertex 60.92566541587857 4.291578576660155 2
      vertex 61.00222252113279 4.676457135307563 2
    endloop
  endfacet
  facet normal 0 0 1
    outer loop
      vertex 36.4 17.4 2
      vertex 61.00222252113279 4.676457135307563 2
      vertex 61.12836140246614 5.048050297095269 2
    endloop
  endfacet
  facet normal 0 0 1
    outer loop
      vertex 36.4 17.4 2
      vertex 61.12836140246614 5.048050297095269 2
      vertex 61.30192378864668 5.4 2
    endloop
  endfacet
  facet normal 0 0 1
    outer loop
      vertex 36.4 17.4 2
      vertex 61.30192378864668 5.4 2
      vertex 61.51993997912629 5.7262842870261625 2
    endloop
  endfacet
  facet normal 0 0 1
    outer loop
      vertex 36.4 17.4 2
      vertex 61.51993997912629 5.7262842870261625 2
      vertex 61.77867965644035 6.021320343559643 2
    endloop
  endfacet
  facet normal 0 0 1
    outer loop
      vertex 36.4 17.4 2
      vertex 61.77867965644035 6.021320343559643 2
      vertex 62.073715712973836 6.280060020873706 2
    endloop
  endfacet
  facet normal 0 0 1
    outer loop
      vertex 36.4 17.4 2
      vertex 62.073715712973836 6.280060020873706 2
      vertex 62.4 6.498076211353316 2
    endloop
  endfacet
  facet normal 0 0 1
    outer loop
      vertex 36.4 17.4 2
      vertex 62.4 6.498076211353316 2
      vertex 62.75194970290473 6.67163859753386 2
    endloop
  endfacet
  facet normal 0 0 1
    outer loop
      vertex 36.4 17.4 2
      vertex 62.75194970290473 6.67163859753386 2
      vertex 63.12354286469244 6.797777478867205 2
    endloop
  endfacet
  facet normal 0 0 1
    outer loop
      vertex 36.4 17.4 2
      vertex 63.12354286469244 6.797777478867205 2
      vertex 63.50842142333985 6.874334584121431 2
    endloop
  endfacet
  facet normal 0 0 1
    outer loop
      vertex 36.4 17.4 2
      vertex 63.50842142333985 6.874334584121431 2
      vertex 63.9 6.9 2
    endloop
  endfacet
  facet normal 0 0 1
    outer loop
      vertex 36.4 17.4 2
      vertex 63.9 6.9 2
      vertex 64.29157857666016 6.874334584121431 2
    endloop
  endfacet
  facet normal 0 0 1
    outer loop
      vertex 36.4 17.4 2
      vertex 81.41925960798825 3.9058666578588226 2
      vertex 39.4 17.4 2
    endloop
  endfacet
  facet normal 0 0 1
    outer loop
      vertex 39.4 17.4 2
      vertex 81.41925960798825 3.9058666578588226 2
      vertex 42.4 17.4 2
    endloop
  endfacet
  facet normal 0 -1 0
    outer loop
      vertex 0 0 0
      vertex 87.8 0 0
      vertex 87.8 0 2
    endloop
  endfacet
  facet normal 0 -1 0
    outer loop
      vertex 0 0 0
      vertex 86.59652784671827 0 2
      vertex 83.00347215328172 0 2
    endloop
  endfacet
  facet normal 0 -1 0
    outer loop
      vertex 0 0 0
      vertex 87.8 0 2
      vertex 86.59652784671827 0 2
    endloop
  endfacet
  facet normal 0 0 1
    outer loop
      vertex 7.130665001530522 0.2232633089806768 2
      vertex 83.00347215328172 0 2
      vertex 82.66933499846948 0.2232633089806768 2
    endloop
  endfacet
  facet normal 0 0 1
    outer loop
      vertex 7.474873734152917 0.5251262658470837 2
      vertex 82.66933499846948 0.2232633089806768 2
      vertex 82.32512626584708 0.5251262658470837 2
    endloop
  endfacet
  facet normal 0 0 1
    outer loop
      vertex 7.776736691019323 0.8693349984694776 2
      vertex 82.32512626584708 0.5251262658470837 2
      vertex 82.02326330898067 0.8693349984694776 2
    endloop
  endfacet
  facet normal 0 0 1
    outer loop
      vertex 63.756421188557944 2.8094106524888085 2
      vertex 63.9 2.8 2
      vertex 64.3209517756016 2.8837325142375847 2
    endloop
  endfacet
  facet normal 0 0 1
    outer loop
      vertex 63.9 2.8 2
      vertex 64.04357881144206 2.8094106524888085 2
      vertex 64.3209517756016 2.8837325142375847 2
    endloop
  endfacet
  facet normal 0 0 1
    outer loop
      vertex 63.35 2.9473720558371173 2
      vertex 64.45 2.9473720558371173 2
      vertex 63.23036242809041 3.027311325679641 2
    endloop
  endfacet
  facet normal 0 0 1
    outer loop
      vertex 63.4790482243984 2.8837325142375847 2
      vertex 63.61529905038723 2.8374815910820246 2
      vertex 64.3209517756016 2.8837325142375847 2
    endloop
  endfacet
  facet normal 0 0 1
    outer loop
      vertex 63.35 2.9473720558371173 2
      vertex 63.4790482243984 2.8837325142375847 2
      vertex 64.45 2.9473720558371173 2
    endloop
  endfacet
  facet normal 0 0 1
    outer loop
      vertex 63.23036242809041 3.027311325679641 2
      vertex 64.5696375719096 3.027311325679641 2
      vertex 63.122182540694794 3.1221825406947974 2
    endloop
  endfacet
  facet normal 0 0 1
    outer loop
      vertex 63.02731132567964 3.230362428090407 2
      vertex 63.122182540694794 3.1221825406947974 2
      vertex 64.6778174593052 3.1221825406947974 2
    endloop
  endfacet
  facet normal 0 0 1
    outer loop
      vertex 62.947372055837114 3.35 2
      vertex 63.02731132567964 3.230362428090407 2
      vertex 64.77268867432036 3.230362428090407 2
    endloop
  endfacet
  facet normal 0 0 1
    outer loop
      vertex 62.947372055837114 3.35 2
      vertex 64.85262794416289 3.35 2
      vertex 62.883732514237586 3.4790482243984013 2
    endloop
  endfacet
  facet normal 0 0 1
    outer loop
      vertex 63.756421188557944 2.8094106524888085 2
      vertex 64.3209517756016 2.8837325142375847 2
      vertex 63.61529905038723 2.8374815910820246 2
    endloop
  endfacet
  facet normal 0 0 1
    outer loop
      vertex 63.4790482243984 2.8837325142375847 2
      vertex 64.3209517756016 2.8837325142375847 2
      vertex 64.45 2.9473720558371173 2
    endloop
  endfacet
  facet normal 0 0 1
    outer loop
      vertex 64.5696375719096 3.027311325679641 2
      vertex 63.23036242809041 3.027311325679641 2
      vertex 64.45 2.9473720558371173 2
    endloop
  endfacet
  facet normal 0 0 1
    outer loop
      vertex 63.122182540694794 3.1221825406947974 2
      vertex 64.5696375719096 3.027311325679641 2
      vertex 64.6778174593052 3.1221825406947974 2
    endloop
  endfacet
  facet normal 0 0 1
    outer loop
      vertex 62.837481591082025 3.615299050387227 2
      vertex 62.883732514237586 3.4790482243984013 2
      vertex 64.96251840891797 3.615299050387227 2
    endloop
  endfacet
  facet normal 0 0 1
    outer loop
      vertex 62.837481591082025 3.615299050387227 2
      vertex 64.99058934751119 3.756421188557943 2
      vertex 62.80941065248881 3.756421188557943 2
    endloop
  endfacet
  facet normal 0 0 1
    outer loop
      vertex 62.80941065248881 3.756421188557943 2
      vertex 64.99058934751119 3.756421188557943 2
      vertex 62.8 3.9 2
    endloop
  endfacet
  facet normal 0 0 1
    outer loop
      vertex 62.8 3.9 2
      vertex 64.99058934751119 3.756421188557943 2
      vertex 62.80941065248881 4.043578811442057 2
    endloop
  endfacet
  facet normal 0 0 1
    outer loop
      vertex 64.04357881144206 2.8094106524888085 2
      vertex 64.18470094961278 2.8374815910820246 2
      vertex 64.3209517756016 2.8837325142375847 2
    endloop
  endfacet
  facet normal 0 0 1
    outer loop
      vertex 63.02731132567964 3.230362428090407 2
      vertex 64.6778174593052 3.1221825406947974 2
      vertex 64.77268867432036 3.230362428090407 2
    endloop
  endfacet
  facet normal 0 0 1
    outer loop
      vertex 62.947372055837114 3.35 2
      vertex 64.77268867432036 3.230362428090407 2
      vertex 64.85262794416289 3.35 2
    endloop
  endfacet
  facet normal 0 0 1
    outer loop
      vertex 64.91626748576242 3.4790482243984013 2
      vertex 62.883732514237586 3.4790482243984013 2
      vertex 64.85262794416289 3.35 2
    endloop
  endfacet
  facet normal 0 0 1
    outer loop
      vertex 62.883732514237586 3.4790482243984013 2
      vertex 64.91626748576242 3.4790482243984013 2
      vertex 64.96251840891797 3.615299050387227 2
    endloop
  endfacet
  facet normal 0 0 1
    outer loop
      vertex 62.837481591082025 3.615299050387227 2
      vertex 64.96251840891797 3.615299050387227 2
      vertex 64.99058934751119 3.756421188557943 2
    endloop
  endfacet
  facet normal 0 0 1
    outer loop
      vertex 65 3.9 2
      vertex 62.80941065248881 4.043578811442057 2
      vertex 64.99058934751119 3.756421188557943 2
    endloop
  endfacet
  facet normal 0 0 1
    outer loop
      vertex 62.80941065248881 4.043578811442057 2
      vertex 64.99058934751119 4.043578811442057 2
      vertex 62.837481591082025 4.184700949612773 2
    endloop
  endfacet
  facet normal 0 0 1
    outer loop
      vertex 62.837481591082025 4.184700949612773 2
      vertex 64.99058934751119 4.043578811442057 2
      vertex 62.883732514237586 4.320951775601599 2
    endloop
  endfacet
  facet normal 0 0 1
    outer loop
      vertex 62.883732514237586 4.320951775601599 2
      vertex 64.96251840891797 4.184700949612773 2
      vertex 62.947372055837114 4.45 2
    endloop
  endfacet
  facet normal 0 0 1
    outer loop
      vertex 62.947372055837114 4.45 2
      vertex 64.96251840891797 4.184700949612773 2
      vertex 63.02731132567964 4.569637571909593 2
    endloop
  endfacet
  facet normal 0 0 1
    outer loop
      vertex 63.02731132567964 4.569637571909593 2
      vertex 64.96251840891797 4.184700949612773 2
      vertex 63.122182540694794 4.677817459305203 2
    endloop
  endfacet
  facet normal 0 0 1
    outer loop
      vertex 63.122182540694794 4.677817459305203 2
      vertex 64.96251840891797 4.184700949612773 2
      vertex 63.23036242809041 4.772688674320359 2
    endloop
  endfacet
  facet normal 0 0 1
    outer loop
      vertex 63.23036242809041 4.772688674320359 2
      vertex 64.85262794416289 4.45 2
      vertex 63.35 4.852627944162883 2
    endloop
  endfacet
  facet normal 0 0 1
    outer loop
      vertex 63.35 4.852627944162883 2
      vertex 64.85262794416289 4.45 2
      vertex 63.4790482243984 4.916267485762416 2
    endloop
  endfacet
  facet normal 0 0 1
    outer loop
      vertex 63.4790482243984 4.916267485762416 2
      vertex 64.85262794416289 4.45 2
      vertex 63.61529905038723 4.962518408917976 2
    endloop
  endfacet
  facet normal 0 0 1
    outer loop
      vertex 63.61529905038723 4.962518408917976 2
      vertex 64.6778174593052 4.677817459305203 2
      vertex 63.756421188557944 4.990589347511191 2
    endloop
  endfacet
  facet normal 0 0 1
    outer loop
      vertex 63.756421188557944 4.990589347511191 2
      vertex 64.45 4.852627944162883 2
      vertex 63.9 5 2
    endloop
  endfacet
  facet normal 0 0 1
    outer loop
      vertex 63.9 5 2
      vertex 64.3209517756016 4.916267485762416 2
      vertex 64.04357881144206 4.990589347511191 2
    endloop
  endfacet
  facet normal 0 0 1
    outer loop
      vertex 62.80941065248881 4.043578811442057 2
      vertex 65 3.9 2
      vertex 64.99058934751119 4.043578811442057 2
    endloop
  endfacet
  facet normal 0 0 1
    outer loop
      vertex 62.883732514237586 4.320951775601599 2
      vertex 64.99058934751119 4.043578811442057 2
      vertex 64.96251840891797 4.184700949612773 2
    endloop
  endfacet
  facet normal 0 0 1
    outer loop
      vertex 63.23036242809041 4.772688674320359 2
      vertex 64.96251840891797 4.184700949612773 2
      vertex 64.91626748576242 4.320951775601599 2
    endloop
  endfacet
  facet normal 0 0 1
    outer loop
      vertex 63.23036242809041 4.772688674320359 2
      vertex 64.91626748576242 4.320951775601599 2
      vertex 64.85262794416289 4.45 2
    endloop
  endfacet
  facet normal 0 0 1
    outer loop
      vertex 63.61529905038723 4.962518408917976 2
      vertex 64.85262794416289 4.45 2
      vertex 64.77268867432036 4.569637571909593 2
    endloop
  endfacet
  facet normal 0 0 1
    outer loop
      vertex 63.61529905038723 4.962518408917976 2
      vertex 64.77268867432036 4.569637571909593 2
      vertex 64.6778174593052 4.677817459305203 2
    endloop
  endfacet
  facet normal 0 0 1
    outer loop
      vertex 63.9 5 2
      vertex 64.45 4.852627944162883 2
      vertex 64.3209517756016 4.916267485762416 2
    endloop
  endfacet
  facet normal 0 0 1
    outer loop
      vertex 63.756421188557944 4.990589347511191 2
      vertex 64.5696375719096 4.772688674320359 2
      vertex 64.45 4.852627944162883 2
    endloop
  endfacet
  facet normal 0 0 1
    outer loop
      vertex 64.04357881144206 4.990589347511191 2
      vertex 64.3209517756016 4.916267485762416 2
      vertex 64.18470094961278 4.962518408917976 2
    endloop
  endfacet
  facet normal 0 0 1
    outer loop
      vertex 63.756421188557944 4.990589347511191 2
      vertex 64.6778174593052 4.677817459305203 2
      vertex 64.5696375719096 4.772688674320359 2
    endloop
  endfacet
  facet normal 0 0 -1
    outer loop
      vertex 39.4 17.4 0
      vertex 42.4 17.4 0
      vertex 87.8 0 0
    endloop
  endfacet
  facet normal 0 0 -1
    outer loop
      vertex 42.4 17.4 0
      vertex 45.4 17.4 0
      vertex 87.8 0 0
    endloop
  endfacet
  facet normal 0 0 -1
    outer loop
      vertex 45.4 17.4 0
      vertex 48.4 17.4 0
      vertex 87.8 0 0
    endloop
  endfacet
  facet normal 0 0 -1
    outer loop
      vertex 48.4 17.4 0
      vertex 51.4 17.4 0
      vertex 87.8 0 0
    endloop
  endfacet
  facet normal 0 0 -1
    outer loop
      vertex 51.4 17.4 0
      vertex 54.4 17.4 0
      vertex 87.8 0 0
    endloop
  endfacet
  facet normal 0 0 1
    outer loop
      vertex 36.4 17.4 2
      vertex 64.29157857666016 6.874334584121431 2
      vertex 81.41925960798825 3.9058666578588226 2
    endloop
  endfacet
  facet normal 0 0 1
    outer loop
      vertex 42.4 17.4 2
      vertex 81.41925960798825 3.9058666578588226 2
      vertex 45.4 17.4 2
    endloop
  endfacet
  facet normal 0 0 1
    outer loop
      vertex 45.4 17.4 2
      vertex 81.41925960798825 3.9058666578588226 2
      vertex 48.4 17.4 2
    endloop
  endfacet
  facet normal 0 0 1
    outer loop
      vertex 48.4 17.4 2
      vertex 81.41925960798825 3.9058666578588226 2
      vertex 51.4 17.4 2
    endloop
  endfacet
  facet normal 0 0 1
    outer loop
      vertex 51.4 17.4 2
      vertex 81.41925960798825 3.9058666578588226 2
      vertex 54.4 17.4 2
    endloop
  endfacet
  facet normal 0 0 1
    outer loop
      vertex 54.4 17.4 2
      vertex 81.41925960798825 3.9058666578588226 2
      vertex 57.4 17.4 2
    endloop
  endfacet
  facet normal 0 0 -1
    outer loop
      vertex 45.4 17.4 0
      vertex 45.4 41.4 0
      vertex 48.4 17.4 0
    endloop
  endfacet
  facet normal 0 0 -1
    outer loop
      vertex 51.4 17.4 0
      vertex 51.4 41.4 0
      vertex 54.4 17.4 0
    endloop
  endfacet
  facet normal 0 0 1
    outer loop
      vertex 45.4 17.4 2
      vertex 48.4 17.4 2
      vertex 48.4 41.4 2
    endloop
  endfacet
  facet normal 0 0 1
    outer loop
      vertex 51.4 17.4 2
      vertex 54.4 17.4 2
      vertex 54.4 41.4 2
    endloop
  endfacet
  facet normal 0 0 -1
    outer loop
      vertex 48.4 17.4 0
      vertex 45.4 41.4 0
      vertex 48.4 41.4 0
    endloop
  endfacet
  facet normal 0 0 -1
    outer loop
      vertex 54.4 17.4 0
      vertex 51.4 41.4 0
      vertex 54.4 41.4 0
    endloop
  endfacet
  facet normal 0 0 1
    outer loop
      vertex 45.4 17.4 2
      vertex 48.4 41.4 2
      vertex 45.4 41.4 2
    endloop
  endfacet
  facet normal 0 0 1
    outer loop
      vertex 51.4 17.4 2
      vertex 54.4 41.4 2
      vertex 51.4 41.4 2
    endloop
  endfacet
  facet normal 0 0 1
    outer loop
      vertex 82.02326330898067 0.8693349984694776 2
      vertex 64.29157857666016 0.925665415878569 2
      vertex 63.9 0.9 2
    endloop
  endfacet
  facet normal 0 0 1
    outer loop
      vertex 82.02326330898067 0.8693349984694776 2
      vertex 64.67645713530756 1.0022225211327949 2
      vertex 64.29157857666016 0.925665415878569 2
    endloop
  endfacet
  facet normal 0 0 1
    outer loop
      vertex 82.02326330898067 0.8693349984694776 2
      vertex 65.04805029709527 1.12836140246614 2
      vertex 64.67645713530756 1.0022225211327949 2
    endloop
  endfacet
  facet normal 0 0 1
    outer loop
      vertex 81.76891108675446 1.25 2
      vertex 65.4 1.301923788646684 2
      vertex 65.04805029709527 1.12836140246614 2
    endloop
  endfacet
  facet normal 0 0 1
    outer loop
      vertex 81.76891108675446 1.25 2
      vertex 65.72628428702616 1.5199399791262942 2
      vertex 65.4 1.301923788646684 2
    endloop
  endfacet
  facet normal 0 0 1
    outer loop
      vertex 81.56642163621049 1.6606079867221857 2
      vertex 66.02132034355965 1.778679656440357 2
      vertex 65.72628428702616 1.5199399791262942 2
    endloop
  endfacet
  facet normal 0 0 1
    outer loop
      vertex 81.56642163621049 1.6606079867221857 2
      vertex 66.2800600208737 2.073715712973838 2
      vertex 66.02132034355965 1.778679656440357 2
    endloop
  endfacet
  facet normal 0 0 1
    outer loop
      vertex 81.41925960798825 2.0941333421411774 2
      vertex 66.49807621135332 2.4 2
      vertex 66.2800600208737 2.073715712973838 2
    endloop
  endfacet
  facet normal 0 0 1
    outer loop
      vertex 81.32994298519166 2.5431583272298193 2
      vertex 66.67163859753387 2.7519497029047306 2
      vertex 66.49807621135332 2.4 2
    endloop
  endfacet
  facet normal 0 0 1
    outer loop
      vertex 81.32994298519166 2.5431583272298193 2
      vertex 66.7977774788672 3.1235428646924377 2
      vertex 66.67163859753387 2.7519497029047306 2
    endloop
  endfacet
  facet normal 0 0 1
    outer loop
      vertex 81.3 3 2
      vertex 66.87433458412144 3.508421423339845 2
      vertex 66.7977774788672 3.1235428646924377 2
    endloop
  endfacet
  facet normal 0 0 1
    outer loop
      vertex 81.32994298519166 3.4568416727701807 2
      vertex 66.9 3.9 2
      vertex 66.87433458412144 3.508421423339845 2
    endloop
  endfacet
  facet normal 0 0 1
    outer loop
      vertex 81.41925960798825 3.9058666578588226 2
      vertex 64.29157857666016 6.874334584121431 2
      vertex 64.67645713530756 6.797777478867205 2
    endloop
  endfacet
  facet normal 0 0 1
    outer loop
      vertex 81.41925960798825 3.9058666578588226 2
      vertex 66.87433458412144 4.291578576660155 2
      vertex 66.9 3.9 2
    endloop
  endfacet
  facet normal 0 0 1
    outer loop
      vertex 81.41925960798825 3.9058666578588226 2
      vertex 66.7977774788672 4.676457135307563 2
      vertex 66.87433458412144 4.291578576660155 2
    endloop
  endfacet
  facet normal 0 0 1
    outer loop
      vertex 81.41925960798825 3.9058666578588226 2
      vertex 66.49807621135332 5.4 2
      vertex 66.67163859753387 5.048050297095269 2
    endloop
  endfacet
  facet normal 0 0 1
    outer loop
      vertex 81.41925960798825 3.9058666578588226 2
      vertex 66.67163859753387 5.048050297095269 2
      vertex 66.7977774788672 4.676457135307563 2
    endloop
  endfacet
  facet normal 0 0 1
    outer loop
      vertex 81.41925960798825 3.9058666578588226 2
      vertex 66.2800600208737 5.7262842870261625 2
      vertex 66.49807621135332 5.4 2
    endloop
  endfacet
  facet normal 0 0 1
    outer loop
      vertex 81.41925960798825 3.9058666578588226 2
      vertex 65.4 6.498076211353316 2
      vertex 65.72628428702616 6.280060020873706 2
    endloop
  endfacet
  facet normal 0 0 1
    outer loop
      vertex 81.41925960798825 3.9058666578588226 2
      vertex 64.67645713530756 6.797777478867205 2
      vertex 65.04805029709527 6.67163859753386 2
    endloop
  endfacet
  facet normal 0 0 1
    outer loop
      vertex 81.41925960798825 3.9058666578588226 2
      vertex 65.04805029709527 6.67163859753386 2
      vertex 65.4 6.498076211353316 2
    endloop
  endfacet
  facet normal 0 0 1
    outer loop
      vertex 81.41925960798825 3.9058666578588226 2
      vertex 66.02132034355965 6.021320343559643 2
      vertex 66.2800600208737 5.7262842870261625 2
    endloop
  endfacet
  facet normal 0 0 1
    outer loop
      vertex 81.41925960798825 3.9058666578588226 2
      vertex 65.72628428702616 6.280060020873706 2
      vertex 66.02132034355965 6.021320343559643 2
    endloop
  endfacet
  facet normal 0 0 1
    outer loop
      vertex 82.02326330898067 0.8693349984694776 2
      vertex 81.76891108675446 1.25 2
      vertex 65.04805029709527 1.12836140246614 2
    endloop
  endfacet
  facet normal 0 0 1
    outer loop
      vertex 81.76891108675446 1.25 2
      vertex 81.56642163621049 1.6606079867221857 2
      vertex 65.72628428702616 1.5199399791262942 2
    endloop
  endfacet
  facet normal 0 0 1
    outer loop
      vertex 81.56642163621049 1.6606079867221857 2
      vertex 81.41925960798825 2.0941333421411774 2
      vertex 66.2800600208737 2.073715712973838 2
    endloop
  endfacet
  facet normal 0 0 1
    outer loop
      vertex 81.32994298519166 2.5431583272298193 2
      vertex 66.49807621135332 2.4 2
      vertex 81.41925960798825 2.0941333421411774 2
    endloop
  endfacet
  facet normal 0 0 1
    outer loop
      vertex 81.32994298519166 2.5431583272298193 2
      vertex 81.3 3 2
      vertex 66.7977774788672 3.1235428646924377 2
    endloop
  endfacet
  facet normal 0 0 1
    outer loop
      vertex 81.3 3 2
      vertex 81.32994298519166 3.4568416727701807 2
      vertex 66.87433458412144 3.508421423339845 2
    endloop
  endfacet
  facet normal 0 0 1
    outer loop
      vertex 81.32994298519166 3.4568416727701807 2
      vertex 81.41925960798825 3.9058666578588226 2
      vertex 66.9 3.9 2
    endloop
  endfacet
  facet normal 0 0 -1
    outer loop
      vertex 54.4 17.4 0
      vertex 57.4 17.4 0
      vertex 87.8 0 0
    endloop
  endfacet
  facet normal 0 0 1
    outer loop
      vertex 86.59652784671827 0 2
      vertex 87.8 0 2
      vertex 86.93066500153051 0.2232633089806768 2
    endloop
  endfacet
  facet normal 0 0 1
    outer loop
      vertex 86.93066500153051 0.2232633089806768 2
      vertex 87.8 0 2
      vertex 87.27487373415292 0.5251262658470837 2
    endloop
  endfacet
  facet normal 0 0 1
    outer loop
      vertex 87.8 0 2
      vertex 87.57673669101932 0.8693349984694776 2
      vertex 87.27487373415292 0.5251262658470837 2
    endloop
  endfacet
  facet normal 0 0 1
    outer loop
      vertex 87.8 0 2
      vertex 87.8 1.203472153281718 2
      vertex 87.57673669101932 0.8693349984694776 2
    endloop
  endfacet
  facet normal 0 0 -1
    outer loop
      vertex 57.4 17.4 0
      vertex 57.4 41.4 0
      vertex 87.8 0 0
    endloop
  endfacet
  facet normal 0 0 1
    outer loop
      vertex 57.4 17.4 2
      vertex 81.41925960798825 3.9058666578588226 2
      vertex 82.32512626584708 51.32512626584708 2
    endloop
  endfacet
  facet normal 0 0 -1
    outer loop
      vertex 87.8 0 0
      vertex 57.4 41.4 0
      vertex 84.81360544217686 56.8 0
    endloop
  endfacet
  facet normal 1 0 0
    outer loop
      vertex 87.8 0 0
      vertex 87.8 56.8 0
      vertex 87.8 0 2
    endloop
  endfacet
  facet normal 1 0 0
    outer loop
      vertex 87.8 0 2
      vertex 87.8 56.8 0
      vertex 87.8 1.203472153281718 2
    endloop
  endfacet
  facet normal 1 0 0
    outer loop
      vertex 87.8 1.203472153281718 2
      vertex 87.8 56.8 0
      vertex 87.8 4.7965278467182815 2
    endloop
  endfacet
  facet normal 0 0 1
    outer loop
      vertex 81.41925960798825 3.9058666578588226 2
      vertex 81.56642163621049 4.3393920132778145 2
      vertex 82.32512626584708 51.32512626584708 2
    endloop
  endfacet
  facet normal 0 0 1
    outer loop
      vertex 81.56642163621049 4.3393920132778145 2
      vertex 81.76891108675446 4.75 2
      vertex 82.32512626584708 51.32512626584708 2
    endloop
  endfacet
  facet normal 0 0 1
    outer loop
      vertex 81.76891108675446 4.75 2
      vertex 82.02326330898067 5.130665001530522 2
      vertex 82.32512626584708 51.32512626584708 2
    endloop
  endfacet
  facet normal 0 0 1
    outer loop
      vertex 82.02326330898067 5.130665001530522 2
      vertex 82.32512626584708 5.474873734152917 2
      vertex 82.32512626584708 51.32512626584708 2
    endloop
  endfacet
  facet normal 0 0 1
    outer loop
      vertex 82.32512626584708 5.474873734152917 2
      vertex 82.66933499846948 5.776736691019323 2
      vertex 82.66933499846948 51.023263308980674 2
    endloop
  endfacet
  facet normal 0 0 1
    outer loop
      vertex 82.66933499846948 5.776736691019323 2
      vertex 83.05 6.031088913245535 2
      vertex 83.05 50.768911086754464 2
    endloop
  endfacet
  facet normal 0 0 1
    outer loop
      vertex 83.05 6.031088913245535 2
      vertex 83.46060798672218 6.233578363789503 2
      vertex 83.46060798672218 50.56642163621049 2
    endloop
  endfacet
  facet normal 0 0 1
    outer loop
      vertex 83.46060798672218 6.233578363789503 2
      vertex 83.89413334214117 6.380740392011739 2
      vertex 83.89413334214117 50.41925960798826 2
    endloop
  endfacet
  facet normal 0 0 1
    outer loop
      vertex 83.89413334214117 6.380740392011739 2
      vertex 84.34315832722982 6.4700570148083365 2
      vertex 83.89413334214117 50.41925960798826 2
    endloop
  endfacet
  facet normal 0 0 1
    outer loop
      vertex 84.34315832722982 6.4700570148083365 2
      vertex 84.8 6.5 2
      vertex 84.8 50.3 2
    endloop
  endfacet
  facet normal 0 0 1
    outer loop
      vertex 84.8 6.5 2
      vertex 85.25684167277018 6.4700570148083365 2
      vertex 85.25684167277018 50.329942985191664 2
    endloop
  endfacet
  facet normal 0 0 1
    outer loop
      vertex 85.25684167277018 6.4700570148083365 2
      vertex 85.70586665785882 6.380740392011739 2
      vertex 85.70586665785882 50.41925960798826 2
    endloop
  endfacet
  facet normal 0 0 1
    outer loop
      vertex 85.70586665785882 6.380740392011739 2
      vertex 86.13939201327781 6.233578363789503 2
      vertex 86.13939201327781 50.56642163621049 2
    endloop
  endfacet
  facet normal 0 0 1
    outer loop
      vertex 86.13939201327781 6.233578363789503 2
      vertex 86.55 6.031088913245535 2
      vertex 86.55 50.768911086754464 2
    endloop
  endfacet
  facet normal 0 0 1
    outer loop
      vertex 86.55 6.031088913245535 2
      vertex 86.93066500153051 5.776736691019323 2
      vertex 86.93066500153051 51.023263308980674 2
    endloop
  endfacet
  facet normal 0 0 1
    outer loop
      vertex 87.8 4.7965278467182815 2
      vertex 87.8 52.00347215328171 2
      vertex 87.57673669101932 5.130665001530522 2
    endloop
  endfacet
  facet normal 0 0 1
    outer loop
      vertex 87.27487373415292 5.474873734152917 2
      vertex 87.27487373415292 51.32512626584708 2
      vertex 86.93066500153051 5.776736691019323 2
    endloop
  endfacet
  facet normal 0 0 1
    outer loop
      vertex 87.57673669101932 5.130665001530522 2
      vertex 87.57673669101932 51.66933499846947 2
      vertex 87.27487373415292 5.474873734152917 2
    endloop
  endfacet
  facet normal 0 0 -1
    outer loop
      vertex 30.4 41.4 0
      vertex 84.81360544217686 56.8 0
      vertex 33.4 41.4 0
    endloop
  endfacet
  facet normal 0 0 -1
    outer loop
      vertex 33.4 41.4 0
      vertex 84.81360544217686 56.8 0
      vertex 36.4 41.4 0
    endloop
  endfacet
  facet normal 0 0 -1
    outer loop
      vertex 36.4 41.4 0
      vertex 84.81360544217686 56.8 0
      vertex 39.4 41.4 0
    endloop
  endfacet
  facet normal 0 0 1
    outer loop
      vertex 36.4 41.4 2
      vertex 39.4 41.4 2
      vertex 81.41925960798825 52.894133342141174 2
    endloop
  endfacet
  facet normal 0 0 1
    outer loop
      vertex 39.4 41.4 2
      vertex 42.4 41.4 2
      vertex 81.41925960798825 52.894133342141174 2
    endloop
  endfacet
  facet normal 0 0 1
    outer loop
      vertex 36.4 41.4 2
      vertex 61.51993997912629 51.073715712973836 2
      vertex 61.30192378864668 51.4 2
    endloop
  endfacet
  facet normal 0 0 1
    outer loop
      vertex 36.4 41.4 2
      vertex 61.30192378864668 51.4 2
      vertex 61.12836140246614 51.75194970290473 2
    endloop
  endfacet
  facet normal 0 0 1
    outer loop
      vertex 36.4 41.4 2
      vertex 61.12836140246614 51.75194970290473 2
      vertex 61.00222252113279 52.12354286469244 2
    endloop
  endfacet
  facet normal 0 0 1
    outer loop
      vertex 36.4 41.4 2
      vertex 62.073715712973836 50.51993997912629 2
      vertex 61.77867965644035 50.77867965644035 2
    endloop
  endfacet
  facet normal 0 0 1
    outer loop
      vertex 36.4 41.4 2
      vertex 61.77867965644035 50.77867965644035 2
      vertex 61.51993997912629 51.073715712973836 2
    endloop
  endfacet
  facet normal 0 0 1
    outer loop
      vertex 36.4 41.4 2
      vertex 62.4 50.30192378864668 2
      vertex 62.073715712973836 50.51993997912629 2
    endloop
  endfacet
  facet normal 0 0 1
    outer loop
      vertex 36.4 41.4 2
      vertex 62.75194970290473 50.12836140246614 2
      vertex 62.4 50.30192378864668 2
    endloop
  endfacet
  facet normal 0 0 1
    outer loop
      vertex 36.4 41.4 2
      vertex 63.12354286469244 50.00222252113279 2
      vertex 62.75194970290473 50.12836140246614 2
    endloop
  endfacet
  facet normal 0 0 1
    outer loop
      vertex 36.4 41.4 2
      vertex 63.50842142333985 49.92566541587857 2
      vertex 63.12354286469244 50.00222252113279 2
    endloop
  endfacet
  facet normal 0 0 1
    outer loop
      vertex 36.4 41.4 2
      vertex 63.9 49.9 2
      vertex 63.50842142333985 49.92566541587857 2
    endloop
  endfacet
  facet normal 0 0 1
    outer loop
      vertex 36.4 41.4 2
      vertex 64.29157857666016 49.92566541587857 2
      vertex 63.9 49.9 2
    endloop
  endfacet
  facet normal 0 0 1
    outer loop
      vertex 36.4 41.4 2
      vertex 61.00222252113279 52.12354286469244 2
      vertex 60.92566541587857 52.50842142333985 2
    endloop
  endfacet
  facet normal 0 0 1
    outer loop
      vertex 57.4 17.4 2
      vertex 81.41925960798825 52.894133342141174 2
      vertex 57.4 41.4 2
    endloop
  endfacet
  facet normal 0 0 -1
    outer loop
      vertex 39.4 41.4 0
      vertex 84.81360544217686 56.8 0
      vertex 42.4 41.4 0
    endloop
  endfacet
  facet normal 0 0 -1
    outer loop
      vertex 42.4 41.4 0
      vertex 84.81360544217686 56.8 0
      vertex 45.4 41.4 0
    endloop
  endfacet
  facet normal 0 0 -1
    outer loop
      vertex 45.4 41.4 0
      vertex 84.81360544217686 56.8 0
      vertex 48.4 41.4 0
    endloop
  endfacet
  facet normal 0 0 -1
    outer loop
      vertex 48.4 41.4 0
      vertex 84.81360544217686 56.8 0
      vertex 51.4 41.4 0
    endloop
  endfacet
  facet normal 0 0 -1
    outer loop
      vertex 51.4 41.4 0
      vertex 84.81360544217686 56.8 0
      vertex 54.4 41.4 0
    endloop
  endfacet
  facet normal 0 0 -1
    outer loop
      vertex 54.4 41.4 0
      vertex 84.81360544217686 56.8 0
      vertex 57.4 41.4 0
    endloop
  endfacet
  facet normal 0 0 1
    outer loop
      vertex 42.4 41.4 2
      vertex 45.4 41.4 2
      vertex 81.41925960798825 52.894133342141174 2
    endloop
  endfacet
  facet normal 0 0 1
    outer loop
      vertex 45.4 41.4 2
      vertex 48.4 41.4 2
      vertex 81.41925960798825 52.894133342141174 2
    endloop
  endfacet
  facet normal 0 0 1
    outer loop
      vertex 48.4 41.4 2
      vertex 51.4 41.4 2
      vertex 81.41925960798825 52.894133342141174 2
    endloop
  endfacet
  facet normal 0 0 1
    outer loop
      vertex 36.4 41.4 2
      vertex 81.41925960798825 52.894133342141174 2
      vertex 64.29157857666016 49.92566541587857 2
    endloop
  endfacet
  facet normal 0 0 1
    outer loop
      vertex 51.4 41.4 2
      vertex 54.4 41.4 2
      vertex 81.41925960798825 52.894133342141174 2
    endloop
  endfacet
  facet normal 0 0 1
    outer loop
      vertex 54.4 41.4 2
      vertex 57.4 41.4 2
      vertex 81.41925960798825 52.894133342141174 2
    endloop
  endfacet
  facet normal 0 0 1
    outer loop
      vertex 63.122182540694794 52.122182540694794 2
      vertex 63.23036242809041 52.02731132567964 2
      vertex 64.96251840891797 52.61529905038723 2
    endloop
  endfacet
  facet normal 0 0 1
    outer loop
      vertex 63.02731132567964 52.23036242809041 2
      vertex 63.122182540694794 52.122182540694794 2
      vertex 64.96251840891797 52.61529905038723 2
    endloop
  endfacet
  facet normal 0 0 1
    outer loop
      vertex 63.02731132567964 52.23036242809041 2
      vertex 64.96251840891797 52.61529905038723 2
      vertex 62.947372055837114 52.35 2
    endloop
  endfacet
  facet normal 0 0 1
    outer loop
      vertex 63.4790482243984 51.883732514237586 2
      vertex 63.61529905038723 51.837481591082025 2
      vertex 64.96251840891797 52.61529905038723 2
    endloop
  endfacet
  facet normal 0 0 1
    outer loop
      vertex 63.61529905038723 51.837481591082025 2
      vertex 63.756421188557944 51.80941065248881 2
      vertex 64.96251840891797 52.61529905038723 2
    endloop
  endfacet
  facet normal 0 0 1
    outer loop
      vertex 63.35 51.947372055837114 2
      vertex 64.96251840891797 52.61529905038723 2
      vertex 63.23036242809041 52.02731132567964 2
    endloop
  endfacet
  facet normal 0 0 1
    outer loop
      vertex 63.35 51.947372055837114 2
      vertex 63.4790482243984 51.883732514237586 2
      vertex 64.96251840891797 52.61529905038723 2
    endloop
  endfacet
  facet normal 0 0 1
    outer loop
      vertex 62.947372055837114 52.35 2
      vertex 64.96251840891797 52.61529905038723 2
      vertex 62.883732514237586 52.4790482243984 2
    endloop
  endfacet
  facet normal 0 0 1
    outer loop
      vertex 62.837481591082025 52.61529905038723 2
      vertex 62.883732514237586 52.4790482243984 2
      vertex 64.96251840891797 52.61529905038723 2
    endloop
  endfacet
  facet normal 0 0 1
    outer loop
      vertex 62.837481591082025 52.61529905038723 2
      vertex 64.99058934751119 52.756421188557944 2
      vertex 62.80941065248881 52.756421188557944 2
    endloop
  endfacet
  facet normal 0 0 1
    outer loop
      vertex 62.80941065248881 52.756421188557944 2
      vertex 64.99058934751119 52.756421188557944 2
      vertex 62.8 52.9 2
    endloop
  endfacet
  facet normal 0 0 1
    outer loop
      vertex 62.8 52.9 2
      vertex 65 52.9 2
      vertex 62.80941065248881 53.04357881144205 2
    endloop
  endfacet
  facet normal 0 0 1
    outer loop
      vertex 63.756421188557944 51.80941065248881 2
      vertex 63.9 51.8 2
      vertex 64.96251840891797 52.61529905038723 2
    endloop
  endfacet
  facet normal 0 0 1
    outer loop
      vertex 63.9 51.8 2
      vertex 64.04357881144206 51.80941065248881 2
      vertex 64.96251840891797 52.61529905038723 2
    endloop
  endfacet
  facet normal 0 0 1
    outer loop
      vertex 64.04357881144206 51.80941065248881 2
      vertex 64.18470094961278 51.837481591082025 2
      vertex 64.96251840891797 52.61529905038723 2
    endloop
  endfacet
  facet normal 0 0 1
    outer loop
      vertex 64.18470094961278 51.837481591082025 2
      vertex 64.3209517756016 51.883732514237586 2
      vertex 64.96251840891797 52.61529905038723 2
    endloop
  endfacet
  facet normal 0 0 1
    outer loop
      vertex 64.3209517756016 51.883732514237586 2
      vertex 64.45 51.947372055837114 2
      vertex 64.96251840891797 52.61529905038723 2
    endloop
  endfacet
  facet normal 0 0 1
    outer loop
      vertex 64.45 51.947372055837114 2
      vertex 64.5696375719096 52.02731132567964 2
      vertex 64.96251840891797 52.61529905038723 2
    endloop
  endfacet
  facet normal 0 0 1
    outer loop
      vertex 64.5696375719096 52.02731132567964 2
      vertex 64.6778174593052 52.122182540694794 2
      vertex 64.96251840891797 52.61529905038723 2
    endloop
  endfacet
  facet normal 0 0 1
    outer loop
      vertex 64.6778174593052 52.122182540694794 2
      vertex 64.77268867432036 52.23036242809041 2
      vertex 64.96251840891797 52.61529905038723 2
    endloop
  endfacet
  facet normal 0 0 1
    outer loop
      vertex 62.837481591082025 52.61529905038723 2
      vertex 64.96251840891797 52.61529905038723 2
      vertex 64.99058934751119 52.756421188557944 2
    endloop
  endfacet
  facet normal 0 0 1
    outer loop
      vertex 65 52.9 2
      vertex 62.8 52.9 2
      vertex 64.99058934751119 52.756421188557944 2
    endloop
  endfacet
  facet normal 0 0 1
    outer loop
      vertex 64.77268867432036 52.23036242809041 2
      vertex 64.85262794416289 52.35 2
      vertex 64.96251840891797 52.61529905038723 2
    endloop
  endfacet
  facet normal 0 0 1
    outer loop
      vertex 64.85262794416289 52.35 2
      vertex 64.91626748576242 52.4790482243984 2
      vertex 64.96251840891797 52.61529905038723 2
    endloop
  endfacet
  facet normal 0 0 1
    outer loop
      vertex 8.031088913245535 55.55 2
      vertex 62.073715712973836 55.280060020873705 2
      vertex 62.4 55.498076211353315 2
    endloop
  endfacet
  facet normal 0 0 1
    outer loop
      vertex 7.776736691019323 55.93066500153052 2
      vertex 62.4 55.498076211353315 2
      vertex 62.75194970290473 55.67163859753386 2
    endloop
  endfacet
  facet normal 0 0 1
    outer loop
      vertex 7.776736691019323 55.93066500153052 2
      vertex 62.75194970290473 55.67163859753386 2
      vertex 63.12354286469244 55.797777478867204 2
    endloop
  endfacet
  facet normal 0 0 1
    outer loop
      vertex 7.776736691019323 55.93066500153052 2
      vertex 63.12354286469244 55.797777478867204 2
      vertex 63.50842142333985 55.87433458412143 2
    endloop
  endfacet
  facet normal 0 0 1
    outer loop
      vertex 7.776736691019323 55.93066500153052 2
      vertex 63.50842142333985 55.87433458412143 2
      vertex 63.9 55.9 2
    endloop
  endfacet
  facet normal 0 0 1
    outer loop
      vertex 7.776736691019323 55.93066500153052 2
      vertex 63.9 55.9 2
      vertex 82.02326330898067 55.93066500153052 2
    endloop
  endfacet
  facet normal 0 0 -1
    outer loop
      vertex 1.9983971276527537 58.75287555299096 0
      vertex 87.8 58.8 0
      vertex 84.81360544217686 56.8 0
    endloop
  endfacet
  facet normal 0 0 1
    outer loop
      vertex 7.474873734152917 56.27487373415291 2
      vertex 82.02326330898067 55.93066500153052 2
      vertex 82.32512626584708 56.27487373415291 2
    endloop
  endfacet
  facet normal 0 0 1
    outer loop
      vertex 7.474873734152917 56.27487373415291 2
      vertex 82.32512626584708 56.27487373415291 2
      vertex 82.66933499846948 56.57673669101932 2
    endloop
  endfacet
  facet normal 0 0 1
    outer loop
      vertex 6.796527846718273 56.8 2
      vertex 82.66933499846948 56.57673669101932 2
      vertex 83.00347215328172 56.8 2
    endloop
  endfacet
  facet normal 0 0 1
    outer loop
      vertex 62.80941065248881 53.04357881144205 2
      vertex 64.99058934751119 53.04357881144205 2
      vertex 62.837481591082025 53.18470094961277 2
    endloop
  endfacet
  facet normal 0 0 1
    outer loop
      vertex 62.837481591082025 53.18470094961277 2
      vertex 64.96251840891797 53.18470094961277 2
      vertex 62.883732514237586 53.3209517756016 2
    endloop
  endfacet
  facet normal 0 0 1
    outer loop
      vertex 62.883732514237586 53.3209517756016 2
      vertex 64.91626748576242 53.3209517756016 2
      vertex 62.947372055837114 53.449999999999996 2
    endloop
  endfacet
  facet normal 0 0 1
    outer loop
      vertex 62.947372055837114 53.449999999999996 2
      vertex 64.77268867432036 53.56963757190959 2
      vertex 63.02731132567964 53.56963757190959 2
    endloop
  endfacet
  facet normal 0 0 1
    outer loop
      vertex 63.02731132567964 53.56963757190959 2
      vertex 64.6778174593052 53.6778174593052 2
      vertex 63.122182540694794 53.6778174593052 2
    endloop
  endfacet
  facet normal 0 0 1
    outer loop
      vertex 63.122182540694794 53.6778174593052 2
      vertex 64.6778174593052 53.6778174593052 2
      vertex 63.23036242809041 53.77268867432036 2
    endloop
  endfacet
  facet normal 0 0 1
    outer loop
      vertex 63.23036242809041 53.77268867432036 2
      vertex 64.5696375719096 53.77268867432036 2
      vertex 63.35 53.85262794416288 2
    endloop
  endfacet
  facet normal 0 0 1
    outer loop
      vertex 63.35 53.85262794416288 2
      vertex 64.45 53.85262794416288 2
      vertex 63.4790482243984 53.91626748576241 2
    endloop
  endfacet
  facet normal 0 0 1
    outer loop
      vertex 63.4790482243984 53.91626748576241 2
      vertex 64.45 53.85262794416288 2
      vertex 63.61529905038723 53.96251840891797 2
    endloop
  endfacet
  facet normal 0 0 1
    outer loop
      vertex 63.61529905038723 53.96251840891797 2
      vertex 64.3209517756016 53.91626748576241 2
      vertex 63.756421188557944 53.99058934751119 2
    endloop
  endfacet
  facet normal 0 0 1
    outer loop
      vertex 63.35 53.85262794416288 2
      vertex 64.5696375719096 53.77268867432036 2
      vertex 64.45 53.85262794416288 2
    endloop
  endfacet
  facet normal 0 0 1
    outer loop
      vertex 63.61529905038723 53.96251840891797 2
      vertex 64.45 53.85262794416288 2
      vertex 64.3209517756016 53.91626748576241 2
    endloop
  endfacet
  facet normal 0 0 1
    outer loop
      vertex 63.756421188557944 53.99058934751119 2
      vertex 64.3209517756016 53.91626748576241 2
      vertex 63.9 54 2
    endloop
  endfacet
  facet normal 0 0 1
    outer loop
      vertex 63.9 54 2
      vertex 64.3209517756016 53.91626748576241 2
      vertex 64.04357881144206 53.99058934751119 2
    endloop
  endfacet
  facet normal 0 0 1
    outer loop
      vertex 62.80941065248881 53.04357881144205 2
      vertex 65 52.9 2
      vertex 64.99058934751119 53.04357881144205 2
    endloop
  endfacet
  facet normal 0 0 1
    outer loop
      vertex 62.837481591082025 53.18470094961277 2
      vertex 64.99058934751119 53.04357881144205 2
      vertex 64.96251840891797 53.18470094961277 2
    endloop
  endfacet
  facet normal 0 0 1
    outer loop
      vertex 62.883732514237586 53.3209517756016 2
      vertex 64.96251840891797 53.18470094961277 2
      vertex 64.91626748576242 53.3209517756016 2
    endloop
  endfacet
  facet normal 0 0 1
    outer loop
      vertex 64.85262794416289 53.449999999999996 2
      vertex 62.947372055837114 53.449999999999996 2
      vertex 64.91626748576242 53.3209517756016 2
    endloop
  endfacet
  facet normal 0 0 1
    outer loop
      vertex 62.947372055837114 53.449999999999996 2
      vertex 64.85262794416289 53.449999999999996 2
      vertex 64.77268867432036 53.56963757190959 2
    endloop
  endfacet
  facet normal 0 0 1
    outer loop
      vertex 63.02731132567964 53.56963757190959 2
      vertex 64.77268867432036 53.56963757190959 2
      vertex 64.6778174593052 53.6778174593052 2
    endloop
  endfacet
  facet normal 0 0 1
    outer loop
      vertex 63.23036242809041 53.77268867432036 2
      vertex 64.6778174593052 53.6778174593052 2
      vertex 64.5696375719096 53.77268867432036 2
    endloop
  endfacet
  facet normal 0 0 1
    outer loop
      vertex 64.04357881144206 53.99058934751119 2
      vertex 64.3209517756016 53.91626748576241 2
      vertex 64.18470094961278 53.96251840891797 2
    endloop
  endfacet
  facet normal 0 0 1
    outer loop
      vertex 57.4 17.4 2
      vertex 82.02326330898067 51.66933499846947 2
      vertex 81.76891108675446 52.05 2
    endloop
  endfacet
  facet normal 0 0 1
    outer loop
      vertex 57.4 17.4 2
      vertex 81.76891108675446 52.05 2
      vertex 81.56642163621049 52.46060798672218 2
    endloop
  endfacet
  facet normal 0 0 1
    outer loop
      vertex 57.4 17.4 2
      vertex 82.32512626584708 51.32512626584708 2
      vertex 82.02326330898067 51.66933499846947 2
    endloop
  endfacet
  facet normal 0 0 1
    outer loop
      vertex 57.4 17.4 2
      vertex 81.56642163621049 52.46060798672218 2
      vertex 81.41925960798825 52.894133342141174 2
    endloop
  endfacet
  facet normal 0 0 1
    outer loop
      vertex 81.41925960798825 52.894133342141174 2
      vertex 64.67645713530756 50.00222252113279 2
      vertex 64.29157857666016 49.92566541587857 2
    endloop
  endfacet
  facet normal 0 0 1
    outer loop
      vertex 81.41925960798825 52.894133342141174 2
      vertex 65.04805029709527 50.12836140246614 2
      vertex 64.67645713530756 50.00222252113279 2
    endloop
  endfacet
  facet normal 0 0 1
    outer loop
      vertex 81.41925960798825 52.894133342141174 2
      vertex 65.4 50.30192378864668 2
      vertex 65.04805029709527 50.12836140246614 2
    endloop
  endfacet
  facet normal 0 0 1
    outer loop
      vertex 81.41925960798825 52.894133342141174 2
      vertex 65.72628428702616 50.51993997912629 2
      vertex 65.4 50.30192378864668 2
    endloop
  endfacet
  facet normal 0 0 1
    outer loop
      vertex 81.41925960798825 52.894133342141174 2
      vertex 66.02132034355965 50.77867965644035 2
      vertex 65.72628428702616 50.51993997912629 2
    endloop
  endfacet
  facet normal 0 0 1
    outer loop
      vertex 81.41925960798825 52.894133342141174 2
      vertex 66.2800600208737 51.073715712973836 2
      vertex 66.02132034355965 50.77867965644035 2
    endloop
  endfacet
  facet normal 0 0 1
    outer loop
      vertex 81.41925960798825 52.894133342141174 2
      vertex 66.49807621135332 51.4 2
      vertex 66.2800600208737 51.073715712973836 2
    endloop
  endfacet
  facet normal 0 0 1
    outer loop
      vertex 81.41925960798825 52.894133342141174 2
      vertex 66.67163859753387 51.75194970290473 2
      vertex 66.49807621135332 51.4 2
    endloop
  endfacet
  facet normal 0 0 1
    outer loop
      vertex 81.41925960798825 52.894133342141174 2
      vertex 66.7977774788672 52.12354286469244 2
      vertex 66.67163859753387 51.75194970290473 2
    endloop
  endfacet
  facet normal 0 0 1
    outer loop
      vertex 81.41925960798825 52.894133342141174 2
      vertex 66.87433458412144 52.50842142333985 2
      vertex 66.7977774788672 52.12354286469244 2
    endloop
  endfacet
  facet normal 0 0 1
    outer loop
      vertex 81.41925960798825 52.894133342141174 2
      vertex 66.9 52.9 2
      vertex 66.87433458412144 52.50842142333985 2
    endloop
  endfacet
  facet normal 0 0 -1
    outer loop
      vertex 87.8 0 0
      vertex 84.81360544217686 56.8 0
      vertex 87.8 56.8 0
    endloop
  endfacet
  facet normal 1 0 0
    outer loop
      vertex 87.8 4.7965278467182815 2
      vertex 87.8 56.8 0
      vertex 87.8 52.00347215328171 2
    endloop
  endfacet
  facet normal 0 0 1
    outer loop
      vertex 82.32512626584708 5.474873734152917 2
      vertex 82.66933499846948 51.023263308980674 2
      vertex 82.32512626584708 51.32512626584708 2
    endloop
  endfacet
  facet normal 0 0 1
    outer loop
      vertex 82.66933499846948 5.776736691019323 2
      vertex 83.05 50.768911086754464 2
      vertex 82.66933499846948 51.023263308980674 2
    endloop
  endfacet
  facet normal 0 0 1
    outer loop
      vertex 83.05 6.031088913245535 2
      vertex 83.46060798672218 50.56642163621049 2
      vertex 83.05 50.768911086754464 2
    endloop
  endfacet
  facet normal 0 0 1
    outer loop
      vertex 83.46060798672218 6.233578363789503 2
      vertex 83.89413334214117 50.41925960798826 2
      vertex 83.46060798672218 50.56642163621049 2
    endloop
  endfacet
  facet normal 0 0 1
    outer loop
      vertex 84.34315832722982 6.4700570148083365 2
      vertex 84.8 50.3 2
      vertex 84.34315832722982 50.329942985191664 2
    endloop
  endfacet
  facet normal 0 0 1
    outer loop
      vertex 84.34315832722982 6.4700570148083365 2
      vertex 84.34315832722982 50.329942985191664 2
      vertex 83.89413334214117 50.41925960798826 2
    endloop
  endfacet
  facet normal 0 0 1
    outer loop
      vertex 84.8 6.5 2
      vertex 85.25684167277018 50.329942985191664 2
      vertex 84.8 50.3 2
    endloop
  endfacet
  facet normal 0 0 1
    outer loop
      vertex 85.25684167277018 6.4700570148083365 2
      vertex 85.70586665785882 50.41925960798826 2
      vertex 85.25684167277018 50.329942985191664 2
    endloop
  endfacet
  facet normal 0 0 1
    outer loop
      vertex 85.70586665785882 6.380740392011739 2
      vertex 86.13939201327781 50.56642163621049 2
      vertex 85.70586665785882 50.41925960798826 2
    endloop
  endfacet
  facet normal 0 0 1
    outer loop
      vertex 86.13939201327781 6.233578363789503 2
      vertex 86.55 50.768911086754464 2
      vertex 86.13939201327781 50.56642163621049 2
    endloop
  endfacet
  facet normal 0 0 1
    outer loop
      vertex 86.55 6.031088913245535 2
      vertex 86.93066500153051 51.023263308980674 2
      vertex 86.55 50.768911086754464 2
    endloop
  endfacet
  facet normal 0 0 1
    outer loop
      vertex 86.93066500153051 5.776736691019323 2
      vertex 87.27487373415292 51.32512626584708 2
      vertex 86.93066500153051 51.023263308980674 2
    endloop
  endfacet
  facet normal 0 0 1
    outer loop
      vertex 87.27487373415292 5.474873734152917 2
      vertex 87.57673669101932 51.66933499846947 2
      vertex 87.27487373415292 51.32512626584708 2
    endloop
  endfacet
  facet normal 0 0 1
    outer loop
      vertex 87.57673669101932 5.130665001530522 2
      vertex 87.8 52.00347215328171 2
      vertex 87.57673669101932 51.66933499846947 2
    endloop
  endfacet
  facet normal 0 0 1
    outer loop
      vertex 81.41925960798825 52.894133342141174 2
      vertex 66.87433458412144 53.29157857666015 2
      vertex 66.9 52.9 2
    endloop
  endfacet
  facet normal 0 0 1
    outer loop
      vertex 81.32994298519166 53.343158327229816 2
      vertex 66.7977774788672 53.67645713530756 2
      vertex 66.87433458412144 53.29157857666015 2
    endloop
  endfacet
  facet normal 0 0 1
    outer loop
      vertex 81.3 53.8 2
      vertex 66.67163859753387 54.048050297095266 2
      vertex 66.7977774788672 53.67645713530756 2
    endloop
  endfacet
  facet normal 0 0 1
    outer loop
      vertex 81.32994298519166 54.25684167277018 2
      vertex 66.49807621135332 54.4 2
      vertex 66.67163859753387 54.048050297095266 2
    endloop
  endfacet
  facet normal 0 0 1
    outer loop
      vertex 81.41925960798825 54.70586665785882 2
      vertex 66.2800600208737 54.72628428702616 2
      vertex 66.49807621135332 54.4 2
    endloop
  endfacet
  facet normal 0 0 1
    outer loop
      vertex 81.41925960798825 54.70586665785882 2
      vertex 66.02132034355965 55.021320343559644 2
      vertex 66.2800600208737 54.72628428702616 2
    endloop
  endfacet
  facet normal 0 0 1
    outer loop
      vertex 81.56642163621049 55.13939201327781 2
      vertex 65.72628428702616 55.280060020873705 2
      vertex 66.02132034355965 55.021320343559644 2
    endloop
  endfacet
  facet normal 0 0 1
    outer loop
      vertex 82.02326330898067 55.93066500153052 2
      vertex 63.9 55.9 2
      vertex 64.29157857666016 55.87433458412143 2
    endloop
  endfacet
  facet normal 0 0 1
    outer loop
      vertex 82.02326330898067 55.93066500153052 2
      vertex 64.29157857666016 55.87433458412143 2
      vertex 64.67645713530756 55.797777478867204 2
    endloop
  endfacet
  facet normal 0 0 1
    outer loop
      vertex 81.76891108675446 55.55 2
      vertex 65.4 55.498076211353315 2
      vertex 65.72628428702616 55.280060020873705 2
    endloop
  endfacet
  facet normal 0 0 1
    outer loop
      vertex 81.76891108675446 55.55 2
      vertex 65.04805029709527 55.67163859753386 2
      vertex 65.4 55.498076211353315 2
    endloop
  endfacet
  facet normal 0 0 1
    outer loop
      vertex 82.02326330898067 55.93066500153052 2
      vertex 64.67645713530756 55.797777478867204 2
      vertex 65.04805029709527 55.67163859753386 2
    endloop
  endfacet
  facet normal 0 0 1
    outer loop
      vertex 81.41925960798825 52.894133342141174 2
      vertex 81.32994298519166 53.343158327229816 2
      vertex 66.87433458412144 53.29157857666015 2
    endloop
  endfacet
  facet normal 0 0 1
    outer loop
      vertex 81.32994298519166 53.343158327229816 2
      vertex 81.3 53.8 2
      vertex 66.7977774788672 53.67645713530756 2
    endloop
  endfacet
  facet normal 0 0 1
    outer loop
      vertex 81.3 53.8 2
      vertex 81.32994298519166 54.25684167277018 2
      vertex 66.67163859753387 54.048050297095266 2
    endloop
  endfacet
  facet normal 0 0 1
    outer loop
      vertex 81.32994298519166 54.25684167277018 2
      vertex 81.41925960798825 54.70586665785882 2
      vertex 66.49807621135332 54.4 2
    endloop
  endfacet
  facet normal 0 0 1
    outer loop
      vertex 81.41925960798825 54.70586665785882 2
      vertex 81.56642163621049 55.13939201327781 2
      vertex 66.02132034355965 55.021320343559644 2
    endloop
  endfacet
  facet normal 0 0 1
    outer loop
      vertex 81.56642163621049 55.13939201327781 2
      vertex 81.76891108675446 55.55 2
      vertex 65.72628428702616 55.280060020873705 2
    endloop
  endfacet
  facet normal 0 0 1
    outer loop
      vertex 81.76891108675446 55.55 2
      vertex 82.02326330898067 55.93066500153052 2
      vertex 65.04805029709527 55.67163859753386 2
    endloop
  endfacet
  facet normal 1 0 0
    outer loop
      vertex 87.8 56.8 0
      vertex 87.8 55.59652784671828 2
      vertex 87.8 52.00347215328171 2
    endloop
  endfacet
  facet normal 1 0 0
    outer loop
      vertex 87.8 56.8 0
      vertex 87.8 56.8 2
      vertex 87.8 55.59652784671828 2
    endloop
  endfacet
  facet normal 0 0 1
    outer loop
      vertex 87.57673669101932 55.93066500153052 2
      vertex 87.8 55.59652784671828 2
      vertex 87.8 56.8 2
    endloop
  endfacet
  facet normal 0 0 1
    outer loop
      vertex 86.59652784671827 56.8 2
      vertex 86.93066500153051 56.57673669101932 2
      vertex 87.8 56.8 2
    endloop
  endfacet
  facet normal 0 0 1
    outer loop
      vertex 87.27487373415292 56.27487373415291 2
      vertex 87.8 56.8 2
      vertex 86.93066500153051 56.57673669101932 2
    endloop
  endfacet
  facet normal 0 0 1
    outer loop
      vertex 87.57673669101932 55.93066500153052 2
      vertex 87.8 56.8 2
      vertex 87.27487373415292 56.27487373415291 2
    endloop
  endfacet
  facet normal 0 -1 0
    outer loop
      vertex 0 0 2
      vertex 2 0 2
      vertex 0 0 12
    endloop
  endfacet
  facet normal 1 0 0
    outer loop
      vertex 2 0 2
      vertex 2 1.2034721532817245 2
      vertex 2 0 12
    endloop
  endfacet
  facet normal 1 0 0
    outer loop
      vertex 2 4.796527846718275 2
      vertex 2 49.799421307786375 2
      vertex 2 22.4 7
    endloop
  endfacet
  facet normal -1 0 0
    outer loop
      vertex 0 0 2
      vertex 0 22.4 7
      vertex 0 36.4 7
    endloop
  endfacet
  facet normal -1 0 0
    outer loop
      vertex 0 0 2
      vertex 0 36.4 7
      vertex 0 56.8 2
    endloop
  endfacet
  facet normal -1 0 0
    outer loop
      vertex 0 0 2
      vertex 0 0 12
      vertex 0 22.4 7
    endloop
  endfacet
  facet normal 0 -1 0
    outer loop
      vertex 2 0 2
      vertex 2 0 12
      vertex 0 0 12
    endloop
  endfacet
  facet normal 1 0 0
    outer loop
      vertex 2 1.2034721532817245 2
      vertex 2 1.2034721532817245 12
      vertex 2 0 12
    endloop
  endfacet
  facet normal 1 0 0
    outer loop
      vertex 2 4.796527846718275 2
      vertex 2 22.4 7
      vertex 2 22.4 11
    endloop
  endfacet
  facet normal 1 0 0
    outer loop
      vertex 2 4.796527846718275 2
      vertex 2 22.4 11
      vertex 2 4.796527846718275 12
    endloop
  endfacet
  facet normal 0 0 1
    outer loop
      vertex 0 0 12
      vertex 2 0 12
      vertex 2 1.2034721532817245 12
    endloop
  endfacet
  facet normal -1 0 0
    outer loop
      vertex 0 0 12
      vertex 0 22.4 11
      vertex 0 22.4 7
    endloop
  endfacet
  facet normal -1 0 0
    outer loop
      vertex 0 0 12
      vertex 0 36.4 11
      vertex 0 22.4 11
    endloop
  endfacet
  facet normal 1 0 0
    outer loop
      vertex 2 4.796527846718275 12
      vertex 2 22.4 11
      vertex 2 36.4 11
    endloop
  endfacet
  facet normal 0 0 1
    outer loop
      vertex 0 0 12
      vertex 2 1.2034721532817245 12
      vertex 0 58.8 12
    endloop
  endfacet
  facet normal 0 0 1
    outer loop
      vertex 2 1.2034721532817245 12
      vertex 2 4.796527846718275 12
      vertex 0 58.8 12
    endloop
  endfacet
  facet normal -1 0 0
    outer loop
      vertex 0 0 12
      vertex 0 56.8 12
      vertex 0 36.4 11
    endloop
  endfacet
  facet normal 1 0 0
    outer loop
      vertex 2 4.796527846718275 12
      vertex 2 36.4 11
      vertex 2 52.00347215328172 12
    endloop
  endfacet
  facet normal 1 0 0
    outer loop
      vertex 2 22.4 7
      vertex 2 49.799421307786375 2
      vertex 2 52.00347215328172 2
    endloop
  endfacet
  facet normal 1 0 0
    outer loop
      vertex 2 22.4 7
      vertex 2 52.00347215328172 2
      vertex 2 36.4 7
    endloop
  endfacet
  facet normal 0 0 -1
    outer loop
      vertex 0 56.8 0
      vertex 0 58.8 0
      vertex 1.9983971276527537 58.75287555299096 0
    endloop
  endfacet
  facet normal 1 0 0
    outer loop
      vertex 2 55.596527846718274 2
      vertex 2 56.8 2
      vertex 2 56.8 12
    endloop
  endfacet
  facet normal -1 0 0
    outer loop
      vertex 0 56.8 2
      vertex 0 36.4 7
      vertex 0 36.4 11
    endloop
  endfacet
  facet normal 1 0 0
    outer loop
      vertex 2 52.00347215328172 2
      vertex 2 52.00347215328172 12
      vertex 2 36.4 7
    endloop
  endfacet
  facet normal -1 0 0
    outer loop
      vertex 0 56.8 2
      vertex 0 36.4 11
      vertex 0 56.8 12
    endloop
  endfacet
  facet normal 1 0 0
    outer loop
      vertex 2 36.4 7
      vertex 2 52.00347215328172 12
      vertex 2 36.4 11
    endloop
  endfacet
  facet normal 0 0 0
    outer loop
      vertex 0 0 12
      vertex 0 58.8 12
      vertex 0 56.8 12
    endloop
  endfacet
  facet normal 0 0 1
    outer loop
      vertex 2 4.796527846718275 12
      vertex 2 52.00347215328172 12
      vertex 0 58.8 12
    endloop
  endfacet
  facet normal 1 0 0
    outer loop
      vertex 2 55.596527846718274 2
      vertex 2 56.8 12
      vertex 2 55.596527846718274 12
    endloop
  endfacet
  facet normal 0 0 1
    outer loop
      vertex 2 52.00347215328172 12
      vertex 2 55.596527846718274 12
      vertex 0 58.8 12
    endloop
  endfacet
  facet normal 0 0 1
    outer loop
      vertex 2 55.596527846718274 12
      vertex 2 56.8 12
      vertex 0 58.8 12
    endloop
  endfacet
  facet normal 0 0 1
    outer loop
      vertex 2 56.8 12
      vertex 2 58.754441913439635 12
      vertex 0 58.8 12
    endloop
  endfacet
  facet normal -1 0 0
    outer loop
      vertex 0 56.8 0
      vertex 0 58.8 2
      vertex 0 58.8 0
    endloop
  endfacet
  facet normal 0 -1 0
    outer loop
      vertex 2 56.8 2
      vertex 3.2034721532817274 56.8 2
      vertex 2 56.8 12
    endloop
  endfacet
  facet normal -1 0 0
    outer loop
      vertex 0 56.8 0
      vertex 0 56.8 2
      vertex 0 58.8 12
    endloop
  endfacet
  facet normal -1 0 0
    outer loop
      vertex 0 56.8 0
      vertex 0 58.8 12
      vertex 0 58.8 2
    endloop
  endfacet
  facet normal 0 1 0
    outer loop
      vertex 0 58.8 2
      vertex 36.699999999999996 58.8 2
      vertex 87.8 58.8 0
    endloop
  endfacet
  facet normal 0 1 0
    outer loop
      vertex 0 58.8 2
      vertex 36.699999999999996 58.8 12
      vertex 36.699999999999996 58.8 2
    endloop
  endfacet
  facet normal 0 -1 0
    outer loop
      vertex 6.796527846718273 56.8 2
      vertex 83.00347215328172 56.8 2
      vertex 39.9 56.8 7
    endloop
  endfacet
  facet normal 0 1 0
    outer loop
      vertex 39.9 58.8 7
      vertex 49.099999999999994 58.8 4
      vertex 38.699999999999996 58.8 4
    endloop
  endfacet
  facet normal 0 -1 0
    outer loop
      vertex 3.2034721532817274 56.8 2
      vertex 3.2034721532817274 56.8 12
      vertex 2 56.8 12
    endloop
  endfacet
  facet normal -1 0 0
    outer loop
      vertex 0 56.8 2
      vertex 0 56.8 12
      vertex 0 58.8 12
    endloop
  endfacet
  facet normal 0 1 0
    outer loop
      vertex 0 58.8 2
      vertex 0 58.8 12
      vertex 36.699999999999996 58.8 12
    endloop
  endfacet
  facet normal 0 -1 0
    outer loop
      vertex 6.796527846718273 56.8 2
      vertex 39.9 56.8 12
      vertex 6.796527846718273 56.8 12
    endloop
  endfacet
  facet normal 0 0 1
    outer loop
      vertex 2 56.8 12
      vertex 3.2034721532817274 56.8 12
      vertex 2 58.754441913439635 12
    endloop
  endfacet
  facet normal 0 0 1
    outer loop
      vertex 0 58.8 12
      vertex 2 58.754441913439635 12
      vertex 36.699999999999996 58.8 12
    endloop
  endfacet
  facet normal 0 0 1
    outer loop
      vertex 2 58.754441913439635 12
      vertex 3.2034721532817274 56.8 12
      vertex 39.9 58.8 12
    endloop
  endfacet
  facet normal 0 0 1
    outer loop
      vertex 3.2034721532817274 56.8 12
      vertex 6.796527846718273 56.8 12
      vertex 39.9 58.8 12
    endloop
  endfacet
  facet normal 0 -1 0
    outer loop
      vertex 6.796527846718273 56.8 2
      vertex 39.9 56.8 7
      vertex 39.9 56.8 12
    endloop
  endfacet
  facet normal 0 1 0
    outer loop
      vertex 39.9 58.8 7
      vertex 38.699999999999996 58.8 4
      vertex 39.9 58.8 10.4
    endloop
  endfacet
  facet normal 0 1 0
    outer loop
      vertex 38.699999999999996 58.8 10.4
      vertex 39.9 58.8 10.4
      vertex 38.699999999999996 58.8 4
    endloop
  endfacet
  facet normal 0 0 1
    outer loop
      vertex 2 58.754441913439635 12
      vertex 39.9 58.8 12
      vertex 36.699999999999996 58.8 12
    endloop
  endfacet
  facet normal 0 0 1
    outer loop
      vertex 6.796527846718273 56.8 12
      vertex 39.9 56.8 12
      vertex 39.9 58.8 12
    endloop
  endfacet
  facet normal 0 1 0
    outer loop
      vertex 87.8 58.8 0
      vertex 36.699999999999996 58.8 2
      vertex 51.099999999999994 58.8 2
    endloop
  endfacet
  facet normal 0 1 0
    outer loop
      vertex 39.9 58.8 7
      vertex 47.9 58.8 7
      vertex 49.099999999999994 58.8 4
    endloop
  endfacet
  facet normal 0 -1 0
    outer loop
      vertex 39.9 56.8 7
      vertex 83.00347215328172 56.8 2
      vertex 47.9 56.8 7
    endloop
  endfacet
  facet normal 0 0 -1
    outer loop
      vertex 84.81360544217686 56.8 0
      vertex 87.8 58.8 0
      vertex 87.8 56.8 0
    endloop
  endfacet
  facet normal 1 0 0
    outer loop
      vertex 87.8 56.8 0
      vertex 87.8 58.8 0
      vertex 87.8 56.8 2
    endloop
  endfacet
  facet normal 0 1 0
    outer loop
      vertex 87.8 58.8 0
      vertex 51.099999999999994 58.8 2
      vertex 87.8 58.8 12
    endloop
  endfacet
  facet normal 0 -1 0
    outer loop
      vertex 86.59652784671827 56.8 2
      vertex 87.8 56.8 2
      vertex 86.59652784671827 56.8 12
    endloop
  endfacet
  facet normal 1 0 0
    outer loop
      vertex 87.8 58.8 0
      vertex 87.8 56.8 12
      vertex 87.8 56.8 2
    endloop
  endfacet
  facet normal 0 1 0
    outer loop
      vertex 47.9 58.8 7
      vertex 49.099999999999994 58.8 10.4
      vertex 49.099999999999994 58.8 4
    endloop
  endfacet
  facet normal 0 1 0
    outer loop
      vertex 47.9 58.8 7
      vertex 47.9 58.8 10.4
      vertex 49.099999999999994 58.8 10.4
    endloop
  endfacet
  facet normal 0 1 0
    outer loop
      vertex 87.8 58.8 12
      vertex 51.099999999999994 58.8 2
      vertex 51.099999999999994 58.8 12
    endloop
  endfacet
  facet normal 0 0 1
    outer loop
      vertex 47.9 56.8 12
      vertex 51.099999999999994 58.8 12
      vertex 47.9 58.8 12
    endloop
  endfacet
  facet normal 0 -1 0
    outer loop
      vertex 47.9 56.8 7
      vertex 83.00347215328172 56.8 12
      vertex 47.9 56.8 12
    endloop
  endfacet
  facet normal 0 0 1
    outer loop
      vertex 47.9 56.8 12
      vertex 87.8 58.8 12
      vertex 51.099999999999994 58.8 12
    endloop
  endfacet
  facet normal 0 -1 0
    outer loop
      vertex 83.00347215328172 56.8 2
      vertex 83.00347215328172 56.8 12
      vertex 47.9 56.8 7
    endloop
  endfacet
  facet normal 0 -1 0
    outer loop
      vertex 87.8 56.8 2
      vertex 87.8 56.8 12
      vertex 86.59652784671827 56.8 12
    endloop
  endfacet
  facet normal 1 0 0
    outer loop
      vertex 87.8 58.8 0
      vertex 87.8 58.8 12
      vertex 87.8 56.8 12
    endloop
  endfacet
  facet normal 0 0 1
    outer loop
      vertex 47.9 56.8 12
      vertex 83.00347215328172 56.8 12
      vertex 83.19946285148723 56.90479583481805 12
    endloop
  endfacet
  facet normal 0 0 1
    outer loop
      vertex 47.9 56.8 12
      vertex 83.19946285148723 56.90479583481805 12
      vertex 87.8 58.8 12
    endloop
  endfacet
  facet normal 0 0 1
    outer loop
      vertex 83.00347215328172 56.8 12
      vertex 83.05203767502927 56.8 12
      vertex 83.19946285148723 56.90479583481805 12
    endloop
  endfacet
  facet normal 0 0 1
    outer loop
      vertex 86.55405192250974 56.82838150518201 12
      vertex 86.59652784671827 56.8 12
      vertex 87.8 56.8 12
    endloop
  endfacet
  facet normal 0 0 1
    outer loop
      vertex 83.19946285148723 56.90479583481805 12
      vertex 86.55405192250974 56.82838150518201 12
      vertex 87.8 58.8 12
    endloop
  endfacet
  facet normal 0 0 1
    outer loop
      vertex 86.55405192250974 56.82838150518201 12
      vertex 87.8 56.8 12
      vertex 87.8 58.8 12
    endloop
  endfacet
  facet normal 0 0 1
    outer loop
      vertex 4.8094106524888085 3.756421188557943 6
      vertex 4.837481591082025 4.184700949612773 6
      vertex 4.8 3.9 6
    endloop
  endfacet
  facet normal 0 0 1
    outer loop
      vertex 5.4783542904563625 4.1548494156391085 6
      vertex 5.230362428090407 3.027311325679641 6
      vertex 5.35 2.9473720558371173 6
    endloop
  endfacet
  facet normal 0 0 1
    outer loop
      vertex 5.625 4.082531754730548 6
      vertex 5.35 2.9473720558371173 6
      vertex 5.479048224398401 2.8837325142375847 6
    endloop
  endfacet
  facet normal 0 0 1
    outer loop
      vertex 5.163157740275064 4.239306076717263 6
      vertex 5.027311325679641 3.230362428090407 6
      vertex 5.122182540694798 3.1221825406947974 6
    endloop
  endfacet
  facet normal 0 0 1
    outer loop
      vertex 5.163157740275064 4.239306076717263 6
      vertex 4.947372055837118 3.35 6
      vertex 5.027311325679641 3.230362428090407 6
    endloop
  endfacet
  facet normal 0 0 1
    outer loop
      vertex 5 4.25 6
      vertex 4.837481591082025 3.615299050387227 6
      vertex 4.883732514237584 3.4790482243984013 6
    endloop
  endfacet
  facet normal 0 0 1
    outer loop
      vertex 5 4.25 6
      vertex 4.883732514237584 3.4790482243984013 6
      vertex 4.947372055837118 3.35 6
    endloop
  endfacet
  facet normal 0 0 1
    outer loop
      vertex 5 4.25 6
      vertex 4.8094106524888085 3.756421188557943 6
      vertex 4.837481591082025 3.615299050387227 6
    endloop
  endfacet
  facet normal 0 0 1
    outer loop
      vertex 5 4.25 6
      vertex 4.947372055837118 3.35 6
      vertex 5.163157740275064 4.239306076717263 6
    endloop
  endfacet
  facet normal 0 0 1
    outer loop
      vertex 5.323523806378151 4.207407282861335 6
      vertex 5.122182540694798 3.1221825406947974 6
      vertex 5.230362428090407 3.027311325679641 6
    endloop
  endfacet
  facet normal 0 0 1
    outer loop
      vertex 5.323523806378151 4.207407282861335 6
      vertex 5.230362428090407 3.027311325679641 6
      vertex 5.4783542904563625 4.1548494156391085 6
    endloop
  endfacet
  facet normal 0 0 1
    outer loop
      vertex 5.163157740275064 4.239306076717263 6
      vertex 5.122182540694798 3.1221825406947974 6
      vertex 5.323523806378151 4.207407282861335 6
    endloop
  endfacet
  facet normal 0 0 1
    outer loop
      vertex 5.4783542904563625 4.1548494156391085 6
      vertex 5.35 2.9473720558371173 6
      vertex 5.625 4.082531754730548 6
    endloop
  endfacet
  facet normal 0 0 1
    outer loop
      vertex 4.8094106524888085 4.043578811442057 6
      vertex 4.8 3.9 6
      vertex 4.837481591082025 4.184700949612773 6
    endloop
  endfacet
  facet normal 0 0 1
    outer loop
      vertex 5 4.25 6
      vertex 4.837481591082025 4.184700949612773 6
      vertex 4.8094106524888085 3.756421188557943 6
    endloop
  endfacet
  facet normal 0 0 1
    outer loop
      vertex 5 4.25 6
      vertex 4.8564538729653215 4.240591489760431 6
      vertex 4.837481591082025 4.184700949612773 6
    endloop
  endfacet
  facet normal 0 0 1
    outer loop
      vertex 5.625 4.082531754730548 6
      vertex 5.479048224398401 2.8837325142375847 6
      vertex 5.615299050387227 2.8374815910820246 6
    endloop
  endfacet
  facet normal 0 0 1
    outer loop
      vertex 5.7609517862609 3.991691675364044 6
      vertex 5.615299050387227 2.8374815910820246 6
      vertex 5.756421188557943 2.8094106524888085 6
    endloop
  endfacet
  facet normal 0 0 1
    outer loop
      vertex 6.082531754730548 3.625 6
      vertex 5.9 2.8 6
      vertex 6.043578811442057 2.8094106524888085 6
    endloop
  endfacet
  facet normal 0 0 1
    outer loop
      vertex 6.207407282861335 3.3235238063781507 6
      vertex 6.043578811442057 2.8094106524888085 6
      vertex 6.184700949612773 2.8374815910820246 6
    endloop
  endfacet
  facet normal 0 0 1
    outer loop
      vertex 5.991691675364044 3.7609517862609008 6
      vertex 5.756421188557943 2.8094106524888085 6
      vertex 5.9 2.8 6
    endloop
  endfacet
  facet normal 0 0 1
    outer loop
      vertex 6.082531754730548 3.625 6
      vertex 5.991691675364044 3.7609517862609008 6
      vertex 5.9 2.8 6
    endloop
  endfacet
  facet normal 0 0 1
    outer loop
      vertex 6.207407282861335 3.3235238063781507 6
      vertex 6.1548494156391085 3.4783542904563625 6
      vertex 6.043578811442057 2.8094106524888085 6
    endloop
  endfacet
  facet normal 0 0 1
    outer loop
      vertex 6.1548494156391085 3.4783542904563625 6
      vertex 6.082531754730548 3.625 6
      vertex 6.043578811442057 2.8094106524888085 6
    endloop
  endfacet
  facet normal 0 0 1
    outer loop
      vertex 5.625 4.082531754730548 6
      vertex 5.615299050387227 2.8374815910820246 6
      vertex 5.7609517862609 3.991691675364044 6
    endloop
  endfacet
  facet normal 0 0 1
    outer loop
      vertex 5.7609517862609 3.991691675364044 6
      vertex 5.756421188557943 2.8094106524888085 6
      vertex 5.883883476483184 3.8838834764831844 6
    endloop
  endfacet
  facet normal 0 0 1
    outer loop
      vertex 5.991691675364044 3.7609517862609008 6
      vertex 5.883883476483184 3.8838834764831844 6
      vertex 5.756421188557943 2.8094106524888085 6
    endloop
  endfacet
  facet normal 0 0 1
    outer loop
      vertex 6.25 3 6
      vertex 6.184700949612773 2.8374815910820246 6
      vertex 6.240591489760431 2.8564538729653215 6
    endloop
  endfacet
  facet normal 0 0 1
    outer loop
      vertex 6.25 3 6
      vertex 6.239306076717263 3.1631577402750644 6
      vertex 6.184700949612773 2.8374815910820246 6
    endloop
  endfacet
  facet normal 0 0 1
    outer loop
      vertex 6.239306076717263 3.1631577402750644 6
      vertex 6.207407282861335 3.3235238063781507 6
      vertex 6.184700949612773 2.8374815910820246 6
    endloop
  endfacet
  facet normal 0.06540312923014606 -0.9978589232386034 6.104988247510885e-19
    outer loop
      vertex 5 4.25 6
      vertex 4.8564538729653215 4.240591489760431 7
      vertex 4.8564538729653215 4.240591489760431 6
    endloop
  endfacet
  facet normal -0.9978589232386034 0.06540312923014606 6.104988247510885e-19
    outer loop
      vertex 6.25 3 6
      vertex 6.240591489760431 2.8564538729653215 6
      vertex 6.240591489760431 2.8564538729653215 7
    endloop
  endfacet
  facet normal 0.7518398074789772 0.6593458151000692 0
    outer loop
      vertex 4.008308324635956 2.2390482137390992 12
      vertex 4.116116523516816 2.1161165235168156 7
      vertex 4.008308324635956 2.2390482137390992 7
    endloop
  endfacet
  facet normal 0.9807852804032305 0.19509032201612833 0
    outer loop
      vertex 3.760693923282737 2.8368422597249356 12
      vertex 3.792592717138665 2.6764761936218493 7
      vertex 3.760693923282737 2.8368422597249356 7
    endloop
  endfacet
  facet normal 0.8314696123025459 0.5555702330196011 0
    outer loop
      vertex 3.917468245269452 2.375 12
      vertex 4.008308324635956 2.2390482137390992 7
      vertex 3.917468245269452 2.375 7
    endloop
  endfacet
  facet normal 0.8968727415326876 0.44228869021900263 0
    outer loop
      vertex 3.8451505843608915 2.5216457095436375 12
      vertex 3.917468245269452 2.375 7
      vertex 3.8451505843608915 2.5216457095436375 7
    endloop
  endfacet
  facet normal 0.9469301294951065 0.3214394653031593 0
    outer loop
      vertex 3.792592717138665 2.6764761936218493 12
      vertex 3.8451505843608915 2.5216457095436375 7
      vertex 3.792592717138665 2.6764761936218493 7
    endloop
  endfacet
  facet normal 0.9978589232386035 0.06540312923014453 0
    outer loop
      vertex 3.75 3 12
      vertex 3.760693923282737 2.8368422597249356 7
      vertex 3.75 3 7
    endloop
  endfacet
  facet normal 0.9978589232386035 -0.06540312923014453 0
    outer loop
      vertex 3.760693923282737 3.1631577402750644 12
      vertex 3.75 3 7
      vertex 3.760693923282737 3.1631577402750644 7
    endloop
  endfacet
  facet normal 0.9807852804032305 -0.19509032201612833 0
    outer loop
      vertex 3.792592717138665 3.3235238063781507 12
      vertex 3.760693923282737 3.1631577402750644 7
      vertex 3.792592717138665 3.3235238063781507 7
    endloop
  endfacet
  facet normal 0.9469301294951065 -0.3214394653031593 0
    outer loop
      vertex 3.8451505843608915 3.4783542904563625 12
      vertex 3.792592717138665 3.3235238063781507 7
      vertex 3.8451505843608915 3.4783542904563625 7
    endloop
  endfacet
  facet normal 0.8968727415326876 -0.44228869021900263 0
    outer loop
      vertex 3.917468245269452 3.625 12
      vertex 3.8451505843608915 3.4783542904563625 7
      vertex 3.917468245269452 3.625 7
    endloop
  endfacet
  facet normal 0.8314696123025459 -0.5555702330196011 0
    outer loop
      vertex 4.008308324635956 3.7609517862609008 12
      vertex 3.917468245269452 3.625 7
      vertex 4.008308324635956 3.7609517862609008 7
    endloop
  endfacet
  facet normal 0.7518398074789772 -0.6593458151000692 0
    outer loop
      vertex 4.116116523516816 3.8838834764831844 12
      vertex 4.008308324635956 3.7609517862609008 7
      vertex 4.116116523516816 3.8838834764831844 7
    endloop
  endfacet
  facet normal 0.5555702330196024 0.8314696123025451 0
    outer loop
      vertex 4.2390482137391 2.008308324635956 12
      vertex 4.375 1.9174682452694518 7
      vertex 4.2390482137391 2.008308324635956 7
    endloop
  endfacet
  facet normal 0.44228869021900263 0.8968727415326876 0
    outer loop
      vertex 4.375 1.9174682452694518 12
      vertex 4.5216457095436375 1.8451505843608915 7
      vertex 4.375 1.9174682452694518 7
    endloop
  endfacet
  facet normal 0.6593458151000677 0.7518398074789783 0
    outer loop
      vertex 4.116116523516816 2.1161165235168156 12
      vertex 4.2390482137391 2.008308324635956 7
      vertex 4.116116523516816 2.1161165235168156 7
    endloop
  endfacet
  facet normal 0.32143946530316053 0.9469301294951061 0
    outer loop
      vertex 4.5216457095436375 1.8451505843608915 12
      vertex 4.676476193621849 1.7925927171386646 7
      vertex 4.5216457095436375 1.8451505843608915 7
    endloop
  endfacet
  facet normal 0.19509032201612833 0.9807852804032305 0
    outer loop
      vertex 4.676476193621849 1.7925927171386646 12
      vertex 4.836842259724936 1.760693923282737 7
      vertex 4.676476193621849 1.7925927171386646 7
    endloop
  endfacet
  facet normal 0.06540312923014317 0.9978589232386035 0
    outer loop
      vertex 4.836842259724936 1.760693923282737 12
      vertex 5 1.75 7
      vertex 4.836842259724936 1.760693923282737 7
    endloop
  endfacet
  facet normal -0.06540312923014317 0.9978589232386035 0
    outer loop
      vertex 5 1.75 12
      vertex 5.163157740275064 1.760693923282737 7
      vertex 5 1.75 7
    endloop
  endfacet
  facet normal -0.19509032201612833 0.9807852804032305 0
    outer loop
      vertex 5.163157740275064 1.760693923282737 12
      vertex 5.323523806378151 1.7925927171386646 7
      vertex 5.163157740275064 1.760693923282737 7
    endloop
  endfacet
  facet normal -0.32143946530316053 0.9469301294951061 0
    outer loop
      vertex 5.323523806378151 1.7925927171386646 12
      vertex 5.4783542904563625 1.8451505843608915 7
      vertex 5.323523806378151 1.7925927171386646 7
    endloop
  endfacet
  facet normal 0.6593458151000677 -0.7518398074789783 0
    outer loop
      vertex 4.2390482137391 3.991691675364044 12
      vertex 4.116116523516816 3.8838834764831844 7
      vertex 4.2390482137391 3.991691675364044 7
    endloop
  endfacet
  facet normal -0.06540312923014452 -0.9978589232386034 -4.9529858491824993e-20
    outer loop
      vertex 5 4.25 6
      vertex 5.163157740275064 4.239306076717263 6
      vertex 5.163157740275064 4.239306076717263 12
    endloop
  endfacet
  facet normal -0.19509032201612833 -0.9807852804032304 2.91158719024912e-19
    outer loop
      vertex 5.163157740275064 4.239306076717263 6
      vertex 5.323523806378151 4.207407282861335 6
      vertex 5.323523806378151 4.207407282861335 12
    endloop
  endfacet
  facet normal -0.32143946530315926 -0.9469301294951064 6.806851753984121e-19
    outer loop
      vertex 5.323523806378151 4.207407282861335 6
      vertex 5.4783542904563625 4.1548494156391085 6
      vertex 5.4783542904563625 4.1548494156391085 12
    endloop
  endfacet
  facet normal 0.06540312923014606 -0.9978589232386033 0
    outer loop
      vertex 5 4.25 6
      vertex 5 4.25 12
      vertex 4.8564538729653215 4.240591489760431 7
    endloop
  endfacet
  facet normal 0.5555702330196005 -0.8314696123025463 0
    outer loop
      vertex 4.375 4.082531754730548 12
      vertex 4.2390482137391 3.991691675364044 7
      vertex 4.375 4.082531754730548 7
    endloop
  endfacet
  facet normal 0.44228869021900485 -0.8968727415326866 0
    outer loop
      vertex 4.5216457095436375 4.1548494156391085 12
      vertex 4.375 4.082531754730548 7
      vertex 4.5216457095436375 4.1548494156391085 7
    endloop
  endfacet
  facet normal 0.3214394653031593 -0.9469301294951065 0
    outer loop
      vertex 4.676476193621849 4.207407282861335 12
      vertex 4.5216457095436375 4.1548494156391085 7
      vertex 4.676476193621849 4.207407282861335 7
    endloop
  endfacet
  facet normal 0.19509032201612833 -0.9807852804032305 0
    outer loop
      vertex 4.836842259724936 4.239306076717263 12
      vertex 4.676476193621849 4.207407282861335 7
      vertex 4.836842259724936 4.239306076717263 7
    endloop
  endfacet
  facet normal 0.06540312923013332 -0.9978589232386041 0
    outer loop
      vertex 4.836842259724936 4.239306076717263 12
      vertex 4.836842259724936 4.239306076717263 7
      vertex 4.8564538729653215 4.240591489760431 7
    endloop
  endfacet
  facet normal -0.9469301294951064 -0.32143946530315926 0
    outer loop
      vertex 6.207407282861335 3.3235238063781507 6
      vertex 6.207407282861335 3.3235238063781507 12
      vertex 6.1548494156391085 3.4783542904563625 6
    endloop
  endfacet
  facet normal -0.6593458151000677 -0.7518398074789784 1.5876787670814592e-19
    outer loop
      vertex 5.7609517862609 3.991691675364044 6
      vertex 5.883883476483184 3.8838834764831844 6
      vertex 5.883883476483184 3.8838834764831844 12
    endloop
  endfacet
  facet normal -0.8968727415326865 -0.4422886902190048 0
    outer loop
      vertex 6.1548494156391085 3.4783542904563625 6
      vertex 6.1548494156391085 3.4783542904563625 12
      vertex 6.082531754730548 3.625 6
    endloop
  endfacet
  facet normal -0.8314696123025472 -0.5555702330195992 0
    outer loop
      vertex 6.082531754730548 3.625 6
      vertex 6.082531754730548 3.625 12
      vertex 5.991691675364044 3.7609517862609008 6
    endloop
  endfacet
  facet normal -0.7518398074789772 -0.6593458151000691 0
    outer loop
      vertex 5.991691675364044 3.7609517862609008 6
      vertex 5.991691675364044 3.7609517862609008 12
      vertex 5.883883476483184 3.8838834764831844 6
    endloop
  endfacet
  facet normal -0.9978589232386034 -0.06540312923014452 0
    outer loop
      vertex 6.25 3 6
      vertex 6.25 3 12
      vertex 6.239306076717263 3.1631577402750644 6
    endloop
  endfacet
  facet normal -0.9807852804032304 -0.19509032201612833 0
    outer loop
      vertex 6.239306076717263 3.1631577402750644 6
      vertex 6.239306076717263 3.1631577402750644 12
      vertex 6.207407282861335 3.3235238063781507 6
    endloop
  endfacet
  facet normal -0.9978589232386034 0.06540312923014642 5.17315086242643e-17
    outer loop
      vertex 6.25 3 6
      vertex 6.240591489760431 2.8564538729653215 7
      vertex 6.239306076717263 2.8368422597249356 12
    endloop
  endfacet
  facet normal -0.44228869021900263 0.8968727415326876 0
    outer loop
      vertex 5.4783542904563625 1.8451505843608915 12
      vertex 5.625 1.9174682452694518 7
      vertex 5.4783542904563625 1.8451505843608915 7
    endloop
  endfacet
  facet normal -0.5555702330196024 0.8314696123025451 0
    outer loop
      vertex 5.625 1.9174682452694518 12
      vertex 5.7609517862609 2.008308324635956 7
      vertex 5.625 1.9174682452694518 7
    endloop
  endfacet
  facet normal -0.6593458151000677 0.7518398074789783 0
    outer loop
      vertex 5.7609517862609 2.008308324635956 12
      vertex 5.883883476483184 2.1161165235168156 7
      vertex 5.7609517862609 2.008308324635956 7
    endloop
  endfacet
  facet normal -0.7518398074789772 0.6593458151000692 0
    outer loop
      vertex 5.883883476483184 2.1161165235168156 12
      vertex 5.991691675364044 2.2390482137390992 7
      vertex 5.883883476483184 2.1161165235168156 7
    endloop
  endfacet
  facet normal -0.8314696123025472 0.5555702330195993 0
    outer loop
      vertex 5.991691675364044 2.2390482137390992 12
      vertex 6.082531754730548 2.375 7
      vertex 5.991691675364044 2.2390482137390992 7
    endloop
  endfacet
  facet normal -0.8968727415326866 0.44228869021900485 0
    outer loop
      vertex 6.082531754730548 2.375 12
      vertex 6.1548494156391085 2.5216457095436375 7
      vertex 6.082531754730548 2.375 7
    endloop
  endfacet
  facet normal -0.9469301294951065 0.3214394653031593 0
    outer loop
      vertex 6.1548494156391085 2.5216457095436375 12
      vertex 6.207407282861335 2.6764761936218493 7
      vertex 6.1548494156391085 2.5216457095436375 7
    endloop
  endfacet
  facet normal -0.9807852804032305 0.19509032201612833 0
    outer loop
      vertex 6.207407282861335 2.6764761936218493 12
      vertex 6.239306076717263 2.8368422597249356 7
      vertex 6.207407282861335 2.6764761936218493 7
    endloop
  endfacet
  facet normal -0.9978589232386041 0.06540312923013332 0
    outer loop
      vertex 6.239306076717263 2.8368422597249356 12
      vertex 6.240591489760431 2.8564538729653215 7
      vertex 6.239306076717263 2.8368422597249356 7
    endloop
  endfacet
  facet normal -0.4422886902190048 -0.8968727415326865 4.8801559467376e-19
    outer loop
      vertex 5.4783542904563625 4.1548494156391085 6
      vertex 5.625 4.082531754730548 6
      vertex 5.625 4.082531754730548 12
    endloop
  endfacet
  facet normal -0.5555702330196005 -0.8314696123025463 8.659871703244863e-19
    outer loop
      vertex 5.625 4.082531754730548 6
      vertex 5.7609517862609 3.991691675364044 6
      vertex 5.7609517862609 3.991691675364044 12
    endloop
  endfacet
  facet normal 0.8314696123025459 0.5555702330196011 0
    outer loop
      vertex 4.008308324635956 2.2390482137390992 12
      vertex 4.008308324635956 2.2390482137390992 7
      vertex 3.917468245269452 2.375 12
    endloop
  endfacet
  facet normal 0.7518398074789772 0.6593458151000692 0
    outer loop
      vertex 4.116116523516816 2.1161165235168156 12
      vertex 4.116116523516816 2.1161165235168156 7
      vertex 4.008308324635956 2.2390482137390992 12
    endloop
  endfacet
  facet normal 0.9807852804032305 0.19509032201612833 0
    outer loop
      vertex 3.792592717138665 2.6764761936218493 12
      vertex 3.792592717138665 2.6764761936218493 7
      vertex 3.760693923282737 2.8368422597249356 12
    endloop
  endfacet
  facet normal 0.8968727415326876 0.44228869021900263 0
    outer loop
      vertex 3.917468245269452 2.375 12
      vertex 3.917468245269452 2.375 7
      vertex 3.8451505843608915 2.5216457095436375 12
    endloop
  endfacet
  facet normal 0.9469301294951065 0.3214394653031593 8.168222104780947e-19
    outer loop
      vertex 3.792592717138665 2.6764761936218493 12
      vertex 3.8451505843608915 2.5216457095436375 12
      vertex 3.8451505843608915 2.5216457095436375 7
    endloop
  endfacet
  facet normal 0.9978589232386035 0.06540312923014453 0
    outer loop
      vertex 3.760693923282737 2.8368422597249356 12
      vertex 3.760693923282737 2.8368422597249356 7
      vertex 3.75 3 12
    endloop
  endfacet
  facet normal 0.9978589232386035 -0.06540312923014453 0
    outer loop
      vertex 3.75 3 12
      vertex 3.75 3 7
      vertex 3.760693923282737 3.1631577402750644 12
    endloop
  endfacet
  facet normal 0.9807852804032305 -0.19509032201612833 0
    outer loop
      vertex 3.760693923282737 3.1631577402750644 12
      vertex 3.760693923282737 3.1631577402750644 7
      vertex 3.792592717138665 3.3235238063781507 12
    endloop
  endfacet
  facet normal 0.9469301294951065 -0.3214394653031593 0
    outer loop
      vertex 3.792592717138665 3.3235238063781507 12
      vertex 3.792592717138665 3.3235238063781507 7
      vertex 3.8451505843608915 3.4783542904563625 12
    endloop
  endfacet
  facet normal 0.8968727415326876 -0.44228869021900263 0
    outer loop
      vertex 3.8451505843608915 3.4783542904563625 12
      vertex 3.8451505843608915 3.4783542904563625 7
      vertex 3.917468245269452 3.625 12
    endloop
  endfacet
  facet normal 0.8314696123025459 -0.5555702330196011 0
    outer loop
      vertex 3.917468245269452 3.625 12
      vertex 3.917468245269452 3.625 7
      vertex 4.008308324635956 3.7609517862609008 12
    endloop
  endfacet
  facet normal 0.7518398074789772 -0.6593458151000692 0
    outer loop
      vertex 4.008308324635956 3.7609517862609008 12
      vertex 4.008308324635956 3.7609517862609008 7
      vertex 4.116116523516816 3.8838834764831844 12
    endloop
  endfacet
  facet normal 0.5555702330196024 0.8314696123025451 -6.660832279073766e-19
    outer loop
      vertex 4.2390482137391 2.008308324635956 12
      vertex 4.375 1.9174682452694518 12
      vertex 4.375 1.9174682452694518 7
    endloop
  endfacet
  facet normal 0.44228869021900263 0.8968727415326876 -3.876861632060482e-19
    outer loop
      vertex 4.375 1.9174682452694518 12
      vertex 4.5216457095436375 1.8451505843608915 12
      vertex 4.5216457095436375 1.8451505843608915 7
    endloop
  endfacet
  facet normal 0.6593458151000677 0.7518398074789783 1.905214520497751e-19
    outer loop
      vertex 4.116116523516816 2.1161165235168156 12
      vertex 4.2390482137391 2.008308324635956 12
      vertex 4.2390482137391 2.008308324635956 7
    endloop
  endfacet
  facet normal 0.32143946530316053 0.9469301294951061 0
    outer loop
      vertex 4.676476193621849 1.7925927171386646 12
      vertex 4.676476193621849 1.7925927171386646 7
      vertex 4.5216457095436375 1.8451505843608915 12
    endloop
  endfacet
  facet normal 0.19509032201612833 0.9807852804032305 3.493904628298944e-19
    outer loop
      vertex 4.676476193621849 1.7925927171386646 12
      vertex 4.836842259724936 1.760693923282737 12
      vertex 4.836842259724936 1.760693923282737 7
    endloop
  endfacet
  facet normal 0.06540312923014317 0.9978589232386035 -3.993411030693065e-20
    outer loop
      vertex 4.836842259724936 1.760693923282737 12
      vertex 5 1.75 12
      vertex 5 1.75 7
    endloop
  endfacet
  facet normal -0.06540312923014317 0.9978589232386035 3.993411030693065e-20
    outer loop
      vertex 5 1.75 12
      vertex 5.163157740275064 1.760693923282737 12
      vertex 5.163157740275064 1.760693923282737 7
    endloop
  endfacet
  facet normal -0.19509032201612833 0.9807852804032305 -3.493904628298944e-19
    outer loop
      vertex 5.163157740275064 1.760693923282737 12
      vertex 5.323523806378151 1.7925927171386646 12
      vertex 5.323523806378151 1.7925927171386646 7
    endloop
  endfacet
  facet normal -0.32143946530316053 0.9469301294951061 9.1951993785362e-19
    outer loop
      vertex 5.323523806378151 1.7925927171386646 12
      vertex 5.4783542904563625 1.8451505843608915 12
      vertex 5.4783542904563625 1.8451505843608915 7
    endloop
  endfacet
  facet normal 0.6593458151000677 -0.7518398074789783 0
    outer loop
      vertex 4.116116523516816 3.8838834764831844 12
      vertex 4.116116523516816 3.8838834764831844 7
      vertex 4.2390482137391 3.991691675364044 12
    endloop
  endfacet
  facet normal -0.06540312923014452 -0.9978589232386034 0
    outer loop
      vertex 5 4.25 6
      vertex 5.163157740275064 4.239306076717263 12
      vertex 5 4.25 12
    endloop
  endfacet
  facet normal -0.19509032201612833 -0.9807852804032304 0
    outer loop
      vertex 5.163157740275064 4.239306076717263 6
      vertex 5.323523806378151 4.207407282861335 12
      vertex 5.163157740275064 4.239306076717263 12
    endloop
  endfacet
  facet normal -0.32143946530315926 -0.9469301294951064 0
    outer loop
      vertex 5.323523806378151 4.207407282861335 6
      vertex 5.4783542904563625 4.1548494156391085 12
      vertex 5.323523806378151 4.207407282861335 12
    endloop
  endfacet
  facet normal 0.5555702330196005 -0.8314696123025463 0
    outer loop
      vertex 4.2390482137391 3.991691675364044 12
      vertex 4.2390482137391 3.991691675364044 7
      vertex 4.375 4.082531754730548 12
    endloop
  endfacet
  facet normal 0.44228869021900485 -0.8968727415326866 0
    outer loop
      vertex 4.375 4.082531754730548 12
      vertex 4.375 4.082531754730548 7
      vertex 4.5216457095436375 4.1548494156391085 12
    endloop
  endfacet
  facet normal 0.3214394653031593 -0.9469301294951065 0
    outer loop
      vertex 4.5216457095436375 4.1548494156391085 12
      vertex 4.5216457095436375 4.1548494156391085 7
      vertex 4.676476193621849 4.207407282861335 12
    endloop
  endfacet
  facet normal 0.19509032201612833 -0.9807852804032305 0
    outer loop
      vertex 4.676476193621849 4.207407282861335 12
      vertex 4.676476193621849 4.207407282861335 7
      vertex 4.836842259724936 4.239306076717263 12
    endloop
  endfacet
  facet normal 0.06540312923014453 -0.9978589232386035 4.413696226313909e-17
    outer loop
      vertex 4.836842259724936 4.239306076717263 12
      vertex 4.8564538729653215 4.240591489760431 7
      vertex 5 4.25 12
    endloop
  endfacet
  facet normal -0.6593458151000677 -0.7518398074789784 0
    outer loop
      vertex 5.7609517862609 3.991691675364044 6
      vertex 5.883883476483184 3.8838834764831844 12
      vertex 5.7609517862609 3.991691675364044 12
    endloop
  endfacet
  facet normal -0.9469301294951064 -0.32143946530315926 0
    outer loop
      vertex 6.1548494156391085 3.4783542904563625 6
      vertex 6.207407282861335 3.3235238063781507 12
      vertex 6.1548494156391085 3.4783542904563625 12
    endloop
  endfacet
  facet normal -0.8968727415326865 -0.4422886902190048 0
    outer loop
      vertex 6.082531754730548 3.625 6
      vertex 6.1548494156391085 3.4783542904563625 12
      vertex 6.082531754730548 3.625 12
    endloop
  endfacet
  facet normal -0.8314696123025472 -0.5555702330195992 0
    outer loop
      vertex 5.991691675364044 3.7609517862609008 6
      vertex 6.082531754730548 3.625 12
      vertex 5.991691675364044 3.7609517862609008 12
    endloop
  endfacet
  facet normal -0.7518398074789772 -0.6593458151000691 0
    outer loop
      vertex 5.883883476483184 3.8838834764831844 6
      vertex 5.991691675364044 3.7609517862609008 12
      vertex 5.883883476483184 3.8838834764831844 12
    endloop
  endfacet
  facet normal -0.9978589232386034 0.06540312923014452 0
    outer loop
      vertex 6.25 3 6
      vertex 6.239306076717263 2.8368422597249356 12
      vertex 6.25 3 12
    endloop
  endfacet
  facet normal -0.9978589232386034 -0.06540312923014452 0
    outer loop
      vertex 6.239306076717263 3.1631577402750644 6
      vertex 6.25 3 12
      vertex 6.239306076717263 3.1631577402750644 12
    endloop
  endfacet
  facet normal -0.9807852804032304 -0.19509032201612833 0
    outer loop
      vertex 6.207407282861335 3.3235238063781507 6
      vertex 6.239306076717263 3.1631577402750644 12
      vertex 6.207407282861335 3.3235238063781507 12
    endloop
  endfacet
  facet normal -0.44228869021900263 0.8968727415326876 3.876861632060482e-19
    outer loop
      vertex 5.4783542904563625 1.8451505843608915 12
      vertex 5.625 1.9174682452694518 12
      vertex 5.625 1.9174682452694518 7
    endloop
  endfacet
  facet normal -0.5555702330196024 0.8314696123025451 6.660832279073766e-19
    outer loop
      vertex 5.625 1.9174682452694518 12
      vertex 5.7609517862609 2.008308324635956 12
      vertex 5.7609517862609 2.008308324635956 7
    endloop
  endfacet
  facet normal -0.6593458151000677 0.7518398074789783 -1.905214520497751e-19
    outer loop
      vertex 5.7609517862609 2.008308324635956 12
      vertex 5.883883476483184 2.1161165235168156 12
      vertex 5.883883476483184 2.1161165235168156 7
    endloop
  endfacet
  facet normal -0.7518398074789772 0.6593458151000692 6.605686767332797e-19
    outer loop
      vertex 5.883883476483184 2.1161165235168156 12
      vertex 5.991691675364044 2.2390482137390992 12
      vertex 5.991691675364044 2.2390482137390992 7
    endloop
  endfacet
  facet normal -0.8314696123025472 0.5555702330195993 -4.979761009686151e-19
    outer loop
      vertex 5.991691675364044 2.2390482137390992 12
      vertex 6.082531754730548 2.375 12
      vertex 6.082531754730548 2.375 7
    endloop
  endfacet
  facet normal -0.8968727415326866 0.44228869021900485 -5.85618713608512e-19
    outer loop
      vertex 6.082531754730548 2.375 12
      vertex 6.1548494156391085 2.5216457095436375 12
      vertex 6.1548494156391085 2.5216457095436375 7
    endloop
  endfacet
  facet normal -0.9469301294951065 0.3214394653031593 -8.168222104780947e-19
    outer loop
      vertex 6.1548494156391085 2.5216457095436375 12
      vertex 6.207407282861335 2.6764761936218493 12
      vertex 6.207407282861335 2.6764761936218493 7
    endloop
  endfacet
  facet normal -0.9807852804032305 0.19509032201612833 -3.493904628298944e-19
    outer loop
      vertex 6.207407282861335 2.6764761936218493 12
      vertex 6.239306076717263 2.8368422597249356 12
      vertex 6.239306076717263 2.8368422597249356 7
    endloop
  endfacet
  facet normal -0.5555702330196005 -0.8314696123025463 0
    outer loop
      vertex 5.625 4.082531754730548 6
      vertex 5.7609517862609 3.991691675364044 12
      vertex 5.625 4.082531754730548 12
    endloop
  endfacet
  facet normal -0.4422886902190048 -0.8968727415326865 0
    outer loop
      vertex 5.4783542904563625 4.1548494156391085 6
      vertex 5.625 4.082531754730548 12
      vertex 5.4783542904563625 4.1548494156391085 12
    endloop
  endfacet
  facet normal 0 0 1
    outer loop
      vertex 4.8094106524888085 52.756421188557944 6
      vertex 4.8094106524888085 53.04357881144205 6
      vertex 4.8 52.9 6
    endloop
  endfacet
  facet normal 0 0 1
    outer loop
      vertex 4.837481591082025 52.61529905038723 6
      vertex 4.837481591082025 53.18470094961277 6
      vertex 4.8094106524888085 52.756421188557944 6
    endloop
  endfacet
  facet normal 0 0 1
    outer loop
      vertex 5 52.55 6
      vertex 4.837481591082025 52.61529905038723 6
      vertex 4.856453872965323 52.559408510239564 6
    endloop
  endfacet
  facet normal 0 0 1
    outer loop
      vertex 5 52.55 6
      vertex 4.947372055837118 53.449999999999996 6
      vertex 4.837481591082025 52.61529905038723 6
    endloop
  endfacet
  facet normal 0 0 1
    outer loop
      vertex 5 52.55 6
      vertex 5.163157740275064 52.560693923282734 6
      vertex 5.122182540694798 53.6778174593052 6
    endloop
  endfacet
  facet normal 0 0 1
    outer loop
      vertex 4.8094106524888085 52.756421188557944 6
      vertex 4.837481591082025 53.18470094961277 6
      vertex 4.8094106524888085 53.04357881144205 6
    endloop
  endfacet
  facet normal 0 0 1
    outer loop
      vertex 4.837481591082025 53.18470094961277 6
      vertex 4.837481591082025 52.61529905038723 6
      vertex 4.883732514237584 53.3209517756016 6
    endloop
  endfacet
  facet normal 0 0 1
    outer loop
      vertex 4.883732514237584 53.3209517756016 6
      vertex 4.837481591082025 52.61529905038723 6
      vertex 4.947372055837118 53.449999999999996 6
    endloop
  endfacet
  facet normal 0 0 1
    outer loop
      vertex 5 52.55 6
      vertex 5.027311325679641 53.56963757190959 6
      vertex 4.947372055837118 53.449999999999996 6
    endloop
  endfacet
  facet normal 0 0 1
    outer loop
      vertex 5 52.55 6
      vertex 5.122182540694798 53.6778174593052 6
      vertex 5.027311325679641 53.56963757190959 6
    endloop
  endfacet
  facet normal 0 0 1
    outer loop
      vertex 5.163157740275064 52.560693923282734 6
      vertex 5.230362428090407 53.77268867432036 6
      vertex 5.122182540694798 53.6778174593052 6
    endloop
  endfacet
  facet normal 0 0 1
    outer loop
      vertex 5.163157740275064 52.560693923282734 6
      vertex 5.323523806378151 52.592592717138665 6
      vertex 5.35 53.85262794416288 6
    endloop
  endfacet
  facet normal 0 0 1
    outer loop
      vertex 5.323523806378151 52.592592717138665 6
      vertex 5.4783542904563625 52.64515058436089 6
      vertex 5.479048224398401 53.91626748576241 6
    endloop
  endfacet
  facet normal 0 0 1
    outer loop
      vertex 5.163157740275064 52.560693923282734 6
      vertex 5.35 53.85262794416288 6
      vertex 5.230362428090407 53.77268867432036 6
    endloop
  endfacet
  facet normal 0 0 1
    outer loop
      vertex 5.323523806378151 52.592592717138665 6
      vertex 5.479048224398401 53.91626748576241 6
      vertex 5.35 53.85262794416288 6
    endloop
  endfacet
  facet normal 0 0 1
    outer loop
      vertex 5.4783542904563625 52.64515058436089 6
      vertex 5.625 52.71746824526945 6
      vertex 5.615299050387227 53.96251840891797 6
    endloop
  endfacet
  facet normal 0 0 1
    outer loop
      vertex 5.625 52.71746824526945 6
      vertex 5.7609517862609 52.80830832463595 6
      vertex 5.756421188557943 53.99058934751119 6
    endloop
  endfacet
  facet normal 0 0 1
    outer loop
      vertex 5.7609517862609 52.80830832463595 6
      vertex 5.883883476483184 52.91611652351681 6
      vertex 5.9 54 6
    endloop
  endfacet
  facet normal 0 0 1
    outer loop
      vertex 5.4783542904563625 52.64515058436089 6
      vertex 5.615299050387227 53.96251840891797 6
      vertex 5.479048224398401 53.91626748576241 6
    endloop
  endfacet
  facet normal 0 0 1
    outer loop
      vertex 5.883883476483184 52.91611652351681 6
      vertex 5.991691675364044 53.03904821373909 6
      vertex 6.043578811442057 53.99058934751119 6
    endloop
  endfacet
  facet normal 0 0 1
    outer loop
      vertex 5.991691675364044 53.03904821373909 6
      vertex 6.082531754730548 53.175 6
      vertex 6.184700949612773 53.96251840891797 6
    endloop
  endfacet
  facet normal 0 0 1
    outer loop
      vertex 6.082531754730548 53.175 6
      vertex 6.1548494156391085 53.32164570954364 6
      vertex 6.184700949612773 53.96251840891797 6
    endloop
  endfacet
  facet normal 0 0 1
    outer loop
      vertex 5.625 52.71746824526945 6
      vertex 5.756421188557943 53.99058934751119 6
      vertex 5.615299050387227 53.96251840891797 6
    endloop
  endfacet
  facet normal 0 0 1
    outer loop
      vertex 5.7609517862609 52.80830832463595 6
      vertex 5.9 54 6
      vertex 5.756421188557943 53.99058934751119 6
    endloop
  endfacet
  facet normal 0 0 1
    outer loop
      vertex 5.883883476483184 52.91611652351681 6
      vertex 6.043578811442057 53.99058934751119 6
      vertex 5.9 54 6
    endloop
  endfacet
  facet normal 0 0 1
    outer loop
      vertex 5.991691675364044 53.03904821373909 6
      vertex 6.184700949612773 53.96251840891797 6
      vertex 6.043578811442057 53.99058934751119 6
    endloop
  endfacet
  facet normal 0 0 1
    outer loop
      vertex 6.1548494156391085 53.32164570954364 6
      vertex 6.207407282861335 53.47647619362185 6
      vertex 6.2405914897604315 53.94354612703467 6
    endloop
  endfacet
  facet normal 0 0 1
    outer loop
      vertex 6.1548494156391085 53.32164570954364 6
      vertex 6.2405914897604315 53.94354612703467 6
      vertex 6.184700949612773 53.96251840891797 6
    endloop
  endfacet
  facet normal 0 0 1
    outer loop
      vertex 6.207407282861335 53.47647619362185 6
      vertex 6.239306076717263 53.63684225972493 6
      vertex 6.2405914897604315 53.94354612703467 6
    endloop
  endfacet
  facet normal 0 0 1
    outer loop
      vertex 6.239306076717263 53.63684225972493 6
      vertex 6.25 53.8 6
      vertex 6.2405914897604315 53.94354612703467 6
    endloop
  endfacet
  facet normal 0.06540312923012842 0.9978589232386045 -6.567373675674664e-19
    outer loop
      vertex 5 52.55 6
      vertex 4.856453872965323 52.559408510239564 6
      vertex 4.856453872965323 52.559408510239564 7
    endloop
  endfacet
  facet normal -0.06540312923014452 0.9978589232386034 0
    outer loop
      vertex 5 52.55 6
      vertex 5 52.55 12
      vertex 5.163157740275064 52.560693923282734 6
    endloop
  endfacet
  facet normal -0.195090322016144 0.9807852804032273 0
    outer loop
      vertex 5.163157740275064 52.560693923282734 6
      vertex 5.163157740275064 52.560693923282734 12
      vertex 5.323523806378151 52.592592717138665 6
    endloop
  endfacet
  facet normal -0.32143946530315926 0.9469301294951064 0
    outer loop
      vertex 5.323523806378151 52.592592717138665 6
      vertex 5.323523806378151 52.592592717138665 12
      vertex 5.4783542904563625 52.64515058436089 6
    endloop
  endfacet
  facet normal 0.06540312923012466 0.9978589232386048 -5.426575603507129e-16
    outer loop
      vertex 5 52.55 6
      vertex 4.856453872965323 52.559408510239564 7
      vertex 4.836842259724936 52.560693923282734 12
    endloop
  endfacet
  facet normal 0.4422886902190004 0.8968727415326887 0
    outer loop
      vertex 4.375 52.71746824526945 12
      vertex 4.5216457095436375 52.64515058436089 7
      vertex 4.375 52.71746824526945 7
    endloop
  endfacet
  facet normal 0.5555702330195892 0.8314696123025539 0
    outer loop
      vertex 4.2390482137391 52.80830832463595 12
      vertex 4.375 52.71746824526945 7
      vertex 4.2390482137391 52.80830832463595 7
    endloop
  endfacet
  facet normal 0.6593458151000708 0.7518398074789757 0
    outer loop
      vertex 4.116116523516816 52.91611652351681 12
      vertex 4.2390482137391 52.80830832463595 7
      vertex 4.116116523516816 52.91611652351681 7
    endloop
  endfacet
  facet normal 0.3214394653031593 0.9469301294951065 0
    outer loop
      vertex 4.5216457095436375 52.64515058436089 12
      vertex 4.676476193621849 52.592592717138665 7
      vertex 4.5216457095436375 52.64515058436089 7
    endloop
  endfacet
  facet normal 0.19509032201614404 0.9807852804032274 0
    outer loop
      vertex 4.676476193621849 52.592592717138665 12
      vertex 4.836842259724936 52.560693923282734 7
      vertex 4.676476193621849 52.592592717138665 7
    endloop
  endfacet
  facet normal 0.06540312923026241 0.9978589232385956 0
    outer loop
      vertex 4.836842259724936 52.560693923282734 12
      vertex 4.856453872965323 52.559408510239564 7
      vertex 4.836842259724936 52.560693923282734 7
    endloop
  endfacet
  facet normal -0.44228869021900047 0.8968727415326887 0
    outer loop
      vertex 5.4783542904563625 52.64515058436089 6
      vertex 5.4783542904563625 52.64515058436089 12
      vertex 5.625 52.71746824526945 6
    endloop
  endfacet
  facet normal -0.5555702330195892 0.8314696123025539 0
    outer loop
      vertex 5.625 52.71746824526945 6
      vertex 5.625 52.71746824526945 12
      vertex 5.7609517862609 52.80830832463595 6
    endloop
  endfacet
  facet normal -0.6593458151000708 0.7518398074789756 0
    outer loop
      vertex 5.7609517862609 52.80830832463595 6
      vertex 5.7609517862609 52.80830832463595 12
      vertex 5.883883476483184 52.91611652351681 6
    endloop
  endfacet
  facet normal -0.7518398074789688 0.6593458151000785 0
    outer loop
      vertex 5.883883476483184 52.91611652351681 6
      vertex 5.883883476483184 52.91611652351681 12
      vertex 5.991691675364044 53.03904821373909 6
    endloop
  endfacet
  facet normal 0.06540312923014452 0.9978589232386034 0
    outer loop
      vertex 5 52.55 6
      vertex 4.836842259724936 52.560693923282734 12
      vertex 5 52.55 12
    endloop
  endfacet
  facet normal -0.06540312923014452 0.9978589232386034 0
    outer loop
      vertex 5.163157740275064 52.560693923282734 6
      vertex 5 52.55 12
      vertex 5.163157740275064 52.560693923282734 12
    endloop
  endfacet
  facet normal -0.195090322016144 0.9807852804032273 0
    outer loop
      vertex 5.323523806378151 52.592592717138665 6
      vertex 5.163157740275064 52.560693923282734 12
      vertex 5.323523806378151 52.592592717138665 12
    endloop
  endfacet
  facet normal -0.32143946530315926 0.9469301294951064 0
    outer loop
      vertex 5.4783542904563625 52.64515058436089 6
      vertex 5.323523806378151 52.592592717138665 12
      vertex 5.4783542904563625 52.64515058436089 12
    endloop
  endfacet
  facet normal 0.7518398074789688 0.6593458151000785 0
    outer loop
      vertex 4.116116523516816 52.91611652351681 12
      vertex 4.116116523516816 52.91611652351681 7
      vertex 4.008308324635956 53.03904821373909 12
    endloop
  endfacet
  facet normal 0.4422886902190004 0.8968727415326887 7.608933363340417e-19
    outer loop
      vertex 4.375 52.71746824526945 12
      vertex 4.5216457095436375 52.64515058436089 12
      vertex 4.5216457095436375 52.64515058436089 7
    endloop
  endfacet
  facet normal 0.6593458151000708 0.7518398074789757 3.156587475271308e-19
    outer loop
      vertex 4.116116523516816 52.91611652351681 12
      vertex 4.2390482137391 52.80830832463595 12
      vertex 4.2390482137391 52.80830832463595 7
    endloop
  endfacet
  facet normal 0.5555702330195892 0.8314696123025539 0
    outer loop
      vertex 4.375 52.71746824526945 12
      vertex 4.375 52.71746824526945 7
      vertex 4.2390482137391 52.80830832463595 12
    endloop
  endfacet
  facet normal 0.3214394653031593 0.9469301294951065 8.168222104780947e-19
    outer loop
      vertex 4.5216457095436375 52.64515058436089 12
      vertex 4.676476193621849 52.592592717138665 12
      vertex 4.676476193621849 52.592592717138665 7
    endloop
  endfacet
  facet normal 0.19509032201614404 0.9807852804032274 -3.3444520213758283e-19
    outer loop
      vertex 4.676476193621849 52.592592717138665 12
      vertex 4.836842259724936 52.560693923282734 12
      vertex 4.836842259724936 52.560693923282734 7
    endloop
  endfacet
  facet normal -0.44228869021900047 0.8968727415326887 0
    outer loop
      vertex 5.625 52.71746824526945 6
      vertex 5.4783542904563625 52.64515058436089 12
      vertex 5.625 52.71746824526945 12
    endloop
  endfacet
  facet normal -0.5555702330195892 0.8314696123025539 0
    outer loop
      vertex 5.7609517862609 52.80830832463595 6
      vertex 5.625 52.71746824526945 12
      vertex 5.7609517862609 52.80830832463595 12
    endloop
  endfacet
  facet normal -0.6593458151000708 0.7518398074789756 0
    outer loop
      vertex 5.883883476483184 52.91611652351681 6
      vertex 5.7609517862609 52.80830832463595 12
      vertex 5.883883476483184 52.91611652351681 12
    endloop
  endfacet
  facet normal -0.9978589232386035 -0.06540312923014151 -4.387074957538166e-19
    outer loop
      vertex 6.25 53.8 6
      vertex 6.2405914897604315 53.94354612703467 7
      vertex 6.2405914897604315 53.94354612703467 6
    endloop
  endfacet
  facet normal 0.8314696123025518 0.5555702330195923 0
    outer loop
      vertex 3.917468245269452 53.175 12
      vertex 4.008308324635956 53.03904821373909 7
      vertex 3.917468245269452 53.175 7
    endloop
  endfacet
  facet normal 0.7518398074789688 0.6593458151000785 0
    outer loop
      vertex 4.008308324635956 53.03904821373909 12
      vertex 4.116116523516816 52.91611652351681 7
      vertex 4.008308324635956 53.03904821373909 7
    endloop
  endfacet
  facet normal 0.8968727415326918 0.442288690218994 0
    outer loop
      vertex 3.8451505843608915 53.32164570954364 12
      vertex 3.917468245269452 53.175 7
      vertex 3.8451505843608915 53.32164570954364 7
    endloop
  endfacet
  facet normal 0.9469301294951059 0.321439465303161 0
    outer loop
      vertex 3.792592717138665 53.47647619362185 12
      vertex 3.8451505843608915 53.32164570954364 7
      vertex 3.792592717138665 53.47647619362185 7
    endloop
  endfacet
  facet normal 0.980785280403229 0.1950903220161356 0
    outer loop
      vertex 3.760693923282737 53.63684225972493 12
      vertex 3.792592717138665 53.47647619362185 7
      vertex 3.760693923282737 53.63684225972493 7
    endloop
  endfacet
  facet normal 0.9978589232386035 0.0654031292301431 0
    outer loop
      vertex 3.75 53.8 12
      vertex 3.760693923282737 53.63684225972493 7
      vertex 3.75 53.8 7
    endloop
  endfacet
  facet normal 0.9978589232386035 -0.0654031292301431 0
    outer loop
      vertex 3.760693923282737 53.963157740275065 12
      vertex 3.75 53.8 7
      vertex 3.760693923282737 53.963157740275065 7
    endloop
  endfacet
  facet normal 0.980785280403229 -0.1950903220161356 0
    outer loop
      vertex 3.792592717138665 54.123523806378145 12
      vertex 3.760693923282737 53.963157740275065 7
      vertex 3.792592717138665 54.123523806378145 7
    endloop
  endfacet
  facet normal 0.9469301294951059 -0.321439465303161 0
    outer loop
      vertex 3.8451505843608915 54.278354290456356 12
      vertex 3.792592717138665 54.123523806378145 7
      vertex 3.8451505843608915 54.278354290456356 7
    endloop
  endfacet
  facet normal 0.8968727415326918 -0.442288690218994 0
    outer loop
      vertex 3.917468245269452 54.425 12
      vertex 3.8451505843608915 54.278354290456356 7
      vertex 3.917468245269452 54.425 7
    endloop
  endfacet
  facet normal 0.8314696123025518 -0.5555702330195923 0
    outer loop
      vertex 4.008308324635956 54.5609517862609 12
      vertex 3.917468245269452 54.425 7
      vertex 4.008308324635956 54.5609517862609 7
    endloop
  endfacet
  facet normal 0.7518398074789688 -0.6593458151000785 0
    outer loop
      vertex 4.116116523516816 54.68388347648318 12
      vertex 4.008308324635956 54.5609517862609 7
      vertex 4.116116523516816 54.68388347648318 7
    endloop
  endfacet
  facet normal 0.6593458151000708 -0.7518398074789757 0
    outer loop
      vertex 4.2390482137391 54.79169167536404 12
      vertex 4.116116523516816 54.68388347648318 7
      vertex 4.2390482137391 54.79169167536404 7
    endloop
  endfacet
  facet normal 0.5555702330195892 -0.8314696123025539 0
    outer loop
      vertex 4.375 54.88253175473054 12
      vertex 4.2390482137391 54.79169167536404 7
      vertex 4.375 54.88253175473054 7
    endloop
  endfacet
  facet normal 0.4422886902190004 -0.8968727415326887 0
    outer loop
      vertex 4.5216457095436375 54.9548494156391 12
      vertex 4.375 54.88253175473054 7
      vertex 4.5216457095436375 54.9548494156391 7
    endloop
  endfacet
  facet normal 0.3214394653031593 -0.9469301294951065 0
    outer loop
      vertex 4.676476193621849 55.00740728286133 12
      vertex 4.5216457095436375 54.9548494156391 7
      vertex 4.676476193621849 55.00740728286133 7
    endloop
  endfacet
  facet normal 0.19509032201614404 -0.9807852804032274 0
    outer loop
      vertex 4.836842259724936 55.03930607671726 12
      vertex 4.676476193621849 55.00740728286133 7
      vertex 4.836842259724936 55.03930607671726 7
    endloop
  endfacet
  facet normal 0.06540312923014453 -0.9978589232386035 0
    outer loop
      vertex 5 55.05 12
      vertex 4.836842259724936 55.03930607671726 7
      vertex 5 55.05 7
    endloop
  endfacet
  facet normal -0.06540312923014453 -0.9978589232386035 0
    outer loop
      vertex 5.163157740275064 55.03930607671726 12
      vertex 5 55.05 7
      vertex 5.163157740275064 55.03930607671726 7
    endloop
  endfacet
  facet normal -0.19509032201614404 -0.9807852804032274 0
    outer loop
      vertex 5.323523806378151 55.00740728286133 12
      vertex 5.163157740275064 55.03930607671726 7
      vertex 5.323523806378151 55.00740728286133 7
    endloop
  endfacet
  facet normal -0.3214394653031593 -0.9469301294951065 0
    outer loop
      vertex 5.4783542904563625 54.9548494156391 12
      vertex 5.323523806378151 55.00740728286133 7
      vertex 5.4783542904563625 54.9548494156391 7
    endloop
  endfacet
  facet normal -0.8314696123025531 0.5555702330195905 0
    outer loop
      vertex 5.991691675364044 53.03904821373909 6
      vertex 5.991691675364044 53.03904821373909 12
      vertex 6.082531754730548 53.175 6
    endloop
  endfacet
  facet normal -0.8968727415326908 0.4422886902189962 0
    outer loop
      vertex 6.082531754730548 53.175 6
      vertex 6.082531754730548 53.175 12
      vertex 6.1548494156391085 53.32164570954364 6
    endloop
  endfacet
  facet normal -0.9469301294951059 0.3214394653031609 0
    outer loop
      vertex 6.1548494156391085 53.32164570954364 6
      vertex 6.1548494156391085 53.32164570954364 12
      vertex 6.207407282861335 53.47647619362185 6
    endloop
  endfacet
  facet normal -0.980785280403229 0.1950903220161356 0
    outer loop
      vertex 6.207407282861335 53.47647619362185 6
      vertex 6.207407282861335 53.47647619362185 12
      vertex 6.239306076717263 53.63684225972493 6
    endloop
  endfacet
  facet normal -0.9978589232386035 0.0654031292301431 0
    outer loop
      vertex 6.239306076717263 53.63684225972493 6
      vertex 6.239306076717263 53.63684225972493 12
      vertex 6.25 53.8 6
    endloop
  endfacet
  facet normal -0.9978589232386035 -0.06540312923014151 0
    outer loop
      vertex 6.25 53.8 6
      vertex 6.25 53.8 12
      vertex 6.2405914897604315 53.94354612703467 7
    endloop
  endfacet
  facet normal -0.980785280403229 -0.1950903220161356 0
    outer loop
      vertex 6.239306076717263 53.963157740275065 12
      vertex 6.207407282861335 54.123523806378145 7
      vertex 6.239306076717263 53.963157740275065 7
    endloop
  endfacet
  facet normal -0.9978589232386027 -0.06540312923015472 0
    outer loop
      vertex 6.239306076717263 53.963157740275065 12
      vertex 6.239306076717263 53.963157740275065 7
      vertex 6.2405914897604315 53.94354612703467 7
    endloop
  endfacet
  facet normal -0.9469301294951059 -0.321439465303161 0
    outer loop
      vertex 6.207407282861335 54.123523806378145 12
      vertex 6.1548494156391085 54.278354290456356 7
      vertex 6.207407282861335 54.123523806378145 7
    endloop
  endfacet
  facet normal -0.8968727415326908 -0.4422886902189962 0
    outer loop
      vertex 6.1548494156391085 54.278354290456356 12
      vertex 6.082531754730548 54.425 7
      vertex 6.1548494156391085 54.278354290456356 7
    endloop
  endfacet
  facet normal -0.7518398074789688 -0.6593458151000785 0
    outer loop
      vertex 5.991691675364044 54.5609517862609 12
      vertex 5.883883476483184 54.68388347648318 7
      vertex 5.991691675364044 54.5609517862609 7
    endloop
  endfacet
  facet normal -0.8314696123025531 -0.5555702330195905 0
    outer loop
      vertex 6.082531754730548 54.425 12
      vertex 5.991691675364044 54.5609517862609 7
      vertex 6.082531754730548 54.425 7
    endloop
  endfacet
  facet normal -0.4422886902190004 -0.8968727415326887 0
    outer loop
      vertex 5.625 54.88253175473054 12
      vertex 5.4783542904563625 54.9548494156391 7
      vertex 5.625 54.88253175473054 7
    endloop
  endfacet
  facet normal -0.6593458151000708 -0.7518398074789757 0
    outer loop
      vertex 5.883883476483184 54.68388347648318 12
      vertex 5.7609517862609 54.79169167536404 7
      vertex 5.883883476483184 54.68388347648318 7
    endloop
  endfacet
  facet normal -0.5555702330195892 -0.8314696123025539 0
    outer loop
      vertex 5.7609517862609 54.79169167536404 12
      vertex 5.625 54.88253175473054 7
      vertex 5.7609517862609 54.79169167536404 7
    endloop
  endfacet
  facet normal 0.980785280403229 0.1950903220161356 0
    outer loop
      vertex 3.792592717138665 53.47647619362185 12
      vertex 3.792592717138665 53.47647619362185 7
      vertex 3.760693923282737 53.63684225972493 12
    endloop
  endfacet
  facet normal 0.8968727415326918 0.442288690218994 0
    outer loop
      vertex 3.917468245269452 53.175 12
      vertex 3.917468245269452 53.175 7
      vertex 3.8451505843608915 53.32164570954364 12
    endloop
  endfacet
  facet normal 0.8314696123025518 0.5555702330195923 -7.519825025661147e-19
    outer loop
      vertex 3.917468245269452 53.175 12
      vertex 4.008308324635956 53.03904821373909 12
      vertex 4.008308324635956 53.03904821373909 7
    endloop
  endfacet
  facet normal 0.9469301294951059 0.321439465303161 6.2506331334538825e-19
    outer loop
      vertex 3.792592717138665 53.47647619362185 12
      vertex 3.8451505843608915 53.32164570954364 12
      vertex 3.8451505843608915 53.32164570954364 7
    endloop
  endfacet
  facet normal 0.9978589232386035 0.0654031292301431 0
    outer loop
      vertex 3.760693923282737 53.63684225972493 12
      vertex 3.760693923282737 53.63684225972493 7
      vertex 3.75 53.8 12
    endloop
  endfacet
  facet normal 0.9978589232386035 -0.0654031292301431 0
    outer loop
      vertex 3.75 53.8 12
      vertex 3.75 53.8 7
      vertex 3.760693923282737 53.963157740275065 12
    endloop
  endfacet
  facet normal 0.980785280403229 -0.1950903220161356 0
    outer loop
      vertex 3.760693923282737 53.963157740275065 12
      vertex 3.760693923282737 53.963157740275065 7
      vertex 3.792592717138665 54.123523806378145 12
    endloop
  endfacet
  facet normal 0.9469301294951059 -0.321439465303161 0
    outer loop
      vertex 3.792592717138665 54.123523806378145 12
      vertex 3.792592717138665 54.123523806378145 7
      vertex 3.8451505843608915 54.278354290456356 12
    endloop
  endfacet
  facet normal 0.8968727415326918 -0.442288690218994 0
    outer loop
      vertex 3.8451505843608915 54.278354290456356 12
      vertex 3.8451505843608915 54.278354290456356 7
      vertex 3.917468245269452 54.425 12
    endloop
  endfacet
  facet normal 0.8314696123025518 -0.5555702330195923 0
    outer loop
      vertex 3.917468245269452 54.425 12
      vertex 3.917468245269452 54.425 7
      vertex 4.008308324635956 54.5609517862609 12
    endloop
  endfacet
  facet normal 0.7518398074789688 -0.6593458151000785 0
    outer loop
      vertex 4.008308324635956 54.5609517862609 12
      vertex 4.008308324635956 54.5609517862609 7
      vertex 4.116116523516816 54.68388347648318 12
    endloop
  endfacet
  facet normal 0.6593458151000708 -0.7518398074789757 0
    outer loop
      vertex 4.116116523516816 54.68388347648318 12
      vertex 4.116116523516816 54.68388347648318 7
      vertex 4.2390482137391 54.79169167536404 12
    endloop
  endfacet
  facet normal 0.5555702330195892 -0.8314696123025539 0
    outer loop
      vertex 4.2390482137391 54.79169167536404 12
      vertex 4.2390482137391 54.79169167536404 7
      vertex 4.375 54.88253175473054 12
    endloop
  endfacet
  facet normal 0.4422886902190004 -0.8968727415326887 0
    outer loop
      vertex 4.375 54.88253175473054 12
      vertex 4.375 54.88253175473054 7
      vertex 4.5216457095436375 54.9548494156391 12
    endloop
  endfacet
  facet normal 0.3214394653031593 -0.9469301294951065 0
    outer loop
      vertex 4.5216457095436375 54.9548494156391 12
      vertex 4.5216457095436375 54.9548494156391 7
      vertex 4.676476193621849 55.00740728286133 12
    endloop
  endfacet
  facet normal 0.19509032201614404 -0.9807852804032274 0
    outer loop
      vertex 4.676476193621849 55.00740728286133 12
      vertex 4.676476193621849 55.00740728286133 7
      vertex 4.836842259724936 55.03930607671726 12
    endloop
  endfacet
  facet normal 0.06540312923014453 -0.9978589232386035 0
    outer loop
      vertex 4.836842259724936 55.03930607671726 12
      vertex 4.836842259724936 55.03930607671726 7
      vertex 5 55.05 12
    endloop
  endfacet
  facet normal -0.06540312923014453 -0.9978589232386035 0
    outer loop
      vertex 5 55.05 12
      vertex 5 55.05 7
      vertex 5.163157740275064 55.03930607671726 12
    endloop
  endfacet
  facet normal -0.19509032201614404 -0.9807852804032274 0
    outer loop
      vertex 5.163157740275064 55.03930607671726 12
      vertex 5.163157740275064 55.03930607671726 7
      vertex 5.323523806378151 55.00740728286133 12
    endloop
  endfacet
  facet normal -0.3214394653031593 -0.9469301294951065 0
    outer loop
      vertex 5.323523806378151 55.00740728286133 12
      vertex 5.323523806378151 55.00740728286133 7
      vertex 5.4783542904563625 54.9548494156391 12
    endloop
  endfacet
  facet normal -0.7518398074789688 0.6593458151000785 0
    outer loop
      vertex 5.991691675364044 53.03904821373909 6
      vertex 5.883883476483184 52.91611652351681 12
      vertex 5.991691675364044 53.03904821373909 12
    endloop
  endfacet
  facet normal -0.8314696123025531 0.5555702330195905 0
    outer loop
      vertex 6.082531754730548 53.175 6
      vertex 5.991691675364044 53.03904821373909 12
      vertex 6.082531754730548 53.175 12
    endloop
  endfacet
  facet normal -0.8968727415326908 0.4422886902189962 0
    outer loop
      vertex 6.1548494156391085 53.32164570954364 6
      vertex 6.082531754730548 53.175 12
      vertex 6.1548494156391085 53.32164570954364 12
    endloop
  endfacet
  facet normal -0.9469301294951059 0.3214394653031609 0
    outer loop
      vertex 6.207407282861335 53.47647619362185 6
      vertex 6.1548494156391085 53.32164570954364 12
      vertex 6.207407282861335 53.47647619362185 12
    endloop
  endfacet
  facet normal -0.980785280403229 0.1950903220161356 0
    outer loop
      vertex 6.239306076717263 53.63684225972493 6
      vertex 6.207407282861335 53.47647619362185 12
      vertex 6.239306076717263 53.63684225972493 12
    endloop
  endfacet
  facet normal -0.9978589232386035 0.0654031292301431 0
    outer loop
      vertex 6.25 53.8 6
      vertex 6.239306076717263 53.63684225972493 12
      vertex 6.25 53.8 12
    endloop
  endfacet
  facet normal -0.9978589232386035 -0.0654031292301431 -4.568236304723645e-17
    outer loop
      vertex 6.25 53.8 12
      vertex 6.239306076717263 53.963157740275065 12
      vertex 6.2405914897604315 53.94354612703467 7
    endloop
  endfacet
  facet normal -0.980785280403229 -0.1950903220161356 0
    outer loop
      vertex 6.207407282861335 54.123523806378145 12
      vertex 6.207407282861335 54.123523806378145 7
      vertex 6.239306076717263 53.963157740275065 12
    endloop
  endfacet
  facet normal -0.9469301294951059 -0.321439465303161 6.2506331334538825e-19
    outer loop
      vertex 6.207407282861335 54.123523806378145 12
      vertex 6.1548494156391085 54.278354290456356 12
      vertex 6.1548494156391085 54.278354290456356 7
    endloop
  endfacet
  facet normal -0.7518398074789688 -0.6593458151000785 -2.5254644915073155e-19
    outer loop
      vertex 5.991691675364044 54.5609517862609 12
      vertex 5.883883476483184 54.68388347648318 12
      vertex 5.883883476483184 54.68388347648318 7
    endloop
  endfacet
  facet normal -0.8314696123025531 -0.5555702330195905 0
    outer loop
      vertex 5.991691675364044 54.5609517862609 12
      vertex 5.991691675364044 54.5609517862609 7
      vertex 6.082531754730548 54.425 12
    endloop
  endfacet
  facet normal -0.8968727415326908 -0.4422886902189962 3.5949047013317744e-19
    outer loop
      vertex 6.1548494156391085 54.278354290456356 12
      vertex 6.082531754730548 54.425 12
      vertex 6.082531754730548 54.425 7
    endloop
  endfacet
  facet normal -0.5555702330195892 -0.8314696123025539 6.613697163966649e-19
    outer loop
      vertex 5.7609517862609 54.79169167536404 12
      vertex 5.625 54.88253175473054 12
      vertex 5.625 54.88253175473054 7
    endloop
  endfacet
  facet normal -0.6593458151000708 -0.7518398074789757 0
    outer loop
      vertex 5.7609517862609 54.79169167536404 12
      vertex 5.7609517862609 54.79169167536404 7
      vertex 5.883883476483184 54.68388347648318 12
    endloop
  endfacet
  facet normal -0.4422886902190004 -0.8968727415326887 0
    outer loop
      vertex 5.4783542904563625 54.9548494156391 12
      vertex 5.4783542904563625 54.9548494156391 7
      vertex 5.625 54.88253175473054 12
    endloop
  endfacet
  facet normal 0 0 1
    outer loop
      vertex 83.71746824526944 2.375 6
      vertex 83.71746824526944 3.625 6
      vertex 83.64515058436089 2.5216457095436375 6
    endloop
  endfacet
  facet normal 0 0 1
    outer loop
      vertex 83.80830832463596 2.2390482137390992 6
      vertex 83.80830832463596 3.7609517862609008 6
      vertex 83.71746824526944 2.375 6
    endloop
  endfacet
  facet normal 0 0 1
    outer loop
      vertex 83.80830832463596 2.2390482137390992 6
      vertex 83.91611652351682 2.1161165235168156 6
      vertex 83.91611652351682 3.8838834764831844 6
    endloop
  endfacet
  facet normal 0 0 1
    outer loop
      vertex 84.0390482137391 2.008308324635956 6
      vertex 84.175 1.9174682452694518 6
      vertex 84.175 4.082531754730548 6
    endloop
  endfacet
  facet normal 0 0 1
    outer loop
      vertex 84.0390482137391 2.008308324635956 6
      vertex 84.0390482137391 3.991691675364044 6
      vertex 83.91611652351682 2.1161165235168156 6
    endloop
  endfacet
  facet normal 0 0 1
    outer loop
      vertex 83.59259271713866 2.6764761936218493 6
      vertex 83.64515058436089 2.5216457095436375 6
      vertex 83.64515058436089 3.4783542904563625 6
    endloop
  endfacet
  facet normal 0 0 1
    outer loop
      vertex 83.59259271713866 2.6764761936218493 6
      vertex 83.59259271713866 3.3235238063781507 6
      vertex 83.56069392328273 2.8368422597249356 6
    endloop
  endfacet
  facet normal 0 0 1
    outer loop
      vertex 83.56069392328273 2.8368422597249356 6
      vertex 83.56069392328273 3.1631577402750644 6
      vertex 83.55 3 6
    endloop
  endfacet
  facet normal 0 0 1
    outer loop
      vertex 83.56069392328273 2.8368422597249356 6
      vertex 83.59259271713866 3.3235238063781507 6
      vertex 83.56069392328273 3.1631577402750644 6
    endloop
  endfacet
  facet normal 0 0 1
    outer loop
      vertex 83.59259271713866 2.6764761936218493 6
      vertex 83.64515058436089 3.4783542904563625 6
      vertex 83.59259271713866 3.3235238063781507 6
    endloop
  endfacet
  facet normal 0 0 1
    outer loop
      vertex 83.64515058436089 2.5216457095436375 6
      vertex 83.71746824526944 3.625 6
      vertex 83.64515058436089 3.4783542904563625 6
    endloop
  endfacet
  facet normal 0 0 1
    outer loop
      vertex 83.71746824526944 2.375 6
      vertex 83.80830832463596 3.7609517862609008 6
      vertex 83.71746824526944 3.625 6
    endloop
  endfacet
  facet normal 0 0 1
    outer loop
      vertex 83.80830832463596 2.2390482137390992 6
      vertex 83.91611652351682 3.8838834764831844 6
      vertex 83.80830832463596 3.7609517862609008 6
    endloop
  endfacet
  facet normal 0 0 1
    outer loop
      vertex 83.91611652351682 2.1161165235168156 6
      vertex 84.0390482137391 3.991691675364044 6
      vertex 83.91611652351682 3.8838834764831844 6
    endloop
  endfacet
  facet normal 0 0 1
    outer loop
      vertex 84.0390482137391 2.008308324635956 6
      vertex 84.175 4.082531754730548 6
      vertex 84.0390482137391 3.991691675364044 6
    endloop
  endfacet
  facet normal 0 0 1
    outer loop
      vertex 84.175 1.9174682452694518 6
      vertex 84.32164570954363 1.8451505843608915 6
      vertex 84.32164570954363 4.1548494156391085 6
    endloop
  endfacet
  facet normal 0 0 1
    outer loop
      vertex 84.47647619362185 1.7925927171386646 6
      vertex 84.47647619362185 4.207407282861335 6
      vertex 84.32164570954363 1.8451505843608915 6
    endloop
  endfacet
  facet normal 0 0 1
    outer loop
      vertex 84.47647619362185 1.7925927171386646 6
      vertex 84.63684225972493 1.760693923282737 6
      vertex 84.63684225972493 4.239306076717263 6
    endloop
  endfacet
  facet normal 0 0 1
    outer loop
      vertex 84.63684225972493 1.760693923282737 6
      vertex 84.8 1.75 6
      vertex 84.8 4.25 6
    endloop
  endfacet
  facet normal 0 0 1
    outer loop
      vertex 84.8 1.75 6
      vertex 84.96315774027507 1.760693923282737 6
      vertex 84.96315774027507 4.239306076717263 6
    endloop
  endfacet
  facet normal 0 0 1
    outer loop
      vertex 84.96315774027507 1.760693923282737 6
      vertex 85.12352380637815 1.7925927171386646 6
      vertex 85.12352380637815 4.207407282861335 6
    endloop
  endfacet
  facet normal 0 0 1
    outer loop
      vertex 85.12352380637815 1.7925927171386646 6
      vertex 85.27835429045636 1.8451505843608915 6
      vertex 85.27835429045636 4.1548494156391085 6
    endloop
  endfacet
  facet normal 0 0 1
    outer loop
      vertex 85.27835429045636 1.8451505843608915 6
      vertex 85.425 1.9174682452694518 6
      vertex 85.425 4.082531754730548 6
    endloop
  endfacet
  facet normal 0 0 1
    outer loop
      vertex 85.425 1.9174682452694518 6
      vertex 85.5609517862609 2.008308324635956 6
      vertex 85.5609517862609 3.991691675364044 6
    endloop
  endfacet
  facet normal 0 0 1
    outer loop
      vertex 84.175 1.9174682452694518 6
      vertex 84.32164570954363 4.1548494156391085 6
      vertex 84.175 4.082531754730548 6
    endloop
  endfacet
  facet normal 0 0 1
    outer loop
      vertex 84.32164570954363 1.8451505843608915 6
      vertex 84.47647619362185 4.207407282861335 6
      vertex 84.32164570954363 4.1548494156391085 6
    endloop
  endfacet
  facet normal 0 0 1
    outer loop
      vertex 84.47647619362185 1.7925927171386646 6
      vertex 84.63684225972493 4.239306076717263 6
      vertex 84.47647619362185 4.207407282861335 6
    endloop
  endfacet
  facet normal 0 0 1
    outer loop
      vertex 84.63684225972493 1.760693923282737 6
      vertex 84.8 4.25 6
      vertex 84.63684225972493 4.239306076717263 6
    endloop
  endfacet
  facet normal 0 0 1
    outer loop
      vertex 85.12352380637815 1.7925927171386646 6
      vertex 85.27835429045636 4.1548494156391085 6
      vertex 85.12352380637815 4.207407282861335 6
    endloop
  endfacet
  facet normal 0 0 1
    outer loop
      vertex 85.27835429045636 1.8451505843608915 6
      vertex 85.425 4.082531754730548 6
      vertex 85.27835429045636 4.1548494156391085 6
    endloop
  endfacet
  facet normal 0 0 1
    outer loop
      vertex 85.425 1.9174682452694518 6
      vertex 85.5609517862609 3.991691675364044 6
      vertex 85.425 4.082531754730548 6
    endloop
  endfacet
  facet normal 0 0 1
    outer loop
      vertex 84.8 1.75 6
      vertex 84.96315774027507 4.239306076717263 6
      vertex 84.8 4.25 6
    endloop
  endfacet
  facet normal 0 0 1
    outer loop
      vertex 84.96315774027507 1.760693923282737 6
      vertex 85.12352380637815 4.207407282861335 6
      vertex 84.96315774027507 4.239306076717263 6
    endloop
  endfacet
  facet normal 0 0 1
    outer loop
      vertex 85.5609517862609 2.008308324635956 6
      vertex 85.68388347648317 2.1161165235168156 6
      vertex 85.68388347648317 3.8838834764831844 6
    endloop
  endfacet
  facet normal 0 0 1
    outer loop
      vertex 85.68388347648317 2.1161165235168156 6
      vertex 85.79169167536404 2.2390482137390992 6
      vertex 85.79169167536404 3.7609517862609008 6
    endloop
  endfacet
  facet normal 0 0 1
    outer loop
      vertex 85.79169167536404 2.2390482137390992 6
      vertex 85.88253175473055 2.375 6
      vertex 85.88253175473055 3.625 6
    endloop
  endfacet
  facet normal 0 0 1
    outer loop
      vertex 85.88253175473055 2.375 6
      vertex 85.9548494156391 2.5216457095436375 6
      vertex 85.9548494156391 3.4783542904563625 6
    endloop
  endfacet
  facet normal 0 0 1
    outer loop
      vertex 85.9548494156391 2.5216457095436375 6
      vertex 86.00740728286134 2.6764761936218493 6
      vertex 86.00740728286134 3.3235238063781507 6
    endloop
  endfacet
  facet normal 0 0 1
    outer loop
      vertex 85.5609517862609 2.008308324635956 6
      vertex 85.68388347648317 3.8838834764831844 6
      vertex 85.5609517862609 3.991691675364044 6
    endloop
  endfacet
  facet normal 0 0 1
    outer loop
      vertex 85.68388347648317 2.1161165235168156 6
      vertex 85.79169167536404 3.7609517862609008 6
      vertex 85.68388347648317 3.8838834764831844 6
    endloop
  endfacet
  facet normal 0 0 1
    outer loop
      vertex 85.79169167536404 2.2390482137390992 6
      vertex 85.88253175473055 3.625 6
      vertex 85.79169167536404 3.7609517862609008 6
    endloop
  endfacet
  facet normal 0 0 1
    outer loop
      vertex 86.00740728286134 2.6764761936218493 6
      vertex 86.03930607671727 2.8368422597249356 6
      vertex 86.03930607671727 3.1631577402750644 6
    endloop
  endfacet
  facet normal 0 0 1
    outer loop
      vertex 86.03930607671727 2.8368422597249356 6
      vertex 86.05 3 6
      vertex 86.03930607671727 3.1631577402750644 6
    endloop
  endfacet
  facet normal 0 0 1
    outer loop
      vertex 86.00740728286134 2.6764761936218493 6
      vertex 86.03930607671727 3.1631577402750644 6
      vertex 86.00740728286134 3.3235238063781507 6
    endloop
  endfacet
  facet normal 0 0 1
    outer loop
      vertex 85.9548494156391 2.5216457095436375 6
      vertex 86.00740728286134 3.3235238063781507 6
      vertex 85.9548494156391 3.4783542904563625 6
    endloop
  endfacet
  facet normal 0 0 1
    outer loop
      vertex 85.88253175473055 2.375 6
      vertex 85.9548494156391 3.4783542904563625 6
      vertex 85.88253175473055 3.625 6
    endloop
  endfacet
  facet normal 0.5555702330195923 0.8314696123025518 0
    outer loop
      vertex 84.0390482137391 2.008308324635956 6
      vertex 84.0390482137391 2.008308324635956 12
      vertex 84.175 1.9174682452694518 6
    endloop
  endfacet
  facet normal 0.6593458151001 0.75183980747895 8.193351040024646e-19
    outer loop
      vertex 84.0390482137391 2.008308324635956 6
      vertex 83.91611652351682 2.1161165235168156 6
      vertex 83.91611652351682 2.1161165235168156 12
    endloop
  endfacet
  facet normal 0.7518398074789745 0.6593458151000723 0
    outer loop
      vertex 83.80830832463596 2.2390482137390992 6
      vertex 83.80830832463596 2.2390482137390992 12
      vertex 83.91611652351682 2.1161165235168156 6
    endloop
  endfacet
  facet normal 0.8314696123025146 0.555570233019648 6.004869705786243e-19
    outer loop
      vertex 83.80830832463596 2.2390482137390992 6
      vertex 83.71746824526944 2.375 6
      vertex 83.71746824526944 2.375 12
    endloop
  endfacet
  facet normal 0.8968727415327059 0.44228869021896544 3.433828481967996e-20
    outer loop
      vertex 83.71746824526944 2.375 6
      vertex 83.64515058436089 2.5216457095436375 6
      vertex 83.64515058436089 2.5216457095436375 12
    endloop
  endfacet
  facet normal 0.9469301294950933 0.3214394653031982 0
    outer loop
      vertex 83.59259271713866 2.6764761936218493 6
      vertex 83.59259271713866 2.6764761936218493 12
      vertex 83.64515058436089 2.5216457095436375 6
    endloop
  endfacet
  facet normal 0.9807852804032273 0.195090322016144 -2.7870433511465235e-19
    outer loop
      vertex 83.59259271713866 2.6764761936218493 6
      vertex 83.56069392328273 2.8368422597249356 6
      vertex 83.56069392328273 2.8368422597249356 12
    endloop
  endfacet
  facet normal 0.9978589232386063 0.06540312923010125 2.845675998787231e-20
    outer loop
      vertex 83.56069392328273 2.8368422597249356 6
      vertex 83.55 3 6
      vertex 83.55 3 12
    endloop
  endfacet
  facet normal 0.9978589232386063 -0.06540312923010125 -2.845675998787231e-20
    outer loop
      vertex 83.55 3 6
      vertex 83.56069392328273 3.1631577402750644 6
      vertex 83.56069392328273 3.1631577402750644 12
    endloop
  endfacet
  facet normal 0.9807852804032273 -0.195090322016144 2.7870433511465235e-19
    outer loop
      vertex 83.56069392328273 3.1631577402750644 6
      vertex 83.59259271713866 3.3235238063781507 6
      vertex 83.59259271713866 3.3235238063781507 12
    endloop
  endfacet
  facet normal 0.9469301294950933 -0.3214394653031982 -3.5238937423660233e-19
    outer loop
      vertex 83.59259271713866 3.3235238063781507 6
      vertex 83.64515058436089 3.4783542904563625 6
      vertex 83.64515058436089 3.4783542904563625 12
    endloop
  endfacet
  facet normal 0.8968727415327059 -0.44228869021896544 -3.433828481967996e-20
    outer loop
      vertex 83.64515058436089 3.4783542904563625 6
      vertex 83.71746824526944 3.625 6
      vertex 83.71746824526944 3.625 12
    endloop
  endfacet
  facet normal 0.8314696123025146 -0.555570233019648 -6.004869705786243e-19
    outer loop
      vertex 83.71746824526944 3.625 6
      vertex 83.80830832463596 3.7609517862609008 6
      vertex 83.80830832463596 3.7609517862609008 12
    endloop
  endfacet
  facet normal 0.7518398074789745 -0.6593458151000723 4.461928177128653e-19
    outer loop
      vertex 83.80830832463596 3.7609517862609008 6
      vertex 83.91611652351682 3.8838834764831844 6
      vertex 83.91611652351682 3.8838834764831844 12
    endloop
  endfacet
  facet normal 0.6593458151001 -0.75183980747895 -8.193351040024646e-19
    outer loop
      vertex 83.91611652351682 3.8838834764831844 6
      vertex 84.0390482137391 3.991691675364044 6
      vertex 84.0390482137391 3.991691675364044 12
    endloop
  endfacet
  facet normal 0.44228869021901124 0.8968727415326834 0
    outer loop
      vertex 84.175 1.9174682452694518 6
      vertex 84.175 1.9174682452694518 12
      vertex 84.32164570954363 1.8451505843608915 6
    endloop
  endfacet
  facet normal 0.3214394653031489 0.9469301294951099 3.5232695172803587e-19
    outer loop
      vertex 84.47647619362185 1.7925927171386646 6
      vertex 84.32164570954363 1.8451505843608915 6
      vertex 84.32164570954363 1.8451505843608915 12
    endloop
  endfacet
  facet normal 0.1950903220161356 0.980785280403229 0
    outer loop
      vertex 84.47647619362185 1.7925927171386646 6
      vertex 84.47647619362185 1.7925927171386646 12
      vertex 84.63684225972493 1.760693923282737 6
    endloop
  endfacet
  facet normal 0.06540312923014176 0.9978589232386036 0
    outer loop
      vertex 84.63684225972493 1.760693923282737 6
      vertex 84.63684225972493 1.760693923282737 12
      vertex 84.8 1.75 6
    endloop
  endfacet
  facet normal -0.06540312923014176 0.9978589232386036 0
    outer loop
      vertex 84.8 1.75 6
      vertex 84.8 1.75 12
      vertex 84.96315774027507 1.760693923282737 6
    endloop
  endfacet
  facet normal -0.1950903220161356 0.980785280403229 0
    outer loop
      vertex 84.96315774027507 1.760693923282737 6
      vertex 84.96315774027507 1.760693923282737 12
      vertex 85.12352380637815 1.7925927171386646 6
    endloop
  endfacet
  facet normal -0.3214394653031489 0.9469301294951099 0
    outer loop
      vertex 85.12352380637815 1.7925927171386646 6
      vertex 85.12352380637815 1.7925927171386646 12
      vertex 85.27835429045636 1.8451505843608915 6
    endloop
  endfacet
  facet normal -0.44228869021901124 0.8968727415326834 0
    outer loop
      vertex 85.27835429045636 1.8451505843608915 6
      vertex 85.27835429045636 1.8451505843608915 12
      vertex 85.425 1.9174682452694518 6
    endloop
  endfacet
  facet normal -0.5555702330195923 0.8314696123025518 0
    outer loop
      vertex 85.425 1.9174682452694518 6
      vertex 85.425 1.9174682452694518 12
      vertex 85.5609517862609 2.008308324635956 6
    endloop
  endfacet
  facet normal -0.6593458151001 0.75183980747895 0
    outer loop
      vertex 85.5609517862609 2.008308324635956 6
      vertex 85.5609517862609 2.008308324635956 12
      vertex 85.68388347648317 2.1161165235168156 6
    endloop
  endfacet
  facet normal -0.7518398074789745 0.6593458151000723 0
    outer loop
      vertex 85.68388347648317 2.1161165235168156 6
      vertex 85.68388347648317 2.1161165235168156 12
      vertex 85.79169167536404 2.2390482137390992 6
    endloop
  endfacet
  facet normal -0.8314696123025146 0.555570233019648 0
    outer loop
      vertex 85.79169167536404 2.2390482137390992 6
      vertex 85.79169167536404 2.2390482137390992 12
      vertex 85.88253175473055 2.375 6
    endloop
  endfacet
  facet normal -0.8968727415327059 0.44228869021896544 0
    outer loop
      vertex 85.88253175473055 2.375 6
      vertex 85.88253175473055 2.375 12
      vertex 85.9548494156391 2.5216457095436375 6
    endloop
  endfacet
  facet normal -0.9469301294950933 0.3214394653031982 0
    outer loop
      vertex 85.9548494156391 2.5216457095436375 6
      vertex 85.9548494156391 2.5216457095436375 12
      vertex 86.00740728286134 2.6764761936218493 6
    endloop
  endfacet
  facet normal -0.9807852804032273 0.195090322016144 0
    outer loop
      vertex 86.00740728286134 2.6764761936218493 6
      vertex 86.00740728286134 2.6764761936218493 12
      vertex 86.03930607671727 2.8368422597249356 6
    endloop
  endfacet
  facet normal -0.9978589232386063 0.06540312923010125 0
    outer loop
      vertex 86.03930607671727 2.8368422597249356 6
      vertex 86.03930607671727 2.8368422597249356 12
      vertex 86.05 3 6
    endloop
  endfacet
  facet normal -0.9978589232386063 -0.06540312923010125 0
    outer loop
      vertex 86.05 3 6
      vertex 86.05 3 12
      vertex 86.03930607671727 3.1631577402750644 6
    endloop
  endfacet
  facet normal -0.9807852804032273 -0.195090322016144 0
    outer loop
      vertex 86.03930607671727 3.1631577402750644 6
      vertex 86.03930607671727 3.1631577402750644 12
      vertex 86.00740728286134 3.3235238063781507 6
    endloop
  endfacet
  facet normal -0.9469301294950933 -0.3214394653031982 0
    outer loop
      vertex 86.00740728286134 3.3235238063781507 6
      vertex 86.00740728286134 3.3235238063781507 12
      vertex 85.9548494156391 3.4783542904563625 6
    endloop
  endfacet
  facet normal -0.8314696123025146 -0.555570233019648 0
    outer loop
      vertex 85.88253175473055 3.625 6
      vertex 85.88253175473055 3.625 12
      vertex 85.79169167536404 3.7609517862609008 6
    endloop
  endfacet
  facet normal -0.6593458151001 -0.75183980747895 0
    outer loop
      vertex 85.68388347648317 3.8838834764831844 6
      vertex 85.68388347648317 3.8838834764831844 12
      vertex 85.5609517862609 3.991691675364044 6
    endloop
  endfacet
  facet normal -0.7518398074789745 -0.6593458151000723 -4.461928177128653e-19
    outer loop
      vertex 85.68388347648317 3.8838834764831844 6
      vertex 85.79169167536404 3.7609517862609008 6
      vertex 85.79169167536404 3.7609517862609008 12
    endloop
  endfacet
  facet normal -0.8968727415327059 -0.44228869021896544 3.433828481967996e-20
    outer loop
      vertex 85.88253175473055 3.625 6
      vertex 85.9548494156391 3.4783542904563625 6
      vertex 85.9548494156391 3.4783542904563625 12
    endloop
  endfacet
  facet normal 0.5555702330195905 -0.8314696123025531 -7.94404441443787e-19
    outer loop
      vertex 84.0390482137391 3.991691675364044 6
      vertex 84.175 4.082531754730548 6
      vertex 84.175 4.082531754730548 12
    endloop
  endfacet
  facet normal 0.4422886902190134 -0.8968727415326823 -6.764557975698795e-19
    outer loop
      vertex 84.175 4.082531754730548 6
      vertex 84.32164570954363 4.1548494156391085 6
      vertex 84.32164570954363 4.1548494156391085 12
    endloop
  endfacet
  facet normal 0.3214394653031477 -0.9469301294951104 -3.104176171034824e-20
    outer loop
      vertex 84.32164570954363 4.1548494156391085 6
      vertex 84.47647619362185 4.207407282861335 6
      vertex 84.47647619362185 4.207407282861335 12
    endloop
  endfacet
  facet normal 0.1950903220161356 -0.980785280403229 1.779263322891365e-20
    outer loop
      vertex 84.47647619362185 4.207407282861335 6
      vertex 84.63684225972493 4.239306076717263 6
      vertex 84.63684225972493 4.239306076717263 12
    endloop
  endfacet
  facet normal 0.0654031292301431 -0.9978589232386035 9.577788990874599e-20
    outer loop
      vertex 84.63684225972493 4.239306076717263 6
      vertex 84.8 4.25 6
      vertex 84.8 4.25 12
    endloop
  endfacet
  facet normal -0.1950903220161356 -0.980785280403229 -1.779263322891365e-20
    outer loop
      vertex 84.96315774027507 4.239306076717263 6
      vertex 85.12352380637815 4.207407282861335 6
      vertex 85.12352380637815 4.207407282861335 12
    endloop
  endfacet
  facet normal -0.0654031292301431 -0.9978589232386035 -9.577788990874599e-20
    outer loop
      vertex 84.8 4.25 6
      vertex 84.96315774027507 4.239306076717263 6
      vertex 84.96315774027507 4.239306076717263 12
    endloop
  endfacet
  facet normal -0.3214394653031477 -0.9469301294951104 3.104176171034824e-20
    outer loop
      vertex 85.12352380637815 4.207407282861335 6
      vertex 85.27835429045636 4.1548494156391085 6
      vertex 85.27835429045636 4.1548494156391085 12
    endloop
  endfacet
  facet normal -0.5555702330195905 -0.8314696123025531 7.94404441443787e-19
    outer loop
      vertex 85.425 4.082531754730548 6
      vertex 85.5609517862609 3.991691675364044 6
      vertex 85.5609517862609 3.991691675364044 12
    endloop
  endfacet
  facet normal -0.4422886902190134 -0.8968727415326823 0
    outer loop
      vertex 85.425 4.082531754730548 6
      vertex 85.425 4.082531754730548 12
      vertex 85.27835429045636 4.1548494156391085 6
    endloop
  endfacet
  facet normal 0.8314696123025146 0.555570233019648 0
    outer loop
      vertex 83.80830832463596 2.2390482137390992 6
      vertex 83.71746824526944 2.375 12
      vertex 83.80830832463596 2.2390482137390992 12
    endloop
  endfacet
  facet normal 0.5555702330195923 0.8314696123025518 0
    outer loop
      vertex 84.175 1.9174682452694518 6
      vertex 84.0390482137391 2.008308324635956 12
      vertex 84.175 1.9174682452694518 12
    endloop
  endfacet
  facet normal 0.7518398074789745 0.6593458151000723 0
    outer loop
      vertex 83.91611652351682 2.1161165235168156 6
      vertex 83.80830832463596 2.2390482137390992 12
      vertex 83.91611652351682 2.1161165235168156 12
    endloop
  endfacet
  facet normal 0.6593458151001 0.75183980747895 0
    outer loop
      vertex 84.0390482137391 2.008308324635956 6
      vertex 83.91611652351682 2.1161165235168156 12
      vertex 84.0390482137391 2.008308324635956 12
    endloop
  endfacet
  facet normal 0.8968727415327059 0.44228869021896544 0
    outer loop
      vertex 83.71746824526944 2.375 6
      vertex 83.64515058436089 2.5216457095436375 12
      vertex 83.71746824526944 2.375 12
    endloop
  endfacet
  facet normal 0.9469301294950933 0.3214394653031982 0
    outer loop
      vertex 83.64515058436089 2.5216457095436375 6
      vertex 83.59259271713866 2.6764761936218493 12
      vertex 83.64515058436089 2.5216457095436375 12
    endloop
  endfacet
  facet normal 0.9807852804032273 0.195090322016144 0
    outer loop
      vertex 83.59259271713866 2.6764761936218493 6
      vertex 83.56069392328273 2.8368422597249356 12
      vertex 83.59259271713866 2.6764761936218493 12
    endloop
  endfacet
  facet normal 0.9978589232386063 0.06540312923010125 0
    outer loop
      vertex 83.56069392328273 2.8368422597249356 6
      vertex 83.55 3 12
      vertex 83.56069392328273 2.8368422597249356 12
    endloop
  endfacet
  facet normal 0.9978589232386063 -0.06540312923010125 0
    outer loop
      vertex 83.55 3 6
      vertex 83.56069392328273 3.1631577402750644 12
      vertex 83.55 3 12
    endloop
  endfacet
  facet normal 0.9807852804032273 -0.195090322016144 0
    outer loop
      vertex 83.56069392328273 3.1631577402750644 6
      vertex 83.59259271713866 3.3235238063781507 12
      vertex 83.56069392328273 3.1631577402750644 12
    endloop
  endfacet
  facet normal 0.9469301294950933 -0.3214394653031982 0
    outer loop
      vertex 83.59259271713866 3.3235238063781507 6
      vertex 83.64515058436089 3.4783542904563625 12
      vertex 83.59259271713866 3.3235238063781507 12
    endloop
  endfacet
  facet normal 0.8968727415327059 -0.44228869021896544 0
    outer loop
      vertex 83.64515058436089 3.4783542904563625 6
      vertex 83.71746824526944 3.625 12
      vertex 83.64515058436089 3.4783542904563625 12
    endloop
  endfacet
  facet normal 0.8314696123025146 -0.555570233019648 0
    outer loop
      vertex 83.71746824526944 3.625 6
      vertex 83.80830832463596 3.7609517862609008 12
      vertex 83.71746824526944 3.625 12
    endloop
  endfacet
  facet normal 0.7518398074789745 -0.6593458151000723 0
    outer loop
      vertex 83.80830832463596 3.7609517862609008 6
      vertex 83.91611652351682 3.8838834764831844 12
      vertex 83.80830832463596 3.7609517862609008 12
    endloop
  endfacet
  facet normal 0.6593458151001 -0.75183980747895 0
    outer loop
      vertex 83.91611652351682 3.8838834764831844 6
      vertex 84.0390482137391 3.991691675364044 12
      vertex 83.91611652351682 3.8838834764831844 12
    endloop
  endfacet
  facet normal 0.44228869021901124 0.8968727415326834 0
    outer loop
      vertex 84.32164570954363 1.8451505843608915 6
      vertex 84.175 1.9174682452694518 12
      vertex 84.32164570954363 1.8451505843608915 12
    endloop
  endfacet
  facet normal 0.3214394653031489 0.9469301294951099 0
    outer loop
      vertex 84.47647619362185 1.7925927171386646 6
      vertex 84.32164570954363 1.8451505843608915 12
      vertex 84.47647619362185 1.7925927171386646 12
    endloop
  endfacet
  facet normal 0.1950903220161356 0.980785280403229 0
    outer loop
      vertex 84.63684225972493 1.760693923282737 6
      vertex 84.47647619362185 1.7925927171386646 12
      vertex 84.63684225972493 1.760693923282737 12
    endloop
  endfacet
  facet normal 0.06540312923014176 0.9978589232386036 0
    outer loop
      vertex 84.8 1.75 6
      vertex 84.63684225972493 1.760693923282737 12
      vertex 84.8 1.75 12
    endloop
  endfacet
  facet normal -0.06540312923014176 0.9978589232386036 0
    outer loop
      vertex 84.96315774027507 1.760693923282737 6
      vertex 84.8 1.75 12
      vertex 84.96315774027507 1.760693923282737 12
    endloop
  endfacet
  facet normal -0.1950903220161356 0.980785280403229 0
    outer loop
      vertex 85.12352380637815 1.7925927171386646 6
      vertex 84.96315774027507 1.760693923282737 12
      vertex 85.12352380637815 1.7925927171386646 12
    endloop
  endfacet
  facet normal -0.3214394653031489 0.9469301294951099 0
    outer loop
      vertex 85.27835429045636 1.8451505843608915 6
      vertex 85.12352380637815 1.7925927171386646 12
      vertex 85.27835429045636 1.8451505843608915 12
    endloop
  endfacet
  facet normal -0.44228869021901124 0.8968727415326834 0
    outer loop
      vertex 85.425 1.9174682452694518 6
      vertex 85.27835429045636 1.8451505843608915 12
      vertex 85.425 1.9174682452694518 12
    endloop
  endfacet
  facet normal -0.5555702330195923 0.8314696123025518 0
    outer loop
      vertex 85.5609517862609 2.008308324635956 6
      vertex 85.425 1.9174682452694518 12
      vertex 85.5609517862609 2.008308324635956 12
    endloop
  endfacet
  facet normal -0.6593458151001 0.75183980747895 0
    outer loop
      vertex 85.68388347648317 2.1161165235168156 6
      vertex 85.5609517862609 2.008308324635956 12
      vertex 85.68388347648317 2.1161165235168156 12
    endloop
  endfacet
  facet normal -0.7518398074789745 0.6593458151000723 0
    outer loop
      vertex 85.79169167536404 2.2390482137390992 6
      vertex 85.68388347648317 2.1161165235168156 12
      vertex 85.79169167536404 2.2390482137390992 12
    endloop
  endfacet
  facet normal -0.8314696123025146 0.555570233019648 0
    outer loop
      vertex 85.88253175473055 2.375 6
      vertex 85.79169167536404 2.2390482137390992 12
      vertex 85.88253175473055 2.375 12
    endloop
  endfacet
  facet normal -0.8968727415327059 0.44228869021896544 0
    outer loop
      vertex 85.9548494156391 2.5216457095436375 6
      vertex 85.88253175473055 2.375 12
      vertex 85.9548494156391 2.5216457095436375 12
    endloop
  endfacet
  facet normal -0.9469301294950933 0.3214394653031982 0
    outer loop
      vertex 86.00740728286134 2.6764761936218493 6
      vertex 85.9548494156391 2.5216457095436375 12
      vertex 86.00740728286134 2.6764761936218493 12
    endloop
  endfacet
  facet normal -0.9807852804032273 0.195090322016144 0
    outer loop
      vertex 86.03930607671727 2.8368422597249356 6
      vertex 86.00740728286134 2.6764761936218493 12
      vertex 86.03930607671727 2.8368422597249356 12
    endloop
  endfacet
  facet normal -0.9978589232386063 0.06540312923010125 0
    outer loop
      vertex 86.05 3 6
      vertex 86.03930607671727 2.8368422597249356 12
      vertex 86.05 3 12
    endloop
  endfacet
  facet normal -0.9978589232386063 -0.06540312923010125 0
    outer loop
      vertex 86.03930607671727 3.1631577402750644 6
      vertex 86.05 3 12
      vertex 86.03930607671727 3.1631577402750644 12
    endloop
  endfacet
  facet normal -0.9807852804032273 -0.195090322016144 0
    outer loop
      vertex 86.00740728286134 3.3235238063781507 6
      vertex 86.03930607671727 3.1631577402750644 12
      vertex 86.00740728286134 3.3235238063781507 12
    endloop
  endfacet
  facet normal -0.6593458151001 -0.75183980747895 0
    outer loop
      vertex 85.5609517862609 3.991691675364044 6
      vertex 85.68388347648317 3.8838834764831844 12
      vertex 85.5609517862609 3.991691675364044 12
    endloop
  endfacet
  facet normal -0.8314696123025146 -0.555570233019648 0
    outer loop
      vertex 85.79169167536404 3.7609517862609008 6
      vertex 85.88253175473055 3.625 12
      vertex 85.79169167536404 3.7609517862609008 12
    endloop
  endfacet
  facet normal -0.7518398074789745 -0.6593458151000723 0
    outer loop
      vertex 85.68388347648317 3.8838834764831844 6
      vertex 85.79169167536404 3.7609517862609008 12
      vertex 85.68388347648317 3.8838834764831844 12
    endloop
  endfacet
  facet normal -0.9469301294950933 -0.3214394653031982 0
    outer loop
      vertex 85.9548494156391 3.4783542904563625 6
      vertex 86.00740728286134 3.3235238063781507 12
      vertex 85.9548494156391 3.4783542904563625 12
    endloop
  endfacet
  facet normal -0.8968727415327059 -0.44228869021896544 0
    outer loop
      vertex 85.88253175473055 3.625 6
      vertex 85.9548494156391 3.4783542904563625 12
      vertex 85.88253175473055 3.625 12
    endloop
  endfacet
  facet normal 0.5555702330195905 -0.8314696123025531 0
    outer loop
      vertex 84.0390482137391 3.991691675364044 6
      vertex 84.175 4.082531754730548 12
      vertex 84.0390482137391 3.991691675364044 12
    endloop
  endfacet
  facet normal 0.4422886902190134 -0.8968727415326823 0
    outer loop
      vertex 84.175 4.082531754730548 6
      vertex 84.32164570954363 4.1548494156391085 12
      vertex 84.175 4.082531754730548 12
    endloop
  endfacet
  facet normal 0.3214394653031477 -0.9469301294951104 0
    outer loop
      vertex 84.32164570954363 4.1548494156391085 6
      vertex 84.47647619362185 4.207407282861335 12
      vertex 84.32164570954363 4.1548494156391085 12
    endloop
  endfacet
  facet normal 0.1950903220161356 -0.980785280403229 0
    outer loop
      vertex 84.47647619362185 4.207407282861335 6
      vertex 84.63684225972493 4.239306076717263 12
      vertex 84.47647619362185 4.207407282861335 12
    endloop
  endfacet
  facet normal 0.0654031292301431 -0.9978589232386035 0
    outer loop
      vertex 84.63684225972493 4.239306076717263 6
      vertex 84.8 4.25 12
      vertex 84.63684225972493 4.239306076717263 12
    endloop
  endfacet
  facet normal -0.1950903220161356 -0.980785280403229 0
    outer loop
      vertex 84.96315774027507 4.239306076717263 6
      vertex 85.12352380637815 4.207407282861335 12
      vertex 84.96315774027507 4.239306076717263 12
    endloop
  endfacet
  facet normal -0.3214394653031477 -0.9469301294951104 0
    outer loop
      vertex 85.12352380637815 4.207407282861335 6
      vertex 85.27835429045636 4.1548494156391085 12
      vertex 85.12352380637815 4.207407282861335 12
    endloop
  endfacet
  facet normal -0.0654031292301431 -0.9978589232386035 0
    outer loop
      vertex 84.8 4.25 6
      vertex 84.96315774027507 4.239306076717263 12
      vertex 84.8 4.25 12
    endloop
  endfacet
  facet normal -0.4422886902190134 -0.8968727415326823 0
    outer loop
      vertex 85.27835429045636 4.1548494156391085 6
      vertex 85.425 4.082531754730548 12
      vertex 85.27835429045636 4.1548494156391085 12
    endloop
  endfacet
  facet normal -0.5555702330195905 -0.8314696123025531 0
    outer loop
      vertex 85.425 4.082531754730548 6
      vertex 85.5609517862609 3.991691675364044 12
      vertex 85.425 4.082531754730548 12
    endloop
  endfacet
  facet normal 0 0 1
    outer loop
      vertex 83.91611652351682 52.91611652351681 6
      vertex 84.0390482137391 52.80830832463595 6
      vertex 84.0390482137391 54.79169167536404 6
    endloop
  endfacet
  facet normal 0 0 1
    outer loop
      vertex 84.0390482137391 52.80830832463595 6
      vertex 84.175 52.71746824526945 6
      vertex 84.175 54.88253175473054 6
    endloop
  endfacet
  facet normal 0 0 1
    outer loop
      vertex 83.56069392328273 53.63684225972493 6
      vertex 83.56069392328273 53.963157740275065 6
      vertex 83.55 53.8 6
    endloop
  endfacet
  facet normal 0 0 1
    outer loop
      vertex 83.64515058436089 53.32164570954364 6
      vertex 83.64515058436089 54.278354290456356 6
      vertex 83.59259271713866 53.47647619362185 6
    endloop
  endfacet
  facet normal 0 0 1
    outer loop
      vertex 83.59259271713866 53.47647619362185 6
      vertex 83.59259271713866 54.123523806378145 6
      vertex 83.56069392328273 53.63684225972493 6
    endloop
  endfacet
  facet normal 0 0 1
    outer loop
      vertex 83.71746824526944 53.175 6
      vertex 83.71746824526944 54.425 6
      vertex 83.64515058436089 53.32164570954364 6
    endloop
  endfacet
  facet normal 0 0 1
    outer loop
      vertex 83.80830832463596 53.03904821373909 6
      vertex 83.80830832463596 54.5609517862609 6
      vertex 83.71746824526944 53.175 6
    endloop
  endfacet
  facet normal 0 0 1
    outer loop
      vertex 83.56069392328273 53.63684225972493 6
      vertex 83.59259271713866 54.123523806378145 6
      vertex 83.56069392328273 53.963157740275065 6
    endloop
  endfacet
  facet normal 0 0 1
    outer loop
      vertex 83.59259271713866 53.47647619362185 6
      vertex 83.64515058436089 54.278354290456356 6
      vertex 83.59259271713866 54.123523806378145 6
    endloop
  endfacet
  facet normal 0 0 1
    outer loop
      vertex 83.64515058436089 53.32164570954364 6
      vertex 83.71746824526944 54.425 6
      vertex 83.64515058436089 54.278354290456356 6
    endloop
  endfacet
  facet normal 0 0 1
    outer loop
      vertex 83.71746824526944 53.175 6
      vertex 83.80830832463596 54.5609517862609 6
      vertex 83.71746824526944 54.425 6
    endloop
  endfacet
  facet normal 0 0 1
    outer loop
      vertex 83.80830832463596 53.03904821373909 6
      vertex 83.91611652351682 52.91611652351681 6
      vertex 83.91611652351682 54.68388347648318 6
    endloop
  endfacet
  facet normal 0 0 1
    outer loop
      vertex 83.80830832463596 53.03904821373909 6
      vertex 83.91611652351682 54.68388347648318 6
      vertex 83.80830832463596 54.5609517862609 6
    endloop
  endfacet
  facet normal 0 0 1
    outer loop
      vertex 83.91611652351682 52.91611652351681 6
      vertex 84.0390482137391 54.79169167536404 6
      vertex 83.91611652351682 54.68388347648318 6
    endloop
  endfacet
  facet normal 0 0 1
    outer loop
      vertex 84.0390482137391 52.80830832463595 6
      vertex 84.175 54.88253175473054 6
      vertex 84.0390482137391 54.79169167536404 6
    endloop
  endfacet
  facet normal 0 0 1
    outer loop
      vertex 84.32164570954363 52.64515058436089 6
      vertex 84.32164570954363 54.9548494156391 6
      vertex 84.175 52.71746824526945 6
    endloop
  endfacet
  facet normal 0 0 1
    outer loop
      vertex 84.32164570954363 52.64515058436089 6
      vertex 84.47647619362185 52.592592717138665 6
      vertex 84.47647619362185 55.00740728286133 6
    endloop
  endfacet
  facet normal 0 0 1
    outer loop
      vertex 84.47647619362185 52.592592717138665 6
      vertex 84.63684225972493 52.560693923282734 6
      vertex 84.63684225972493 55.03930607671726 6
    endloop
  endfacet
  facet normal 0 0 1
    outer loop
      vertex 84.63684225972493 52.560693923282734 6
      vertex 84.8 52.55 6
      vertex 84.8 55.05 6
    endloop
  endfacet
  facet normal 0 0 1
    outer loop
      vertex 84.8 52.55 6
      vertex 84.96315774027507 52.560693923282734 6
      vertex 84.96315774027507 55.03930607671726 6
    endloop
  endfacet
  facet normal 0 0 1
    outer loop
      vertex 84.96315774027507 52.560693923282734 6
      vertex 85.12352380637815 52.592592717138665 6
      vertex 85.12352380637815 55.00740728286133 6
    endloop
  endfacet
  facet normal 0 0 1
    outer loop
      vertex 85.12352380637815 52.592592717138665 6
      vertex 85.27835429045636 52.64515058436089 6
      vertex 85.27835429045636 54.9548494156391 6
    endloop
  endfacet
  facet normal 0 0 1
    outer loop
      vertex 85.27835429045636 52.64515058436089 6
      vertex 85.425 52.71746824526945 6
      vertex 85.425 54.88253175473054 6
    endloop
  endfacet
  facet normal 0 0 1
    outer loop
      vertex 85.425 52.71746824526945 6
      vertex 85.5609517862609 52.80830832463595 6
      vertex 85.5609517862609 54.79169167536404 6
    endloop
  endfacet
  facet normal 0 0 1
    outer loop
      vertex 84.175 52.71746824526945 6
      vertex 84.32164570954363 54.9548494156391 6
      vertex 84.175 54.88253175473054 6
    endloop
  endfacet
  facet normal 0 0 1
    outer loop
      vertex 84.32164570954363 52.64515058436089 6
      vertex 84.47647619362185 55.00740728286133 6
      vertex 84.32164570954363 54.9548494156391 6
    endloop
  endfacet
  facet normal 0 0 1
    outer loop
      vertex 84.47647619362185 52.592592717138665 6
      vertex 84.63684225972493 55.03930607671726 6
      vertex 84.47647619362185 55.00740728286133 6
    endloop
  endfacet
  facet normal 0 0 1
    outer loop
      vertex 84.63684225972493 52.560693923282734 6
      vertex 84.8 55.05 6
      vertex 84.63684225972493 55.03930607671726 6
    endloop
  endfacet
  facet normal 0 0 1
    outer loop
      vertex 84.8 52.55 6
      vertex 84.96315774027507 55.03930607671726 6
      vertex 84.8 55.05 6
    endloop
  endfacet
  facet normal 0 0 1
    outer loop
      vertex 84.96315774027507 52.560693923282734 6
      vertex 85.12352380637815 55.00740728286133 6
      vertex 84.96315774027507 55.03930607671726 6
    endloop
  endfacet
  facet normal 0 0 1
    outer loop
      vertex 85.12352380637815 52.592592717138665 6
      vertex 85.27835429045636 54.9548494156391 6
      vertex 85.12352380637815 55.00740728286133 6
    endloop
  endfacet
  facet normal 0 0 1
    outer loop
      vertex 85.27835429045636 52.64515058436089 6
      vertex 85.425 54.88253175473054 6
      vertex 85.27835429045636 54.9548494156391 6
    endloop
  endfacet
  facet normal 0 0 1
    outer loop
      vertex 85.425 52.71746824526945 6
      vertex 85.5609517862609 54.79169167536404 6
      vertex 85.425 54.88253175473054 6
    endloop
  endfacet
  facet normal 0 0 1
    outer loop
      vertex 85.5609517862609 52.80830832463595 6
      vertex 85.68388347648317 52.91611652351681 6
      vertex 85.68388347648317 54.68388347648318 6
    endloop
  endfacet
  facet normal 0 0 1
    outer loop
      vertex 85.68388347648317 52.91611652351681 6
      vertex 85.79169167536404 53.03904821373909 6
      vertex 85.79169167536404 54.5609517862609 6
    endloop
  endfacet
  facet normal 0 0 1
    outer loop
      vertex 85.79169167536404 53.03904821373909 6
      vertex 85.88253175473055 53.175 6
      vertex 85.88253175473055 54.425 6
    endloop
  endfacet
  facet normal 0 0 1
    outer loop
      vertex 85.68388347648317 52.91611652351681 6
      vertex 85.79169167536404 54.5609517862609 6
      vertex 85.68388347648317 54.68388347648318 6
    endloop
  endfacet
  facet normal 0 0 1
    outer loop
      vertex 85.79169167536404 53.03904821373909 6
      vertex 85.88253175473055 54.425 6
      vertex 85.79169167536404 54.5609517862609 6
    endloop
  endfacet
  facet normal 0 0 1
    outer loop
      vertex 85.88253175473055 53.175 6
      vertex 85.9548494156391 53.32164570954364 6
      vertex 85.9548494156391 54.278354290456356 6
    endloop
  endfacet
  facet normal 0 0 1
    outer loop
      vertex 85.9548494156391 53.32164570954364 6
      vertex 86.00740728286134 53.47647619362185 6
      vertex 86.00740728286134 54.123523806378145 6
    endloop
  endfacet
  facet normal 0 0 1
    outer loop
      vertex 86.00740728286134 53.47647619362185 6
      vertex 86.03930607671727 53.63684225972493 6
      vertex 86.03930607671727 53.963157740275065 6
    endloop
  endfacet
  facet normal 0 0 1
    outer loop
      vertex 86.03930607671727 53.63684225972493 6
      vertex 86.05 53.8 6
      vertex 86.03930607671727 53.963157740275065 6
    endloop
  endfacet
  facet normal 0 0 1
    outer loop
      vertex 86.00740728286134 53.47647619362185 6
      vertex 86.03930607671727 53.963157740275065 6
      vertex 86.00740728286134 54.123523806378145 6
    endloop
  endfacet
  facet normal 0 0 1
    outer loop
      vertex 85.9548494156391 53.32164570954364 6
      vertex 86.00740728286134 54.123523806378145 6
      vertex 85.9548494156391 54.278354290456356 6
    endloop
  endfacet
  facet normal 0 0 1
    outer loop
      vertex 85.88253175473055 53.175 6
      vertex 85.9548494156391 54.278354290456356 6
      vertex 85.88253175473055 54.425 6
    endloop
  endfacet
  facet normal 0 0 1
    outer loop
      vertex 85.5609517862609 52.80830832463595 6
      vertex 85.68388347648317 54.68388347648318 6
      vertex 85.5609517862609 54.79169167536404 6
    endloop
  endfacet
  facet normal 0.6593458151001031 0.7518398074789473 0
    outer loop
      vertex 83.91611652351682 52.91611652351681 6
      vertex 83.91611652351682 52.91611652351681 12
      vertex 84.0390482137391 52.80830832463595 6
    endloop
  endfacet
  facet normal 0.5555702330195792 0.8314696123025607 0
    outer loop
      vertex 84.0390482137391 52.80830832463595 6
      vertex 84.0390482137391 52.80830832463595 12
      vertex 84.175 52.71746824526945 6
    endloop
  endfacet
  facet normal 0.4422886902190091 0.8968727415326845 8.225179831712745e-19
    outer loop
      vertex 84.32164570954363 52.64515058436089 6
      vertex 84.175 52.71746824526945 6
      vertex 84.175 52.71746824526945 12
    endloop
  endfacet
  facet normal 0.3214394653031477 0.9469301294951104 0
    outer loop
      vertex 84.32164570954363 52.64515058436089 6
      vertex 84.32164570954363 52.64515058436089 12
      vertex 84.47647619362185 52.592592717138665 6
    endloop
  endfacet
  facet normal 0.19509032201615129 0.9807852804032259 0
    outer loop
      vertex 84.47647619362185 52.592592717138665 6
      vertex 84.47647619362185 52.592592717138665 12
      vertex 84.63684225972493 52.560693923282734 6
    endloop
  endfacet
  facet normal 0.0654031292301431 0.9978589232386035 0
    outer loop
      vertex 84.63684225972493 52.560693923282734 6
      vertex 84.63684225972493 52.560693923282734 12
      vertex 84.8 52.55 6
    endloop
  endfacet
  facet normal -0.0654031292301431 0.9978589232386035 0
    outer loop
      vertex 84.8 52.55 6
      vertex 84.8 52.55 12
      vertex 84.96315774027507 52.560693923282734 6
    endloop
  endfacet
  facet normal -0.19509032201615129 0.9807852804032259 0
    outer loop
      vertex 84.96315774027507 52.560693923282734 6
      vertex 84.96315774027507 52.560693923282734 12
      vertex 85.12352380637815 52.592592717138665 6
    endloop
  endfacet
  facet normal -0.3214394653031477 0.9469301294951104 0
    outer loop
      vertex 85.12352380637815 52.592592717138665 6
      vertex 85.12352380637815 52.592592717138665 12
      vertex 85.27835429045636 52.64515058436089 6
    endloop
  endfacet
  facet normal -0.4422886902190091 0.8968727415326845 0
    outer loop
      vertex 85.27835429045636 52.64515058436089 6
      vertex 85.27835429045636 52.64515058436089 12
      vertex 85.425 52.71746824526945 6
    endloop
  endfacet
  facet normal -0.5555702330195792 0.8314696123025607 0
    outer loop
      vertex 85.425 52.71746824526945 6
      vertex 85.425 52.71746824526945 12
      vertex 85.5609517862609 52.80830832463595 6
    endloop
  endfacet
  facet normal -0.6593458151001031 0.7518398074789473 0
    outer loop
      vertex 85.5609517862609 52.80830832463595 6
      vertex 85.5609517862609 52.80830832463595 12
      vertex 85.68388347648317 52.91611652351681 6
    endloop
  endfacet
  facet normal -0.7518398074789663 0.6593458151000816 0
    outer loop
      vertex 85.68388347648317 52.91611652351681 6
      vertex 85.68388347648317 52.91611652351681 12
      vertex 85.79169167536404 53.03904821373909 6
    endloop
  endfacet
  facet normal 0.7518398074789663 0.6593458151000816 0
    outer loop
      vertex 83.91611652351682 52.91611652351681 6
      vertex 83.80830832463596 53.03904821373909 12
      vertex 83.91611652351682 52.91611652351681 12
    endloop
  endfacet
  facet normal 0.5555702330195792 0.8314696123025607 0
    outer loop
      vertex 84.175 52.71746824526945 6
      vertex 84.0390482137391 52.80830832463595 12
      vertex 84.175 52.71746824526945 12
    endloop
  endfacet
  facet normal 0.6593458151001031 0.7518398074789473 0
    outer loop
      vertex 84.0390482137391 52.80830832463595 6
      vertex 83.91611652351682 52.91611652351681 12
      vertex 84.0390482137391 52.80830832463595 12
    endloop
  endfacet
  facet normal 0.4422886902190091 0.8968727415326845 0
    outer loop
      vertex 84.32164570954363 52.64515058436089 6
      vertex 84.175 52.71746824526945 12
      vertex 84.32164570954363 52.64515058436089 12
    endloop
  endfacet
  facet normal 0.3214394653031477 0.9469301294951104 0
    outer loop
      vertex 84.47647619362185 52.592592717138665 6
      vertex 84.32164570954363 52.64515058436089 12
      vertex 84.47647619362185 52.592592717138665 12
    endloop
  endfacet
  facet normal 0.19509032201615129 0.9807852804032259 0
    outer loop
      vertex 84.63684225972493 52.560693923282734 6
      vertex 84.47647619362185 52.592592717138665 12
      vertex 84.63684225972493 52.560693923282734 12
    endloop
  endfacet
  facet normal 0.0654031292301431 0.9978589232386035 0
    outer loop
      vertex 84.8 52.55 6
      vertex 84.63684225972493 52.560693923282734 12
      vertex 84.8 52.55 12
    endloop
  endfacet
  facet normal -0.0654031292301431 0.9978589232386035 0
    outer loop
      vertex 84.96315774027507 52.560693923282734 6
      vertex 84.8 52.55 12
      vertex 84.96315774027507 52.560693923282734 12
    endloop
  endfacet
  facet normal -0.19509032201615129 0.9807852804032259 0
    outer loop
      vertex 85.12352380637815 52.592592717138665 6
      vertex 84.96315774027507 52.560693923282734 12
      vertex 85.12352380637815 52.592592717138665 12
    endloop
  endfacet
  facet normal -0.3214394653031477 0.9469301294951104 0
    outer loop
      vertex 85.27835429045636 52.64515058436089 6
      vertex 85.12352380637815 52.592592717138665 12
      vertex 85.27835429045636 52.64515058436089 12
    endloop
  endfacet
  facet normal -0.4422886902190091 0.8968727415326845 0
    outer loop
      vertex 85.425 52.71746824526945 6
      vertex 85.27835429045636 52.64515058436089 12
      vertex 85.425 52.71746824526945 12
    endloop
  endfacet
  facet normal -0.5555702330195792 0.8314696123025607 0
    outer loop
      vertex 85.5609517862609 52.80830832463595 6
      vertex 85.425 52.71746824526945 12
      vertex 85.5609517862609 52.80830832463595 12
    endloop
  endfacet
  facet normal -0.6593458151001031 0.7518398074789473 0
    outer loop
      vertex 85.68388347648317 52.91611652351681 6
      vertex 85.5609517862609 52.80830832463595 12
      vertex 85.68388347648317 52.91611652351681 12
    endloop
  endfacet
  facet normal 0.8314696123025204 0.5555702330196393 -7.88325652450153e-19
    outer loop
      vertex 83.80830832463596 53.03904821373909 6
      vertex 83.71746824526944 53.175 6
      vertex 83.71746824526944 53.175 12
    endloop
  endfacet
  facet normal 0.9469301294950927 0.3214394653031999 1.9259029329911365e-19
    outer loop
      vertex 83.64515058436089 53.32164570954364 6
      vertex 83.59259271713866 53.47647619362185 6
      vertex 83.59259271713866 53.47647619362185 12
    endloop
  endfacet
  facet normal 0.8968727415327101 0.44228869021895684 -1.5410191804747979e-19
    outer loop
      vertex 83.71746824526944 53.175 6
      vertex 83.64515058436089 53.32164570954364 6
      vertex 83.64515058436089 53.32164570954364 12
    endloop
  endfacet
  facet normal 0.7518398074789663 0.6593458151000816 0
    outer loop
      vertex 83.80830832463596 53.03904821373909 6
      vertex 83.80830832463596 53.03904821373909 12
      vertex 83.91611652351682 52.91611652351681 6
    endloop
  endfacet
  facet normal 0.9807852804032259 0.19509032201615129 2.9646280279618866e-19
    outer loop
      vertex 83.59259271713866 53.47647619362185 6
      vertex 83.56069392328273 53.63684225972493 6
      vertex 83.56069392328273 53.63684225972493 12
    endloop
  endfacet
  facet normal 0.9978589232386063 0.06540312923009983 -1.7791271403319278e-20
    outer loop
      vertex 83.56069392328273 53.63684225972493 6
      vertex 83.55 53.8 6
      vertex 83.55 53.8 12
    endloop
  endfacet
  facet normal 0.9978589232386063 -0.06540312923009983 1.7791271403319278e-20
    outer loop
      vertex 83.55 53.8 6
      vertex 83.56069392328273 53.963157740275065 6
      vertex 83.56069392328273 53.963157740275065 12
    endloop
  endfacet
  facet normal 0.9807852804032259 -0.19509032201615129 -2.9646280279618866e-19
    outer loop
      vertex 83.56069392328273 53.963157740275065 6
      vertex 83.59259271713866 54.123523806378145 6
      vertex 83.59259271713866 54.123523806378145 12
    endloop
  endfacet
  facet normal 0.9469301294950927 -0.3214394653031999 -1.9259029329911365e-19
    outer loop
      vertex 83.59259271713866 54.123523806378145 6
      vertex 83.64515058436089 54.278354290456356 6
      vertex 83.64515058436089 54.278354290456356 12
    endloop
  endfacet
  facet normal 0.8968727415327101 -0.44228869021895684 1.5410191804747979e-19
    outer loop
      vertex 83.64515058436089 54.278354290456356 6
      vertex 83.71746824526944 54.425 6
      vertex 83.71746824526944 54.425 12
    endloop
  endfacet
  facet normal 0.8314696123025204 -0.5555702330196393 7.88325652450153e-19
    outer loop
      vertex 83.71746824526944 54.425 6
      vertex 83.80830832463596 54.5609517862609 6
      vertex 83.80830832463596 54.5609517862609 12
    endloop
  endfacet
  facet normal 0.7518398074789663 -0.6593458151000816 1.0617429472459382e-19
    outer loop
      vertex 83.80830832463596 54.5609517862609 6
      vertex 83.91611652351682 54.68388347648318 6
      vertex 83.91611652351682 54.68388347648318 12
    endloop
  endfacet
  facet normal 0.6593458151001031 -0.7518398074789473 8.446207967190355e-19
    outer loop
      vertex 83.91611652351682 54.68388347648318 6
      vertex 84.0390482137391 54.79169167536404 6
      vertex 84.0390482137391 54.79169167536404 12
    endloop
  endfacet
  facet normal 0.5555702330195792 -0.8314696123025607 -4.795587014595089e-19
    outer loop
      vertex 84.0390482137391 54.79169167536404 6
      vertex 84.175 54.88253175473054 6
      vertex 84.175 54.88253175473054 12
    endloop
  endfacet
  facet normal 0.4422886902190091 -0.8968727415326845 -8.225179831712745e-19
    outer loop
      vertex 84.175 54.88253175473054 6
      vertex 84.32164570954363 54.9548494156391 6
      vertex 84.32164570954363 54.9548494156391 12
    endloop
  endfacet
  facet normal 0.3214394653031477 -0.9469301294951104 -3.104176171034824e-20
    outer loop
      vertex 84.32164570954363 54.9548494156391 6
      vertex 84.47647619362185 55.00740728286133 6
      vertex 84.47647619362185 55.00740728286133 12
    endloop
  endfacet
  facet normal 0.19509032201615129 -0.9807852804032259 -2.9646280279618866e-19
    outer loop
      vertex 84.47647619362185 55.00740728286133 6
      vertex 84.63684225972493 55.03930607671726 6
      vertex 84.63684225972493 55.03930607671726 12
    endloop
  endfacet
  facet normal 0.0654031292301431 -0.9978589232386035 9.577788990874599e-20
    outer loop
      vertex 84.63684225972493 55.03930607671726 6
      vertex 84.8 55.05 6
      vertex 84.8 55.05 12
    endloop
  endfacet
  facet normal -0.0654031292301431 -0.9978589232386035 -9.577788990874599e-20
    outer loop
      vertex 84.8 55.05 6
      vertex 84.96315774027507 55.03930607671726 6
      vertex 84.96315774027507 55.03930607671726 12
    endloop
  endfacet
  facet normal -0.19509032201615129 -0.9807852804032259 2.9646280279618866e-19
    outer loop
      vertex 84.96315774027507 55.03930607671726 6
      vertex 85.12352380637815 55.00740728286133 6
      vertex 85.12352380637815 55.00740728286133 12
    endloop
  endfacet
  facet normal -0.4422886902190091 -0.8968727415326845 8.225179831712745e-19
    outer loop
      vertex 85.27835429045636 54.9548494156391 6
      vertex 85.425 54.88253175473054 6
      vertex 85.425 54.88253175473054 12
    endloop
  endfacet
  facet normal -0.5555702330195792 -0.8314696123025607 4.795587014595089e-19
    outer loop
      vertex 85.425 54.88253175473054 6
      vertex 85.5609517862609 54.79169167536404 6
      vertex 85.5609517862609 54.79169167536404 12
    endloop
  endfacet
  facet normal -0.3214394653031477 -0.9469301294951104 3.104176171034824e-20
    outer loop
      vertex 85.12352380637815 55.00740728286133 6
      vertex 85.27835429045636 54.9548494156391 6
      vertex 85.27835429045636 54.9548494156391 12
    endloop
  endfacet
  facet normal -0.8314696123025204 0.5555702330196393 0
    outer loop
      vertex 85.79169167536404 53.03904821373909 6
      vertex 85.79169167536404 53.03904821373909 12
      vertex 85.88253175473055 53.175 6
    endloop
  endfacet
  facet normal -0.8968727415327101 0.44228869021895684 0
    outer loop
      vertex 85.88253175473055 53.175 6
      vertex 85.88253175473055 53.175 12
      vertex 85.9548494156391 53.32164570954364 6
    endloop
  endfacet
  facet normal -0.9469301294950927 0.3214394653031999 0
    outer loop
      vertex 85.9548494156391 53.32164570954364 6
      vertex 85.9548494156391 53.32164570954364 12
      vertex 86.00740728286134 53.47647619362185 6
    endloop
  endfacet
  facet normal -0.9807852804032259 0.19509032201615129 0
    outer loop
      vertex 86.00740728286134 53.47647619362185 6
      vertex 86.00740728286134 53.47647619362185 12
      vertex 86.03930607671727 53.63684225972493 6
    endloop
  endfacet
  facet normal -0.9978589232386063 0.06540312923009983 0
    outer loop
      vertex 86.03930607671727 53.63684225972493 6
      vertex 86.03930607671727 53.63684225972493 12
      vertex 86.05 53.8 6
    endloop
  endfacet
  facet normal -0.9978589232386063 -0.06540312923009983 0
    outer loop
      vertex 86.05 53.8 6
      vertex 86.05 53.8 12
      vertex 86.03930607671727 53.963157740275065 6
    endloop
  endfacet
  facet normal -0.9807852804032259 -0.19509032201615129 0
    outer loop
      vertex 86.03930607671727 53.963157740275065 6
      vertex 86.03930607671727 53.963157740275065 12
      vertex 86.00740728286134 54.123523806378145 6
    endloop
  endfacet
  facet normal -0.8314696123025204 -0.5555702330196393 0
    outer loop
      vertex 85.88253175473055 54.425 6
      vertex 85.88253175473055 54.425 12
      vertex 85.79169167536404 54.5609517862609 6
    endloop
  endfacet
  facet normal -0.7518398074789663 -0.6593458151000816 0
    outer loop
      vertex 85.79169167536404 54.5609517862609 6
      vertex 85.79169167536404 54.5609517862609 12
      vertex 85.68388347648317 54.68388347648318 6
    endloop
  endfacet
  facet normal -0.9469301294950927 -0.3214394653031999 0
    outer loop
      vertex 86.00740728286134 54.123523806378145 6
      vertex 86.00740728286134 54.123523806378145 12
      vertex 85.9548494156391 54.278354290456356 6
    endloop
  endfacet
  facet normal -0.8968727415327101 -0.44228869021895684 -1.5410191804747979e-19
    outer loop
      vertex 85.88253175473055 54.425 6
      vertex 85.9548494156391 54.278354290456356 6
      vertex 85.9548494156391 54.278354290456356 12
    endloop
  endfacet
  facet normal -0.6593458151001031 -0.7518398074789473 0
    outer loop
      vertex 85.68388347648317 54.68388347648318 6
      vertex 85.68388347648317 54.68388347648318 12
      vertex 85.5609517862609 54.79169167536404 6
    endloop
  endfacet
  facet normal 0.8314696123025204 0.5555702330196393 0
    outer loop
      vertex 83.80830832463596 53.03904821373909 6
      vertex 83.71746824526944 53.175 12
      vertex 83.80830832463596 53.03904821373909 12
    endloop
  endfacet
  facet normal 0.8968727415327101 0.44228869021895684 0
    outer loop
      vertex 83.71746824526944 53.175 6
      vertex 83.64515058436089 53.32164570954364 12
      vertex 83.71746824526944 53.175 12
    endloop
  endfacet
  facet normal 0.9469301294950927 0.3214394653031999 0
    outer loop
      vertex 83.64515058436089 53.32164570954364 6
      vertex 83.59259271713866 53.47647619362185 12
      vertex 83.64515058436089 53.32164570954364 12
    endloop
  endfacet
  facet normal 0.9807852804032259 0.19509032201615129 0
    outer loop
      vertex 83.59259271713866 53.47647619362185 6
      vertex 83.56069392328273 53.63684225972493 12
      vertex 83.59259271713866 53.47647619362185 12
    endloop
  endfacet
  facet normal 0.9978589232386063 0.06540312923009983 0
    outer loop
      vertex 83.56069392328273 53.63684225972493 6
      vertex 83.55 53.8 12
      vertex 83.56069392328273 53.63684225972493 12
    endloop
  endfacet
  facet normal 0.9978589232386063 -0.06540312923009983 0
    outer loop
      vertex 83.55 53.8 6
      vertex 83.56069392328273 53.963157740275065 12
      vertex 83.55 53.8 12
    endloop
  endfacet
  facet normal 0.9807852804032259 -0.19509032201615129 0
    outer loop
      vertex 83.56069392328273 53.963157740275065 6
      vertex 83.59259271713866 54.123523806378145 12
      vertex 83.56069392328273 53.963157740275065 12
    endloop
  endfacet
  facet normal 0.9469301294950927 -0.3214394653031999 0
    outer loop
      vertex 83.59259271713866 54.123523806378145 6
      vertex 83.64515058436089 54.278354290456356 12
      vertex 83.59259271713866 54.123523806378145 12
    endloop
  endfacet
  facet normal 0.8968727415327101 -0.44228869021895684 0
    outer loop
      vertex 83.64515058436089 54.278354290456356 6
      vertex 83.71746824526944 54.425 12
      vertex 83.64515058436089 54.278354290456356 12
    endloop
  endfacet
  facet normal 0.8314696123025204 -0.5555702330196393 0
    outer loop
      vertex 83.71746824526944 54.425 6
      vertex 83.80830832463596 54.5609517862609 12
      vertex 83.71746824526944 54.425 12
    endloop
  endfacet
  facet normal 0.7518398074789663 -0.6593458151000816 0
    outer loop
      vertex 83.80830832463596 54.5609517862609 6
      vertex 83.91611652351682 54.68388347648318 12
      vertex 83.80830832463596 54.5609517862609 12
    endloop
  endfacet
  facet normal 0.6593458151001031 -0.7518398074789473 0
    outer loop
      vertex 83.91611652351682 54.68388347648318 6
      vertex 84.0390482137391 54.79169167536404 12
      vertex 83.91611652351682 54.68388347648318 12
    endloop
  endfacet
  facet normal 0.5555702330195792 -0.8314696123025607 0
    outer loop
      vertex 84.0390482137391 54.79169167536404 6
      vertex 84.175 54.88253175473054 12
      vertex 84.0390482137391 54.79169167536404 12
    endloop
  endfacet
  facet normal 0.4422886902190091 -0.8968727415326845 0
    outer loop
      vertex 84.175 54.88253175473054 6
      vertex 84.32164570954363 54.9548494156391 12
      vertex 84.175 54.88253175473054 12
    endloop
  endfacet
  facet normal 0.3214394653031477 -0.9469301294951104 0
    outer loop
      vertex 84.32164570954363 54.9548494156391 6
      vertex 84.47647619362185 55.00740728286133 12
      vertex 84.32164570954363 54.9548494156391 12
    endloop
  endfacet
  facet normal 0.19509032201615129 -0.9807852804032259 0
    outer loop
      vertex 84.47647619362185 55.00740728286133 6
      vertex 84.63684225972493 55.03930607671726 12
      vertex 84.47647619362185 55.00740728286133 12
    endloop
  endfacet
  facet normal 0.0654031292301431 -0.9978589232386035 0
    outer loop
      vertex 84.63684225972493 55.03930607671726 6
      vertex 84.8 55.05 12
      vertex 84.63684225972493 55.03930607671726 12
    endloop
  endfacet
  facet normal -0.0654031292301431 -0.9978589232386035 0
    outer loop
      vertex 84.8 55.05 6
      vertex 84.96315774027507 55.03930607671726 12
      vertex 84.8 55.05 12
    endloop
  endfacet
  facet normal -0.19509032201615129 -0.9807852804032259 0
    outer loop
      vertex 84.96315774027507 55.03930607671726 6
      vertex 85.12352380637815 55.00740728286133 12
      vertex 84.96315774027507 55.03930607671726 12
    endloop
  endfacet
  facet normal -0.3214394653031477 -0.9469301294951104 0
    outer loop
      vertex 85.12352380637815 55.00740728286133 6
      vertex 85.27835429045636 54.9548494156391 12
      vertex 85.12352380637815 55.00740728286133 12
    endloop
  endfacet
  facet normal -0.5555702330195792 -0.8314696123025607 0
    outer loop
      vertex 85.425 54.88253175473054 6
      vertex 85.5609517862609 54.79169167536404 12
      vertex 85.425 54.88253175473054 12
    endloop
  endfacet
  facet normal -0.4422886902190091 -0.8968727415326845 0
    outer loop
      vertex 85.27835429045636 54.9548494156391 6
      vertex 85.425 54.88253175473054 12
      vertex 85.27835429045636 54.9548494156391 12
    endloop
  endfacet
  facet normal -0.7518398074789663 0.6593458151000816 0
    outer loop
      vertex 85.79169167536404 53.03904821373909 6
      vertex 85.68388347648317 52.91611652351681 12
      vertex 85.79169167536404 53.03904821373909 12
    endloop
  endfacet
  facet normal -0.8314696123025204 0.5555702330196393 0
    outer loop
      vertex 85.88253175473055 53.175 6
      vertex 85.79169167536404 53.03904821373909 12
      vertex 85.88253175473055 53.175 12
    endloop
  endfacet
  facet normal -0.8968727415327101 0.44228869021895684 0
    outer loop
      vertex 85.9548494156391 53.32164570954364 6
      vertex 85.88253175473055 53.175 12
      vertex 85.9548494156391 53.32164570954364 12
    endloop
  endfacet
  facet normal -0.9469301294950927 0.3214394653031999 0
    outer loop
      vertex 86.00740728286134 53.47647619362185 6
      vertex 85.9548494156391 53.32164570954364 12
      vertex 86.00740728286134 53.47647619362185 12
    endloop
  endfacet
  facet normal -0.9807852804032259 0.19509032201615129 0
    outer loop
      vertex 86.03930607671727 53.63684225972493 6
      vertex 86.00740728286134 53.47647619362185 12
      vertex 86.03930607671727 53.63684225972493 12
    endloop
  endfacet
  facet normal -0.9978589232386063 0.06540312923009983 0
    outer loop
      vertex 86.05 53.8 6
      vertex 86.03930607671727 53.63684225972493 12
      vertex 86.05 53.8 12
    endloop
  endfacet
  facet normal -0.9978589232386063 -0.06540312923009983 0
    outer loop
      vertex 86.03930607671727 53.963157740275065 6
      vertex 86.05 53.8 12
      vertex 86.03930607671727 53.963157740275065 12
    endloop
  endfacet
  facet normal -0.9807852804032259 -0.19509032201615129 0
    outer loop
      vertex 86.00740728286134 54.123523806378145 6
      vertex 86.03930607671727 53.963157740275065 12
      vertex 86.00740728286134 54.123523806378145 12
    endloop
  endfacet
  facet normal -0.7518398074789663 -0.6593458151000816 0
    outer loop
      vertex 85.68388347648317 54.68388347648318 6
      vertex 85.79169167536404 54.5609517862609 12
      vertex 85.68388347648317 54.68388347648318 12
    endloop
  endfacet
  facet normal -0.8314696123025204 -0.5555702330196393 0
    outer loop
      vertex 85.79169167536404 54.5609517862609 6
      vertex 85.88253175473055 54.425 12
      vertex 85.79169167536404 54.5609517862609 12
    endloop
  endfacet
  facet normal -0.9469301294950927 -0.3214394653031999 0
    outer loop
      vertex 85.9548494156391 54.278354290456356 6
      vertex 86.00740728286134 54.123523806378145 12
      vertex 85.9548494156391 54.278354290456356 12
    endloop
  endfacet
  facet normal -0.8968727415327101 -0.44228869021895684 0
    outer loop
      vertex 85.88253175473055 54.425 6
      vertex 85.9548494156391 54.278354290456356 12
      vertex 85.88253175473055 54.425 12
    endloop
  endfacet
  facet normal -0.6593458151001031 -0.7518398074789473 0
    outer loop
      vertex 85.5609517862609 54.79169167536404 6
      vertex 85.68388347648317 54.68388347648318 12
      vertex 85.5609517862609 54.79169167536404 12
    endloop
  endfacet
  facet normal 0 1 0
    outer loop
      vertex 30.4 17.4 0
      vertex 30.4 17.4 2
      vertex 33.4 17.4 0
    endloop
  endfacet
  facet normal 0 1 0
    outer loop
      vertex 30.4 17.4 2
      vertex 33.4 17.4 2
      vertex 33.4 17.4 0
    endloop
  endfacet
  facet normal 1 0 0
    outer loop
      vertex 30.4 17.4 0
      vertex 30.4 41.4 2
      vertex 30.4 17.4 2
    endloop
  endfacet
  facet normal 1 0 0
    outer loop
      vertex 30.4 17.4 0
      vertex 30.4 41.4 0
      vertex 30.4 41.4 2
    endloop
  endfacet
  facet normal -1 0 0
    outer loop
      vertex 33.4 17.4 0
      vertex 33.4 17.4 2
      vertex 33.4 41.4 0
    endloop
  endfacet
  facet normal -1 0 0
    outer loop
      vertex 33.4 17.4 2
      vertex 33.4 41.4 2
      vertex 33.4 41.4 0
    endloop
  endfacet
  facet normal 0 -1 0
    outer loop
      vertex 30.4 41.4 0
      vertex 33.4 41.4 0
      vertex 33.4 41.4 2
    endloop
  endfacet
  facet normal 0 -1 0
    outer loop
      vertex 30.4 41.4 0
      vertex 33.4 41.4 2
      vertex 30.4 41.4 2
    endloop
  endfacet
  facet normal 0 1 0
    outer loop
      vertex 36.4 17.4 0
      vertex 36.4 17.4 2
      vertex 39.4 17.4 0
    endloop
  endfacet
  facet normal 0 1 0
    outer loop
      vertex 39.4 17.4 0
      vertex 36.4 17.4 2
      vertex 39.4 17.4 2
    endloop
  endfacet
  facet normal 1 0 0
    outer loop
      vertex 36.4 17.4 0
      vertex 36.4 41.4 2
      vertex 36.4 17.4 2
    endloop
  endfacet
  facet normal -1 0 0
    outer loop
      vertex 39.4 17.4 0
      vertex 39.4 17.4 2
      vertex 39.4 41.4 0
    endloop
  endfacet
  facet normal 1 0 0
    outer loop
      vertex 36.4 17.4 0
      vertex 36.4 41.4 0
      vertex 36.4 41.4 2
    endloop
  endfacet
  facet normal -1 0 0
    outer loop
      vertex 39.4 17.4 2
      vertex 39.4 41.4 2
      vertex 39.4 41.4 0
    endloop
  endfacet
  facet normal 0 -1 0
    outer loop
      vertex 36.4 41.4 0
      vertex 39.4 41.4 0
      vertex 39.4 41.4 2
    endloop
  endfacet
  facet normal 0 -1 0
    outer loop
      vertex 36.4 41.4 0
      vertex 39.4 41.4 2
      vertex 36.4 41.4 2
    endloop
  endfacet
  facet normal 0 1 0
    outer loop
      vertex 42.4 17.4 0
      vertex 42.4 17.4 2
      vertex 45.4 17.4 0
    endloop
  endfacet
  facet normal 1 0 0
    outer loop
      vertex 42.4 17.4 0
      vertex 42.4 41.4 2
      vertex 42.4 17.4 2
    endloop
  endfacet
  facet normal 1 0 0
    outer loop
      vertex 42.4 17.4 0
      vertex 42.4 41.4 0
      vertex 42.4 41.4 2
    endloop
  endfacet
  facet normal 0 -1 0
    outer loop
      vertex 42.4 41.4 0
      vertex 45.4 41.4 2
      vertex 42.4 41.4 2
    endloop
  endfacet
  facet normal 0 1 0
    outer loop
      vertex 42.4 17.4 2
      vertex 45.4 17.4 2
      vertex 45.4 17.4 0
    endloop
  endfacet
  facet normal -1 0 0
    outer loop
      vertex 45.4 17.4 0
      vertex 45.4 17.4 2
      vertex 45.4 41.4 0
    endloop
  endfacet
  facet normal -1 0 0
    outer loop
      vertex 45.4 17.4 2
      vertex 45.4 41.4 2
      vertex 45.4 41.4 0
    endloop
  endfacet
  facet normal 0 -1 0
    outer loop
      vertex 42.4 41.4 0
      vertex 45.4 41.4 0
      vertex 45.4 41.4 2
    endloop
  endfacet
  facet normal 0 1 0
    outer loop
      vertex 48.4 17.4 0
      vertex 48.4 17.4 2
      vertex 51.4 17.4 0
    endloop
  endfacet
  facet normal 1 0 0
    outer loop
      vertex 48.4 17.4 0
      vertex 48.4 41.4 2
      vertex 48.4 17.4 2
    endloop
  endfacet
  facet normal 0 1 0
    outer loop
      vertex 51.4 17.4 0
      vertex 48.4 17.4 2
      vertex 51.4 17.4 2
    endloop
  endfacet
  facet normal -1 0 0
    outer loop
      vertex 51.4 17.4 0
      vertex 51.4 17.4 2
      vertex 51.4 41.4 0
    endloop
  endfacet
  facet normal 1 0 0
    outer loop
      vertex 48.4 17.4 0
      vertex 48.4 41.4 0
      vertex 48.4 41.4 2
    endloop
  endfacet
  facet normal -1 0 0
    outer loop
      vertex 51.4 17.4 2
      vertex 51.4 41.4 2
      vertex 51.4 41.4 0
    endloop
  endfacet
  facet normal 0 -1 0
    outer loop
      vertex 48.4 41.4 0
      vertex 51.4 41.4 2
      vertex 48.4 41.4 2
    endloop
  endfacet
  facet normal 0 -1 0
    outer loop
      vertex 48.4 41.4 0
      vertex 51.4 41.4 0
      vertex 51.4 41.4 2
    endloop
  endfacet
  facet normal 1 0 0
    outer loop
      vertex 54.4 17.4 0
      vertex 54.4 41.4 2
      vertex 54.4 17.4 2
    endloop
  endfacet
  facet normal 1 0 0
    outer loop
      vertex 54.4 17.4 0
      vertex 54.4 41.4 0
      vertex 54.4 41.4 2
    endloop
  endfacet
  facet normal 0 1 0
    outer loop
      vertex 54.4 17.4 0
      vertex 54.4 17.4 2
      vertex 57.4 17.4 0
    endloop
  endfacet
  facet normal 0 1 0
    outer loop
      vertex 54.4 17.4 2
      vertex 57.4 17.4 2
      vertex 57.4 17.4 0
    endloop
  endfacet
  facet normal -1 0 0
    outer loop
      vertex 57.4 17.4 0
      vertex 57.4 17.4 2
      vertex 57.4 41.4 0
    endloop
  endfacet
  facet normal -1 0 0
    outer loop
      vertex 57.4 17.4 2
      vertex 57.4 41.4 2
      vertex 57.4 41.4 0
    endloop
  endfacet
  facet normal 0 -1 0
    outer loop
      vertex 54.4 41.4 0
      vertex 57.4 41.4 0
      vertex 57.4 41.4 2
    endloop
  endfacet
  facet normal 0 -1 0
    outer loop
      vertex 54.4 41.4 0
      vertex 57.4 41.4 2
      vertex 54.4 41.4 2
    endloop
  endfacet
  facet normal 0 1 0
    outer loop
      vertex 0 22.4 7
      vertex 2 22.4 11
      vertex 2 22.4 7
    endloop
  endfacet
  facet normal 0 0 1
    outer loop
      vertex 0 22.4 7
      vertex 2 22.4 7
      vertex 0 36.4 7
    endloop
  endfacet
  facet normal 0 0 1
    outer loop
      vertex 2 22.4 7
      vertex 2 36.4 7
      vertex 0 36.4 7
    endloop
  endfacet
  facet normal 0 1 0
    outer loop
      vertex 0 22.4 7
      vertex 0 22.4 11
      vertex 2 22.4 11
    endloop
  endfacet
  facet normal 0 0 -1
    outer loop
      vertex 0 22.4 11
      vertex 2 36.4 11
      vertex 2 22.4 11
    endloop
  endfacet
  facet normal 0 0 -1
    outer loop
      vertex 0 22.4 11
      vertex 0 36.4 11
      vertex 2 36.4 11
    endloop
  endfacet
  facet normal 0 -1 0
    outer loop
      vertex 0 36.4 7
      vertex 2 36.4 7
      vertex 0 36.4 11
    endloop
  endfacet
  facet normal 0 -1 0
    outer loop
      vertex 2 36.4 7
      vertex 2 36.4 11
      vertex 0 36.4 11
    endloop
  endfacet
  facet normal 0 0 1
    outer loop
      vertex 39.9 56.8 7
      vertex 47.9 58.8 7
      vertex 39.9 58.8 7
    endloop
  endfacet
  facet normal 1 0 0
    outer loop
      vertex 39.9 56.8 7
      vertex 39.9 58.8 7
      vertex 39.9 56.8 12
    endloop
  endfacet
  facet normal 1 0 0
    outer loop
      vertex 39.9 58.8 7
      vertex 39.9 58.8 10.4
      vertex 39.9 56.8 12
    endloop
  endfacet
  facet normal 1 0 0
    outer loop
      vertex 39.9 56.8 12
      vertex 39.9 58.8 10.4
      vertex 39.9 58.8 12
    endloop
  endfacet
  facet normal 0 0 1
    outer loop
      vertex 39.9 56.8 7
      vertex 47.9 56.8 7
      vertex 47.9 58.8 7
    endloop
  endfacet
  facet normal -1 0 0
    outer loop
      vertex 47.9 56.8 7
      vertex 47.9 58.8 10.4
      vertex 47.9 58.8 7
    endloop
  endfacet
  facet normal -1 0 0
    outer loop
      vertex 47.9 56.8 7
      vertex 47.9 58.8 12
      vertex 47.9 58.8 10.4
    endloop
  endfacet
  facet normal -1 0 0
    outer loop
      vertex 47.9 56.8 7
      vertex 47.9 56.8 12
      vertex 47.9 58.8 12
    endloop
  endfacet
  facet normal -0.5555702330196011 0.8314696123025461 0
    outer loop
      vertex 4.279609590820565 6.417633911729254 7
      vertex 4.4 6.498076211353316 2
      vertex 4.279609590820565 6.417633911729254 2
    endloop
  endfacet
  facet normal -0.44228869021900097 0.8968727415326884 0
    outer loop
      vertex 4.4 6.498076211353316 7
      vertex 4.751949702904731 6.67163859753386 2
      vertex 4.4 6.498076211353316 2
    endloop
  endfacet
  facet normal -0.321439465303163 0.9469301294951052 0
    outer loop
      vertex 4.751949702904731 6.67163859753386 7
      vertex 5.123542864692437 6.797777478867205 2
      vertex 4.751949702904731 6.67163859753386 2
    endloop
  endfacet
  facet normal -0.1950903220161271 0.9807852804032307 0
    outer loop
      vertex 5.123542864692437 6.797777478867205 7
      vertex 5.508421423339845 6.874334584121431 2
      vertex 5.123542864692437 6.797777478867205 2
    endloop
  endfacet
  facet normal 0.831469612302547 -0.5555702330195996 0
    outer loop
      vertex 8.498076211353316 2.4 7
      vertex 8.417633911729254 2.279609590820564 2
      vertex 8.498076211353316 2.4 2
    endloop
  endfacet
  facet normal 0.8968727415326887 -0.4422886902190006 0
    outer loop
      vertex 8.498076211353316 2.4 7
      vertex 8.498076211353316 2.4 2
      vertex 8.67163859753386 2.7519497029047306 2
    endloop
  endfacet
  facet normal 0.9469301294951054 -0.32143946530316264 0
    outer loop
      vertex 8.67163859753386 2.7519497029047306 7
      vertex 8.67163859753386 2.7519497029047306 2
      vertex 8.797777478867205 3.1235428646924377 2
    endloop
  endfacet
  facet normal 0.9807852804032307 -0.19509032201612733 0
    outer loop
      vertex 8.797777478867205 3.1235428646924377 7
      vertex 8.797777478867205 3.1235428646924377 2
      vertex 8.874334584121431 3.508421423339845 2
    endloop
  endfacet
  facet normal 0.9978589232386035 -0.06540312923014358 0
    outer loop
      vertex 8.874334584121431 3.508421423339845 7
      vertex 8.874334584121431 3.508421423339845 2
      vertex 8.9 3.9 2
    endloop
  endfacet
  facet normal 0.7518398074789775 0.6593458151000688 0
    outer loop
      vertex 8.280060020873705 5.7262842870261625 7
      vertex 8.280060020873705 5.7262842870261625 2
      vertex 8.021320343559642 6.021320343559643 2
    endloop
  endfacet
  facet normal -0.0654031292301435 0.9978589232386035 0
    outer loop
      vertex 5.508421423339845 6.874334584121431 7
      vertex 5.9 6.9 2
      vertex 5.508421423339845 6.874334584121431 2
    endloop
  endfacet
  facet normal 0.06540312923014364 0.9978589232386034 0
    outer loop
      vertex 5.9 6.9 7
      vertex 6.291578576660155 6.874334584121431 2
      vertex 5.9 6.9 2
    endloop
  endfacet
  facet normal 0.19509032201612753 0.9807852804032305 0
    outer loop
      vertex 6.291578576660155 6.874334584121431 7
      vertex 6.676457135307562 6.797777478867205 2
      vertex 6.291578576660155 6.874334584121431 2
    endloop
  endfacet
  facet normal 0.32143946530316225 0.9469301294951055 0
    outer loop
      vertex 6.676457135307562 6.797777478867205 7
      vertex 7.048050297095269 6.67163859753386 2
      vertex 6.676457135307562 6.797777478867205 2
    endloop
  endfacet
  facet normal 0.44228869021900014 0.8968727415326889 0
    outer loop
      vertex 7.048050297095269 6.67163859753386 7
      vertex 7.4 6.498076211353316 2
      vertex 7.048050297095269 6.67163859753386 2
    endloop
  endfacet
  facet normal 0.5555702330196016 0.8314696123025456 0
    outer loop
      vertex 7.4 6.498076211353316 7
      vertex 7.7262842870261625 6.280060020873706 2
      vertex 7.4 6.498076211353316 2
    endloop
  endfacet
  facet normal 0.65934581510007 0.7518398074789765 0
    outer loop
      vertex 7.7262842870261625 6.280060020873706 7
      vertex 8.021320343559642 6.021320343559643 2
      vertex 7.7262842870261625 6.280060020873706 2
    endloop
  endfacet
  facet normal 0.9978589232386035 0.06540312923014358 0
    outer loop
      vertex 8.9 3.9 7
      vertex 8.9 3.9 2
      vertex 8.874334584121431 4.291578576660155 2
    endloop
  endfacet
  facet normal 0.9807852804032307 0.1950903220161271 0
    outer loop
      vertex 8.874334584121431 4.291578576660155 7
      vertex 8.874334584121431 4.291578576660155 2
      vertex 8.797777478867205 4.676457135307563 2
    endloop
  endfacet
  facet normal 0.9469301294951052 0.321439465303163 0
    outer loop
      vertex 8.797777478867205 4.676457135307563 7
      vertex 8.797777478867205 4.676457135307563 2
      vertex 8.67163859753386 5.048050297095269 2
    endloop
  endfacet
  facet normal 0.8968727415326889 0.44228869021900014 0
    outer loop
      vertex 8.67163859753386 5.048050297095269 7
      vertex 8.67163859753386 5.048050297095269 2
      vertex 8.498076211353316 5.4 2
    endloop
  endfacet
  facet normal 0.8314696123025446 0.5555702330196032 0
    outer loop
      vertex 8.498076211353316 5.4 7
      vertex 8.498076211353316 5.4 2
      vertex 8.280060020873705 5.7262842870261625 2
    endloop
  endfacet
  facet normal -0.5555702330196011 0.8314696123025461 0
    outer loop
      vertex 4.4 6.498076211353316 7
      vertex 4.4 6.498076211353316 2
      vertex 4.279609590820565 6.417633911729254 7
    endloop
  endfacet
  facet normal -0.44228869021900097 0.8968727415326884 3.77156630416769e-19
    outer loop
      vertex 4.4 6.498076211353316 7
      vertex 4.751949702904731 6.67163859753386 7
      vertex 4.751949702904731 6.67163859753386 2
    endloop
  endfacet
  facet normal -0.321439465303163 0.9469301294951052 1.6267125184316758e-18
    outer loop
      vertex 4.751949702904731 6.67163859753386 7
      vertex 5.123542864692437 6.797777478867205 7
      vertex 5.123542864692437 6.797777478867205 2
    endloop
  endfacet
  facet normal -0.1950903220161271 0.9807852804032307 -1.2185595602865002e-20
    outer loop
      vertex 5.123542864692437 6.797777478867205 7
      vertex 5.508421423339845 6.874334584121431 7
      vertex 5.508421423339845 6.874334584121431 2
    endloop
  endfacet
  facet normal 0.831469612302547 -0.5555702330195996 4.636604734672229e-19
    outer loop
      vertex 8.498076211353316 2.4 7
      vertex 8.417633911729254 2.279609590820564 7
      vertex 8.417633911729254 2.279609590820564 2
    endloop
  endfacet
  facet normal 0.8968727415326887 -0.4422886902190006 7.590700569098907e-19
    outer loop
      vertex 8.498076211353316 2.4 7
      vertex 8.67163859753386 2.7519497029047306 2
      vertex 8.67163859753386 2.7519497029047306 7
    endloop
  endfacet
  facet normal 0.9469301294951054 -0.32143946530316264 -1.6519934946664102e-18
    outer loop
      vertex 8.67163859753386 2.7519497029047306 7
      vertex 8.797777478867205 3.1235428646924377 2
      vertex 8.797777478867205 3.1235428646924377 7
    endloop
  endfacet
  facet normal 0.9807852804032307 -0.19509032201612733 3.4268281664528646e-19
    outer loop
      vertex 8.797777478867205 3.1235428646924377 7
      vertex 8.874334584121431 3.508421423339845 2
      vertex 8.874334584121431 3.508421423339845 7
    endloop
  endfacet
  facet normal 0.9978589232386035 -0.06540312923014358 -2.579344986167171e-19
    outer loop
      vertex 8.874334584121431 3.508421423339845 7
      vertex 8.9 3.9 2
      vertex 8.9 3.9 7
    endloop
  endfacet
  facet normal 0.65934581510007 0.7518398074789765 3.3949118697516303e-18
    outer loop
      vertex 7.7262842870261625 6.280060020873706 7
      vertex 8.021320343559642 6.021320343559643 7
      vertex 8.021320343559642 6.021320343559643 2
    endloop
  endfacet
  facet normal 0.7518398074789775 0.6593458151000688 -5.612662096278312e-19
    outer loop
      vertex 8.280060020873705 5.7262842870261625 7
      vertex 8.021320343559642 6.021320343559643 2
      vertex 8.021320343559642 6.021320343559643 7
    endloop
  endfacet
  facet normal -0.0654031292301435 0.9978589232386035 2.463193568038614e-19
    outer loop
      vertex 5.508421423339845 6.874334584121431 7
      vertex 5.9 6.9 7
      vertex 5.9 6.9 2
    endloop
  endfacet
  facet normal 0.06540312923014364 0.9978589232386034 -1.2193013611047441e-19
    outer loop
      vertex 5.9 6.9 7
      vertex 6.291578576660155 6.874334584121431 7
      vertex 6.291578576660155 6.874334584121431 2
    endloop
  endfacet
  facet normal 0.19509032201612753 0.9807852804032305 -6.975512288934387e-19
    outer loop
      vertex 6.291578576660155 6.874334584121431 7
      vertex 6.676457135307562 6.797777478867205 7
      vertex 6.676457135307562 6.797777478867205 2
    endloop
  endfacet
  facet normal 0.32143946530316225 0.9469301294951055 1.3942255471734145e-18
    outer loop
      vertex 6.676457135307562 6.797777478867205 7
      vertex 7.048050297095269 6.67163859753386 7
      vertex 7.048050297095269 6.67163859753386 2
    endloop
  endfacet
  facet normal 0.44228869021900014 0.8968727415326889 -1.1409834834030116e-18
    outer loop
      vertex 7.048050297095269 6.67163859753386 7
      vertex 7.4 6.498076211353316 7
      vertex 7.4 6.498076211353316 2
    endloop
  endfacet
  facet normal 0.5555702330196016 0.8314696123025456 0
    outer loop
      vertex 7.7262842870261625 6.280060020873706 7
      vertex 7.7262842870261625 6.280060020873706 2
      vertex 7.4 6.498076211353316 7
    endloop
  endfacet
  facet normal 0.9978589232386035 0.06540312923014358 0
    outer loop
      vertex 8.874334584121431 4.291578576660155 7
      vertex 8.9 3.9 7
      vertex 8.874334584121431 4.291578576660155 2
    endloop
  endfacet
  facet normal 0.9807852804032307 0.1950903220161271 1.2185595602865002e-20
    outer loop
      vertex 8.874334584121431 4.291578576660155 7
      vertex 8.797777478867205 4.676457135307563 2
      vertex 8.797777478867205 4.676457135307563 7
    endloop
  endfacet
  facet normal 0.9469301294951052 0.321439465303163 -1.6267125184316758e-18
    outer loop
      vertex 8.797777478867205 4.676457135307563 7
      vertex 8.67163859753386 5.048050297095269 2
      vertex 8.67163859753386 5.048050297095269 7
    endloop
  endfacet
  facet normal 0.8968727415326889 0.44228869021900014 -1.1409834834030116e-18
    outer loop
      vertex 8.67163859753386 5.048050297095269 7
      vertex 8.498076211353316 5.4 2
      vertex 8.498076211353316 5.4 7
    endloop
  endfacet
  facet normal 0.8314696123025446 0.5555702330196032 0
    outer loop
      vertex 8.280060020873705 5.7262842870261625 7
      vertex 8.498076211353316 5.4 7
      vertex 8.280060020873705 5.7262842870261625 2
    endloop
  endfacet
  facet normal 0 0 1
    outer loop
      vertex 3.792592717138665 2.6764761936218493 7
      vertex 3.75 3 7
      vertex 3.760693923282737 2.8368422597249356 7
    endloop
  endfacet
  facet normal 0 0 1
    outer loop
      vertex 3.8451505843608915 2.5216457095436375 7
      vertex 3.917468245269452 2.375 7
      vertex 3.8451505843608915 3.4783542904563625 7
    endloop
  endfacet
  facet normal 0 0 1
    outer loop
      vertex 3.792592717138665 2.6764761936218493 7
      vertex 3.8451505843608915 2.5216457095436375 7
      vertex 3.792592717138665 3.3235238063781507 7
    endloop
  endfacet
  facet normal 0 0 1
    outer loop
      vertex 3.917468245269452 3.625 7
      vertex 3.917468245269452 2.375 7
      vertex 4.008308324635956 2.2390482137390992 7
    endloop
  endfacet
  facet normal 0 0 1
    outer loop
      vertex 4.116116523516816 2.1161165235168156 7
      vertex 3.917468245269452 3.625 7
      vertex 4.008308324635956 2.2390482137390992 7
    endloop
  endfacet
  facet normal 0 0 1
    outer loop
      vertex 3.792592717138665 2.6764761936218493 7
      vertex 3.760693923282737 3.1631577402750644 7
      vertex 3.75 3 7
    endloop
  endfacet
  facet normal 0 0 1
    outer loop
      vertex 3.760693923282737 3.1631577402750644 7
      vertex 3.792592717138665 2.6764761936218493 7
      vertex 3.792592717138665 3.3235238063781507 7
    endloop
  endfacet
  facet normal 0 0 1
    outer loop
      vertex 3.8451505843608915 3.4783542904563625 7
      vertex 3.792592717138665 3.3235238063781507 7
      vertex 3.8451505843608915 2.5216457095436375 7
    endloop
  endfacet
  facet normal 0 0 1
    outer loop
      vertex 3.917468245269452 3.625 7
      vertex 3.8451505843608915 3.4783542904563625 7
      vertex 3.917468245269452 2.375 7
    endloop
  endfacet
  facet normal 0 0 1
    outer loop
      vertex 3.917468245269452 3.625 7
      vertex 4.116116523516816 2.1161165235168156 7
      vertex 4.008308324635956 3.7609517862609008 7
    endloop
  endfacet
  facet normal 0 0 1
    outer loop
      vertex 4.008308324635956 3.7609517862609008 7
      vertex 4.116116523516816 2.1161165235168156 7
      vertex 4.116116523516816 3.8838834764831844 7
    endloop
  endfacet
  facet normal 0 0 1
    outer loop
      vertex 4.116116523516816 2.1161165235168156 7
      vertex 4.2390482137391 2.008308324635956 7
      vertex 4.116116523516816 3.8838834764831844 7
    endloop
  endfacet
  facet normal 0 0 1
    outer loop
      vertex 4.116116523516816 3.8838834764831844 7
      vertex 4.2390482137391 2.008308324635956 7
      vertex 4.375 1.9174682452694518 7
    endloop
  endfacet
  facet normal 0 0 1
    outer loop
      vertex 4.5216457095436375 1.8451505843608915 7
      vertex 4.2390482137391 3.991691675364044 7
      vertex 4.375 1.9174682452694518 7
    endloop
  endfacet
  facet normal 0 0 1
    outer loop
      vertex 4.5216457095436375 4.1548494156391085 7
      vertex 4.5216457095436375 1.8451505843608915 7
      vertex 4.676476193621849 1.7925927171386646 7
    endloop
  endfacet
  facet normal 0 0 1
    outer loop
      vertex 4.836842259724936 1.760693923282737 7
      vertex 4.5216457095436375 4.1548494156391085 7
      vertex 4.676476193621849 1.7925927171386646 7
    endloop
  endfacet
  facet normal 0 0 1
    outer loop
      vertex 5.230362428090407 3.027311325679641 7
      vertex 5.163157740275064 1.760693923282737 7
      vertex 5.323523806378151 1.7925927171386646 7
    endloop
  endfacet
  facet normal 0 0 1
    outer loop
      vertex 5.35 2.9473720558371173 7
      vertex 5.323523806378151 1.7925927171386646 7
      vertex 5.4783542904563625 1.8451505843608915 7
    endloop
  endfacet
  facet normal 0 0 1
    outer loop
      vertex 4.947372055837118 3.35 7
      vertex 4.836842259724936 1.760693923282737 7
      vertex 5 1.75 7
    endloop
  endfacet
  facet normal 0 0 1
    outer loop
      vertex 4.947372055837118 3.35 7
      vertex 5 1.75 7
      vertex 5.163157740275064 1.760693923282737 7
    endloop
  endfacet
  facet normal 0 0 1
    outer loop
      vertex 5.230362428090407 3.027311325679641 7
      vertex 5.122182540694798 3.1221825406947974 7
      vertex 5.163157740275064 1.760693923282737 7
    endloop
  endfacet
  facet normal 0 0 1
    outer loop
      vertex 4.947372055837118 3.35 7
      vertex 5.163157740275064 1.760693923282737 7
      vertex 5.027311325679641 3.230362428090407 7
    endloop
  endfacet
  facet normal 0 0 1
    outer loop
      vertex 5.122182540694798 3.1221825406947974 7
      vertex 5.027311325679641 3.230362428090407 7
      vertex 5.163157740275064 1.760693923282737 7
    endloop
  endfacet
  facet normal 0 0 1
    outer loop
      vertex 5.35 2.9473720558371173 7
      vertex 5.4783542904563625 1.8451505843608915 7
      vertex 5.479048224398401 2.8837325142375847 7
    endloop
  endfacet
  facet normal 0 0 1
    outer loop
      vertex 5.230362428090407 3.027311325679641 7
      vertex 5.323523806378151 1.7925927171386646 7
      vertex 5.35 2.9473720558371173 7
    endloop
  endfacet
  facet normal 0 0 1
    outer loop
      vertex 4.116116523516816 3.8838834764831844 7
      vertex 4.375 1.9174682452694518 7
      vertex 4.2390482137391 3.991691675364044 7
    endloop
  endfacet
  facet normal 0 0 1
    outer loop
      vertex 4.5216457095436375 1.8451505843608915 7
      vertex 4.375 4.082531754730548 7
      vertex 4.2390482137391 3.991691675364044 7
    endloop
  endfacet
  facet normal 0 0 1
    outer loop
      vertex 4.375 4.082531754730548 7
      vertex 4.5216457095436375 1.8451505843608915 7
      vertex 4.5216457095436375 4.1548494156391085 7
    endloop
  endfacet
  facet normal 0 0 1
    outer loop
      vertex 4.837481591082025 3.615299050387227 7
      vertex 4.8094106524888085 3.756421188557943 7
      vertex 4.836842259724936 1.760693923282737 7
    endloop
  endfacet
  facet normal 0 0 1
    outer loop
      vertex 4.8094106524888085 3.756421188557943 7
      vertex 4.8 3.9 7
      vertex 4.836842259724936 1.760693923282737 7
    endloop
  endfacet
  facet normal 0 0 1
    outer loop
      vertex 4.5216457095436375 4.1548494156391085 7
      vertex 4.836842259724936 1.760693923282737 7
      vertex 4.676476193621849 4.207407282861335 7
    endloop
  endfacet
  facet normal 0 0 1
    outer loop
      vertex 4.8 3.9 7
      vertex 4.676476193621849 4.207407282861335 7
      vertex 4.836842259724936 1.760693923282737 7
    endloop
  endfacet
  facet normal 0 0 1
    outer loop
      vertex 4.883732514237584 3.4790482243984013 7
      vertex 4.836842259724936 1.760693923282737 7
      vertex 4.947372055837118 3.35 7
    endloop
  endfacet
  facet normal 0 0 1
    outer loop
      vertex 4.883732514237584 3.4790482243984013 7
      vertex 4.837481591082025 3.615299050387227 7
      vertex 4.836842259724936 1.760693923282737 7
    endloop
  endfacet
  facet normal 0 0 1
    outer loop
      vertex 4.8 3.9 7
      vertex 4.8094106524888085 4.043578811442057 7
      vertex 4.676476193621849 4.207407282861335 7
    endloop
  endfacet
  facet normal 0 0 1
    outer loop
      vertex 4.8094106524888085 4.043578811442057 7
      vertex 4.837481591082025 4.184700949612773 7
      vertex 4.676476193621849 4.207407282861335 7
    endloop
  endfacet
  facet normal 0 0 1
    outer loop
      vertex 4.837481591082025 4.184700949612773 7
      vertex 4.836842259724936 4.239306076717263 7
      vertex 4.676476193621849 4.207407282861335 7
    endloop
  endfacet
  facet normal 0 0 1
    outer loop
      vertex 4.837481591082025 4.184700949612773 7
      vertex 4.8564538729653215 4.240591489760431 7
      vertex 4.836842259724936 4.239306076717263 7
    endloop
  endfacet
  facet normal 0 0 1
    outer loop
      vertex 4.4 6.498076211353316 7
      vertex 4.279609590820565 6.417633911729254 7
      vertex 4.543158327229819 6.4700570148083365 7
    endloop
  endfacet
  facet normal 0 0 1
    outer loop
      vertex 4.4 6.498076211353316 7
      vertex 4.543158327229819 6.4700570148083365 7
      vertex 4.751949702904731 6.67163859753386 7
    endloop
  endfacet
  facet normal 0 0 1
    outer loop
      vertex 4.751949702904731 6.67163859753386 7
      vertex 4.543158327229819 6.4700570148083365 7
      vertex 5 6.5 7
    endloop
  endfacet
  facet normal 0 0 1
    outer loop
      vertex 4.751949702904731 6.67163859753386 7
      vertex 5 6.5 7
      vertex 5.123542864692437 6.797777478867205 7
    endloop
  endfacet
  facet normal 0 0 1
    outer loop
      vertex 5.123542864692437 6.797777478867205 7
      vertex 5 6.5 7
      vertex 5.456841672770181 6.4700570148083365 7
    endloop
  endfacet
  facet normal 0 0 1
    outer loop
      vertex 5.123542864692437 6.797777478867205 7
      vertex 5.456841672770181 6.4700570148083365 7
      vertex 5.508421423339845 6.874334584121431 7
    endloop
  endfacet
  facet normal 0 0 1
    outer loop
      vertex 5.479048224398401 2.8837325142375847 7
      vertex 5.4783542904563625 1.8451505843608915 7
      vertex 5.625 1.9174682452694518 7
    endloop
  endfacet
  facet normal 0 0 1
    outer loop
      vertex 5.615299050387227 2.8374815910820246 7
      vertex 5.625 1.9174682452694518 7
      vertex 5.7609517862609 2.008308324635956 7
    endloop
  endfacet
  facet normal 0 0 1
    outer loop
      vertex 5.479048224398401 2.8837325142375847 7
      vertex 5.625 1.9174682452694518 7
      vertex 5.615299050387227 2.8374815910820246 7
    endloop
  endfacet
  facet normal 0 0 1
    outer loop
      vertex 5.756421188557943 2.8094106524888085 7
      vertex 5.7609517862609 2.008308324635956 7
      vertex 5.883883476483184 2.1161165235168156 7
    endloop
  endfacet
  facet normal 0 0 1
    outer loop
      vertex 5.615299050387227 2.8374815910820246 7
      vertex 5.7609517862609 2.008308324635956 7
      vertex 5.756421188557943 2.8094106524888085 7
    endloop
  endfacet
  facet normal 0 0 1
    outer loop
      vertex 5.756421188557943 2.8094106524888085 7
      vertex 5.883883476483184 2.1161165235168156 7
      vertex 5.991691675364044 2.2390482137390992 7
    endloop
  endfacet
  facet normal 0 0 1
    outer loop
      vertex 5.9 2.8 7
      vertex 5.991691675364044 2.2390482137390992 7
      vertex 6.082531754730548 2.375 7
    endloop
  endfacet
  facet normal 0 0 1
    outer loop
      vertex 5.756421188557943 2.8094106524888085 7
      vertex 5.991691675364044 2.2390482137390992 7
      vertex 5.9 2.8 7
    endloop
  endfacet
  facet normal 0 0 1
    outer loop
      vertex 5.9 2.8 7
      vertex 6.082531754730548 2.375 7
      vertex 6.043578811442057 2.8094106524888085 7
    endloop
  endfacet
  facet normal 0 0 1
    outer loop
      vertex 6.043578811442057 2.8094106524888085 7
      vertex 6.082531754730548 2.375 7
      vertex 6.1548494156391085 2.5216457095436375 7
    endloop
  endfacet
  facet normal 0 0 1
    outer loop
      vertex 6.043578811442057 2.8094106524888085 7
      vertex 6.1548494156391085 2.5216457095436375 7
      vertex 6.207407282861335 2.6764761936218493 7
    endloop
  endfacet
  facet normal 0 0 1
    outer loop
      vertex 6.043578811442057 2.8094106524888085 7
      vertex 6.207407282861335 2.6764761936218493 7
      vertex 6.184700949612773 2.8374815910820246 7
    endloop
  endfacet
  facet normal 0 0 1
    outer loop
      vertex 6.184700949612773 2.8374815910820246 7
      vertex 6.207407282861335 2.6764761936218493 7
      vertex 6.239306076717263 2.8368422597249356 7
    endloop
  endfacet
  facet normal 0 0 1
    outer loop
      vertex 6.184700949612773 2.8374815910820246 7
      vertex 6.239306076717263 2.8368422597249356 7
      vertex 6.240591489760431 2.8564538729653215 7
    endloop
  endfacet
  facet normal 0 0 1
    outer loop
      vertex 8.498076211353316 2.4 7
      vertex 8.470057014808337 2.5431583272298193 7
      vertex 8.417633911729254 2.279609590820564 7
    endloop
  endfacet
  facet normal 0 0 1
    outer loop
      vertex 8.498076211353316 2.4 7
      vertex 8.67163859753386 2.7519497029047306 7
      vertex 8.470057014808337 2.5431583272298193 7
    endloop
  endfacet
  facet normal 0 0 1
    outer loop
      vertex 8.67163859753386 2.7519497029047306 7
      vertex 8.5 3 7
      vertex 8.470057014808337 2.5431583272298193 7
    endloop
  endfacet
  facet normal 0 0 1
    outer loop
      vertex 8.67163859753386 2.7519497029047306 7
      vertex 8.498076211353316 5.4 7
      vertex 8.5 3 7
    endloop
  endfacet
  facet normal 0 0 1
    outer loop
      vertex 8.498076211353316 5.4 7
      vertex 8.470057014808337 3.4568416727701807 7
      vertex 8.5 3 7
    endloop
  endfacet
  facet normal 0 0 1
    outer loop
      vertex 8.67163859753386 2.7519497029047306 7
      vertex 8.797777478867205 3.1235428646924377 7
      vertex 8.67163859753386 5.048050297095269 7
    endloop
  endfacet
  facet normal 0 0 1
    outer loop
      vertex 8.797777478867205 3.1235428646924377 7
      vertex 8.874334584121431 3.508421423339845 7
      vertex 8.797777478867205 4.676457135307563 7
    endloop
  endfacet
  facet normal 0 0 1
    outer loop
      vertex 8.874334584121431 3.508421423339845 7
      vertex 8.9 3.9 7
      vertex 8.874334584121431 4.291578576660155 7
    endloop
  endfacet
  facet normal 0 0 1
    outer loop
      vertex 8.021320343559642 6.021320343559643 7
      vertex 8.031088913245535 4.75 7
      vertex 8.233578363789503 4.3393920132778145 7
    endloop
  endfacet
  facet normal 0 0 1
    outer loop
      vertex 7.048050297095269 6.67163859753386 7
      vertex 6.75 6.031088913245535 7
      vertex 7.130665001530522 5.776736691019323 7
    endloop
  endfacet
  facet normal 0 0 1
    outer loop
      vertex 7.4 6.498076211353316 7
      vertex 7.130665001530522 5.776736691019323 7
      vertex 7.474873734152917 5.474873734152917 7
    endloop
  endfacet
  facet normal 0 0 1
    outer loop
      vertex 7.7262842870261625 6.280060020873706 7
      vertex 7.4 6.498076211353316 7
      vertex 7.474873734152917 5.474873734152917 7
    endloop
  endfacet
  facet normal 0 0 1
    outer loop
      vertex 7.7262842870261625 6.280060020873706 7
      vertex 7.776736691019323 5.130665001530522 7
      vertex 8.031088913245535 4.75 7
    endloop
  endfacet
  facet normal 0 0 1
    outer loop
      vertex 8.280060020873705 5.7262842870261625 7
      vertex 8.021320343559642 6.021320343559643 7
      vertex 8.233578363789503 4.3393920132778145 7
    endloop
  endfacet
  facet normal 0 0 1
    outer loop
      vertex 7.7262842870261625 6.280060020873706 7
      vertex 7.474873734152917 5.474873734152917 7
      vertex 7.776736691019323 5.130665001530522 7
    endloop
  endfacet
  facet normal 0 0 1
    outer loop
      vertex 7.7262842870261625 6.280060020873706 7
      vertex 8.031088913245535 4.75 7
      vertex 8.021320343559642 6.021320343559643 7
    endloop
  endfacet
  facet normal 0 0 1
    outer loop
      vertex 5.508421423339845 6.874334584121431 7
      vertex 5.456841672770181 6.4700570148083365 7
      vertex 5.905866657858823 6.380740392011739 7
    endloop
  endfacet
  facet normal 0 0 1
    outer loop
      vertex 5.508421423339845 6.874334584121431 7
      vertex 5.905866657858823 6.380740392011739 7
      vertex 5.9 6.9 7
    endloop
  endfacet
  facet normal 0 0 1
    outer loop
      vertex 5.9 6.9 7
      vertex 5.905866657858823 6.380740392011739 7
      vertex 6.3393920132778145 6.233578363789503 7
    endloop
  endfacet
  facet normal 0 0 1
    outer loop
      vertex 5.9 6.9 7
      vertex 6.3393920132778145 6.233578363789503 7
      vertex 6.291578576660155 6.874334584121431 7
    endloop
  endfacet
  facet normal 0 0 1
    outer loop
      vertex 6.291578576660155 6.874334584121431 7
      vertex 6.3393920132778145 6.233578363789503 7
      vertex 6.75 6.031088913245535 7
    endloop
  endfacet
  facet normal 0 0 1
    outer loop
      vertex 6.291578576660155 6.874334584121431 7
      vertex 6.75 6.031088913245535 7
      vertex 6.676457135307562 6.797777478867205 7
    endloop
  endfacet
  facet normal 0 0 1
    outer loop
      vertex 6.676457135307562 6.797777478867205 7
      vertex 6.75 6.031088913245535 7
      vertex 7.048050297095269 6.67163859753386 7
    endloop
  endfacet
  facet normal 0 0 1
    outer loop
      vertex 7.048050297095269 6.67163859753386 7
      vertex 7.130665001530522 5.776736691019323 7
      vertex 7.4 6.498076211353316 7
    endloop
  endfacet
  facet normal 0 0 1
    outer loop
      vertex 8.280060020873705 5.7262842870261625 7
      vertex 8.380740392011738 3.9058666578588226 7
      vertex 8.470057014808337 3.4568416727701807 7
    endloop
  endfacet
  facet normal 0 0 1
    outer loop
      vertex 8.67163859753386 2.7519497029047306 7
      vertex 8.67163859753386 5.048050297095269 7
      vertex 8.498076211353316 5.4 7
    endloop
  endfacet
  facet normal 0 0 1
    outer loop
      vertex 8.874334584121431 3.508421423339845 7
      vertex 8.874334584121431 4.291578576660155 7
      vertex 8.797777478867205 4.676457135307563 7
    endloop
  endfacet
  facet normal 0 0 1
    outer loop
      vertex 8.797777478867205 3.1235428646924377 7
      vertex 8.797777478867205 4.676457135307563 7
      vertex 8.67163859753386 5.048050297095269 7
    endloop
  endfacet
  facet normal 0 0 1
    outer loop
      vertex 8.280060020873705 5.7262842870261625 7
      vertex 8.233578363789503 4.3393920132778145 7
      vertex 8.380740392011738 3.9058666578588226 7
    endloop
  endfacet
  facet normal 0 0 1
    outer loop
      vertex 8.280060020873705 5.7262842870261625 7
      vertex 8.470057014808337 3.4568416727701807 7
      vertex 8.498076211353316 5.4 7
    endloop
  endfacet
  facet normal -0.44228869021899736 -0.8968727415326903 0
    outer loop
      vertex 4.751949702904731 50.12836140246614 7
      vertex 4.4 50.30192378864668 2
      vertex 4.751949702904731 50.12836140246614 2
    endloop
  endfacet
  facet normal -0.5555702330195925 -0.8314696123025517 0
    outer loop
      vertex 4.4 50.30192378864668 7
      vertex 4.279609590820565 50.38236608827074 2
      vertex 4.4 50.30192378864668 2
    endloop
  endfacet
  facet normal -0.321439465303167 -0.9469301294951038 0
    outer loop
      vertex 5.123542864692437 50.00222252113279 7
      vertex 4.751949702904731 50.12836140246614 2
      vertex 5.123542864692437 50.00222252113279 2
    endloop
  endfacet
  facet normal -0.19509032201612275 -0.9807852804032315 0
    outer loop
      vertex 5.508421423339845 49.92566541587857 7
      vertex 5.123542864692437 50.00222252113279 2
      vertex 5.508421423339845 49.92566541587857 2
    endloop
  endfacet
  facet normal -0.06540312923014802 -0.9978589232386031 0
    outer loop
      vertex 5.9 49.9 7
      vertex 5.508421423339845 49.92566541587857 2
      vertex 5.9 49.9 2
    endloop
  endfacet
  facet normal 0.06540312923014815 -0.9978589232386031 0
    outer loop
      vertex 6.291578576660155 49.92566541587857 7
      vertex 5.9 49.9 2
      vertex 6.291578576660155 49.92566541587857 2
    endloop
  endfacet
  facet normal 0.1950903220161232 -0.9807852804032314 0
    outer loop
      vertex 6.676457135307562 50.00222252113279 7
      vertex 6.291578576660155 49.92566541587857 2
      vertex 6.676457135307562 50.00222252113279 2
    endloop
  endfacet
  facet normal 0.3214394653031663 -0.946930129495104 0
    outer loop
      vertex 7.048050297095269 50.12836140246614 7
      vertex 6.676457135307562 50.00222252113279 2
      vertex 7.048050297095269 50.12836140246614 2
    endloop
  endfacet
  facet normal 0.4422886902189964 -0.8968727415326907 0
    outer loop
      vertex 7.4 50.30192378864668 7
      vertex 7.048050297095269 50.12836140246614 2
      vertex 7.4 50.30192378864668 2
    endloop
  endfacet
  facet normal 0.5555702330196001 -0.8314696123025466 0
    outer loop
      vertex 7.7262842870261625 50.51993997912629 7
      vertex 7.4 50.30192378864668 2
      vertex 7.7262842870261625 50.51993997912629 2
    endloop
  endfacet
  facet normal 0.6593458151000674 -0.7518398074789787 0
    outer loop
      vertex 8.021320343559642 50.77867965644035 7
      vertex 7.7262842870261625 50.51993997912629 2
      vertex 8.021320343559642 50.77867965644035 2
    endloop
  endfacet
  facet normal 0.7518398074789804 -0.6593458151000654 0
    outer loop
      vertex 8.021320343559642 50.77867965644035 7
      vertex 8.021320343559642 50.77867965644035 2
      vertex 8.280060020873705 51.073715712973836 2
    endloop
  endfacet
  facet normal 0.8314696123025446 -0.5555702330196032 0
    outer loop
      vertex 8.280060020873705 51.073715712973836 7
      vertex 8.280060020873705 51.073715712973836 2
      vertex 8.498076211353316 51.4 2
    endloop
  endfacet
  facet normal 0.8968727415326898 -0.4422886902189983 0
    outer loop
      vertex 8.498076211353316 51.4 7
      vertex 8.498076211353316 51.4 2
      vertex 8.67163859753386 51.75194970290473 2
    endloop
  endfacet
  facet normal 0.9469301294951055 -0.32143946530316225 0
    outer loop
      vertex 8.67163859753386 51.75194970290473 7
      vertex 8.67163859753386 51.75194970290473 2
      vertex 8.797777478867205 52.12354286469244 2
    endloop
  endfacet
  facet normal 0.9807852804032307 -0.1950903220161271 0
    outer loop
      vertex 8.797777478867205 52.12354286469244 7
      vertex 8.797777478867205 52.12354286469244 2
      vertex 8.874334584121431 52.50842142333985 2
    endloop
  endfacet
  facet normal 0.9978589232386035 -0.0654031292301441 0
    outer loop
      vertex 8.874334584121431 52.50842142333985 7
      vertex 8.874334584121431 52.50842142333985 2
      vertex 8.9 52.9 2
    endloop
  endfacet
  facet normal -0.5555702330195925 -0.8314696123025517 -7.679535839636845e-19
    outer loop
      vertex 4.4 50.30192378864668 7
      vertex 4.279609590820565 50.38236608827074 7
      vertex 4.279609590820565 50.38236608827074 2
    endloop
  endfacet
  facet normal -0.44228869021899736 -0.8968727415326903 0
    outer loop
      vertex 4.4 50.30192378864668 7
      vertex 4.4 50.30192378864668 2
      vertex 4.751949702904731 50.12836140246614 7
    endloop
  endfacet
  facet normal -0.321439465303167 -0.9469301294951038 0
    outer loop
      vertex 4.751949702904731 50.12836140246614 7
      vertex 4.751949702904731 50.12836140246614 2
      vertex 5.123542864692437 50.00222252113279 7
    endloop
  endfacet
  facet normal -0.19509032201612275 -0.9807852804032315 0
    outer loop
      vertex 5.123542864692437 50.00222252113279 7
      vertex 5.123542864692437 50.00222252113279 2
      vertex 5.508421423339845 49.92566541587857 7
    endloop
  endfacet
  facet normal -0.06540312923014802 -0.9978589232386031 0
    outer loop
      vertex 5.508421423339845 49.92566541587857 7
      vertex 5.508421423339845 49.92566541587857 2
      vertex 5.9 49.9 7
    endloop
  endfacet
  facet normal 0.06540312923014815 -0.9978589232386031 0
    outer loop
      vertex 5.9 49.9 7
      vertex 5.9 49.9 2
      vertex 6.291578576660155 49.92566541587857 7
    endloop
  endfacet
  facet normal 0.1950903220161232 -0.9807852804032314 0
    outer loop
      vertex 6.291578576660155 49.92566541587857 7
      vertex 6.291578576660155 49.92566541587857 2
      vertex 6.676457135307562 50.00222252113279 7
    endloop
  endfacet
  facet normal 0.3214394653031663 -0.946930129495104 0
    outer loop
      vertex 6.676457135307562 50.00222252113279 7
      vertex 6.676457135307562 50.00222252113279 2
      vertex 7.048050297095269 50.12836140246614 7
    endloop
  endfacet
  facet normal 0.4422886902189964 -0.8968727415326907 0
    outer loop
      vertex 7.048050297095269 50.12836140246614 7
      vertex 7.048050297095269 50.12836140246614 2
      vertex 7.4 50.30192378864668 7
    endloop
  endfacet
  facet normal 0.5555702330196001 -0.8314696123025466 0
    outer loop
      vertex 7.4 50.30192378864668 7
      vertex 7.4 50.30192378864668 2
      vertex 7.7262842870261625 50.51993997912629 7
    endloop
  endfacet
  facet normal 0.6593458151000674 -0.7518398074789787 0
    outer loop
      vertex 7.7262842870261625 50.51993997912629 7
      vertex 7.7262842870261625 50.51993997912629 2
      vertex 8.021320343559642 50.77867965644035 7
    endloop
  endfacet
  facet normal 0.7518398074789804 -0.6593458151000654 -1.7160953945981144e-18
    outer loop
      vertex 8.021320343559642 50.77867965644035 7
      vertex 8.280060020873705 51.073715712973836 2
      vertex 8.280060020873705 51.073715712973836 7
    endloop
  endfacet
  facet normal 0.8314696123025446 -0.5555702330196032 1.686859900967732e-20
    outer loop
      vertex 8.280060020873705 51.073715712973836 7
      vertex 8.498076211353316 51.4 2
      vertex 8.498076211353316 51.4 7
    endloop
  endfacet
  facet normal 0.8968727415326898 -0.4422886902189983 -8.67836771215576e-19
    outer loop
      vertex 8.498076211353316 51.4 7
      vertex 8.67163859753386 51.75194970290473 2
      vertex 8.67163859753386 51.75194970290473 7
    endloop
  endfacet
  facet normal 0.9469301294951055 -0.32143946530316225 -1.3942255471734145e-18
    outer loop
      vertex 8.67163859753386 51.75194970290473 7
      vertex 8.797777478867205 52.12354286469244 2
      vertex 8.797777478867205 52.12354286469244 7
    endloop
  endfacet
  facet normal 0.9807852804032307 -0.1950903220161271 -1.2185595602865002e-20
    outer loop
      vertex 8.797777478867205 52.12354286469244 7
      vertex 8.874334584121431 52.50842142333985 2
      vertex 8.874334584121431 52.50842142333985 7
    endloop
  endfacet
  facet normal 0.9978589232386035 -0.0654031292301441 -2.5123752596968975e-19
    outer loop
      vertex 8.874334584121431 52.50842142333985 7
      vertex 8.9 52.9 2
      vertex 8.9 52.9 7
    endloop
  endfacet
  facet normal 0.9978589232386035 0.0654031292301441 0
    outer loop
      vertex 8.9 52.9 7
      vertex 8.9 52.9 2
      vertex 8.874334584121431 53.29157857666015 2
    endloop
  endfacet
  facet normal 0.9807852804032307 0.1950903220161271 0
    outer loop
      vertex 8.874334584121431 53.29157857666015 7
      vertex 8.874334584121431 53.29157857666015 2
      vertex 8.797777478867205 53.67645713530756 2
    endloop
  endfacet
  facet normal 0.9469301294951055 0.32143946530316225 0
    outer loop
      vertex 8.797777478867205 53.67645713530756 7
      vertex 8.797777478867205 53.67645713530756 2
      vertex 8.67163859753386 54.048050297095266 2
    endloop
  endfacet
  facet normal 0.8968727415326898 0.4422886902189983 0
    outer loop
      vertex 8.67163859753386 54.048050297095266 7
      vertex 8.67163859753386 54.048050297095266 2
      vertex 8.498076211353316 54.4 2
    endloop
  endfacet
  facet normal 0.8314696123025461 0.5555702330196011 0
    outer loop
      vertex 8.417633911729254 54.520390409179434 7
      vertex 8.498076211353316 54.4 2
      vertex 8.417633911729254 54.520390409179434 2
    endloop
  endfacet
  facet normal 0.9978589232386035 0.0654031292301441 0
    outer loop
      vertex 8.874334584121431 53.29157857666015 7
      vertex 8.9 52.9 7
      vertex 8.874334584121431 53.29157857666015 2
    endloop
  endfacet
  facet normal 0.9807852804032307 0.1950903220161271 1.2185595602865002e-20
    outer loop
      vertex 8.874334584121431 53.29157857666015 7
      vertex 8.797777478867205 53.67645713530756 2
      vertex 8.797777478867205 53.67645713530756 7
    endloop
  endfacet
  facet normal 0.9469301294951055 0.32143946530316225 1.3942255471734145e-18
    outer loop
      vertex 8.797777478867205 53.67645713530756 7
      vertex 8.67163859753386 54.048050297095266 2
      vertex 8.67163859753386 54.048050297095266 7
    endloop
  endfacet
  facet normal 0.8968727415326898 0.4422886902189983 0
    outer loop
      vertex 8.498076211353316 54.4 7
      vertex 8.67163859753386 54.048050297095266 7
      vertex 8.498076211353316 54.4 2
    endloop
  endfacet
  facet normal 0.8314696123025461 0.5555702330196011 0
    outer loop
      vertex 8.498076211353316 54.4 7
      vertex 8.498076211353316 54.4 2
      vertex 8.417633911729254 54.520390409179434 7
    endloop
  endfacet
  facet normal 0 0 1
    outer loop
      vertex 4.4 50.30192378864668 7
      vertex 4.543158327229819 50.329942985191664 7
      vertex 4.279609590820565 50.38236608827074 7
    endloop
  endfacet
  facet normal 0 0 1
    outer loop
      vertex 4.4 50.30192378864668 7
      vertex 4.751949702904731 50.12836140246614 7
      vertex 4.543158327229819 50.329942985191664 7
    endloop
  endfacet
  facet normal 0 0 1
    outer loop
      vertex 4.751949702904731 50.12836140246614 7
      vertex 5 50.3 7
      vertex 4.543158327229819 50.329942985191664 7
    endloop
  endfacet
  facet normal 0 0 1
    outer loop
      vertex 4.751949702904731 50.12836140246614 7
      vertex 5.123542864692437 50.00222252113279 7
      vertex 5 50.3 7
    endloop
  endfacet
  facet normal 0 0 1
    outer loop
      vertex 5.123542864692437 50.00222252113279 7
      vertex 5.508421423339845 49.92566541587857 7
      vertex 5 50.3 7
    endloop
  endfacet
  facet normal 0 0 1
    outer loop
      vertex 5.508421423339845 49.92566541587857 7
      vertex 5.456841672770181 50.329942985191664 7
      vertex 5 50.3 7
    endloop
  endfacet
  facet normal 0 0 1
    outer loop
      vertex 4.837481591082025 52.61529905038723 7
      vertex 4.8094106524888085 52.756421188557944 7
      vertex 4.836842259724936 52.560693923282734 7
    endloop
  endfacet
  facet normal 0 0 1
    outer loop
      vertex 4.8094106524888085 52.756421188557944 7
      vertex 4.676476193621849 52.592592717138665 7
      vertex 4.836842259724936 52.560693923282734 7
    endloop
  endfacet
  facet normal 0 0 1
    outer loop
      vertex 4.8094106524888085 52.756421188557944 7
      vertex 4.8 52.9 7
      vertex 4.676476193621849 52.592592717138665 7
    endloop
  endfacet
  facet normal 0 0 1
    outer loop
      vertex 4.837481591082025 52.61529905038723 7
      vertex 4.836842259724936 52.560693923282734 7
      vertex 4.856453872965323 52.559408510239564 7
    endloop
  endfacet
  facet normal 0 0 1
    outer loop
      vertex 5.508421423339845 49.92566541587857 7
      vertex 5.9 49.9 7
      vertex 5.456841672770181 50.329942985191664 7
    endloop
  endfacet
  facet normal 0 0 1
    outer loop
      vertex 5.9 49.9 7
      vertex 6.291578576660155 49.92566541587857 7
      vertex 5.905866657858823 50.41925960798826 7
    endloop
  endfacet
  facet normal 0 0 1
    outer loop
      vertex 5.9 49.9 7
      vertex 5.905866657858823 50.41925960798826 7
      vertex 5.456841672770181 50.329942985191664 7
    endloop
  endfacet
  facet normal 0 0 1
    outer loop
      vertex 6.291578576660155 49.92566541587857 7
      vertex 6.676457135307562 50.00222252113279 7
      vertex 5.905866657858823 50.41925960798826 7
    endloop
  endfacet
  facet normal 0 0 1
    outer loop
      vertex 6.676457135307562 50.00222252113279 7
      vertex 6.3393920132778145 50.56642163621049 7
      vertex 5.905866657858823 50.41925960798826 7
    endloop
  endfacet
  facet normal 0 0 1
    outer loop
      vertex 6.676457135307562 50.00222252113279 7
      vertex 7.048050297095269 50.12836140246614 7
      vertex 6.3393920132778145 50.56642163621049 7
    endloop
  endfacet
  facet normal 0 0 1
    outer loop
      vertex 7.048050297095269 50.12836140246614 7
      vertex 6.75 50.768911086754464 7
      vertex 6.3393920132778145 50.56642163621049 7
    endloop
  endfacet
  facet normal 0 0 1
    outer loop
      vertex 7.048050297095269 50.12836140246614 7
      vertex 7.4 50.30192378864668 7
      vertex 6.75 50.768911086754464 7
    endloop
  endfacet
  facet normal 0 0 1
    outer loop
      vertex 7.4 50.30192378864668 7
      vertex 7.130665001530522 51.023263308980674 7
      vertex 6.75 50.768911086754464 7
    endloop
  endfacet
  facet normal 0 0 1
    outer loop
      vertex 7.4 50.30192378864668 7
      vertex 7.7262842870261625 50.51993997912629 7
      vertex 7.130665001530522 51.023263308980674 7
    endloop
  endfacet
  facet normal 0 0 1
    outer loop
      vertex 7.7262842870261625 50.51993997912629 7
      vertex 7.474873734152917 51.32512626584708 7
      vertex 7.130665001530522 51.023263308980674 7
    endloop
  endfacet
  facet normal 0 0 1
    outer loop
      vertex 7.7262842870261625 50.51993997912629 7
      vertex 8.021320343559642 50.77867965644035 7
      vertex 7.474873734152917 51.32512626584708 7
    endloop
  endfacet
  facet normal 0 0 1
    outer loop
      vertex 8.021320343559642 50.77867965644035 7
      vertex 7.776736691019323 51.66933499846947 7
      vertex 7.474873734152917 51.32512626584708 7
    endloop
  endfacet
  facet normal 0 0 1
    outer loop
      vertex 8.021320343559642 50.77867965644035 7
      vertex 8.280060020873705 51.073715712973836 7
      vertex 7.776736691019323 51.66933499846947 7
    endloop
  endfacet
  facet normal 0 0 1
    outer loop
      vertex 8.280060020873705 51.073715712973836 7
      vertex 8.031088913245535 52.05 7
      vertex 7.776736691019323 51.66933499846947 7
    endloop
  endfacet
  facet normal 0 0 1
    outer loop
      vertex 8.280060020873705 51.073715712973836 7
      vertex 8.233578363789503 52.46060798672218 7
      vertex 8.031088913245535 52.05 7
    endloop
  endfacet
  facet normal 0 0 1
    outer loop
      vertex 8.280060020873705 51.073715712973836 7
      vertex 8.498076211353316 51.4 7
      vertex 8.233578363789503 52.46060798672218 7
    endloop
  endfacet
  facet normal 0 0 1
    outer loop
      vertex 8.498076211353316 51.4 7
      vertex 8.380740392011738 52.894133342141174 7
      vertex 8.233578363789503 52.46060798672218 7
    endloop
  endfacet
  facet normal 0 0 1
    outer loop
      vertex 8.498076211353316 51.4 7
      vertex 8.67163859753386 51.75194970290473 7
      vertex 8.470057014808337 53.343158327229816 7
    endloop
  endfacet
  facet normal 0 0 1
    outer loop
      vertex 8.498076211353316 51.4 7
      vertex 8.470057014808337 53.343158327229816 7
      vertex 8.380740392011738 52.894133342141174 7
    endloop
  endfacet
  facet normal 0 0 1
    outer loop
      vertex 8.67163859753386 51.75194970290473 7
      vertex 8.5 53.8 7
      vertex 8.470057014808337 53.343158327229816 7
    endloop
  endfacet
  facet normal 0 0 1
    outer loop
      vertex 8.67163859753386 51.75194970290473 7
      vertex 8.797777478867205 52.12354286469244 7
      vertex 8.67163859753386 54.048050297095266 7
    endloop
  endfacet
  facet normal 0 0 1
    outer loop
      vertex 8.797777478867205 52.12354286469244 7
      vertex 8.874334584121431 52.50842142333985 7
      vertex 8.797777478867205 53.67645713530756 7
    endloop
  endfacet
  facet normal 0 0 1
    outer loop
      vertex 8.874334584121431 52.50842142333985 7
      vertex 8.9 52.9 7
      vertex 8.874334584121431 53.29157857666015 7
    endloop
  endfacet
  facet normal 0 0 1
    outer loop
      vertex 3.917468245269452 53.175 7
      vertex 4.008308324635956 53.03904821373909 7
      vertex 3.8451505843608915 54.278354290456356 7
    endloop
  endfacet
  facet normal 0 0 1
    outer loop
      vertex 4.116116523516816 52.91611652351681 7
      vertex 3.917468245269452 54.425 7
      vertex 4.008308324635956 53.03904821373909 7
    endloop
  endfacet
  facet normal 0 0 1
    outer loop
      vertex 4.008308324635956 54.5609517862609 7
      vertex 4.116116523516816 52.91611652351681 7
      vertex 4.2390482137391 52.80830832463595 7
    endloop
  endfacet
  facet normal 0 0 1
    outer loop
      vertex 3.792592717138665 53.47647619362185 7
      vertex 3.75 53.8 7
      vertex 3.760693923282737 53.63684225972493 7
    endloop
  endfacet
  facet normal 0 0 1
    outer loop
      vertex 3.792592717138665 53.47647619362185 7
      vertex 3.760693923282737 53.963157740275065 7
      vertex 3.75 53.8 7
    endloop
  endfacet
  facet normal 0 0 1
    outer loop
      vertex 3.760693923282737 53.963157740275065 7
      vertex 3.792592717138665 53.47647619362185 7
      vertex 3.792592717138665 54.123523806378145 7
    endloop
  endfacet
  facet normal 0 0 1
    outer loop
      vertex 3.917468245269452 53.175 7
      vertex 3.792592717138665 54.123523806378145 7
      vertex 3.8451505843608915 53.32164570954364 7
    endloop
  endfacet
  facet normal 0 0 1
    outer loop
      vertex 3.792592717138665 54.123523806378145 7
      vertex 3.792592717138665 53.47647619362185 7
      vertex 3.8451505843608915 53.32164570954364 7
    endloop
  endfacet
  facet normal 0 0 1
    outer loop
      vertex 3.792592717138665 54.123523806378145 7
      vertex 3.917468245269452 53.175 7
      vertex 3.8451505843608915 54.278354290456356 7
    endloop
  endfacet
  facet normal 0 0 1
    outer loop
      vertex 3.917468245269452 54.425 7
      vertex 3.8451505843608915 54.278354290456356 7
      vertex 4.008308324635956 53.03904821373909 7
    endloop
  endfacet
  facet normal 0 0 1
    outer loop
      vertex 4.116116523516816 52.91611652351681 7
      vertex 4.008308324635956 54.5609517862609 7
      vertex 3.917468245269452 54.425 7
    endloop
  endfacet
  facet normal 0 0 1
    outer loop
      vertex 4.008308324635956 54.5609517862609 7
      vertex 4.2390482137391 52.80830832463595 7
      vertex 4.116116523516816 54.68388347648318 7
    endloop
  endfacet
  facet normal 0 0 1
    outer loop
      vertex 4.2390482137391 52.80830832463595 7
      vertex 4.375 52.71746824526945 7
      vertex 4.116116523516816 54.68388347648318 7
    endloop
  endfacet
  facet normal 0 0 1
    outer loop
      vertex 4.5216457095436375 52.64515058436089 7
      vertex 4.2390482137391 54.79169167536404 7
      vertex 4.375 52.71746824526945 7
    endloop
  endfacet
  facet normal 0 0 1
    outer loop
      vertex 4.676476193621849 52.592592717138665 7
      vertex 4.375 54.88253175473054 7
      vertex 4.5216457095436375 52.64515058436089 7
    endloop
  endfacet
  facet normal 0 0 1
    outer loop
      vertex 4.8 52.9 7
      vertex 4.676476193621849 55.00740728286133 7
      vertex 4.676476193621849 52.592592717138665 7
    endloop
  endfacet
  facet normal 0 0 1
    outer loop
      vertex 4.2390482137391 54.79169167536404 7
      vertex 4.116116523516816 54.68388347648318 7
      vertex 4.375 52.71746824526945 7
    endloop
  endfacet
  facet normal 0 0 1
    outer loop
      vertex 4.8 52.9 7
      vertex 4.8094106524888085 53.04357881144205 7
      vertex 4.676476193621849 55.00740728286133 7
    endloop
  endfacet
  facet normal 0 0 1
    outer loop
      vertex 4.8094106524888085 53.04357881144205 7
      vertex 4.837481591082025 53.18470094961277 7
      vertex 4.676476193621849 55.00740728286133 7
    endloop
  endfacet
  facet normal 0 0 1
    outer loop
      vertex 4.837481591082025 53.18470094961277 7
      vertex 4.883732514237584 53.3209517756016 7
      vertex 4.676476193621849 55.00740728286133 7
    endloop
  endfacet
  facet normal 0 0 1
    outer loop
      vertex 4.883732514237584 53.3209517756016 7
      vertex 4.947372055837118 53.449999999999996 7
      vertex 4.676476193621849 55.00740728286133 7
    endloop
  endfacet
  facet normal 0 0 1
    outer loop
      vertex 4.947372055837118 53.449999999999996 7
      vertex 5.027311325679641 53.56963757190959 7
      vertex 4.676476193621849 55.00740728286133 7
    endloop
  endfacet
  facet normal 0 0 1
    outer loop
      vertex 5.027311325679641 53.56963757190959 7
      vertex 5.122182540694798 53.6778174593052 7
      vertex 4.676476193621849 55.00740728286133 7
    endloop
  endfacet
  facet normal 0 0 1
    outer loop
      vertex 4.5216457095436375 52.64515058436089 7
      vertex 4.375 54.88253175473054 7
      vertex 4.2390482137391 54.79169167536404 7
    endloop
  endfacet
  facet normal 0 0 1
    outer loop
      vertex 4.375 54.88253175473054 7
      vertex 4.676476193621849 52.592592717138665 7
      vertex 4.5216457095436375 54.9548494156391 7
    endloop
  endfacet
  facet normal 0 0 1
    outer loop
      vertex 4.676476193621849 52.592592717138665 7
      vertex 4.676476193621849 55.00740728286133 7
      vertex 4.5216457095436375 54.9548494156391 7
    endloop
  endfacet
  facet normal 0 0 1
    outer loop
      vertex 5.122182540694798 53.6778174593052 7
      vertex 5.230362428090407 53.77268867432036 7
      vertex 4.836842259724936 55.03930607671726 7
    endloop
  endfacet
  facet normal 0 0 1
    outer loop
      vertex 5.122182540694798 53.6778174593052 7
      vertex 4.836842259724936 55.03930607671726 7
      vertex 4.676476193621849 55.00740728286133 7
    endloop
  endfacet
  facet normal 0 0 1
    outer loop
      vertex 5.230362428090407 53.77268867432036 7
      vertex 5 55.05 7
      vertex 4.836842259724936 55.03930607671726 7
    endloop
  endfacet
  facet normal 0 0 1
    outer loop
      vertex 5.230362428090407 53.77268867432036 7
      vertex 5.163157740275064 55.03930607671726 7
      vertex 5 55.05 7
    endloop
  endfacet
  facet normal 0 0 1
    outer loop
      vertex 5.230362428090407 53.77268867432036 7
      vertex 5.35 53.85262794416288 7
      vertex 5.163157740275064 55.03930607671726 7
    endloop
  endfacet
  facet normal 0 0 1
    outer loop
      vertex 5.35 53.85262794416288 7
      vertex 5.479048224398401 53.91626748576241 7
      vertex 5.163157740275064 55.03930607671726 7
    endloop
  endfacet
  facet normal 0 0 1
    outer loop
      vertex 5.479048224398401 53.91626748576241 7
      vertex 5.615299050387227 53.96251840891797 7
      vertex 5.323523806378151 55.00740728286133 7
    endloop
  endfacet
  facet normal 0 0 1
    outer loop
      vertex 5.615299050387227 53.96251840891797 7
      vertex 5.4783542904563625 54.9548494156391 7
      vertex 5.323523806378151 55.00740728286133 7
    endloop
  endfacet
  facet normal 0 0 1
    outer loop
      vertex 5.479048224398401 53.91626748576241 7
      vertex 5.323523806378151 55.00740728286133 7
      vertex 5.163157740275064 55.03930607671726 7
    endloop
  endfacet
  facet normal 0 0 1
    outer loop
      vertex 6.043578811442057 53.99058934751119 7
      vertex 6.184700949612773 53.96251840891797 7
      vertex 6.1548494156391085 54.278354290456356 7
    endloop
  endfacet
  facet normal 0 0 1
    outer loop
      vertex 6.184700949612773 53.96251840891797 7
      vertex 6.2405914897604315 53.94354612703467 7
      vertex 6.239306076717263 53.963157740275065 7
    endloop
  endfacet
  facet normal 0 0 1
    outer loop
      vertex 6.184700949612773 53.96251840891797 7
      vertex 6.239306076717263 53.963157740275065 7
      vertex 6.207407282861335 54.123523806378145 7
    endloop
  endfacet
  facet normal 0 0 1
    outer loop
      vertex 5.615299050387227 53.96251840891797 7
      vertex 5.756421188557943 53.99058934751119 7
      vertex 5.625 54.88253175473054 7
    endloop
  endfacet
  facet normal 0 0 1
    outer loop
      vertex 5.756421188557943 53.99058934751119 7
      vertex 5.9 54 7
      vertex 5.883883476483184 54.68388347648318 7
    endloop
  endfacet
  facet normal 0 0 1
    outer loop
      vertex 5.615299050387227 53.96251840891797 7
      vertex 5.625 54.88253175473054 7
      vertex 5.4783542904563625 54.9548494156391 7
    endloop
  endfacet
  facet normal 0 0 1
    outer loop
      vertex 5.756421188557943 53.99058934751119 7
      vertex 5.883883476483184 54.68388347648318 7
      vertex 5.7609517862609 54.79169167536404 7
    endloop
  endfacet
  facet normal 0 0 1
    outer loop
      vertex 5.756421188557943 53.99058934751119 7
      vertex 5.7609517862609 54.79169167536404 7
      vertex 5.625 54.88253175473054 7
    endloop
  endfacet
  facet normal 0 0 1
    outer loop
      vertex 5.9 54 7
      vertex 6.043578811442057 53.99058934751119 7
      vertex 5.991691675364044 54.5609517862609 7
    endloop
  endfacet
  facet normal 0 0 1
    outer loop
      vertex 6.184700949612773 53.96251840891797 7
      vertex 6.207407282861335 54.123523806378145 7
      vertex 6.1548494156391085 54.278354290456356 7
    endloop
  endfacet
  facet normal 0 0 1
    outer loop
      vertex 6.043578811442057 53.99058934751119 7
      vertex 6.1548494156391085 54.278354290456356 7
      vertex 6.082531754730548 54.425 7
    endloop
  endfacet
  facet normal 0 0 1
    outer loop
      vertex 6.043578811442057 53.99058934751119 7
      vertex 6.082531754730548 54.425 7
      vertex 5.991691675364044 54.5609517862609 7
    endloop
  endfacet
  facet normal 0 0 1
    outer loop
      vertex 5.9 54 7
      vertex 5.991691675364044 54.5609517862609 7
      vertex 5.883883476483184 54.68388347648318 7
    endloop
  endfacet
  facet normal 0 0 1
    outer loop
      vertex 8.67163859753386 51.75194970290473 7
      vertex 8.498076211353316 54.4 7
      vertex 8.5 53.8 7
    endloop
  endfacet
  facet normal 0 0 1
    outer loop
      vertex 8.67163859753386 51.75194970290473 7
      vertex 8.67163859753386 54.048050297095266 7
      vertex 8.498076211353316 54.4 7
    endloop
  endfacet
  facet normal 0 0 1
    outer loop
      vertex 8.874334584121431 52.50842142333985 7
      vertex 8.874334584121431 53.29157857666015 7
      vertex 8.797777478867205 53.67645713530756 7
    endloop
  endfacet
  facet normal 0 0 1
    outer loop
      vertex 8.797777478867205 52.12354286469244 7
      vertex 8.797777478867205 53.67645713530756 7
      vertex 8.67163859753386 54.048050297095266 7
    endloop
  endfacet
  facet normal 0 0 1
    outer loop
      vertex 8.498076211353316 54.4 7
      vertex 8.470057014808337 54.25684167277018 7
      vertex 8.5 53.8 7
    endloop
  endfacet
  facet normal 0 0 1
    outer loop
      vertex 8.498076211353316 54.4 7
      vertex 8.417633911729254 54.520390409179434 7
      vertex 8.470057014808337 54.25684167277018 7
    endloop
  endfacet
  facet normal -0.6593458151000654 -0.7518398074789804 0
    outer loop
      vertex 62.073715712973836 1.5199399791262942 7
      vertex 61.77867965644035 1.778679656440357 2
      vertex 62.073715712973836 1.5199399791262942 2
    endloop
  endfacet
  facet normal -0.5555702330196016 -0.8314696123025456 0
    outer loop
      vertex 62.4 1.301923788646684 7
      vertex 62.073715712973836 1.5199399791262942 2
      vertex 62.4 1.301923788646684 2
    endloop
  endfacet
  facet normal -0.4422886902189983 -0.8968727415326898 0
    outer loop
      vertex 62.75194970290473 1.12836140246614 7
      vertex 62.4 1.301923788646684 2
      vertex 62.75194970290473 1.12836140246614 2
    endloop
  endfacet
  facet normal -0.32143946530316225 -0.9469301294951055 0
    outer loop
      vertex 63.12354286469244 1.0022225211327949 7
      vertex 62.75194970290473 1.12836140246614 2
      vertex 63.12354286469244 1.0022225211327949 2
    endloop
  endfacet
  facet normal -0.19509032201612686 -0.9807852804032308 0
    outer loop
      vertex 63.50842142333985 0.925665415878569 7
      vertex 63.12354286469244 1.0022225211327949 2
      vertex 63.50842142333985 0.925665415878569 2
    endloop
  endfacet
  facet normal -0.8314696123025463 -0.5555702330196006 0
    outer loop
      vertex 61.30192378864668 2.4 7
      vertex 61.30192378864668 2.4 2
      vertex 61.51993997912629 2.073715712973838 2
    endloop
  endfacet
  facet normal -0.8968727415326906 -0.4422886902189969 0
    outer loop
      vertex 61.12836140246614 2.7519497029047306 7
      vertex 61.12836140246614 2.7519497029047306 2
      vertex 61.30192378864668 2.4 2
    endloop
  endfacet
  facet normal -0.7518398074789803 -0.6593458151000657 0
    outer loop
      vertex 61.51993997912629 2.073715712973838 7
      vertex 61.51993997912629 2.073715712973838 2
      vertex 61.77867965644035 1.778679656440357 2
    endloop
  endfacet
  facet normal -0.946930129495104 -0.3214394653031667 0
    outer loop
      vertex 61.00222252113279 3.1235428646924377 7
      vertex 61.00222252113279 3.1235428646924377 2
      vertex 61.12836140246614 2.7519497029047306 2
    endloop
  endfacet
  facet normal -0.9807852804032314 -0.19509032201612297 0
    outer loop
      vertex 60.92566541587857 3.508421423339845 7
      vertex 60.92566541587857 3.508421423339845 2
      vertex 61.00222252113279 3.1235428646924377 2
    endloop
  endfacet
  facet normal -0.9978589232386031 -0.06540312923014809 0
    outer loop
      vertex 60.9 3.9 7
      vertex 60.9 3.9 2
      vertex 60.92566541587857 3.508421423339845 2
    endloop
  endfacet
  facet normal -0.0654031292301441 -0.9978589232386035 0
    outer loop
      vertex 63.9 0.9 7
      vertex 63.50842142333985 0.925665415878569 2
      vertex 63.9 0.9 2
    endloop
  endfacet
  facet normal 0.06540312923014291 -0.9978589232386036 0
    outer loop
      vertex 64.29157857666016 0.925665415878569 7
      vertex 63.9 0.9 2
      vertex 64.29157857666016 0.925665415878569 2
    endloop
  endfacet
  facet normal 0.1950903220161303 -0.98078528040323 0
    outer loop
      vertex 64.67645713530756 1.0022225211327949 7
      vertex 64.29157857666016 0.925665415878569 2
      vertex 64.67645713530756 1.0022225211327949 2
    endloop
  endfacet
  facet normal 0.32143946530315676 -0.9469301294951074 0
    outer loop
      vertex 65.04805029709527 1.12836140246614 7
      vertex 64.67645713530756 1.0022225211327949 2
      vertex 65.04805029709527 1.12836140246614 2
    endloop
  endfacet
  facet normal 0.4422886902189983 -0.8968727415326898 0
    outer loop
      vertex 65.4 1.301923788646684 7
      vertex 65.04805029709527 1.12836140246614 2
      vertex 65.4 1.301923788646684 2
    endloop
  endfacet
  facet normal 0.5555702330196101 -0.8314696123025401 0
    outer loop
      vertex 65.72628428702616 1.5199399791262942 7
      vertex 65.4 1.301923788646684 2
      vertex 65.72628428702616 1.5199399791262942 2
    endloop
  endfacet
  facet normal 0.6593458151000565 -0.7518398074789883 0
    outer loop
      vertex 66.02132034355965 1.778679656440357 7
      vertex 65.72628428702616 1.5199399791262942 2
      vertex 66.02132034355965 1.778679656440357 2
    endloop
  endfacet
  facet normal 0.7518398074789892 -0.6593458151000555 0
    outer loop
      vertex 66.02132034355965 1.778679656440357 7
      vertex 66.02132034355965 1.778679656440357 2
      vertex 66.2800600208737 2.073715712973838 2
    endloop
  endfacet
  facet normal -0.9978589232386031 0.06540312923014809 0
    outer loop
      vertex 60.92566541587857 4.291578576660155 7
      vertex 60.92566541587857 4.291578576660155 2
      vertex 60.9 3.9 2
    endloop
  endfacet
  facet normal -0.9807852804032315 0.19509032201612275 0
    outer loop
      vertex 61.00222252113279 4.676457135307563 7
      vertex 61.00222252113279 4.676457135307563 2
      vertex 60.92566541587857 4.291578576660155 2
    endloop
  endfacet
  facet normal -0.9469301294951038 0.321439465303167 0
    outer loop
      vertex 61.12836140246614 5.048050297095269 7
      vertex 61.12836140246614 5.048050297095269 2
      vertex 61.00222252113279 4.676457135307563 2
    endloop
  endfacet
  facet normal -0.8968727415326907 0.4422886902189964 0
    outer loop
      vertex 61.30192378864668 5.4 7
      vertex 61.30192378864668 5.4 2
      vertex 61.12836140246614 5.048050297095269 2
    endloop
  endfacet
  facet normal -0.8314696123025466 0.5555702330196001 0
    outer loop
      vertex 61.51993997912629 5.7262842870261625 7
      vertex 61.51993997912629 5.7262842870261625 2
      vertex 61.30192378864668 5.4 2
    endloop
  endfacet
  facet normal -0.7518398074789797 0.6593458151000663 0
    outer loop
      vertex 61.77867965644035 6.021320343559643 7
      vertex 61.77867965644035 6.021320343559643 2
      vertex 61.51993997912629 5.7262842870261625 2
    endloop
  endfacet
  facet normal -0.6593458151000654 0.7518398074789804 0
    outer loop
      vertex 61.77867965644035 6.021320343559643 7
      vertex 62.073715712973836 6.280060020873706 2
      vertex 61.77867965644035 6.021320343559643 2
    endloop
  endfacet
  facet normal -0.5555702330196016 0.8314696123025456 0
    outer loop
      vertex 62.073715712973836 6.280060020873706 7
      vertex 62.4 6.498076211353316 2
      vertex 62.073715712973836 6.280060020873706 2
    endloop
  endfacet
  facet normal -0.4422886902189983 0.8968727415326898 0
    outer loop
      vertex 62.4 6.498076211353316 7
      vertex 62.75194970290473 6.67163859753386 2
      vertex 62.4 6.498076211353316 2
    endloop
  endfacet
  facet normal -0.32143946530316225 0.9469301294951055 0
    outer loop
      vertex 62.75194970290473 6.67163859753386 7
      vertex 63.12354286469244 6.797777478867205 2
      vertex 62.75194970290473 6.67163859753386 2
    endloop
  endfacet
  facet normal -0.1950903220161271 0.9807852804032307 0
    outer loop
      vertex 63.12354286469244 6.797777478867205 7
      vertex 63.50842142333985 6.874334584121431 2
      vertex 63.12354286469244 6.797777478867205 2
    endloop
  endfacet
  facet normal 0.7518398074789887 0.6593458151000561 0
    outer loop
      vertex 66.2800600208737 5.7262842870261625 7
      vertex 66.2800600208737 5.7262842870261625 2
      vertex 66.02132034355965 6.021320343559643 2
    endloop
  endfacet
  facet normal -0.0654031292301441 0.9978589232386035 0
    outer loop
      vertex 63.50842142333985 6.874334584121431 7
      vertex 63.9 6.9 2
      vertex 63.50842142333985 6.874334584121431 2
    endloop
  endfacet
  facet normal 0.06540312923014291 0.9978589232386036 0
    outer loop
      vertex 63.9 6.9 7
      vertex 64.29157857666016 6.874334584121431 2
      vertex 63.9 6.9 2
    endloop
  endfacet
  facet normal 0.19509032201613058 0.98078528040323 0
    outer loop
      vertex 64.29157857666016 6.874334584121431 7
      vertex 64.67645713530756 6.797777478867205 2
      vertex 64.29157857666016 6.874334584121431 2
    endloop
  endfacet
  facet normal 0.32143946530315676 0.9469301294951074 0
    outer loop
      vertex 64.67645713530756 6.797777478867205 7
      vertex 65.04805029709527 6.67163859753386 2
      vertex 64.67645713530756 6.797777478867205 2
    endloop
  endfacet
  facet normal 0.4422886902189983 0.8968727415326898 0
    outer loop
      vertex 65.04805029709527 6.67163859753386 7
      vertex 65.4 6.498076211353316 2
      vertex 65.04805029709527 6.67163859753386 2
    endloop
  endfacet
  facet normal 0.5555702330196101 0.8314696123025401 0
    outer loop
      vertex 65.4 6.498076211353316 7
      vertex 65.72628428702616 6.280060020873706 2
      vertex 65.4 6.498076211353316 2
    endloop
  endfacet
  facet normal 0.6593458151000565 0.7518398074789883 0
    outer loop
      vertex 65.72628428702616 6.280060020873706 7
      vertex 66.02132034355965 6.021320343559643 2
      vertex 65.72628428702616 6.280060020873706 2
    endloop
  endfacet
  facet normal -0.6593458151000654 -0.7518398074789804 0
    outer loop
      vertex 61.77867965644035 1.778679656440357 7
      vertex 61.77867965644035 1.778679656440357 2
      vertex 62.073715712973836 1.5199399791262942 7
    endloop
  endfacet
  facet normal -0.5555702330196016 -0.8314696123025456 0
    outer loop
      vertex 62.073715712973836 1.5199399791262942 7
      vertex 62.073715712973836 1.5199399791262942 2
      vertex 62.4 1.301923788646684 7
    endloop
  endfacet
  facet normal -0.4422886902189983 -0.8968727415326898 0
    outer loop
      vertex 62.4 1.301923788646684 7
      vertex 62.4 1.301923788646684 2
      vertex 62.75194970290473 1.12836140246614 7
    endloop
  endfacet
  facet normal -0.32143946530316225 -0.9469301294951055 0
    outer loop
      vertex 62.75194970290473 1.12836140246614 7
      vertex 62.75194970290473 1.12836140246614 2
      vertex 63.12354286469244 1.0022225211327949 7
    endloop
  endfacet
  facet normal -0.19509032201612686 -0.9807852804032308 0
    outer loop
      vertex 63.12354286469244 1.0022225211327949 7
      vertex 63.12354286469244 1.0022225211327949 2
      vertex 63.50842142333985 0.925665415878569 7
    endloop
  endfacet
  facet normal -0.8968727415326906 -0.4422886902189969 0
    outer loop
      vertex 61.30192378864668 2.4 7
      vertex 61.12836140246614 2.7519497029047306 7
      vertex 61.30192378864668 2.4 2
    endloop
  endfacet
  facet normal -0.7518398074789803 -0.6593458151000657 0
    outer loop
      vertex 61.77867965644035 1.778679656440357 7
      vertex 61.51993997912629 2.073715712973838 7
      vertex 61.77867965644035 1.778679656440357 2
    endloop
  endfacet
  facet normal -0.8314696123025463 -0.5555702330196006 -1.849421063937265e-18
    outer loop
      vertex 61.30192378864668 2.4 7
      vertex 61.51993997912629 2.073715712973838 2
      vertex 61.51993997912629 2.073715712973838 7
    endloop
  endfacet
  facet normal -0.9807852804032314 -0.19509032201612297 0
    outer loop
      vertex 61.00222252113279 3.1235428646924377 7
      vertex 60.92566541587857 3.508421423339845 7
      vertex 61.00222252113279 3.1235428646924377 2
    endloop
  endfacet
  facet normal -0.946930129495104 -0.3214394653031667 0
    outer loop
      vertex 61.12836140246614 2.7519497029047306 7
      vertex 61.00222252113279 3.1235428646924377 7
      vertex 61.12836140246614 2.7519497029047306 2
    endloop
  endfacet
  facet normal -0.9978589232386031 -0.06540312923014809 0
    outer loop
      vertex 60.92566541587857 3.508421423339845 7
      vertex 60.9 3.9 7
      vertex 60.92566541587857 3.508421423339845 2
    endloop
  endfacet
  facet normal -0.0654031292301441 -0.9978589232386035 0
    outer loop
      vertex 63.50842142333985 0.925665415878569 7
      vertex 63.50842142333985 0.925665415878569 2
      vertex 63.9 0.9 7
    endloop
  endfacet
  facet normal 0.06540312923014291 -0.9978589232386036 0
    outer loop
      vertex 63.9 0.9 7
      vertex 63.9 0.9 2
      vertex 64.29157857666016 0.925665415878569 7
    endloop
  endfacet
  facet normal 0.1950903220161303 -0.98078528040323 0
    outer loop
      vertex 64.29157857666016 0.925665415878569 7
      vertex 64.29157857666016 0.925665415878569 2
      vertex 64.67645713530756 1.0022225211327949 7
    endloop
  endfacet
  facet normal 0.32143946530315676 -0.9469301294951074 0
    outer loop
      vertex 64.67645713530756 1.0022225211327949 7
      vertex 64.67645713530756 1.0022225211327949 2
      vertex 65.04805029709527 1.12836140246614 7
    endloop
  endfacet
  facet normal 0.4422886902189983 -0.8968727415326898 0
    outer loop
      vertex 65.04805029709527 1.12836140246614 7
      vertex 65.04805029709527 1.12836140246614 2
      vertex 65.4 1.301923788646684 7
    endloop
  endfacet
  facet normal 0.5555702330196101 -0.8314696123025401 0
    outer loop
      vertex 65.4 1.301923788646684 7
      vertex 65.4 1.301923788646684 2
      vertex 65.72628428702616 1.5199399791262942 7
    endloop
  endfacet
  facet normal 0.6593458151000565 -0.7518398074789883 0
    outer loop
      vertex 65.72628428702616 1.5199399791262942 7
      vertex 65.72628428702616 1.5199399791262942 2
      vertex 66.02132034355965 1.778679656440357 7
    endloop
  endfacet
  facet normal 0.7518398074789892 -0.6593458151000555 -3.2822197170874574e-18
    outer loop
      vertex 66.02132034355965 1.778679656440357 7
      vertex 66.2800600208737 2.073715712973838 2
      vertex 66.2800600208737 2.073715712973838 7
    endloop
  endfacet
  facet normal -0.9978589232386031 0.06540312923014809 0
    outer loop
      vertex 60.9 3.9 7
      vertex 60.92566541587857 4.291578576660155 7
      vertex 60.9 3.9 2
    endloop
  endfacet
  facet normal -0.9807852804032315 0.19509032201612275 0
    outer loop
      vertex 60.92566541587857 4.291578576660155 7
      vertex 61.00222252113279 4.676457135307563 7
      vertex 60.92566541587857 4.291578576660155 2
    endloop
  endfacet
  facet normal -0.9469301294951038 0.321439465303167 0
    outer loop
      vertex 61.00222252113279 4.676457135307563 7
      vertex 61.12836140246614 5.048050297095269 7
      vertex 61.00222252113279 4.676457135307563 2
    endloop
  endfacet
  facet normal -0.8968727415326907 0.4422886902189964 0
    outer loop
      vertex 61.12836140246614 5.048050297095269 7
      vertex 61.30192378864668 5.4 7
      vertex 61.12836140246614 5.048050297095269 2
    endloop
  endfacet
  facet normal -0.8314696123025466 0.5555702330196001 0
    outer loop
      vertex 61.30192378864668 5.4 7
      vertex 61.51993997912629 5.7262842870261625 7
      vertex 61.30192378864668 5.4 2
    endloop
  endfacet
  facet normal -0.7518398074789797 0.6593458151000663 0
    outer loop
      vertex 61.51993997912629 5.7262842870261625 7
      vertex 61.77867965644035 6.021320343559643 7
      vertex 61.51993997912629 5.7262842870261625 2
    endloop
  endfacet
  facet normal -0.6593458151000654 0.7518398074789804 -1.7160953945981144e-18
    outer loop
      vertex 61.77867965644035 6.021320343559643 7
      vertex 62.073715712973836 6.280060020873706 7
      vertex 62.073715712973836 6.280060020873706 2
    endloop
  endfacet
  facet normal -0.5555702330196016 0.8314696123025456 8.50101687124824e-19
    outer loop
      vertex 62.073715712973836 6.280060020873706 7
      vertex 62.4 6.498076211353316 7
      vertex 62.4 6.498076211353316 2
    endloop
  endfacet
  facet normal -0.4422886902189983 0.8968727415326898 -8.67836771215576e-19
    outer loop
      vertex 62.4 6.498076211353316 7
      vertex 62.75194970290473 6.67163859753386 7
      vertex 62.75194970290473 6.67163859753386 2
    endloop
  endfacet
  facet normal -0.32143946530316225 0.9469301294951055 -1.3942255471734145e-18
    outer loop
      vertex 62.75194970290473 6.67163859753386 7
      vertex 63.12354286469244 6.797777478867205 7
      vertex 63.12354286469244 6.797777478867205 2
    endloop
  endfacet
  facet normal -0.1950903220161271 0.9807852804032307 -1.2185595602865002e-20
    outer loop
      vertex 63.12354286469244 6.797777478867205 7
      vertex 63.50842142333985 6.874334584121431 7
      vertex 63.50842142333985 6.874334584121431 2
    endloop
  endfacet
  facet normal 0.6593458151000565 0.7518398074789883 -1.641537555708848e-18
    outer loop
      vertex 65.72628428702616 6.280060020873706 7
      vertex 66.02132034355965 6.021320343559643 7
      vertex 66.02132034355965 6.021320343559643 2
    endloop
  endfacet
  facet normal 0.7518398074789887 0.6593458151000561 -1.8126391644070587e-18
    outer loop
      vertex 66.2800600208737 5.7262842870261625 7
      vertex 66.02132034355965 6.021320343559643 2
      vertex 66.02132034355965 6.021320343559643 7
    endloop
  endfacet
  facet normal -0.0654031292301441 0.9978589232386035 -2.5123752596968975e-19
    outer loop
      vertex 63.50842142333985 6.874334584121431 7
      vertex 63.9 6.9 7
      vertex 63.9 6.9 2
    endloop
  endfacet
  facet normal 0.06540312923014291 0.9978589232386036 1.402422505703576e-19
    outer loop
      vertex 63.9 6.9 7
      vertex 64.29157857666016 6.874334584121431 7
      vertex 64.29157857666016 6.874334584121431 2
    endloop
  endfacet
  facet normal 0.19509032201613058 0.98078528040323 -3.6099805948094335e-19
    outer loop
      vertex 64.29157857666016 6.874334584121431 7
      vertex 64.67645713530756 6.797777478867205 7
      vertex 64.67645713530756 6.797777478867205 2
    endloop
  endfacet
  facet normal 0.32143946530315676 0.9469301294951074 8.064123478765748e-19
    outer loop
      vertex 64.67645713530756 6.797777478867205 7
      vertex 65.04805029709527 6.67163859753386 7
      vertex 65.04805029709527 6.67163859753386 2
    endloop
  endfacet
  facet normal 0.4422886902189983 0.8968727415326898 8.67836771215576e-19
    outer loop
      vertex 65.04805029709527 6.67163859753386 7
      vertex 65.4 6.498076211353316 7
      vertex 65.4 6.498076211353316 2
    endloop
  endfacet
  facet normal 0.5555702330196101 0.8314696123025401 0
    outer loop
      vertex 65.72628428702616 6.280060020873706 7
      vertex 65.72628428702616 6.280060020873706 2
      vertex 65.4 6.498076211353316 7
    endloop
  endfacet
  facet normal 0.8314696123025379 -0.5555702330196131 0
    outer loop
      vertex 66.2800600208737 2.073715712973838 7
      vertex 66.2800600208737 2.073715712973838 2
      vertex 66.49807621135332 2.4 2
    endloop
  endfacet
  facet normal 0.8968727415326834 -0.4422886902190115 0
    outer loop
      vertex 66.49807621135332 2.4 7
      vertex 66.49807621135332 2.4 2
      vertex 66.67163859753387 2.7519497029047306 2
    endloop
  endfacet
  facet normal 0.9469301294951149 -0.32143946530313416 0
    outer loop
      vertex 66.67163859753387 2.7519497029047306 7
      vertex 66.67163859753387 2.7519497029047306 2
      vertex 66.7977774788672 3.1235428646924377 2
    endloop
  endfacet
  facet normal 0.9807852804032245 -0.1950903220161578 0
    outer loop
      vertex 66.7977774788672 3.1235428646924377 7
      vertex 66.7977774788672 3.1235428646924377 2
      vertex 66.87433458412144 3.508421423339845 2
    endloop
  endfacet
  facet normal 0.9978589232386044 -0.06540312923013006 0
    outer loop
      vertex 66.87433458412144 3.508421423339845 7
      vertex 66.87433458412144 3.508421423339845 2
      vertex 66.9 3.9 2
    endloop
  endfacet
  facet normal 0.9978589232386044 0.06540312923013006 0
    outer loop
      vertex 66.9 3.9 7
      vertex 66.9 3.9 2
      vertex 66.87433458412144 4.291578576660155 2
    endloop
  endfacet
  facet normal 0.9807852804032247 0.1950903220161576 0
    outer loop
      vertex 66.87433458412144 4.291578576660155 7
      vertex 66.87433458412144 4.291578576660155 2
      vertex 66.7977774788672 4.676457135307563 2
    endloop
  endfacet
  facet normal 0.9469301294951149 0.32143946530313455 0
    outer loop
      vertex 66.7977774788672 4.676457135307563 7
      vertex 66.7977774788672 4.676457135307563 2
      vertex 66.67163859753387 5.048050297095269 2
    endloop
  endfacet
  facet normal 0.8314696123025384 0.5555702330196126 0
    outer loop
      vertex 66.49807621135332 5.4 7
      vertex 66.49807621135332 5.4 2
      vertex 66.2800600208737 5.7262842870261625 2
    endloop
  endfacet
  facet normal 0.8968727415326836 0.442288690219011 0
    outer loop
      vertex 66.67163859753387 5.048050297095269 7
      vertex 66.67163859753387 5.048050297095269 2
      vertex 66.49807621135332 5.4 2
    endloop
  endfacet
  facet normal 0.8314696123025379 -0.5555702330196131 2.256504280196619e-18
    outer loop
      vertex 66.2800600208737 2.073715712973838 7
      vertex 66.49807621135332 2.4 2
      vertex 66.49807621135332 2.4 7
    endloop
  endfacet
  facet normal 0.8968727415326834 -0.4422886902190115 -1.725756167326324e-18
    outer loop
      vertex 66.49807621135332 2.4 7
      vertex 66.67163859753387 2.7519497029047306 2
      vertex 66.67163859753387 2.7519497029047306 7
    endloop
  endfacet
  facet normal 0.9469301294951149 -0.32143946530313416 -1.280472488921574e-18
    outer loop
      vertex 66.67163859753387 2.7519497029047306 7
      vertex 66.7977774788672 3.1235428646924377 2
      vertex 66.7977774788672 3.1235428646924377 7
    endloop
  endfacet
  facet normal 0.9807852804032245 -0.1950903220161578 -7.098528328807536e-19
    outer loop
      vertex 66.7977774788672 3.1235428646924377 7
      vertex 66.87433458412144 3.508421423339845 2
      vertex 66.87433458412144 3.508421423339845 7
    endloop
  endfacet
  facet normal 0.9978589232386044 -0.06540312923013006 -1.9550468172700288e-19
    outer loop
      vertex 66.87433458412144 3.508421423339845 7
      vertex 66.9 3.9 2
      vertex 66.9 3.9 7
    endloop
  endfacet
  facet normal 0.9978589232386044 0.06540312923013006 1.9550468172700288e-19
    outer loop
      vertex 66.9 3.9 7
      vertex 66.87433458412144 4.291578576660155 2
      vertex 66.87433458412144 4.291578576660155 7
    endloop
  endfacet
  facet normal 0.9807852804032247 0.1950903220161576 -7.035157351694402e-19
    outer loop
      vertex 66.87433458412144 4.291578576660155 7
      vertex 66.7977774788672 4.676457135307563 2
      vertex 66.7977774788672 4.676457135307563 7
    endloop
  endfacet
  facet normal 0.9469301294951149 0.32143946530313455 1.5382404364117581e-18
    outer loop
      vertex 66.7977774788672 4.676457135307563 7
      vertex 66.67163859753387 5.048050297095269 2
      vertex 66.67163859753387 5.048050297095269 7
    endloop
  endfacet
  facet normal 0.8968727415326836 0.442288690219011 1.3438427408319967e-18
    outer loop
      vertex 66.67163859753387 5.048050297095269 7
      vertex 66.49807621135332 5.4 2
      vertex 66.49807621135332 5.4 7
    endloop
  endfacet
  facet normal 0.8314696123025384 0.5555702330196126 0
    outer loop
      vertex 66.2800600208737 5.7262842870261625 7
      vertex 66.49807621135332 5.4 7
      vertex 66.2800600208737 5.7262842870261625 2
    endloop
  endfacet
  facet normal 0 0 1
    outer loop
      vertex 63.12354286469244 1.0022225211327949 7
      vertex 63.50842142333985 0.925665415878569 7
      vertex 63.35 2.9473720558371173 7
    endloop
  endfacet
  facet normal 0 0 1
    outer loop
      vertex 61.30192378864668 2.4 7
      vertex 61.51993997912629 2.073715712973838 7
      vertex 61.30192378864668 5.4 7
    endloop
  endfacet
  facet normal 0 0 1
    outer loop
      vertex 61.12836140246614 2.7519497029047306 7
      vertex 61.00222252113279 4.676457135307563 7
      vertex 61.00222252113279 3.1235428646924377 7
    endloop
  endfacet
  facet normal 0 0 1
    outer loop
      vertex 61.00222252113279 3.1235428646924377 7
      vertex 60.92566541587857 4.291578576660155 7
      vertex 60.92566541587857 3.508421423339845 7
    endloop
  endfacet
  facet normal 0 0 1
    outer loop
      vertex 60.92566541587857 3.508421423339845 7
      vertex 60.92566541587857 4.291578576660155 7
      vertex 60.9 3.9 7
    endloop
  endfacet
  facet normal 0 0 1
    outer loop
      vertex 61.30192378864668 2.4 7
      vertex 61.12836140246614 5.048050297095269 7
      vertex 61.12836140246614 2.7519497029047306 7
    endloop
  endfacet
  facet normal 0 0 1
    outer loop
      vertex 61.77867965644035 1.778679656440357 7
      vertex 61.51993997912629 5.7262842870261625 7
      vertex 61.51993997912629 2.073715712973838 7
    endloop
  endfacet
  facet normal 0 0 1
    outer loop
      vertex 61.77867965644035 1.778679656440357 7
      vertex 62.073715712973836 1.5199399791262942 7
      vertex 61.77867965644035 6.021320343559643 7
    endloop
  endfacet
  facet normal 0 0 1
    outer loop
      vertex 62.75194970290473 1.12836140246614 7
      vertex 63.12354286469244 1.0022225211327949 7
      vertex 62.947372055837114 3.35 7
    endloop
  endfacet
  facet normal 0 0 1
    outer loop
      vertex 63.50842142333985 0.925665415878569 7
      vertex 63.4790482243984 2.8837325142375847 7
      vertex 63.35 2.9473720558371173 7
    endloop
  endfacet
  facet normal 0 0 1
    outer loop
      vertex 63.12354286469244 1.0022225211327949 7
      vertex 63.02731132567964 3.230362428090407 7
      vertex 62.947372055837114 3.35 7
    endloop
  endfacet
  facet normal 0 0 1
    outer loop
      vertex 63.12354286469244 1.0022225211327949 7
      vertex 63.122182540694794 3.1221825406947974 7
      vertex 63.02731132567964 3.230362428090407 7
    endloop
  endfacet
  facet normal 0 0 1
    outer loop
      vertex 62.75194970290473 1.12836140246614 7
      vertex 62.947372055837114 3.35 7
      vertex 62.883732514237586 3.4790482243984013 7
    endloop
  endfacet
  facet normal 0 0 1
    outer loop
      vertex 62.75194970290473 1.12836140246614 7
      vertex 62.883732514237586 3.4790482243984013 7
      vertex 62.837481591082025 3.615299050387227 7
    endloop
  endfacet
  facet normal 0 0 1
    outer loop
      vertex 62.75194970290473 1.12836140246614 7
      vertex 62.837481591082025 3.615299050387227 7
      vertex 62.80941065248881 3.756421188557943 7
    endloop
  endfacet
  facet normal 0 0 1
    outer loop
      vertex 63.12354286469244 1.0022225211327949 7
      vertex 63.23036242809041 3.027311325679641 7
      vertex 63.122182540694794 3.1221825406947974 7
    endloop
  endfacet
  facet normal 0 0 1
    outer loop
      vertex 63.12354286469244 1.0022225211327949 7
      vertex 63.35 2.9473720558371173 7
      vertex 63.23036242809041 3.027311325679641 7
    endloop
  endfacet
  facet normal 0 0 1
    outer loop
      vertex 62.073715712973836 1.5199399791262942 7
      vertex 62.4 1.301923788646684 7
      vertex 62.073715712973836 6.280060020873706 7
    endloop
  endfacet
  facet normal 0 0 1
    outer loop
      vertex 62.4 1.301923788646684 7
      vertex 62.75194970290473 1.12836140246614 7
      vertex 62.4 6.498076211353316 7
    endloop
  endfacet
  facet normal 0 0 1
    outer loop
      vertex 62.75194970290473 1.12836140246614 7
      vertex 62.8 3.9 7
      vertex 62.75194970290473 6.67163859753386 7
    endloop
  endfacet
  facet normal 0 0 1
    outer loop
      vertex 62.75194970290473 1.12836140246614 7
      vertex 62.80941065248881 3.756421188557943 7
      vertex 62.8 3.9 7
    endloop
  endfacet
  facet normal 0 0 1
    outer loop
      vertex 63.50842142333985 0.925665415878569 7
      vertex 63.9 0.9 7
      vertex 63.756421188557944 2.8094106524888085 7
    endloop
  endfacet
  facet normal 0 0 1
    outer loop
      vertex 63.9 0.9 7
      vertex 64.29157857666016 0.925665415878569 7
      vertex 64.04357881144206 2.8094106524888085 7
    endloop
  endfacet
  facet normal 0 0 1
    outer loop
      vertex 64.29157857666016 0.925665415878569 7
      vertex 64.67645713530756 1.0022225211327949 7
      vertex 64.18470094961278 2.8374815910820246 7
    endloop
  endfacet
  facet normal 0 0 1
    outer loop
      vertex 64.67645713530756 1.0022225211327949 7
      vertex 65.04805029709527 1.12836140246614 7
      vertex 64.5696375719096 3.027311325679641 7
    endloop
  endfacet
  facet normal 0 0 1
    outer loop
      vertex 63.50842142333985 0.925665415878569 7
      vertex 63.61529905038723 2.8374815910820246 7
      vertex 63.4790482243984 2.8837325142375847 7
    endloop
  endfacet
  facet normal 0 0 1
    outer loop
      vertex 63.50842142333985 0.925665415878569 7
      vertex 63.756421188557944 2.8094106524888085 7
      vertex 63.61529905038723 2.8374815910820246 7
    endloop
  endfacet
  facet normal 0 0 1
    outer loop
      vertex 63.756421188557944 2.8094106524888085 7
      vertex 63.9 0.9 7
      vertex 63.9 2.8 7
    endloop
  endfacet
  facet normal 0 0 1
    outer loop
      vertex 63.9 0.9 7
      vertex 64.04357881144206 2.8094106524888085 7
      vertex 63.9 2.8 7
    endloop
  endfacet
  facet normal 0 0 1
    outer loop
      vertex 64.29157857666016 0.925665415878569 7
      vertex 64.18470094961278 2.8374815910820246 7
      vertex 64.04357881144206 2.8094106524888085 7
    endloop
  endfacet
  facet normal 0 0 1
    outer loop
      vertex 64.67645713530756 1.0022225211327949 7
      vertex 64.3209517756016 2.8837325142375847 7
      vertex 64.18470094961278 2.8374815910820246 7
    endloop
  endfacet
  facet normal 0 0 1
    outer loop
      vertex 64.67645713530756 1.0022225211327949 7
      vertex 64.45 2.9473720558371173 7
      vertex 64.3209517756016 2.8837325142375847 7
    endloop
  endfacet
  facet normal 0 0 1
    outer loop
      vertex 64.67645713530756 1.0022225211327949 7
      vertex 64.5696375719096 3.027311325679641 7
      vertex 64.45 2.9473720558371173 7
    endloop
  endfacet
  facet normal 0 0 1
    outer loop
      vertex 64.5696375719096 3.027311325679641 7
      vertex 65.04805029709527 1.12836140246614 7
      vertex 64.6778174593052 3.1221825406947974 7
    endloop
  endfacet
  facet normal 0 0 1
    outer loop
      vertex 64.6778174593052 3.1221825406947974 7
      vertex 65.04805029709527 1.12836140246614 7
      vertex 64.77268867432036 3.230362428090407 7
    endloop
  endfacet
  facet normal 0 0 1
    outer loop
      vertex 64.77268867432036 3.230362428090407 7
      vertex 65.04805029709527 1.12836140246614 7
      vertex 64.85262794416289 3.35 7
    endloop
  endfacet
  facet normal 0 0 1
    outer loop
      vertex 64.85262794416289 3.35 7
      vertex 65.04805029709527 1.12836140246614 7
      vertex 64.91626748576242 3.4790482243984013 7
    endloop
  endfacet
  facet normal 0 0 1
    outer loop
      vertex 65.04805029709527 1.12836140246614 7
      vertex 64.96251840891797 3.615299050387227 7
      vertex 64.91626748576242 3.4790482243984013 7
    endloop
  endfacet
  facet normal 0 0 1
    outer loop
      vertex 65.04805029709527 1.12836140246614 7
      vertex 64.99058934751119 3.756421188557943 7
      vertex 64.96251840891797 3.615299050387227 7
    endloop
  endfacet
  facet normal 0 0 1
    outer loop
      vertex 65.04805029709527 1.12836140246614 7
      vertex 65 3.9 7
      vertex 64.99058934751119 3.756421188557943 7
    endloop
  endfacet
  facet normal 0 0 1
    outer loop
      vertex 65.04805029709527 1.12836140246614 7
      vertex 65.4 1.301923788646684 7
      vertex 65.04805029709527 6.67163859753386 7
    endloop
  endfacet
  facet normal 0 0 1
    outer loop
      vertex 65.4 1.301923788646684 7
      vertex 65.72628428702616 1.5199399791262942 7
      vertex 65.4 6.498076211353316 7
    endloop
  endfacet
  facet normal 0 0 1
    outer loop
      vertex 65.04805029709527 1.12836140246614 7
      vertex 65.04805029709527 6.67163859753386 7
      vertex 65 3.9 7
    endloop
  endfacet
  facet normal 0 0 1
    outer loop
      vertex 65.72628428702616 1.5199399791262942 7
      vertex 66.02132034355965 1.778679656440357 7
      vertex 65.72628428702616 6.280060020873706 7
    endloop
  endfacet
  facet normal 0 0 1
    outer loop
      vertex 66.02132034355965 1.778679656440357 7
      vertex 66.2800600208737 2.073715712973838 7
      vertex 66.02132034355965 6.021320343559643 7
    endloop
  endfacet
  facet normal 0 0 1
    outer loop
      vertex 61.00222252113279 3.1235428646924377 7
      vertex 61.00222252113279 4.676457135307563 7
      vertex 60.92566541587857 4.291578576660155 7
    endloop
  endfacet
  facet normal 0 0 1
    outer loop
      vertex 61.12836140246614 2.7519497029047306 7
      vertex 61.12836140246614 5.048050297095269 7
      vertex 61.00222252113279 4.676457135307563 7
    endloop
  endfacet
  facet normal 0 0 1
    outer loop
      vertex 61.30192378864668 2.4 7
      vertex 61.30192378864668 5.4 7
      vertex 61.12836140246614 5.048050297095269 7
    endloop
  endfacet
  facet normal 0 0 1
    outer loop
      vertex 61.51993997912629 2.073715712973838 7
      vertex 61.51993997912629 5.7262842870261625 7
      vertex 61.30192378864668 5.4 7
    endloop
  endfacet
  facet normal 0 0 1
    outer loop
      vertex 61.77867965644035 1.778679656440357 7
      vertex 61.77867965644035 6.021320343559643 7
      vertex 61.51993997912629 5.7262842870261625 7
    endloop
  endfacet
  facet normal 0 0 1
    outer loop
      vertex 62.073715712973836 1.5199399791262942 7
      vertex 62.073715712973836 6.280060020873706 7
      vertex 61.77867965644035 6.021320343559643 7
    endloop
  endfacet
  facet normal 0 0 1
    outer loop
      vertex 62.4 1.301923788646684 7
      vertex 62.4 6.498076211353316 7
      vertex 62.073715712973836 6.280060020873706 7
    endloop
  endfacet
  facet normal 0 0 1
    outer loop
      vertex 62.75194970290473 1.12836140246614 7
      vertex 62.75194970290473 6.67163859753386 7
      vertex 62.4 6.498076211353316 7
    endloop
  endfacet
  facet normal 0 0 1
    outer loop
      vertex 62.8 3.9 7
      vertex 62.80941065248881 4.043578811442057 7
      vertex 62.75194970290473 6.67163859753386 7
    endloop
  endfacet
  facet normal 0 0 1
    outer loop
      vertex 62.80941065248881 4.043578811442057 7
      vertex 62.837481591082025 4.184700949612773 7
      vertex 62.75194970290473 6.67163859753386 7
    endloop
  endfacet
  facet normal 0 0 1
    outer loop
      vertex 62.837481591082025 4.184700949612773 7
      vertex 62.883732514237586 4.320951775601599 7
      vertex 62.75194970290473 6.67163859753386 7
    endloop
  endfacet
  facet normal 0 0 1
    outer loop
      vertex 62.883732514237586 4.320951775601599 7
      vertex 62.947372055837114 4.45 7
      vertex 62.75194970290473 6.67163859753386 7
    endloop
  endfacet
  facet normal 0 0 1
    outer loop
      vertex 62.75194970290473 6.67163859753386 7
      vertex 62.947372055837114 4.45 7
      vertex 63.02731132567964 4.569637571909593 7
    endloop
  endfacet
  facet normal 0 0 1
    outer loop
      vertex 62.75194970290473 6.67163859753386 7
      vertex 63.02731132567964 4.569637571909593 7
      vertex 63.122182540694794 4.677817459305203 7
    endloop
  endfacet
  facet normal 0 0 1
    outer loop
      vertex 62.75194970290473 6.67163859753386 7
      vertex 63.122182540694794 4.677817459305203 7
      vertex 63.23036242809041 4.772688674320359 7
    endloop
  endfacet
  facet normal 0 0 1
    outer loop
      vertex 63.23036242809041 4.772688674320359 7
      vertex 63.35 4.852627944162883 7
      vertex 63.12354286469244 6.797777478867205 7
    endloop
  endfacet
  facet normal 0 0 1
    outer loop
      vertex 63.35 4.852627944162883 7
      vertex 63.4790482243984 4.916267485762416 7
      vertex 63.12354286469244 6.797777478867205 7
    endloop
  endfacet
  facet normal 0 0 1
    outer loop
      vertex 63.4790482243984 4.916267485762416 7
      vertex 63.61529905038723 4.962518408917976 7
      vertex 63.12354286469244 6.797777478867205 7
    endloop
  endfacet
  facet normal 0 0 1
    outer loop
      vertex 62.75194970290473 6.67163859753386 7
      vertex 63.23036242809041 4.772688674320359 7
      vertex 63.12354286469244 6.797777478867205 7
    endloop
  endfacet
  facet normal 0 0 1
    outer loop
      vertex 63.61529905038723 4.962518408917976 7
      vertex 63.50842142333985 6.874334584121431 7
      vertex 63.12354286469244 6.797777478867205 7
    endloop
  endfacet
  facet normal 0 0 1
    outer loop
      vertex 63.61529905038723 4.962518408917976 7
      vertex 63.756421188557944 4.990589347511191 7
      vertex 63.50842142333985 6.874334584121431 7
    endloop
  endfacet
  facet normal 0 0 1
    outer loop
      vertex 63.756421188557944 4.990589347511191 7
      vertex 63.9 5 7
      vertex 63.9 6.9 7
    endloop
  endfacet
  facet normal 0 0 1
    outer loop
      vertex 64.04357881144206 4.990589347511191 7
      vertex 63.9 6.9 7
      vertex 63.9 5 7
    endloop
  endfacet
  facet normal 0 0 1
    outer loop
      vertex 64.04357881144206 4.990589347511191 7
      vertex 64.18470094961278 4.962518408917976 7
      vertex 64.29157857666016 6.874334584121431 7
    endloop
  endfacet
  facet normal 0 0 1
    outer loop
      vertex 64.18470094961278 4.962518408917976 7
      vertex 64.3209517756016 4.916267485762416 7
      vertex 64.29157857666016 6.874334584121431 7
    endloop
  endfacet
  facet normal 0 0 1
    outer loop
      vertex 64.3209517756016 4.916267485762416 7
      vertex 64.45 4.852627944162883 7
      vertex 64.29157857666016 6.874334584121431 7
    endloop
  endfacet
  facet normal 0 0 1
    outer loop
      vertex 64.77268867432036 4.569637571909593 7
      vertex 64.67645713530756 6.797777478867205 7
      vertex 64.6778174593052 4.677817459305203 7
    endloop
  endfacet
  facet normal 0 0 1
    outer loop
      vertex 64.77268867432036 4.569637571909593 7
      vertex 64.85262794416289 4.45 7
      vertex 64.67645713530756 6.797777478867205 7
    endloop
  endfacet
  facet normal 0 0 1
    outer loop
      vertex 64.45 4.852627944162883 7
      vertex 64.5696375719096 4.772688674320359 7
      vertex 64.67645713530756 6.797777478867205 7
    endloop
  endfacet
  facet normal 0 0 1
    outer loop
      vertex 64.6778174593052 4.677817459305203 7
      vertex 64.67645713530756 6.797777478867205 7
      vertex 64.5696375719096 4.772688674320359 7
    endloop
  endfacet
  facet normal 0 0 1
    outer loop
      vertex 64.45 4.852627944162883 7
      vertex 64.67645713530756 6.797777478867205 7
      vertex 64.29157857666016 6.874334584121431 7
    endloop
  endfacet
  facet normal 0 0 1
    outer loop
      vertex 65 3.9 7
      vertex 65.04805029709527 6.67163859753386 7
      vertex 64.99058934751119 4.043578811442057 7
    endloop
  endfacet
  facet normal 0 0 1
    outer loop
      vertex 64.99058934751119 4.043578811442057 7
      vertex 65.04805029709527 6.67163859753386 7
      vertex 64.96251840891797 4.184700949612773 7
    endloop
  endfacet
  facet normal 0 0 1
    outer loop
      vertex 64.96251840891797 4.184700949612773 7
      vertex 65.04805029709527 6.67163859753386 7
      vertex 64.91626748576242 4.320951775601599 7
    endloop
  endfacet
  facet normal 0 0 1
    outer loop
      vertex 65.4 1.301923788646684 7
      vertex 65.4 6.498076211353316 7
      vertex 65.04805029709527 6.67163859753386 7
    endloop
  endfacet
  facet normal 0 0 1
    outer loop
      vertex 65.72628428702616 1.5199399791262942 7
      vertex 65.72628428702616 6.280060020873706 7
      vertex 65.4 6.498076211353316 7
    endloop
  endfacet
  facet normal 0 0 1
    outer loop
      vertex 66.02132034355965 1.778679656440357 7
      vertex 66.02132034355965 6.021320343559643 7
      vertex 65.72628428702616 6.280060020873706 7
    endloop
  endfacet
  facet normal 0 0 1
    outer loop
      vertex 66.2800600208737 2.073715712973838 7
      vertex 66.2800600208737 5.7262842870261625 7
      vertex 66.02132034355965 6.021320343559643 7
    endloop
  endfacet
  facet normal 0 0 1
    outer loop
      vertex 64.85262794416289 4.45 7
      vertex 64.91626748576242 4.320951775601599 7
      vertex 65.04805029709527 6.67163859753386 7
    endloop
  endfacet
  facet normal 0 0 1
    outer loop
      vertex 64.85262794416289 4.45 7
      vertex 65.04805029709527 6.67163859753386 7
      vertex 64.67645713530756 6.797777478867205 7
    endloop
  endfacet
  facet normal 0 0 1
    outer loop
      vertex 63.756421188557944 4.990589347511191 7
      vertex 63.9 6.9 7
      vertex 63.50842142333985 6.874334584121431 7
    endloop
  endfacet
  facet normal 0 0 1
    outer loop
      vertex 64.04357881144206 4.990589347511191 7
      vertex 64.29157857666016 6.874334584121431 7
      vertex 63.9 6.9 7
    endloop
  endfacet
  facet normal 0 0 1
    outer loop
      vertex 66.2800600208737 2.073715712973838 7
      vertex 66.49807621135332 2.4 7
      vertex 66.2800600208737 5.7262842870261625 7
    endloop
  endfacet
  facet normal 0 0 1
    outer loop
      vertex 66.49807621135332 2.4 7
      vertex 66.67163859753387 2.7519497029047306 7
      vertex 66.49807621135332 5.4 7
    endloop
  endfacet
  facet normal 0 0 1
    outer loop
      vertex 66.67163859753387 2.7519497029047306 7
      vertex 66.7977774788672 3.1235428646924377 7
      vertex 66.67163859753387 5.048050297095269 7
    endloop
  endfacet
  facet normal 0 0 1
    outer loop
      vertex 66.7977774788672 3.1235428646924377 7
      vertex 66.87433458412144 3.508421423339845 7
      vertex 66.7977774788672 4.676457135307563 7
    endloop
  endfacet
  facet normal 0 0 1
    outer loop
      vertex 66.87433458412144 3.508421423339845 7
      vertex 66.9 3.9 7
      vertex 66.87433458412144 4.291578576660155 7
    endloop
  endfacet
  facet normal 0 0 1
    outer loop
      vertex 66.49807621135332 2.4 7
      vertex 66.49807621135332 5.4 7
      vertex 66.2800600208737 5.7262842870261625 7
    endloop
  endfacet
  facet normal 0 0 1
    outer loop
      vertex 66.87433458412144 3.508421423339845 7
      vertex 66.87433458412144 4.291578576660155 7
      vertex 66.7977774788672 4.676457135307563 7
    endloop
  endfacet
  facet normal 0 0 1
    outer loop
      vertex 66.67163859753387 2.7519497029047306 7
      vertex 66.67163859753387 5.048050297095269 7
      vertex 66.49807621135332 5.4 7
    endloop
  endfacet
  facet normal 0 0 1
    outer loop
      vertex 66.7977774788672 3.1235428646924377 7
      vertex 66.7977774788672 4.676457135307563 7
      vertex 66.67163859753387 5.048050297095269 7
    endloop
  endfacet
  facet normal -0.659345815100063 -0.7518398074789826 0
    outer loop
      vertex 62.073715712973836 50.51993997912629 7
      vertex 61.77867965644035 50.77867965644035 2
      vertex 62.073715712973836 50.51993997912629 2
    endloop
  endfacet
  facet normal -0.4422886902189947 -0.8968727415326916 0
    outer loop
      vertex 62.75194970290473 50.12836140246614 7
      vertex 62.4 50.30192378864668 2
      vertex 62.75194970290473 50.12836140246614 2
    endloop
  endfacet
  facet normal -0.5555702330196001 -0.8314696123025466 0
    outer loop
      vertex 62.4 50.30192378864668 7
      vertex 62.073715712973836 50.51993997912629 2
      vertex 62.4 50.30192378864668 2
    endloop
  endfacet
  facet normal -0.3214394653031663 -0.946930129495104 0
    outer loop
      vertex 63.12354286469244 50.00222252113279 7
      vertex 62.75194970290473 50.12836140246614 2
      vertex 63.12354286469244 50.00222252113279 2
    endloop
  endfacet
  facet normal -0.19509032201612275 -0.9807852804032315 0
    outer loop
      vertex 63.50842142333985 49.92566541587857 7
      vertex 63.12354286469244 50.00222252113279 2
      vertex 63.50842142333985 49.92566541587857 2
    endloop
  endfacet
  facet normal -0.8314696123025466 -0.5555702330196001 0
    outer loop
      vertex 61.30192378864668 51.4 7
      vertex 61.30192378864668 51.4 2
      vertex 61.51993997912629 51.073715712973836 2
    endloop
  endfacet
  facet normal -0.8968727415326916 -0.4422886902189947 0
    outer loop
      vertex 61.12836140246614 51.75194970290473 7
      vertex 61.12836140246614 51.75194970290473 2
      vertex 61.30192378864668 51.4 2
    endloop
  endfacet
  facet normal -0.7518398074789826 -0.659345815100063 0
    outer loop
      vertex 61.51993997912629 51.073715712973836 7
      vertex 61.51993997912629 51.073715712973836 2
      vertex 61.77867965644035 50.77867965644035 2
    endloop
  endfacet
  facet normal -0.946930129495104 -0.3214394653031663 0
    outer loop
      vertex 61.00222252113279 52.12354286469244 7
      vertex 61.00222252113279 52.12354286469244 2
      vertex 61.12836140246614 51.75194970290473 2
    endloop
  endfacet
  facet normal -0.9807852804032315 -0.19509032201612275 0
    outer loop
      vertex 60.92566541587857 52.50842142333985 7
      vertex 60.92566541587857 52.50842142333985 2
      vertex 61.00222252113279 52.12354286469244 2
    endloop
  endfacet
  facet normal -0.9978589232386031 -0.0654031292301486 0
    outer loop
      vertex 60.9 52.9 7
      vertex 60.9 52.9 2
      vertex 60.92566541587857 52.50842142333985 2
    endloop
  endfacet
  facet normal -0.0654031292301486 -0.9978589232386031 0
    outer loop
      vertex 63.9 49.9 7
      vertex 63.50842142333985 49.92566541587857 2
      vertex 63.9 49.9 2
    endloop
  endfacet
  facet normal 0.06540312923014742 -0.9978589232386031 0
    outer loop
      vertex 64.29157857666016 49.92566541587857 7
      vertex 63.9 49.9 2
      vertex 64.29157857666016 49.92566541587857 2
    endloop
  endfacet
  facet normal 0.19509032201612622 -0.9807852804032308 0
    outer loop
      vertex 64.67645713530756 50.00222252113279 7
      vertex 64.29157857666016 49.92566541587857 2
      vertex 64.67645713530756 50.00222252113279 2
    endloop
  endfacet
  facet normal 0.3214394653031608 -0.946930129495106 0
    outer loop
      vertex 65.04805029709527 50.12836140246614 7
      vertex 64.67645713530756 50.00222252113279 2
      vertex 65.04805029709527 50.12836140246614 2
    endloop
  endfacet
  facet normal 0.4422886902189947 -0.8968727415326916 0
    outer loop
      vertex 65.4 50.30192378864668 7
      vertex 65.04805029709527 50.12836140246614 2
      vertex 65.4 50.30192378864668 2
    endloop
  endfacet
  facet normal 0.5555702330196085 -0.8314696123025411 0
    outer loop
      vertex 65.72628428702616 50.51993997912629 7
      vertex 65.4 50.30192378864668 2
      vertex 65.72628428702616 50.51993997912629 2
    endloop
  endfacet
  facet normal 0.659345815100054 -0.7518398074789905 0
    outer loop
      vertex 66.02132034355965 50.77867965644035 7
      vertex 65.72628428702616 50.51993997912629 2
      vertex 66.02132034355965 50.77867965644035 2
    endloop
  endfacet
  facet normal 0.7518398074789916 -0.6593458151000526 0
    outer loop
      vertex 66.02132034355965 50.77867965644035 7
      vertex 66.02132034355965 50.77867965644035 2
      vertex 66.2800600208737 51.073715712973836 2
    endloop
  endfacet
  facet normal -0.659345815100063 -0.7518398074789826 0
    outer loop
      vertex 61.77867965644035 50.77867965644035 7
      vertex 61.77867965644035 50.77867965644035 2
      vertex 62.073715712973836 50.51993997912629 7
    endloop
  endfacet
  facet normal -0.5555702330196001 -0.8314696123025466 0
    outer loop
      vertex 62.073715712973836 50.51993997912629 7
      vertex 62.073715712973836 50.51993997912629 2
      vertex 62.4 50.30192378864668 7
    endloop
  endfacet
  facet normal -0.4422886902189947 -0.8968727415326916 0
    outer loop
      vertex 62.4 50.30192378864668 7
      vertex 62.4 50.30192378864668 2
      vertex 62.75194970290473 50.12836140246614 7
    endloop
  endfacet
  facet normal -0.3214394653031663 -0.946930129495104 0
    outer loop
      vertex 62.75194970290473 50.12836140246614 7
      vertex 62.75194970290473 50.12836140246614 2
      vertex 63.12354286469244 50.00222252113279 7
    endloop
  endfacet
  facet normal -0.19509032201612275 -0.9807852804032315 0
    outer loop
      vertex 63.12354286469244 50.00222252113279 7
      vertex 63.12354286469244 50.00222252113279 2
      vertex 63.50842142333985 49.92566541587857 7
    endloop
  endfacet
  facet normal -0.8968727415326916 -0.4422886902189947 0
    outer loop
      vertex 61.30192378864668 51.4 7
      vertex 61.12836140246614 51.75194970290473 7
      vertex 61.30192378864668 51.4 2
    endloop
  endfacet
  facet normal -0.7518398074789826 -0.659345815100063 5.1231219408263283e-20
    outer loop
      vertex 61.51993997912629 51.073715712973836 7
      vertex 61.77867965644035 50.77867965644035 2
      vertex 61.77867965644035 50.77867965644035 7
    endloop
  endfacet
  facet normal -0.8314696123025466 -0.5555702330196001 0
    outer loop
      vertex 61.51993997912629 51.073715712973836 7
      vertex 61.30192378864668 51.4 7
      vertex 61.51993997912629 51.073715712973836 2
    endloop
  endfacet
  facet normal -0.9807852804032315 -0.19509032201612275 0
    outer loop
      vertex 61.00222252113279 52.12354286469244 7
      vertex 60.92566541587857 52.50842142333985 7
      vertex 61.00222252113279 52.12354286469244 2
    endloop
  endfacet
  facet normal -0.946930129495104 -0.3214394653031663 0
    outer loop
      vertex 61.12836140246614 51.75194970290473 7
      vertex 61.00222252113279 52.12354286469244 7
      vertex 61.12836140246614 51.75194970290473 2
    endloop
  endfacet
  facet normal -0.9978589232386031 -0.0654031292301486 0
    outer loop
      vertex 60.92566541587857 52.50842142333985 7
      vertex 60.9 52.9 7
      vertex 60.92566541587857 52.50842142333985 2
    endloop
  endfacet
  facet normal -0.0654031292301486 -0.9978589232386031 0
    outer loop
      vertex 63.50842142333985 49.92566541587857 7
      vertex 63.50842142333985 49.92566541587857 2
      vertex 63.9 49.9 7
    endloop
  endfacet
  facet normal 0.06540312923014742 -0.9978589232386031 0
    outer loop
      vertex 63.9 49.9 7
      vertex 63.9 49.9 2
      vertex 64.29157857666016 49.92566541587857 7
    endloop
  endfacet
  facet normal 0.19509032201612622 -0.9807852804032308 0
    outer loop
      vertex 64.29157857666016 49.92566541587857 7
      vertex 64.29157857666016 49.92566541587857 2
      vertex 64.67645713530756 50.00222252113279 7
    endloop
  endfacet
  facet normal 0.3214394653031608 -0.946930129495106 0
    outer loop
      vertex 64.67645713530756 50.00222252113279 7
      vertex 64.67645713530756 50.00222252113279 2
      vertex 65.04805029709527 50.12836140246614 7
    endloop
  endfacet
  facet normal 0.4422886902189947 -0.8968727415326916 0
    outer loop
      vertex 65.04805029709527 50.12836140246614 7
      vertex 65.04805029709527 50.12836140246614 2
      vertex 65.4 50.30192378864668 7
    endloop
  endfacet
  facet normal 0.5555702330196085 -0.8314696123025411 0
    outer loop
      vertex 65.4 50.30192378864668 7
      vertex 65.4 50.30192378864668 2
      vertex 65.72628428702616 50.51993997912629 7
    endloop
  endfacet
  facet normal 0.659345815100054 -0.7518398074789905 0
    outer loop
      vertex 65.72628428702616 50.51993997912629 7
      vertex 65.72628428702616 50.51993997912629 2
      vertex 66.02132034355965 50.77867965644035 7
    endloop
  endfacet
  facet normal 0.7518398074789916 -0.6593458151000526 -4.647224398309889e-19
    outer loop
      vertex 66.02132034355965 50.77867965644035 7
      vertex 66.2800600208737 51.073715712973836 2
      vertex 66.2800600208737 51.073715712973836 7
    endloop
  endfacet
  facet normal -0.9978589232386031 0.0654031292301486 0
    outer loop
      vertex 60.92566541587857 53.29157857666015 7
      vertex 60.92566541587857 53.29157857666015 2
      vertex 60.9 52.9 2
    endloop
  endfacet
  facet normal -0.9807852804032315 0.19509032201612275 0
    outer loop
      vertex 61.00222252113279 53.67645713530756 7
      vertex 61.00222252113279 53.67645713530756 2
      vertex 60.92566541587857 53.29157857666015 2
    endloop
  endfacet
  facet normal -0.946930129495104 0.3214394653031663 0
    outer loop
      vertex 61.12836140246614 54.048050297095266 7
      vertex 61.12836140246614 54.048050297095266 2
      vertex 61.00222252113279 53.67645713530756 2
    endloop
  endfacet
  facet normal -0.8968727415326916 0.4422886902189947 0
    outer loop
      vertex 61.30192378864668 54.4 7
      vertex 61.30192378864668 54.4 2
      vertex 61.12836140246614 54.048050297095266 2
    endloop
  endfacet
  facet normal -0.8314696123025466 0.5555702330196001 0
    outer loop
      vertex 61.51993997912629 54.72628428702616 7
      vertex 61.51993997912629 54.72628428702616 2
      vertex 61.30192378864668 54.4 2
    endloop
  endfacet
  facet normal -0.7518398074789826 0.659345815100063 0
    outer loop
      vertex 61.77867965644035 55.021320343559644 7
      vertex 61.77867965644035 55.021320343559644 2
      vertex 61.51993997912629 54.72628428702616 2
    endloop
  endfacet
  facet normal -0.659345815100063 0.7518398074789826 0
    outer loop
      vertex 61.77867965644035 55.021320343559644 7
      vertex 62.073715712973836 55.280060020873705 2
      vertex 61.77867965644035 55.021320343559644 2
    endloop
  endfacet
  facet normal -0.5555702330196001 0.8314696123025466 0
    outer loop
      vertex 62.073715712973836 55.280060020873705 7
      vertex 62.4 55.498076211353315 2
      vertex 62.073715712973836 55.280060020873705 2
    endloop
  endfacet
  facet normal -0.4422886902189947 0.8968727415326916 0
    outer loop
      vertex 62.4 55.498076211353315 7
      vertex 62.75194970290473 55.67163859753386 2
      vertex 62.4 55.498076211353315 2
    endloop
  endfacet
  facet normal -0.3214394653031663 0.946930129495104 0
    outer loop
      vertex 62.75194970290473 55.67163859753386 7
      vertex 63.12354286469244 55.797777478867204 2
      vertex 62.75194970290473 55.67163859753386 2
    endloop
  endfacet
  facet normal -0.19509032201612275 0.9807852804032315 0
    outer loop
      vertex 63.12354286469244 55.797777478867204 7
      vertex 63.50842142333985 55.87433458412143 2
      vertex 63.12354286469244 55.797777478867204 2
    endloop
  endfacet
  facet normal 0.659345815100054 0.7518398074789905 0
    outer loop
      vertex 65.72628428702616 55.280060020873705 7
      vertex 66.02132034355965 55.021320343559644 2
      vertex 65.72628428702616 55.280060020873705 2
    endloop
  endfacet
  facet normal 0.7518398074789916 0.6593458151000526 0
    outer loop
      vertex 66.2800600208737 54.72628428702616 7
      vertex 66.2800600208737 54.72628428702616 2
      vertex 66.02132034355965 55.021320343559644 2
    endloop
  endfacet
  facet normal -0.0654031292301486 0.9978589232386031 0
    outer loop
      vertex 63.50842142333985 55.87433458412143 7
      vertex 63.9 55.9 2
      vertex 63.50842142333985 55.87433458412143 2
    endloop
  endfacet
  facet normal 0.06540312923014742 0.9978589232386031 0
    outer loop
      vertex 63.9 55.9 7
      vertex 64.29157857666016 55.87433458412143 2
      vertex 63.9 55.9 2
    endloop
  endfacet
  facet normal 0.3214394653031608 0.946930129495106 0
    outer loop
      vertex 64.67645713530756 55.797777478867204 7
      vertex 65.04805029709527 55.67163859753386 2
      vertex 64.67645713530756 55.797777478867204 2
    endloop
  endfacet
  facet normal 0.19509032201612622 0.9807852804032308 0
    outer loop
      vertex 64.29157857666016 55.87433458412143 7
      vertex 64.67645713530756 55.797777478867204 2
      vertex 64.29157857666016 55.87433458412143 2
    endloop
  endfacet
  facet normal 0.4422886902189947 0.8968727415326916 0
    outer loop
      vertex 65.04805029709527 55.67163859753386 7
      vertex 65.4 55.498076211353315 2
      vertex 65.04805029709527 55.67163859753386 2
    endloop
  endfacet
  facet normal 0.5555702330196085 0.8314696123025411 0
    outer loop
      vertex 65.4 55.498076211353315 7
      vertex 65.72628428702616 55.280060020873705 2
      vertex 65.4 55.498076211353315 2
    endloop
  endfacet
  facet normal -0.9978589232386031 0.0654031292301486 0
    outer loop
      vertex 60.9 52.9 7
      vertex 60.92566541587857 53.29157857666015 7
      vertex 60.9 52.9 2
    endloop
  endfacet
  facet normal -0.9807852804032315 0.19509032201612275 0
    outer loop
      vertex 60.92566541587857 53.29157857666015 7
      vertex 61.00222252113279 53.67645713530756 7
      vertex 60.92566541587857 53.29157857666015 2
    endloop
  endfacet
  facet normal -0.946930129495104 0.3214394653031663 0
    outer loop
      vertex 61.00222252113279 53.67645713530756 7
      vertex 61.12836140246614 54.048050297095266 7
      vertex 61.00222252113279 53.67645713530756 2
    endloop
  endfacet
  facet normal -0.8968727415326916 0.4422886902189947 0
    outer loop
      vertex 61.12836140246614 54.048050297095266 7
      vertex 61.30192378864668 54.4 7
      vertex 61.12836140246614 54.048050297095266 2
    endloop
  endfacet
  facet normal -0.8314696123025466 0.5555702330196001 0
    outer loop
      vertex 61.30192378864668 54.4 7
      vertex 61.51993997912629 54.72628428702616 7
      vertex 61.30192378864668 54.4 2
    endloop
  endfacet
  facet normal -0.7518398074789826 0.659345815100063 0
    outer loop
      vertex 61.51993997912629 54.72628428702616 7
      vertex 61.77867965644035 55.021320343559644 7
      vertex 61.51993997912629 54.72628428702616 2
    endloop
  endfacet
  facet normal -0.659345815100063 0.7518398074789826 -5.1231219408263283e-20
    outer loop
      vertex 61.77867965644035 55.021320343559644 7
      vertex 62.073715712973836 55.280060020873705 7
      vertex 62.073715712973836 55.280060020873705 2
    endloop
  endfacet
  facet normal -0.5555702330196001 0.8314696123025466 1.6833347752399726e-18
    outer loop
      vertex 62.073715712973836 55.280060020873705 7
      vertex 62.4 55.498076211353315 7
      vertex 62.4 55.498076211353315 2
    endloop
  endfacet
  facet normal -0.4422886902189947 0.8968727415326916 -1.2183860166692055e-18
    outer loop
      vertex 62.4 55.498076211353315 7
      vertex 62.75194970290473 55.67163859753386 7
      vertex 62.75194970290473 55.67163859753386 2
    endloop
  endfacet
  facet normal -0.3214394653031663 0.946930129495104 -9.420894107664074e-19
    outer loop
      vertex 62.75194970290473 55.67163859753386 7
      vertex 63.12354286469244 55.797777478867204 7
      vertex 63.12354286469244 55.797777478867204 2
    endloop
  endfacet
  facet normal -0.19509032201612275 0.9807852804032315 -1.1442864285605216e-19
    outer loop
      vertex 63.12354286469244 55.797777478867204 7
      vertex 63.50842142333985 55.87433458412143 7
      vertex 63.50842142333985 55.87433458412143 2
    endloop
  endfacet
  facet normal 0.7518398074789916 0.6593458151000526 4.647224398309889e-19
    outer loop
      vertex 66.2800600208737 54.72628428702616 7
      vertex 66.02132034355965 55.021320343559644 2
      vertex 66.02132034355965 55.021320343559644 7
    endloop
  endfacet
  facet normal 0.659345815100054 0.7518398074789905 -3.306401730892254e-18
    outer loop
      vertex 65.72628428702616 55.280060020873705 7
      vertex 66.02132034355965 55.021320343559644 7
      vertex 66.02132034355965 55.021320343559644 2
    endloop
  endfacet
  facet normal -0.0654031292301486 0.9978589232386031 -2.720474649357423e-19
    outer loop
      vertex 63.50842142333985 55.87433458412143 7
      vertex 63.9 55.9 7
      vertex 63.9 55.9 2
    endloop
  endfacet
  facet normal 0.06540312923014742 0.9978589232386031 1.61052189529977e-19
    outer loop
      vertex 63.9 55.9 7
      vertex 64.29157857666016 55.87433458412143 7
      vertex 64.29157857666016 55.87433458412143 2
    endloop
  endfacet
  facet normal 0.19509032201612622 0.9807852804032308 -2.5875501223418747e-19
    outer loop
      vertex 64.29157857666016 55.87433458412143 7
      vertex 64.67645713530756 55.797777478867204 7
      vertex 64.67645713530756 55.797777478867204 2
    endloop
  endfacet
  facet normal 0.3214394653031608 0.946930129495106 3.5427621146314345e-19
    outer loop
      vertex 64.67645713530756 55.797777478867204 7
      vertex 65.04805029709527 55.67163859753386 7
      vertex 65.04805029709527 55.67163859753386 2
    endloop
  endfacet
  facet normal 0.4422886902189947 0.8968727415326916 0
    outer loop
      vertex 65.4 55.498076211353315 7
      vertex 65.4 55.498076211353315 2
      vertex 65.04805029709527 55.67163859753386 7
    endloop
  endfacet
  facet normal 0.5555702330196085 0.8314696123025411 2.7322325267855848e-18
    outer loop
      vertex 65.4 55.498076211353315 7
      vertex 65.72628428702616 55.280060020873705 7
      vertex 65.72628428702616 55.280060020873705 2
    endloop
  endfacet
  facet normal 0.8314696123025384 -0.5555702330196126 0
    outer loop
      vertex 66.2800600208737 51.073715712973836 7
      vertex 66.2800600208737 51.073715712973836 2
      vertex 66.49807621135332 51.4 2
    endloop
  endfacet
  facet normal 0.8968727415326844 -0.44228869021900924 0
    outer loop
      vertex 66.49807621135332 51.4 7
      vertex 66.49807621135332 51.4 2
      vertex 66.67163859753387 51.75194970290473 2
    endloop
  endfacet
  facet normal 0.9469301294951151 -0.32143946530313383 0
    outer loop
      vertex 66.67163859753387 51.75194970290473 7
      vertex 66.67163859753387 51.75194970290473 2
      vertex 66.7977774788672 52.12354286469244 2
    endloop
  endfacet
  facet normal 0.9807852804032247 -0.1950903220161576 0
    outer loop
      vertex 66.7977774788672 52.12354286469244 7
      vertex 66.7977774788672 52.12354286469244 2
      vertex 66.87433458412144 52.50842142333985 2
    endloop
  endfacet
  facet normal 0.9978589232386044 -0.06540312923013057 0
    outer loop
      vertex 66.87433458412144 52.50842142333985 7
      vertex 66.87433458412144 52.50842142333985 2
      vertex 66.9 52.9 2
    endloop
  endfacet
  facet normal 0.8314696123025384 -0.5555702330196126 2.090417991500936e-18
    outer loop
      vertex 66.2800600208737 51.073715712973836 7
      vertex 66.49807621135332 51.4 2
      vertex 66.49807621135332 51.4 7
    endloop
  endfacet
  facet normal 0.8968727415326844 -0.44228869021900924 1.838109651453046e-19
    outer loop
      vertex 66.49807621135332 51.4 7
      vertex 66.67163859753387 51.75194970290473 2
      vertex 66.67163859753387 51.75194970290473 7
    endloop
  endfacet
  facet normal 0.9469301294951151 -0.32143946530313383 -1.0227045414313906e-18
    outer loop
      vertex 66.67163859753387 51.75194970290473 7
      vertex 66.7977774788672 52.12354286469244 2
      vertex 66.7977774788672 52.12354286469244 7
    endloop
  endfacet
  facet normal 0.9807852804032247 -0.1950903220161576 7.035157351694402e-19
    outer loop
      vertex 66.7977774788672 52.12354286469244 7
      vertex 66.87433458412144 52.50842142333985 2
      vertex 66.87433458412144 52.50842142333985 7
    endloop
  endfacet
  facet normal 0.9978589232386044 -0.06540312923013057 -1.8880770907153202e-19
    outer loop
      vertex 66.87433458412144 52.50842142333985 7
      vertex 66.9 52.9 2
      vertex 66.9 52.9 7
    endloop
  endfacet
  facet normal 0.9978589232386044 0.06540312923013057 0
    outer loop
      vertex 66.9 52.9 7
      vertex 66.9 52.9 2
      vertex 66.87433458412144 53.29157857666015 2
    endloop
  endfacet
  facet normal 0.9807852804032247 0.1950903220161576 0
    outer loop
      vertex 66.87433458412144 53.29157857666015 7
      vertex 66.87433458412144 53.29157857666015 2
      vertex 66.7977774788672 53.67645713530756 2
    endloop
  endfacet
  facet normal 0.9469301294951151 0.32143946530313383 0
    outer loop
      vertex 66.7977774788672 53.67645713530756 7
      vertex 66.7977774788672 53.67645713530756 2
      vertex 66.67163859753387 54.048050297095266 2
    endloop
  endfacet
  facet normal 0.8314696123025384 0.5555702330196126 0
    outer loop
      vertex 66.49807621135332 54.4 7
      vertex 66.49807621135332 54.4 2
      vertex 66.2800600208737 54.72628428702616 2
    endloop
  endfacet
  facet normal 0.8968727415326844 0.44228869021900924 0
    outer loop
      vertex 66.67163859753387 54.048050297095266 7
      vertex 66.67163859753387 54.048050297095266 2
      vertex 66.49807621135332 54.4 2
    endloop
  endfacet
  facet normal 0.9978589232386044 0.06540312923013057 1.8880770907153202e-19
    outer loop
      vertex 66.9 52.9 7
      vertex 66.87433458412144 53.29157857666015 2
      vertex 66.87433458412144 53.29157857666015 7
    endloop
  endfacet
  facet normal 0.9807852804032247 0.1950903220161576 -7.035157351694402e-19
    outer loop
      vertex 66.87433458412144 53.29157857666015 7
      vertex 66.7977774788672 53.67645713530756 2
      vertex 66.7977774788672 53.67645713530756 7
    endloop
  endfacet
  facet normal 0.9469301294951151 0.32143946530313383 1.0227045414313906e-18
    outer loop
      vertex 66.7977774788672 53.67645713530756 7
      vertex 66.67163859753387 54.048050297095266 2
      vertex 66.67163859753387 54.048050297095266 7
    endloop
  endfacet
  facet normal 0.8968727415326844 0.44228869021900924 0
    outer loop
      vertex 66.49807621135332 54.4 7
      vertex 66.67163859753387 54.048050297095266 7
      vertex 66.49807621135332 54.4 2
    endloop
  endfacet
  facet normal 0.8314696123025384 0.5555702330196126 -2.090417991500936e-18
    outer loop
      vertex 66.49807621135332 54.4 7
      vertex 66.2800600208737 54.72628428702616 2
      vertex 66.2800600208737 54.72628428702616 7
    endloop
  endfacet
  facet normal 0 0 1
    outer loop
      vertex 63.12354286469244 50.00222252113279 7
      vertex 63.50842142333985 49.92566541587857 7
      vertex 63.35 51.947372055837114 7
    endloop
  endfacet
  facet normal 0 0 1
    outer loop
      vertex 61.30192378864668 51.4 7
      vertex 61.12836140246614 54.048050297095266 7
      vertex 61.12836140246614 51.75194970290473 7
    endloop
  endfacet
  facet normal 0 0 1
    outer loop
      vertex 61.51993997912629 51.073715712973836 7
      vertex 61.30192378864668 54.4 7
      vertex 61.30192378864668 51.4 7
    endloop
  endfacet
  facet normal 0 0 1
    outer loop
      vertex 61.12836140246614 51.75194970290473 7
      vertex 61.00222252113279 53.67645713530756 7
      vertex 61.00222252113279 52.12354286469244 7
    endloop
  endfacet
  facet normal 0 0 1
    outer loop
      vertex 61.00222252113279 52.12354286469244 7
      vertex 60.92566541587857 53.29157857666015 7
      vertex 60.92566541587857 52.50842142333985 7
    endloop
  endfacet
  facet normal 0 0 1
    outer loop
      vertex 60.92566541587857 52.50842142333985 7
      vertex 60.92566541587857 53.29157857666015 7
      vertex 60.9 52.9 7
    endloop
  endfacet
  facet normal 0 0 1
    outer loop
      vertex 61.51993997912629 51.073715712973836 7
      vertex 61.77867965644035 50.77867965644035 7
      vertex 61.51993997912629 54.72628428702616 7
    endloop
  endfacet
  facet normal 0 0 1
    outer loop
      vertex 61.77867965644035 50.77867965644035 7
      vertex 62.073715712973836 50.51993997912629 7
      vertex 61.77867965644035 55.021320343559644 7
    endloop
  endfacet
  facet normal 0 0 1
    outer loop
      vertex 62.75194970290473 50.12836140246614 7
      vertex 63.12354286469244 50.00222252113279 7
      vertex 62.947372055837114 52.35 7
    endloop
  endfacet
  facet normal 0 0 1
    outer loop
      vertex 63.50842142333985 49.92566541587857 7
      vertex 63.4790482243984 51.883732514237586 7
      vertex 63.35 51.947372055837114 7
    endloop
  endfacet
  facet normal 0 0 1
    outer loop
      vertex 63.12354286469244 50.00222252113279 7
      vertex 63.02731132567964 52.23036242809041 7
      vertex 62.947372055837114 52.35 7
    endloop
  endfacet
  facet normal 0 0 1
    outer loop
      vertex 63.12354286469244 50.00222252113279 7
      vertex 63.122182540694794 52.122182540694794 7
      vertex 63.02731132567964 52.23036242809041 7
    endloop
  endfacet
  facet normal 0 0 1
    outer loop
      vertex 62.75194970290473 50.12836140246614 7
      vertex 62.947372055837114 52.35 7
      vertex 62.883732514237586 52.4790482243984 7
    endloop
  endfacet
  facet normal 0 0 1
    outer loop
      vertex 62.75194970290473 50.12836140246614 7
      vertex 62.883732514237586 52.4790482243984 7
      vertex 62.837481591082025 52.61529905038723 7
    endloop
  endfacet
  facet normal 0 0 1
    outer loop
      vertex 62.75194970290473 50.12836140246614 7
      vertex 62.837481591082025 52.61529905038723 7
      vertex 62.80941065248881 52.756421188557944 7
    endloop
  endfacet
  facet normal 0 0 1
    outer loop
      vertex 63.12354286469244 50.00222252113279 7
      vertex 63.23036242809041 52.02731132567964 7
      vertex 63.122182540694794 52.122182540694794 7
    endloop
  endfacet
  facet normal 0 0 1
    outer loop
      vertex 63.12354286469244 50.00222252113279 7
      vertex 63.35 51.947372055837114 7
      vertex 63.23036242809041 52.02731132567964 7
    endloop
  endfacet
  facet normal 0 0 1
    outer loop
      vertex 62.073715712973836 50.51993997912629 7
      vertex 62.4 50.30192378864668 7
      vertex 62.073715712973836 55.280060020873705 7
    endloop
  endfacet
  facet normal 0 0 1
    outer loop
      vertex 62.4 50.30192378864668 7
      vertex 62.75194970290473 50.12836140246614 7
      vertex 62.4 55.498076211353315 7
    endloop
  endfacet
  facet normal 0 0 1
    outer loop
      vertex 62.75194970290473 50.12836140246614 7
      vertex 62.8 52.9 7
      vertex 62.75194970290473 55.67163859753386 7
    endloop
  endfacet
  facet normal 0 0 1
    outer loop
      vertex 62.75194970290473 50.12836140246614 7
      vertex 62.80941065248881 52.756421188557944 7
      vertex 62.8 52.9 7
    endloop
  endfacet
  facet normal 0 0 1
    outer loop
      vertex 63.50842142333985 49.92566541587857 7
      vertex 63.9 49.9 7
      vertex 63.756421188557944 51.80941065248881 7
    endloop
  endfacet
  facet normal 0 0 1
    outer loop
      vertex 63.9 49.9 7
      vertex 64.29157857666016 49.92566541587857 7
      vertex 64.04357881144206 51.80941065248881 7
    endloop
  endfacet
  facet normal 0 0 1
    outer loop
      vertex 64.29157857666016 49.92566541587857 7
      vertex 64.67645713530756 50.00222252113279 7
      vertex 64.18470094961278 51.837481591082025 7
    endloop
  endfacet
  facet normal 0 0 1
    outer loop
      vertex 64.67645713530756 50.00222252113279 7
      vertex 65.04805029709527 50.12836140246614 7
      vertex 64.5696375719096 52.02731132567964 7
    endloop
  endfacet
  facet normal 0 0 1
    outer loop
      vertex 63.50842142333985 49.92566541587857 7
      vertex 63.61529905038723 51.837481591082025 7
      vertex 63.4790482243984 51.883732514237586 7
    endloop
  endfacet
  facet normal 0 0 1
    outer loop
      vertex 63.50842142333985 49.92566541587857 7
      vertex 63.756421188557944 51.80941065248881 7
      vertex 63.61529905038723 51.837481591082025 7
    endloop
  endfacet
  facet normal 0 0 1
    outer loop
      vertex 63.9 49.9 7
      vertex 63.9 51.8 7
      vertex 63.756421188557944 51.80941065248881 7
    endloop
  endfacet
  facet normal 0 0 1
    outer loop
      vertex 63.9 49.9 7
      vertex 64.04357881144206 51.80941065248881 7
      vertex 63.9 51.8 7
    endloop
  endfacet
  facet normal 0 0 1
    outer loop
      vertex 64.29157857666016 49.92566541587857 7
      vertex 64.18470094961278 51.837481591082025 7
      vertex 64.04357881144206 51.80941065248881 7
    endloop
  endfacet
  facet normal 0 0 1
    outer loop
      vertex 64.67645713530756 50.00222252113279 7
      vertex 64.3209517756016 51.883732514237586 7
      vertex 64.18470094961278 51.837481591082025 7
    endloop
  endfacet
  facet normal 0 0 1
    outer loop
      vertex 64.67645713530756 50.00222252113279 7
      vertex 64.45 51.947372055837114 7
      vertex 64.3209517756016 51.883732514237586 7
    endloop
  endfacet
  facet normal 0 0 1
    outer loop
      vertex 64.67645713530756 50.00222252113279 7
      vertex 64.5696375719096 52.02731132567964 7
      vertex 64.45 51.947372055837114 7
    endloop
  endfacet
  facet normal 0 0 1
    outer loop
      vertex 64.5696375719096 52.02731132567964 7
      vertex 65.04805029709527 50.12836140246614 7
      vertex 64.6778174593052 52.122182540694794 7
    endloop
  endfacet
  facet normal 0 0 1
    outer loop
      vertex 64.6778174593052 52.122182540694794 7
      vertex 65.04805029709527 50.12836140246614 7
      vertex 64.77268867432036 52.23036242809041 7
    endloop
  endfacet
  facet normal 0 0 1
    outer loop
      vertex 64.77268867432036 52.23036242809041 7
      vertex 65.04805029709527 50.12836140246614 7
      vertex 64.85262794416289 52.35 7
    endloop
  endfacet
  facet normal 0 0 1
    outer loop
      vertex 64.85262794416289 52.35 7
      vertex 65.04805029709527 50.12836140246614 7
      vertex 64.91626748576242 52.4790482243984 7
    endloop
  endfacet
  facet normal 0 0 1
    outer loop
      vertex 65.04805029709527 50.12836140246614 7
      vertex 64.96251840891797 52.61529905038723 7
      vertex 64.91626748576242 52.4790482243984 7
    endloop
  endfacet
  facet normal 0 0 1
    outer loop
      vertex 65.04805029709527 50.12836140246614 7
      vertex 64.99058934751119 52.756421188557944 7
      vertex 64.96251840891797 52.61529905038723 7
    endloop
  endfacet
  facet normal 0 0 1
    outer loop
      vertex 65.04805029709527 50.12836140246614 7
      vertex 65 52.9 7
      vertex 64.99058934751119 52.756421188557944 7
    endloop
  endfacet
  facet normal 0 0 1
    outer loop
      vertex 65.04805029709527 50.12836140246614 7
      vertex 65.4 50.30192378864668 7
      vertex 65.04805029709527 55.67163859753386 7
    endloop
  endfacet
  facet normal 0 0 1
    outer loop
      vertex 65.4 50.30192378864668 7
      vertex 65.72628428702616 50.51993997912629 7
      vertex 65.4 55.498076211353315 7
    endloop
  endfacet
  facet normal 0 0 1
    outer loop
      vertex 65.04805029709527 50.12836140246614 7
      vertex 65.04805029709527 55.67163859753386 7
      vertex 65 52.9 7
    endloop
  endfacet
  facet normal 0 0 1
    outer loop
      vertex 65.72628428702616 50.51993997912629 7
      vertex 66.02132034355965 50.77867965644035 7
      vertex 65.72628428702616 55.280060020873705 7
    endloop
  endfacet
  facet normal 0 0 1
    outer loop
      vertex 66.02132034355965 50.77867965644035 7
      vertex 66.2800600208737 51.073715712973836 7
      vertex 66.02132034355965 55.021320343559644 7
    endloop
  endfacet
  facet normal 0 0 1
    outer loop
      vertex 61.00222252113279 52.12354286469244 7
      vertex 61.00222252113279 53.67645713530756 7
      vertex 60.92566541587857 53.29157857666015 7
    endloop
  endfacet
  facet normal 0 0 1
    outer loop
      vertex 61.12836140246614 51.75194970290473 7
      vertex 61.12836140246614 54.048050297095266 7
      vertex 61.00222252113279 53.67645713530756 7
    endloop
  endfacet
  facet normal 0 0 1
    outer loop
      vertex 61.30192378864668 51.4 7
      vertex 61.30192378864668 54.4 7
      vertex 61.12836140246614 54.048050297095266 7
    endloop
  endfacet
  facet normal 0 0 1
    outer loop
      vertex 61.51993997912629 51.073715712973836 7
      vertex 61.51993997912629 54.72628428702616 7
      vertex 61.30192378864668 54.4 7
    endloop
  endfacet
  facet normal 0 0 1
    outer loop
      vertex 61.77867965644035 50.77867965644035 7
      vertex 61.77867965644035 55.021320343559644 7
      vertex 61.51993997912629 54.72628428702616 7
    endloop
  endfacet
  facet normal 0 0 1
    outer loop
      vertex 62.073715712973836 50.51993997912629 7
      vertex 62.073715712973836 55.280060020873705 7
      vertex 61.77867965644035 55.021320343559644 7
    endloop
  endfacet
  facet normal 0 0 1
    outer loop
      vertex 62.4 50.30192378864668 7
      vertex 62.4 55.498076211353315 7
      vertex 62.073715712973836 55.280060020873705 7
    endloop
  endfacet
  facet normal 0 0 1
    outer loop
      vertex 62.75194970290473 50.12836140246614 7
      vertex 62.75194970290473 55.67163859753386 7
      vertex 62.4 55.498076211353315 7
    endloop
  endfacet
  facet normal 0 0 1
    outer loop
      vertex 62.8 52.9 7
      vertex 62.80941065248881 53.04357881144205 7
      vertex 62.75194970290473 55.67163859753386 7
    endloop
  endfacet
  facet normal 0 0 1
    outer loop
      vertex 62.80941065248881 53.04357881144205 7
      vertex 62.837481591082025 53.18470094961277 7
      vertex 62.75194970290473 55.67163859753386 7
    endloop
  endfacet
  facet normal 0 0 1
    outer loop
      vertex 62.837481591082025 53.18470094961277 7
      vertex 62.883732514237586 53.3209517756016 7
      vertex 62.75194970290473 55.67163859753386 7
    endloop
  endfacet
  facet normal 0 0 1
    outer loop
      vertex 62.883732514237586 53.3209517756016 7
      vertex 62.947372055837114 53.449999999999996 7
      vertex 62.75194970290473 55.67163859753386 7
    endloop
  endfacet
  facet normal 0 0 1
    outer loop
      vertex 62.75194970290473 55.67163859753386 7
      vertex 62.947372055837114 53.449999999999996 7
      vertex 63.02731132567964 53.56963757190959 7
    endloop
  endfacet
  facet normal 0 0 1
    outer loop
      vertex 62.75194970290473 55.67163859753386 7
      vertex 63.02731132567964 53.56963757190959 7
      vertex 63.122182540694794 53.6778174593052 7
    endloop
  endfacet
  facet normal 0 0 1
    outer loop
      vertex 62.75194970290473 55.67163859753386 7
      vertex 63.122182540694794 53.6778174593052 7
      vertex 63.23036242809041 53.77268867432036 7
    endloop
  endfacet
  facet normal 0 0 1
    outer loop
      vertex 63.23036242809041 53.77268867432036 7
      vertex 63.35 53.85262794416288 7
      vertex 63.12354286469244 55.797777478867204 7
    endloop
  endfacet
  facet normal 0 0 1
    outer loop
      vertex 63.35 53.85262794416288 7
      vertex 63.4790482243984 53.91626748576241 7
      vertex 63.12354286469244 55.797777478867204 7
    endloop
  endfacet
  facet normal 0 0 1
    outer loop
      vertex 63.4790482243984 53.91626748576241 7
      vertex 63.61529905038723 53.96251840891797 7
      vertex 63.12354286469244 55.797777478867204 7
    endloop
  endfacet
  facet normal 0 0 1
    outer loop
      vertex 62.75194970290473 55.67163859753386 7
      vertex 63.23036242809041 53.77268867432036 7
      vertex 63.12354286469244 55.797777478867204 7
    endloop
  endfacet
  facet normal 0 0 1
    outer loop
      vertex 63.61529905038723 53.96251840891797 7
      vertex 63.50842142333985 55.87433458412143 7
      vertex 63.12354286469244 55.797777478867204 7
    endloop
  endfacet
  facet normal 0 0 1
    outer loop
      vertex 63.61529905038723 53.96251840891797 7
      vertex 63.756421188557944 53.99058934751119 7
      vertex 63.50842142333985 55.87433458412143 7
    endloop
  endfacet
  facet normal 0 0 1
    outer loop
      vertex 63.756421188557944 53.99058934751119 7
      vertex 63.9 54 7
      vertex 63.9 55.9 7
    endloop
  endfacet
  facet normal 0 0 1
    outer loop
      vertex 63.9 54 7
      vertex 64.04357881144206 53.99058934751119 7
      vertex 63.9 55.9 7
    endloop
  endfacet
  facet normal 0 0 1
    outer loop
      vertex 64.04357881144206 53.99058934751119 7
      vertex 64.18470094961278 53.96251840891797 7
      vertex 64.29157857666016 55.87433458412143 7
    endloop
  endfacet
  facet normal 0 0 1
    outer loop
      vertex 64.18470094961278 53.96251840891797 7
      vertex 64.3209517756016 53.91626748576241 7
      vertex 64.29157857666016 55.87433458412143 7
    endloop
  endfacet
  facet normal 0 0 1
    outer loop
      vertex 64.3209517756016 53.91626748576241 7
      vertex 64.45 53.85262794416288 7
      vertex 64.29157857666016 55.87433458412143 7
    endloop
  endfacet
  facet normal 0 0 1
    outer loop
      vertex 64.77268867432036 53.56963757190959 7
      vertex 64.67645713530756 55.797777478867204 7
      vertex 64.6778174593052 53.6778174593052 7
    endloop
  endfacet
  facet normal 0 0 1
    outer loop
      vertex 64.77268867432036 53.56963757190959 7
      vertex 64.85262794416289 53.449999999999996 7
      vertex 64.67645713530756 55.797777478867204 7
    endloop
  endfacet
  facet normal 0 0 1
    outer loop
      vertex 64.45 53.85262794416288 7
      vertex 64.5696375719096 53.77268867432036 7
      vertex 64.67645713530756 55.797777478867204 7
    endloop
  endfacet
  facet normal 0 0 1
    outer loop
      vertex 64.5696375719096 53.77268867432036 7
      vertex 64.6778174593052 53.6778174593052 7
      vertex 64.67645713530756 55.797777478867204 7
    endloop
  endfacet
  facet normal 0 0 1
    outer loop
      vertex 64.45 53.85262794416288 7
      vertex 64.67645713530756 55.797777478867204 7
      vertex 64.29157857666016 55.87433458412143 7
    endloop
  endfacet
  facet normal 0 0 1
    outer loop
      vertex 65 52.9 7
      vertex 65.04805029709527 55.67163859753386 7
      vertex 64.99058934751119 53.04357881144205 7
    endloop
  endfacet
  facet normal 0 0 1
    outer loop
      vertex 64.99058934751119 53.04357881144205 7
      vertex 65.04805029709527 55.67163859753386 7
      vertex 64.96251840891797 53.18470094961277 7
    endloop
  endfacet
  facet normal 0 0 1
    outer loop
      vertex 64.96251840891797 53.18470094961277 7
      vertex 65.04805029709527 55.67163859753386 7
      vertex 64.91626748576242 53.3209517756016 7
    endloop
  endfacet
  facet normal 0 0 1
    outer loop
      vertex 65.4 50.30192378864668 7
      vertex 65.4 55.498076211353315 7
      vertex 65.04805029709527 55.67163859753386 7
    endloop
  endfacet
  facet normal 0 0 1
    outer loop
      vertex 65.72628428702616 50.51993997912629 7
      vertex 65.72628428702616 55.280060020873705 7
      vertex 65.4 55.498076211353315 7
    endloop
  endfacet
  facet normal 0 0 1
    outer loop
      vertex 66.02132034355965 50.77867965644035 7
      vertex 66.02132034355965 55.021320343559644 7
      vertex 65.72628428702616 55.280060020873705 7
    endloop
  endfacet
  facet normal 0 0 1
    outer loop
      vertex 66.2800600208737 51.073715712973836 7
      vertex 66.2800600208737 54.72628428702616 7
      vertex 66.02132034355965 55.021320343559644 7
    endloop
  endfacet
  facet normal 0 0 1
    outer loop
      vertex 64.91626748576242 53.3209517756016 7
      vertex 65.04805029709527 55.67163859753386 7
      vertex 64.85262794416289 53.449999999999996 7
    endloop
  endfacet
  facet normal 0 0 1
    outer loop
      vertex 64.85262794416289 53.449999999999996 7
      vertex 65.04805029709527 55.67163859753386 7
      vertex 64.67645713530756 55.797777478867204 7
    endloop
  endfacet
  facet normal 0 0 1
    outer loop
      vertex 63.756421188557944 53.99058934751119 7
      vertex 63.9 55.9 7
      vertex 63.50842142333985 55.87433458412143 7
    endloop
  endfacet
  facet normal 0 0 1
    outer loop
      vertex 64.04357881144206 53.99058934751119 7
      vertex 64.29157857666016 55.87433458412143 7
      vertex 63.9 55.9 7
    endloop
  endfacet
  facet normal 0 0 1
    outer loop
      vertex 66.2800600208737 51.073715712973836 7
      vertex 66.49807621135332 51.4 7
      vertex 66.2800600208737 54.72628428702616 7
    endloop
  endfacet
  facet normal 0 0 1
    outer loop
      vertex 66.49807621135332 51.4 7
      vertex 66.67163859753387 51.75194970290473 7
      vertex 66.49807621135332 54.4 7
    endloop
  endfacet
  facet normal 0 0 1
    outer loop
      vertex 66.67163859753387 51.75194970290473 7
      vertex 66.7977774788672 52.12354286469244 7
      vertex 66.67163859753387 54.048050297095266 7
    endloop
  endfacet
  facet normal 0 0 1
    outer loop
      vertex 66.7977774788672 52.12354286469244 7
      vertex 66.87433458412144 52.50842142333985 7
      vertex 66.7977774788672 53.67645713530756 7
    endloop
  endfacet
  facet normal 0 0 1
    outer loop
      vertex 66.87433458412144 52.50842142333985 7
      vertex 66.9 52.9 7
      vertex 66.87433458412144 53.29157857666015 7
    endloop
  endfacet
  facet normal 0 0 1
    outer loop
      vertex 66.49807621135332 51.4 7
      vertex 66.49807621135332 54.4 7
      vertex 66.2800600208737 54.72628428702616 7
    endloop
  endfacet
  facet normal 0 0 1
    outer loop
      vertex 66.87433458412144 52.50842142333985 7
      vertex 66.87433458412144 53.29157857666015 7
      vertex 66.7977774788672 53.67645713530756 7
    endloop
  endfacet
  facet normal 0 0 1
    outer loop
      vertex 66.67163859753387 51.75194970290473 7
      vertex 66.67163859753387 54.048050297095266 7
      vertex 66.49807621135332 54.4 7
    endloop
  endfacet
  facet normal 0 0 1
    outer loop
      vertex 66.7977774788672 52.12354286469244 7
      vertex 66.7977774788672 53.67645713530756 7
      vertex 66.67163859753387 54.048050297095266 7
    endloop
  endfacet
  facet normal 0.9807852804032307 0.1950903220161267 0
    outer loop
      vertex 4.837481591082025 3.615299050387227 7
      vertex 4.837481591082025 3.615299050387227 6
      vertex 4.8094106524888085 3.756421188557943 6
    endloop
  endfacet
  facet normal 0.9978589232386036 0.06540312923014394 0
    outer loop
      vertex 4.8094106524888085 3.756421188557943 7
      vertex 4.8094106524888085 3.756421188557943 6
      vertex 4.8 3.9 6
    endloop
  endfacet
  facet normal 0.9978589232386036 -0.06540312923014394 0
    outer loop
      vertex 4.8 3.9 7
      vertex 4.8 3.9 6
      vertex 4.8094106524888085 4.043578811442057 6
    endloop
  endfacet
  facet normal 0.8314696123025487 0.5555702330195972 0
    outer loop
      vertex 5.027311325679641 3.230362428090407 7
      vertex 5.027311325679641 3.230362428090407 6
      vertex 4.947372055837118 3.35 6
    endloop
  endfacet
  facet normal 0.8968727415326869 0.44228869021900424 0
    outer loop
      vertex 4.947372055837118 3.35 7
      vertex 4.947372055837118 3.35 6
      vertex 4.883732514237584 3.4790482243984013 6
    endloop
  endfacet
  facet normal 0.7518398074789752 0.6593458151000715 0
    outer loop
      vertex 5.122182540694798 3.1221825406947974 7
      vertex 5.122182540694798 3.1221825406947974 6
      vertex 5.027311325679641 3.230362428090407 6
    endloop
  endfacet
  facet normal 0.5555702330196027 0.8314696123025448 0
    outer loop
      vertex 5.35 2.9473720558371173 7
      vertex 5.35 2.9473720558371173 6
      vertex 5.230362428090407 3.027311325679641 6
    endloop
  endfacet
  facet normal 0.6593458151000695 0.7518398074789768 0
    outer loop
      vertex 5.230362428090407 3.027311325679641 7
      vertex 5.230362428090407 3.027311325679641 6
      vertex 5.122182540694798 3.1221825406947974 6
    endloop
  endfacet
  facet normal 0.44228869021899925 0.8968727415326894 0
    outer loop
      vertex 5.479048224398401 2.8837325142375847 7
      vertex 5.479048224398401 2.8837325142375847 6
      vertex 5.35 2.9473720558371173 6
    endloop
  endfacet
  facet normal 0.9469301294951056 0.32143946530316186 0
    outer loop
      vertex 4.883732514237584 3.4790482243984013 7
      vertex 4.883732514237584 3.4790482243984013 6
      vertex 4.837481591082025 3.615299050387227 6
    endloop
  endfacet
  facet normal 0.9807852804032307 0.1950903220161267 -9.925160861456814e-19
    outer loop
      vertex 4.837481591082025 3.615299050387227 7
      vertex 4.8094106524888085 3.756421188557943 6
      vertex 4.8094106524888085 3.756421188557943 7
    endloop
  endfacet
  facet normal 0.9978589232386036 0.06540312923014394 -3.0682401523815225e-19
    outer loop
      vertex 4.8094106524888085 3.756421188557943 7
      vertex 4.8 3.9 6
      vertex 4.8 3.9 7
    endloop
  endfacet
  facet normal 0.6593458151000695 0.7518398074789768 -3.547215103575265e-18
    outer loop
      vertex 5.230362428090407 3.027311325679641 7
      vertex 5.122182540694798 3.1221825406947974 6
      vertex 5.122182540694798 3.1221825406947974 7
    endloop
  endfacet
  facet normal 0.8314696123025487 0.5555702330195972 0
    outer loop
      vertex 4.947372055837118 3.35 7
      vertex 5.027311325679641 3.230362428090407 7
      vertex 4.947372055837118 3.35 6
    endloop
  endfacet
  facet normal 0.7518398074789752 0.6593458151000715 3.694291193866369e-19
    outer loop
      vertex 5.122182540694798 3.1221825406947974 7
      vertex 5.027311325679641 3.230362428090407 6
      vertex 5.027311325679641 3.230362428090407 7
    endloop
  endfacet
  facet normal 0.5555702330196027 0.8314696123025448 0
    outer loop
      vertex 5.230362428090407 3.027311325679641 7
      vertex 5.35 2.9473720558371173 7
      vertex 5.230362428090407 3.027311325679641 6
    endloop
  endfacet
  facet normal 0.44228869021899925 0.8968727415326894 0
    outer loop
      vertex 5.35 2.9473720558371173 7
      vertex 5.479048224398401 2.8837325142375847 7
      vertex 5.35 2.9473720558371173 6
    endloop
  endfacet
  facet normal 0.8968727415326869 0.44228869021900424 0
    outer loop
      vertex 4.883732514237584 3.4790482243984013 7
      vertex 4.947372055837118 3.35 7
      vertex 4.883732514237584 3.4790482243984013 6
    endloop
  endfacet
  facet normal 0.9469301294951056 0.32143946530316186 -4.253803779260005e-19
    outer loop
      vertex 4.883732514237584 3.4790482243984013 7
      vertex 4.837481591082025 3.615299050387227 6
      vertex 4.837481591082025 3.615299050387227 7
    endloop
  endfacet
  facet normal 0.9807852804032307 -0.1950903220161267 0
    outer loop
      vertex 4.8094106524888085 4.043578811442057 7
      vertex 4.8094106524888085 4.043578811442057 6
      vertex 4.837481591082025 4.184700949612773 6
    endloop
  endfacet
  facet normal 0.9469301294951059 -0.3214394653031607 1.436980650595466e-18
    outer loop
      vertex 4.837481591082025 4.184700949612773 6
      vertex 4.8564538729653215 4.240591489760431 6
      vertex 4.8564538729653215 4.240591489760431 7
    endloop
  endfacet
  facet normal 0.9978589232386036 -0.06540312923014394 3.0682401523815225e-19
    outer loop
      vertex 4.8 3.9 7
      vertex 4.8094106524888085 4.043578811442057 6
      vertex 4.8094106524888085 4.043578811442057 7
    endloop
  endfacet
  facet normal 0.9807852804032307 -0.1950903220161267 9.925160861456814e-19
    outer loop
      vertex 4.8094106524888085 4.043578811442057 7
      vertex 4.837481591082025 4.184700949612773 6
      vertex 4.837481591082025 4.184700949612773 7
    endloop
  endfacet
  facet normal 0.9469301294951059 -0.3214394653031607 0
    outer loop
      vertex 4.837481591082025 4.184700949612773 7
      vertex 4.837481591082025 4.184700949612773 6
      vertex 4.8564538729653215 4.240591489760431 7
    endloop
  endfacet
  facet normal 0.1950903220161267 0.9807852804032307 0
    outer loop
      vertex 5.756421188557943 2.8094106524888085 7
      vertex 5.756421188557943 2.8094106524888085 6
      vertex 5.615299050387227 2.8374815910820246 6
    endloop
  endfacet
  facet normal 0.06540312923014373 0.9978589232386036 0
    outer loop
      vertex 5.9 2.8 7
      vertex 5.9 2.8 6
      vertex 5.756421188557943 2.8094106524888085 6
    endloop
  endfacet
  facet normal -0.06540312923014413 0.9978589232386036 0
    outer loop
      vertex 6.043578811442057 2.8094106524888085 7
      vertex 6.043578811442057 2.8094106524888085 6
      vertex 5.9 2.8 6
    endloop
  endfacet
  facet normal -0.1950903220161267 0.9807852804032307 0
    outer loop
      vertex 6.184700949612773 2.8374815910820246 7
      vertex 6.184700949612773 2.8374815910820246 6
      vertex 6.043578811442057 2.8094106524888085 6
    endloop
  endfacet
  facet normal 0.3214394653031637 0.946930129495105 0
    outer loop
      vertex 5.615299050387227 2.8374815910820246 7
      vertex 5.615299050387227 2.8374815910820246 6
      vertex 5.479048224398401 2.8837325142375847 6
    endloop
  endfacet
  facet normal -0.3214394653031607 0.9469301294951059 0
    outer loop
      vertex 6.240591489760431 2.8564538729653215 7
      vertex 6.240591489760431 2.8564538729653215 6
      vertex 6.184700949612773 2.8374815910820246 6
    endloop
  endfacet
  facet normal 0.1950903220161267 0.9807852804032307 0
    outer loop
      vertex 5.615299050387227 2.8374815910820246 7
      vertex 5.756421188557943 2.8094106524888085 7
      vertex 5.615299050387227 2.8374815910820246 6
    endloop
  endfacet
  facet normal 0.06540312923014373 0.9978589232386036 0
    outer loop
      vertex 5.756421188557943 2.8094106524888085 7
      vertex 5.9 2.8 7
      vertex 5.756421188557943 2.8094106524888085 6
    endloop
  endfacet
  facet normal -0.06540312923014413 0.9978589232386036 0
    outer loop
      vertex 5.9 2.8 7
      vertex 6.043578811442057 2.8094106524888085 7
      vertex 5.9 2.8 6
    endloop
  endfacet
  facet normal -0.1950903220161267 0.9807852804032307 0
    outer loop
      vertex 6.043578811442057 2.8094106524888085 7
      vertex 6.184700949612773 2.8374815910820246 7
      vertex 6.043578811442057 2.8094106524888085 6
    endloop
  endfacet
  facet normal 0.3214394653031637 0.946930129495105 0
    outer loop
      vertex 5.479048224398401 2.8837325142375847 7
      vertex 5.615299050387227 2.8374815910820246 7
      vertex 5.479048224398401 2.8837325142375847 6
    endloop
  endfacet
  facet normal -0.3214394653031607 0.9469301294951059 0
    outer loop
      vertex 6.184700949612773 2.8374815910820246 7
      vertex 6.240591489760431 2.8564538729653215 7
      vertex 6.184700949612773 2.8374815910820246 6
    endloop
  endfacet
  facet normal 0.9807852804032305 0.1950903220161279 0
    outer loop
      vertex 4.837481591082025 52.61529905038723 7
      vertex 4.837481591082025 52.61529905038723 6
      vertex 4.8094106524888085 52.756421188557944 6
    endloop
  endfacet
  facet normal 0.9978589232386034 0.06540312923014494 0
    outer loop
      vertex 4.8094106524888085 52.756421188557944 7
      vertex 4.8094106524888085 52.756421188557944 6
      vertex 4.8 52.9 6
    endloop
  endfacet
  facet normal 0.9978589232386034 -0.06540312923014494 0
    outer loop
      vertex 4.8 52.9 7
      vertex 4.8 52.9 6
      vertex 4.8094106524888085 53.04357881144205 6
    endloop
  endfacet
  facet normal 0.9469301294951092 0.32143946530315104 2.565199700700469e-19
    outer loop
      vertex 4.837481591082025 52.61529905038723 6
      vertex 4.856453872965323 52.559408510239564 7
      vertex 4.856453872965323 52.559408510239564 6
    endloop
  endfacet
  facet normal 0.9807852804032305 0.1950903220161279 -2.5318400037466483e-18
    outer loop
      vertex 4.837481591082025 52.61529905038723 7
      vertex 4.8094106524888085 52.756421188557944 6
      vertex 4.8094106524888085 52.756421188557944 7
    endloop
  endfacet
  facet normal 0.9978589232386034 0.06540312923014494 2.433611409894588e-19
    outer loop
      vertex 4.8094106524888085 52.756421188557944 7
      vertex 4.8 52.9 6
      vertex 4.8 52.9 7
    endloop
  endfacet
  facet normal 0.9469301294951092 0.32143946530315104 0
    outer loop
      vertex 4.837481591082025 52.61529905038723 7
      vertex 4.856453872965323 52.559408510239564 7
      vertex 4.837481591082025 52.61529905038723 6
    endloop
  endfacet
  facet normal 0.9807852804032305 -0.1950903220161279 0
    outer loop
      vertex 4.8094106524888085 53.04357881144205 7
      vertex 4.8094106524888085 53.04357881144205 6
      vertex 4.837481591082025 53.18470094961277 6
    endloop
  endfacet
  facet normal 0.9469301294951097 -0.32143946530314965 0
    outer loop
      vertex 4.837481591082025 53.18470094961277 7
      vertex 4.837481591082025 53.18470094961277 6
      vertex 4.883732514237584 53.3209517756016 6
    endloop
  endfacet
  facet normal 0.8968727415326796 -0.44228869021901895 0
    outer loop
      vertex 4.883732514237584 53.3209517756016 7
      vertex 4.883732514237584 53.3209517756016 6
      vertex 4.947372055837118 53.449999999999996 6
    endloop
  endfacet
  facet normal 0.8314696123025477 -0.5555702330195985 0
    outer loop
      vertex 4.947372055837118 53.449999999999996 7
      vertex 4.947372055837118 53.449999999999996 6
      vertex 5.027311325679641 53.56963757190959 6
    endloop
  endfacet
  facet normal 0.7518398074789899 -0.6593458151000547 0
    outer loop
      vertex 5.027311325679641 53.56963757190959 7
      vertex 5.027311325679641 53.56963757190959 6
      vertex 5.122182540694798 53.6778174593052 6
    endloop
  endfacet
  facet normal 0.659345815100059 -0.7518398074789859 0
    outer loop
      vertex 5.122182540694798 53.6778174593052 7
      vertex 5.122182540694798 53.6778174593052 6
      vertex 5.230362428090407 53.77268867432036 6
    endloop
  endfacet
  facet normal 0.5555702330196156 -0.8314696123025362 0
    outer loop
      vertex 5.230362428090407 53.77268867432036 7
      vertex 5.230362428090407 53.77268867432036 6
      vertex 5.35 53.85262794416288 6
    endloop
  endfacet
  facet normal 0.4422886902189744 -0.8968727415327015 0
    outer loop
      vertex 5.35 53.85262794416288 7
      vertex 5.35 53.85262794416288 6
      vertex 5.479048224398401 53.91626748576241 6
    endloop
  endfacet
  facet normal 0.9978589232386034 -0.06540312923014494 -2.433611409894588e-19
    outer loop
      vertex 4.8 52.9 7
      vertex 4.8094106524888085 53.04357881144205 6
      vertex 4.8094106524888085 53.04357881144205 7
    endloop
  endfacet
  facet normal 0.9807852804032305 -0.1950903220161279 2.5318400037466483e-18
    outer loop
      vertex 4.8094106524888085 53.04357881144205 7
      vertex 4.837481591082025 53.18470094961277 6
      vertex 4.837481591082025 53.18470094961277 7
    endloop
  endfacet
  facet normal 0.9469301294951097 -0.32143946530314965 -5.020728379918868e-19
    outer loop
      vertex 4.837481591082025 53.18470094961277 7
      vertex 4.883732514237584 53.3209517756016 6
      vertex 4.883732514237584 53.3209517756016 7
    endloop
  endfacet
  facet normal 0.8968727415326796 -0.44228869021901895 -3.529700664059809e-18
    outer loop
      vertex 4.883732514237584 53.3209517756016 7
      vertex 4.947372055837118 53.449999999999996 6
      vertex 4.947372055837118 53.449999999999996 7
    endloop
  endfacet
  facet normal 0.8314696123025477 -0.5555702330195985 1.3035815059699652e-18
    outer loop
      vertex 4.947372055837118 53.449999999999996 7
      vertex 5.027311325679641 53.56963757190959 6
      vertex 5.027311325679641 53.56963757190959 7
    endloop
  endfacet
  facet normal 0.7518398074789899 -0.6593458151000547 1.5275051638895501e-18
    outer loop
      vertex 5.027311325679641 53.56963757190959 7
      vertex 5.122182540694798 53.6778174593052 6
      vertex 5.122182540694798 53.6778174593052 7
    endloop
  endfacet
  facet normal 0.659345815100059 -0.7518398074789859 1.5663029423780232e-18
    outer loop
      vertex 5.122182540694798 53.6778174593052 7
      vertex 5.230362428090407 53.77268867432036 6
      vertex 5.230362428090407 53.77268867432036 7
    endloop
  endfacet
  facet normal 0.5555702330196156 -0.8314696123025362 1.517545464664039e-18
    outer loop
      vertex 5.230362428090407 53.77268867432036 7
      vertex 5.35 53.85262794416288 6
      vertex 5.35 53.85262794416288 7
    endloop
  endfacet
  facet normal 0.4422886902189744 -0.8968727415327015 -2.7517594772249135e-18
    outer loop
      vertex 5.35 53.85262794416288 7
      vertex 5.479048224398401 53.91626748576241 6
      vertex 5.479048224398401 53.91626748576241 7
    endloop
  endfacet
  facet normal 0.32143946530317197 -0.9469301294951021 0
    outer loop
      vertex 5.479048224398401 53.91626748576241 7
      vertex 5.479048224398401 53.91626748576241 6
      vertex 5.615299050387227 53.96251840891797 6
    endloop
  endfacet
  facet normal 0.19509032201613263 -0.9807852804032295 0
    outer loop
      vertex 5.615299050387227 53.96251840891797 7
      vertex 5.615299050387227 53.96251840891797 6
      vertex 5.756421188557943 53.99058934751119 6
    endloop
  endfacet
  facet normal 0.06540312923015602 -0.9978589232386028 0
    outer loop
      vertex 5.756421188557943 53.99058934751119 7
      vertex 5.756421188557943 53.99058934751119 6
      vertex 5.9 54 6
    endloop
  endfacet
  facet normal -0.06540312923015641 -0.9978589232386026 0
    outer loop
      vertex 5.9 54 7
      vertex 5.9 54 6
      vertex 6.043578811442057 53.99058934751119 6
    endloop
  endfacet
  facet normal -0.19509032201613263 -0.9807852804032295 0
    outer loop
      vertex 6.043578811442057 53.99058934751119 7
      vertex 6.043578811442057 53.99058934751119 6
      vertex 6.184700949612773 53.96251840891797 6
    endloop
  endfacet
  facet normal -0.3214394653032101 -0.9469301294950893 6.898904556396142e-19
    outer loop
      vertex 6.184700949612773 53.96251840891797 6
      vertex 6.2405914897604315 53.94354612703467 6
      vertex 6.2405914897604315 53.94354612703467 7
    endloop
  endfacet
  facet normal 0.32143946530317197 -0.9469301294951021 -1.2494357352644438e-18
    outer loop
      vertex 5.479048224398401 53.91626748576241 7
      vertex 5.615299050387227 53.96251840891797 6
      vertex 5.615299050387227 53.96251840891797 7
    endloop
  endfacet
  facet normal 0.19509032201613263 -0.9807852804032295 -1.966852623533252e-18
    outer loop
      vertex 5.615299050387227 53.96251840891797 7
      vertex 5.756421188557943 53.99058934751119 6
      vertex 5.756421188557943 53.99058934751119 7
    endloop
  endfacet
  facet normal 0.06540312923015602 -0.9978589232386028 -4.909327302779052e-19
    outer loop
      vertex 5.756421188557943 53.99058934751119 7
      vertex 5.9 54 6
      vertex 5.9 54 7
    endloop
  endfacet
  facet normal -0.06540312923015641 -0.9978589232386026 -1.932052994166676e-19
    outer loop
      vertex 5.9 54 7
      vertex 6.043578811442057 53.99058934751119 6
      vertex 6.043578811442057 53.99058934751119 7
    endloop
  endfacet
  facet normal -0.19509032201613263 -0.9807852804032295 1.966852623533252e-18
    outer loop
      vertex 6.043578811442057 53.99058934751119 7
      vertex 6.184700949612773 53.96251840891797 6
      vertex 6.184700949612773 53.96251840891797 7
    endloop
  endfacet
  facet normal -0.3214394653032101 -0.9469301294950893 0
    outer loop
      vertex 6.184700949612773 53.96251840891797 7
      vertex 6.184700949612773 53.96251840891797 6
      vertex 6.2405914897604315 53.94354612703467 7
    endloop
  endfacet
  facet normal 0.7518398074789874 0.6593458151000575 0
    outer loop
      vertex 63.02731132567964 3.230362428090407 7
      vertex 63.122182540694794 3.1221825406947974 2
      vertex 63.02731132567964 3.230362428090407 2
    endloop
  endfacet
  facet normal 0.8314696123025374 0.5555702330196143 0
    outer loop
      vertex 62.947372055837114 3.35 7
      vertex 63.02731132567964 3.230362428090407 2
      vertex 62.947372055837114 3.35 2
    endloop
  endfacet
  facet normal 0.6593458151000512 0.7518398074789929 0
    outer loop
      vertex 63.122182540694794 3.1221825406947974 7
      vertex 63.23036242809041 3.027311325679641 2
      vertex 63.122182540694794 3.1221825406947974 2
    endloop
  endfacet
  facet normal 0.5555702330196028 0.8314696123025449 0
    outer loop
      vertex 63.23036242809041 3.027311325679641 7
      vertex 63.35 2.9473720558371173 2
      vertex 63.23036242809041 3.027311325679641 2
    endloop
  endfacet
  facet normal 0.44228869021901396 0.896872741532682 0
    outer loop
      vertex 63.35 2.9473720558371173 7
      vertex 63.4790482243984 2.8837325142375847 2
      vertex 63.35 2.9473720558371173 2
    endloop
  endfacet
  facet normal 0.8968727415327015 0.44228869021897443 0
    outer loop
      vertex 62.883732514237586 3.4790482243984013 7
      vertex 62.947372055837114 3.35 2
      vertex 62.883732514237586 3.4790482243984013 2
    endloop
  endfacet
  facet normal 0.9469301294951018 0.3214394653031729 0
    outer loop
      vertex 62.837481591082025 3.615299050387227 7
      vertex 62.883732514237586 3.4790482243984013 2
      vertex 62.837481591082025 3.615299050387227 2
    endloop
  endfacet
  facet normal 0.9807852804032295 0.19509032201613266 0
    outer loop
      vertex 62.80941065248881 3.756421188557943 7
      vertex 62.837481591082025 3.615299050387227 2
      vertex 62.80941065248881 3.756421188557943 2
    endloop
  endfacet
  facet normal 0.9978589232386027 0.06540312923015622 0
    outer loop
      vertex 62.8 3.9 7
      vertex 62.80941065248881 3.756421188557943 2
      vertex 62.8 3.9 2
    endloop
  endfacet
  facet normal 0.1950903220161279 0.9807852804032305 0
    outer loop
      vertex 63.61529905038723 2.8374815910820246 7
      vertex 63.756421188557944 2.8094106524888085 2
      vertex 63.61529905038723 2.8374815910820246 2
    endloop
  endfacet
  facet normal 0.06540312923014494 0.9978589232386035 0
    outer loop
      vertex 63.756421188557944 2.8094106524888085 7
      vertex 63.9 2.8 2
      vertex 63.756421188557944 2.8094106524888085 2
    endloop
  endfacet
  facet normal -0.06540312923014172 0.9978589232386037 0
    outer loop
      vertex 63.9 2.8 7
      vertex 64.04357881144206 2.8094106524888085 2
      vertex 63.9 2.8 2
    endloop
  endfacet
  facet normal -0.1950903220161279 0.9807852804032305 0
    outer loop
      vertex 64.04357881144206 2.8094106524888085 7
      vertex 64.18470094961278 2.8374815910820246 2
      vertex 64.04357881144206 2.8094106524888085 2
    endloop
  endfacet
  facet normal 0.32143946530315237 0.9469301294951088 0
    outer loop
      vertex 63.4790482243984 2.8837325142375847 7
      vertex 63.61529905038723 2.8374815910820246 2
      vertex 63.4790482243984 2.8837325142375847 2
    endloop
  endfacet
  facet normal -0.3214394653031674 0.9469301294951037 0
    outer loop
      vertex 64.18470094961278 2.8374815910820246 7
      vertex 64.3209517756016 2.8837325142375847 2
      vertex 64.18470094961278 2.8374815910820246 2
    endloop
  endfacet
  facet normal -0.44228869021899436 0.8968727415326917 0
    outer loop
      vertex 64.3209517756016 2.8837325142375847 7
      vertex 64.45 2.9473720558371173 2
      vertex 64.3209517756016 2.8837325142375847 2
    endloop
  endfacet
  facet normal -0.5555702330196028 0.8314696123025449 0
    outer loop
      vertex 64.45 2.9473720558371173 7
      vertex 64.5696375719096 3.027311325679641 2
      vertex 64.45 2.9473720558371173 2
    endloop
  endfacet
  facet normal -0.6593458151000756 0.7518398074789715 0
    outer loop
      vertex 64.5696375719096 3.027311325679641 7
      vertex 64.6778174593052 3.1221825406947974 2
      vertex 64.5696375719096 3.027311325679641 2
    endloop
  endfacet
  facet normal -0.751839807478963 0.6593458151000855 0
    outer loop
      vertex 64.6778174593052 3.1221825406947974 7
      vertex 64.77268867432036 3.230362428090407 2
      vertex 64.6778174593052 3.1221825406947974 2
    endloop
  endfacet
  facet normal -0.8314696123025374 0.5555702330196143 0
    outer loop
      vertex 64.77268867432036 3.230362428090407 7
      vertex 64.85262794416289 3.35 2
      vertex 64.77268867432036 3.230362428090407 2
    endloop
  endfacet
  facet normal -0.8968727415327015 0.44228869021897443 0
    outer loop
      vertex 64.85262794416289 3.35 7
      vertex 64.91626748576242 3.4790482243984013 2
      vertex 64.85262794416289 3.35 2
    endloop
  endfacet
  facet normal -0.9469301294951169 0.3214394653031286 0
    outer loop
      vertex 64.91626748576242 3.4790482243984013 7
      vertex 64.96251840891797 3.615299050387227 2
      vertex 64.91626748576242 3.4790482243984013 2
    endloop
  endfacet
  facet normal -0.9807852804032295 0.19509032201613266 0
    outer loop
      vertex 64.96251840891797 3.615299050387227 7
      vertex 64.99058934751119 3.756421188557943 2
      vertex 64.96251840891797 3.615299050387227 2
    endloop
  endfacet
  facet normal -0.9978589232386027 0.06540312923015622 0
    outer loop
      vertex 64.99058934751119 3.756421188557943 7
      vertex 65 3.9 2
      vertex 64.99058934751119 3.756421188557943 2
    endloop
  endfacet
  facet normal -0.9978589232386027 -0.06540312923015622 0
    outer loop
      vertex 65 3.9 7
      vertex 64.99058934751119 4.043578811442057 2
      vertex 65 3.9 2
    endloop
  endfacet
  facet normal 0.9978589232386027 -0.06540312923015622 0
    outer loop
      vertex 62.80941065248881 4.043578811442057 7
      vertex 62.8 3.9 2
      vertex 62.80941065248881 4.043578811442057 2
    endloop
  endfacet
  facet normal 0.9807852804032295 -0.19509032201613266 0
    outer loop
      vertex 62.837481591082025 4.184700949612773 7
      vertex 62.80941065248881 4.043578811442057 2
      vertex 62.837481591082025 4.184700949612773 2
    endloop
  endfacet
  facet normal 0.9469301294951021 -0.32143946530317197 0
    outer loop
      vertex 62.883732514237586 4.320951775601599 7
      vertex 62.837481591082025 4.184700949612773 2
      vertex 62.883732514237586 4.320951775601599 2
    endloop
  endfacet
  facet normal 0.8968727415327015 -0.44228869021897443 0
    outer loop
      vertex 62.947372055837114 4.45 7
      vertex 62.883732514237586 4.320951775601599 2
      vertex 62.947372055837114 4.45 2
    endloop
  endfacet
  facet normal 0.8314696123025362 -0.5555702330196156 0
    outer loop
      vertex 63.02731132567964 4.569637571909593 7
      vertex 62.947372055837114 4.45 2
      vertex 63.02731132567964 4.569637571909593 2
    endloop
  endfacet
  facet normal 0.7518398074789888 -0.6593458151000561 0
    outer loop
      vertex 63.122182540694794 4.677817459305203 7
      vertex 63.02731132567964 4.569637571909593 2
      vertex 63.122182540694794 4.677817459305203 2
    endloop
  endfacet
  facet normal 0.6593458151000512 -0.7518398074789929 0
    outer loop
      vertex 63.23036242809041 4.772688674320359 7
      vertex 63.122182540694794 4.677817459305203 2
      vertex 63.23036242809041 4.772688674320359 2
    endloop
  endfacet
  facet normal 0.5555702330196028 -0.8314696123025449 0
    outer loop
      vertex 63.35 4.852627944162883 7
      vertex 63.23036242809041 4.772688674320359 2
      vertex 63.35 4.852627944162883 2
    endloop
  endfacet
  facet normal 0.44228869021901396 -0.896872741532682 0
    outer loop
      vertex 63.4790482243984 4.916267485762416 7
      vertex 63.35 4.852627944162883 2
      vertex 63.4790482243984 4.916267485762416 2
    endloop
  endfacet
  facet normal 0.3214394653031552 -0.9469301294951079 0
    outer loop
      vertex 63.61529905038723 4.962518408917976 7
      vertex 63.4790482243984 4.916267485762416 2
      vertex 63.61529905038723 4.962518408917976 2
    endloop
  endfacet
  facet normal 0.19509032201612198 -0.9807852804032318 0
    outer loop
      vertex 63.756421188557944 4.990589347511191 7
      vertex 63.61529905038723 4.962518408917976 2
      vertex 63.756421188557944 4.990589347511191 2
    endloop
  endfacet
  facet normal 0.06540312923014494 -0.9978589232386035 0
    outer loop
      vertex 63.9 5 7
      vertex 63.756421188557944 4.990589347511191 2
      vertex 63.9 5 2
    endloop
  endfacet
  facet normal -0.06540312923014172 -0.9978589232386037 0
    outer loop
      vertex 64.04357881144206 4.990589347511191 7
      vertex 63.9 5 2
      vertex 64.04357881144206 4.990589347511191 2
    endloop
  endfacet
  facet normal -0.19509032201612198 -0.9807852804032318 0
    outer loop
      vertex 64.18470094961278 4.962518408917976 7
      vertex 64.04357881144206 4.990589347511191 2
      vertex 64.18470094961278 4.962518408917976 2
    endloop
  endfacet
  facet normal -0.8314696123025362 -0.5555702330196156 0
    outer loop
      vertex 64.85262794416289 4.45 7
      vertex 64.77268867432036 4.569637571909593 2
      vertex 64.85262794416289 4.45 2
    endloop
  endfacet
  facet normal -0.3214394653031702 -0.9469301294951028 0
    outer loop
      vertex 64.3209517756016 4.916267485762416 7
      vertex 64.18470094961278 4.962518408917976 2
      vertex 64.3209517756016 4.916267485762416 2
    endloop
  endfacet
  facet normal -0.44228869021899436 -0.8968727415326917 0
    outer loop
      vertex 64.45 4.852627944162883 7
      vertex 64.3209517756016 4.916267485762416 2
      vertex 64.45 4.852627944162883 2
    endloop
  endfacet
  facet normal -0.6593458151000756 -0.7518398074789715 0
    outer loop
      vertex 64.6778174593052 4.677817459305203 7
      vertex 64.5696375719096 4.772688674320359 2
      vertex 64.6778174593052 4.677817459305203 2
    endloop
  endfacet
  facet normal -0.7518398074789643 -0.6593458151000839 0
    outer loop
      vertex 64.77268867432036 4.569637571909593 7
      vertex 64.6778174593052 4.677817459305203 2
      vertex 64.77268867432036 4.569637571909593 2
    endloop
  endfacet
  facet normal -0.5555702330196028 -0.8314696123025449 0
    outer loop
      vertex 64.5696375719096 4.772688674320359 7
      vertex 64.45 4.852627944162883 2
      vertex 64.5696375719096 4.772688674320359 2
    endloop
  endfacet
  facet normal -0.9807852804032295 -0.19509032201613266 0
    outer loop
      vertex 64.99058934751119 4.043578811442057 7
      vertex 64.96251840891797 4.184700949612773 2
      vertex 64.99058934751119 4.043578811442057 2
    endloop
  endfacet
  facet normal -0.9469301294951171 -0.32143946530312767 0
    outer loop
      vertex 64.96251840891797 4.184700949612773 7
      vertex 64.91626748576242 4.320951775601599 2
      vertex 64.96251840891797 4.184700949612773 2
    endloop
  endfacet
  facet normal -0.8968727415327015 -0.44228869021897443 0
    outer loop
      vertex 64.91626748576242 4.320951775601599 7
      vertex 64.85262794416289 4.45 2
      vertex 64.91626748576242 4.320951775601599 2
    endloop
  endfacet
  facet normal 0.8968727415327015 0.44228869021897443 5.503518954449827e-19
    outer loop
      vertex 62.883732514237586 3.4790482243984013 7
      vertex 62.947372055837114 3.35 7
      vertex 62.947372055837114 3.35 2
    endloop
  endfacet
  facet normal 0.7518398074789874 0.6593458151000575 0
    outer loop
      vertex 63.122182540694794 3.1221825406947974 7
      vertex 63.122182540694794 3.1221825406947974 2
      vertex 63.02731132567964 3.230362428090407 7
    endloop
  endfacet
  facet normal 0.8314696123025374 0.5555702330196143 9.878189104960927e-19
    outer loop
      vertex 62.947372055837114 3.35 7
      vertex 63.02731132567964 3.230362428090407 7
      vertex 63.02731132567964 3.230362428090407 2
    endloop
  endfacet
  facet normal 0.6593458151000512 0.7518398074789929 0
    outer loop
      vertex 63.23036242809041 3.027311325679641 7
      vertex 63.23036242809041 3.027311325679641 2
      vertex 63.122182540694794 3.1221825406947974 7
    endloop
  endfacet
  facet normal 0.5555702330196028 0.8314696123025449 -8.74222560593086e-19
    outer loop
      vertex 63.23036242809041 3.027311325679641 7
      vertex 63.35 2.9473720558371173 7
      vertex 63.35 2.9473720558371173 2
    endloop
  endfacet
  facet normal 0.44228869021901396 0.896872741532682 8.812147555311817e-19
    outer loop
      vertex 63.35 2.9473720558371173 7
      vertex 63.4790482243984 2.8837325142375847 7
      vertex 63.4790482243984 2.8837325142375847 2
    endloop
  endfacet
  facet normal 0.9469301294951018 0.3214394653031729 0
    outer loop
      vertex 62.883732514237586 3.4790482243984013 7
      vertex 62.883732514237586 3.4790482243984013 2
      vertex 62.837481591082025 3.615299050387227 7
    endloop
  endfacet
  facet normal 0.9807852804032295 0.19509032201613266 0
    outer loop
      vertex 62.837481591082025 3.615299050387227 7
      vertex 62.837481591082025 3.615299050387227 2
      vertex 62.80941065248881 3.756421188557943 7
    endloop
  endfacet
  facet normal 0.9978589232386027 0.06540312923015622 0
    outer loop
      vertex 62.80941065248881 3.756421188557943 7
      vertex 62.80941065248881 3.756421188557943 2
      vertex 62.8 3.9 7
    endloop
  endfacet
  facet normal 0.9978589232386027 -0.06540312923015622 0
    outer loop
      vertex 62.8 3.9 7
      vertex 62.8 3.9 2
      vertex 62.80941065248881 4.043578811442057 7
    endloop
  endfacet
  facet normal 0.1950903220161279 0.9807852804032305 -5.063680007493296e-19
    outer loop
      vertex 63.61529905038723 2.8374815910820246 7
      vertex 63.756421188557944 2.8094106524888085 7
      vertex 63.756421188557944 2.8094106524888085 2
    endloop
  endfacet
  facet normal 0.06540312923014494 0.9978589232386035 4.867222819789177e-20
    outer loop
      vertex 63.756421188557944 2.8094106524888085 7
      vertex 63.9 2.8 7
      vertex 63.9 2.8 2
    endloop
  endfacet
  facet normal -0.06540312923014172 0.9978589232386037 6.232304720202032e-20
    outer loop
      vertex 63.9 2.8 7
      vertex 64.04357881144206 2.8094106524888085 7
      vertex 64.04357881144206 2.8094106524888085 2
    endloop
  endfacet
  facet normal -0.1950903220161279 0.9807852804032305 5.063680007493296e-19
    outer loop
      vertex 64.04357881144206 2.8094106524888085 7
      vertex 64.18470094961278 2.8374815910820246 7
      vertex 64.18470094961278 2.8374815910820246 2
    endloop
  endfacet
  facet normal 0.32143946530315237 0.9469301294951088 3.8925257446951114e-19
    outer loop
      vertex 63.4790482243984 2.8837325142375847 7
      vertex 63.61529905038723 2.8374815910820246 7
      vertex 63.61529905038723 2.8374815910820246 2
    endloop
  endfacet
  facet normal -0.3214394653031674 0.9469301294951037 -2.536961000117203e-19
    outer loop
      vertex 64.18470094961278 2.8374815910820246 7
      vertex 64.3209517756016 2.8837325142375847 7
      vertex 64.3209517756016 2.8837325142375847 2
    endloop
  endfacet
  facet normal -0.44228869021899436 0.8968727415326917 7.284332094223507e-19
    outer loop
      vertex 64.3209517756016 2.8837325142375847 7
      vertex 64.45 2.9473720558371173 7
      vertex 64.45 2.9473720558371173 2
    endloop
  endfacet
  facet normal -0.5555702330196028 0.8314696123025449 8.74222560593086e-19
    outer loop
      vertex 64.45 2.9473720558371173 7
      vertex 64.5696375719096 3.027311325679641 7
      vertex 64.5696375719096 3.027311325679641 2
    endloop
  endfacet
  facet normal -0.6593458151000756 0.7518398074789715 3.5228123231010827e-19
    outer loop
      vertex 64.5696375719096 3.027311325679641 7
      vertex 64.6778174593052 3.1221825406947974 7
      vertex 64.6778174593052 3.1221825406947974 2
    endloop
  endfacet
  facet normal -0.751839807478963 0.6593458151000855 -1.1531307447942128e-18
    outer loop
      vertex 64.6778174593052 3.1221825406947974 7
      vertex 64.77268867432036 3.230362428090407 7
      vertex 64.77268867432036 3.230362428090407 2
    endloop
  endfacet
  facet normal -0.8314696123025374 0.5555702330196143 -9.878189104960927e-19
    outer loop
      vertex 64.77268867432036 3.230362428090407 7
      vertex 64.85262794416289 3.35 7
      vertex 64.85262794416289 3.35 2
    endloop
  endfacet
  facet normal -0.8968727415327015 0.44228869021897443 -5.503518954449827e-19
    outer loop
      vertex 64.85262794416289 3.35 7
      vertex 64.91626748576242 3.4790482243984013 7
      vertex 64.91626748576242 3.4790482243984013 2
    endloop
  endfacet
  facet normal -0.9469301294951169 0.3214394653031286 -6.57162107046306e-20
    outer loop
      vertex 64.91626748576242 3.4790482243984013 7
      vertex 64.96251840891797 3.615299050387227 7
      vertex 64.96251840891797 3.615299050387227 2
    endloop
  endfacet
  facet normal -0.9807852804032295 0.19509032201613266 -3.933705247066504e-19
    outer loop
      vertex 64.96251840891797 3.615299050387227 7
      vertex 64.99058934751119 3.756421188557943 7
      vertex 64.99058934751119 3.756421188557943 2
    endloop
  endfacet
  facet normal -0.9978589232386027 0.06540312923015622 1.2092927227997295e-19
    outer loop
      vertex 64.99058934751119 3.756421188557943 7
      vertex 65 3.9 7
      vertex 65 3.9 2
    endloop
  endfacet
  facet normal 0.9807852804032295 -0.19509032201613266 0
    outer loop
      vertex 62.80941065248881 4.043578811442057 7
      vertex 62.80941065248881 4.043578811442057 2
      vertex 62.837481591082025 4.184700949612773 7
    endloop
  endfacet
  facet normal 0.9469301294951021 -0.32143946530317197 0
    outer loop
      vertex 62.837481591082025 4.184700949612773 7
      vertex 62.837481591082025 4.184700949612773 2
      vertex 62.883732514237586 4.320951775601599 7
    endloop
  endfacet
  facet normal 0.8968727415327015 -0.44228869021897443 0
    outer loop
      vertex 62.883732514237586 4.320951775601599 7
      vertex 62.883732514237586 4.320951775601599 2
      vertex 62.947372055837114 4.45 7
    endloop
  endfacet
  facet normal 0.8314696123025362 -0.5555702330196156 0
    outer loop
      vertex 62.947372055837114 4.45 7
      vertex 62.947372055837114 4.45 2
      vertex 63.02731132567964 4.569637571909593 7
    endloop
  endfacet
  facet normal 0.7518398074789888 -0.6593458151000561 0
    outer loop
      vertex 63.02731132567964 4.569637571909593 7
      vertex 63.02731132567964 4.569637571909593 2
      vertex 63.122182540694794 4.677817459305203 7
    endloop
  endfacet
  facet normal 0.6593458151000512 -0.7518398074789929 0
    outer loop
      vertex 63.122182540694794 4.677817459305203 7
      vertex 63.122182540694794 4.677817459305203 2
      vertex 63.23036242809041 4.772688674320359 7
    endloop
  endfacet
  facet normal 0.5555702330196028 -0.8314696123025449 0
    outer loop
      vertex 63.23036242809041 4.772688674320359 7
      vertex 63.23036242809041 4.772688674320359 2
      vertex 63.35 4.852627944162883 7
    endloop
  endfacet
  facet normal 0.44228869021901396 -0.896872741532682 0
    outer loop
      vertex 63.35 4.852627944162883 7
      vertex 63.35 4.852627944162883 2
      vertex 63.4790482243984 4.916267485762416 7
    endloop
  endfacet
  facet normal 0.3214394653031552 -0.9469301294951079 0
    outer loop
      vertex 63.4790482243984 4.916267485762416 7
      vertex 63.4790482243984 4.916267485762416 2
      vertex 63.61529905038723 4.962518408917976 7
    endloop
  endfacet
  facet normal 0.19509032201612198 -0.9807852804032318 0
    outer loop
      vertex 63.61529905038723 4.962518408917976 7
      vertex 63.61529905038723 4.962518408917976 2
      vertex 63.756421188557944 4.990589347511191 7
    endloop
  endfacet
  facet normal 0.06540312923014494 -0.9978589232386035 0
    outer loop
      vertex 63.756421188557944 4.990589347511191 7
      vertex 63.756421188557944 4.990589347511191 2
      vertex 63.9 5 7
    endloop
  endfacet
  facet normal -0.06540312923014172 -0.9978589232386037 -6.232304720202032e-20
    outer loop
      vertex 64.04357881144206 4.990589347511191 7
      vertex 63.9 5 7
      vertex 63.9 5 2
    endloop
  endfacet
  facet normal -0.19509032201612198 -0.9807852804032318 0
    outer loop
      vertex 64.04357881144206 4.990589347511191 7
      vertex 64.04357881144206 4.990589347511191 2
      vertex 64.18470094961278 4.962518408917976 7
    endloop
  endfacet
  facet normal -0.3214394653031702 -0.9469301294951028 0
    outer loop
      vertex 64.18470094961278 4.962518408917976 7
      vertex 64.18470094961278 4.962518408917976 2
      vertex 64.3209517756016 4.916267485762416 7
    endloop
  endfacet
  facet normal -0.44228869021899436 -0.8968727415326917 0
    outer loop
      vertex 64.3209517756016 4.916267485762416 7
      vertex 64.3209517756016 4.916267485762416 2
      vertex 64.45 4.852627944162883 7
    endloop
  endfacet
  facet normal -0.5555702330196028 -0.8314696123025449 0
    outer loop
      vertex 64.45 4.852627944162883 7
      vertex 64.45 4.852627944162883 2
      vertex 64.5696375719096 4.772688674320359 7
    endloop
  endfacet
  facet normal -0.6593458151000756 -0.7518398074789715 -3.5228123231010827e-19
    outer loop
      vertex 64.6778174593052 4.677817459305203 7
      vertex 64.5696375719096 4.772688674320359 7
      vertex 64.5696375719096 4.772688674320359 2
    endloop
  endfacet
  facet normal -0.7518398074789643 -0.6593458151000839 4.6103223622585905e-19
    outer loop
      vertex 64.77268867432036 4.569637571909593 7
      vertex 64.6778174593052 4.677817459305203 7
      vertex 64.6778174593052 4.677817459305203 2
    endloop
  endfacet
  facet normal -0.8314696123025362 -0.5555702330196156 0
    outer loop
      vertex 64.77268867432036 4.569637571909593 7
      vertex 64.77268867432036 4.569637571909593 2
      vertex 64.85262794416289 4.45 7
    endloop
  endfacet
  facet normal -0.9978589232386027 -0.06540312923015622 -1.2092927227997295e-19
    outer loop
      vertex 65 3.9 7
      vertex 64.99058934751119 4.043578811442057 7
      vertex 64.99058934751119 4.043578811442057 2
    endloop
  endfacet
  facet normal -0.9807852804032295 -0.19509032201613266 3.933705247066504e-19
    outer loop
      vertex 64.99058934751119 4.043578811442057 7
      vertex 64.96251840891797 4.184700949612773 7
      vertex 64.96251840891797 4.184700949612773 2
    endloop
  endfacet
  facet normal -0.9469301294951171 -0.32143946530312767 4.509435287770538e-19
    outer loop
      vertex 64.96251840891797 4.184700949612773 7
      vertex 64.91626748576242 4.320951775601599 7
      vertex 64.91626748576242 4.320951775601599 2
    endloop
  endfacet
  facet normal -0.8968727415327015 -0.44228869021897443 0
    outer loop
      vertex 64.85262794416289 4.45 7
      vertex 64.85262794416289 4.45 2
      vertex 64.91626748576242 4.320951775601599 7
    endloop
  endfacet
  facet normal 0.7518398074790023 0.6593458151000408 0
    outer loop
      vertex 63.02731132567964 52.23036242809041 7
      vertex 63.122182540694794 52.122182540694794 2
      vertex 63.02731132567964 52.23036242809041 2
    endloop
  endfacet
  facet normal 0.8314696123025362 0.5555702330196156 0
    outer loop
      vertex 62.947372055837114 52.35 7
      vertex 63.02731132567964 52.23036242809041 2
      vertex 62.947372055837114 52.35 2
    endloop
  endfacet
  facet normal 0.6593458151000408 0.7518398074790023 0
    outer loop
      vertex 63.122182540694794 52.122182540694794 7
      vertex 63.23036242809041 52.02731132567964 2
      vertex 63.122182540694794 52.122182540694794 2
    endloop
  endfacet
  facet normal 0.5555702330196156 0.8314696123025362 0
    outer loop
      vertex 63.23036242809041 52.02731132567964 7
      vertex 63.35 51.947372055837114 2
      vertex 63.23036242809041 52.02731132567964 2
    endloop
  endfacet
  facet normal 0.44228869021898914 0.8968727415326944 0
    outer loop
      vertex 63.35 51.947372055837114 7
      vertex 63.4790482243984 51.883732514237586 2
      vertex 63.35 51.947372055837114 2
    endloop
  endfacet
  facet normal 0.8968727415326944 0.44228869021898914 0
    outer loop
      vertex 62.883732514237586 52.4790482243984 7
      vertex 62.947372055837114 52.35 2
      vertex 62.883732514237586 52.4790482243984 2
    endloop
  endfacet
  facet normal 0.946930129495106 0.3214394653031607 0
    outer loop
      vertex 62.837481591082025 52.61529905038723 7
      vertex 62.883732514237586 52.4790482243984 2
      vertex 62.837481591082025 52.61529905038723 2
    endloop
  endfacet
  facet normal 0.9807852804032293 0.19509032201613383 0
    outer loop
      vertex 62.80941065248881 52.756421188557944 7
      vertex 62.837481591082025 52.61529905038723 2
      vertex 62.80941065248881 52.756421188557944 2
    endloop
  endfacet
  facet normal 0.9978589232386025 0.06540312923015722 0
    outer loop
      vertex 62.8 52.9 7
      vertex 62.80941065248881 52.756421188557944 2
      vertex 62.8 52.9 2
    endloop
  endfacet
  facet normal 0.19509032201613383 0.9807852804032293 0
    outer loop
      vertex 63.61529905038723 51.837481591082025 7
      vertex 63.756421188557944 51.80941065248881 2
      vertex 63.61529905038723 51.837481591082025 2
    endloop
  endfacet
  facet normal 0.06540312923015722 0.9978589232386025 0
    outer loop
      vertex 63.756421188557944 51.80941065248881 7
      vertex 63.9 51.8 2
      vertex 63.756421188557944 51.80941065248881 2
    endloop
  endfacet
  facet normal -0.065403129230154 0.9978589232386028 0
    outer loop
      vertex 63.9 51.8 7
      vertex 64.04357881144206 51.80941065248881 2
      vertex 63.9 51.8 2
    endloop
  endfacet
  facet normal -0.19509032201613383 0.9807852804032293 0
    outer loop
      vertex 64.04357881144206 51.80941065248881 7
      vertex 64.18470094961278 51.837481591082025 2
      vertex 64.04357881144206 51.80941065248881 2
    endloop
  endfacet
  facet normal -0.32143946530317574 0.9469301294951009 0
    outer loop
      vertex 64.18470094961278 51.837481591082025 7
      vertex 64.3209517756016 51.883732514237586 2
      vertex 64.18470094961278 51.837481591082025 2
    endloop
  endfacet
  facet normal 0.3214394653031607 0.946930129495106 0
    outer loop
      vertex 63.4790482243984 51.883732514237586 7
      vertex 63.61529905038723 51.837481591082025 2
      vertex 63.4790482243984 51.883732514237586 2
    endloop
  endfacet
  facet normal -0.4422886902189695 0.8968727415327039 0
    outer loop
      vertex 64.3209517756016 51.883732514237586 7
      vertex 64.45 51.947372055837114 2
      vertex 64.3209517756016 51.883732514237586 2
    endloop
  endfacet
  facet normal -0.5555702330196156 0.8314696123025362 0
    outer loop
      vertex 64.45 51.947372055837114 7
      vertex 64.5696375719096 52.02731132567964 2
      vertex 64.45 51.947372055837114 2
    endloop
  endfacet
  facet normal -0.6593458151000652 0.7518398074789807 0
    outer loop
      vertex 64.5696375719096 52.02731132567964 7
      vertex 64.6778174593052 52.122182540694794 2
      vertex 64.5696375719096 52.02731132567964 2
    endloop
  endfacet
  facet normal -0.7518398074789776 0.6593458151000686 0
    outer loop
      vertex 64.6778174593052 52.122182540694794 7
      vertex 64.77268867432036 52.23036242809041 2
      vertex 64.6778174593052 52.122182540694794 2
    endloop
  endfacet
  facet normal -0.8314696123025362 0.5555702330196156 0
    outer loop
      vertex 64.77268867432036 52.23036242809041 7
      vertex 64.85262794416289 52.35 2
      vertex 64.77268867432036 52.23036242809041 2
    endloop
  endfacet
  facet normal -0.8968727415326944 0.44228869021898914 0
    outer loop
      vertex 64.85262794416289 52.35 7
      vertex 64.91626748576242 52.4790482243984 2
      vertex 64.85262794416289 52.35 2
    endloop
  endfacet
  facet normal -0.946930129495121 0.32143946530311646 0
    outer loop
      vertex 64.91626748576242 52.4790482243984 7
      vertex 64.96251840891797 52.61529905038723 2
      vertex 64.91626748576242 52.4790482243984 2
    endloop
  endfacet
  facet normal -0.9807852804032293 0.19509032201613383 0
    outer loop
      vertex 64.96251840891797 52.61529905038723 7
      vertex 64.99058934751119 52.756421188557944 2
      vertex 64.96251840891797 52.61529905038723 2
    endloop
  endfacet
  facet normal -0.9978589232386025 0.06540312923015722 0
    outer loop
      vertex 64.99058934751119 52.756421188557944 7
      vertex 65 52.9 2
      vertex 64.99058934751119 52.756421188557944 2
    endloop
  endfacet
  facet normal -0.9978589232386025 -0.06540312923015722 0
    outer loop
      vertex 65 52.9 7
      vertex 64.99058934751119 53.04357881144205 2
      vertex 65 52.9 2
    endloop
  endfacet
  facet normal 0.8968727415326944 0.44228869021898914 -6.536443767303743e-19
    outer loop
      vertex 62.883732514237586 52.4790482243984 7
      vertex 62.947372055837114 52.35 7
      vertex 62.947372055837114 52.35 2
    endloop
  endfacet
  facet normal 0.8314696123025362 0.5555702330196156 0
    outer loop
      vertex 63.02731132567964 52.23036242809041 7
      vertex 63.02731132567964 52.23036242809041 2
      vertex 62.947372055837114 52.35 7
    endloop
  endfacet
  facet normal 0.7518398074790023 0.6593458151000408 1.0264862921868364e-18
    outer loop
      vertex 63.02731132567964 52.23036242809041 7
      vertex 63.122182540694794 52.122182540694794 7
      vertex 63.122182540694794 52.122182540694794 2
    endloop
  endfacet
  facet normal 0.6593458151000408 0.7518398074790023 1.0264862921868364e-18
    outer loop
      vertex 63.122182540694794 52.122182540694794 7
      vertex 63.23036242809041 52.02731132567964 7
      vertex 63.23036242809041 52.02731132567964 2
    endloop
  endfacet
  facet normal 0.5555702330196156 0.8314696123025362 0
    outer loop
      vertex 63.35 51.947372055837114 7
      vertex 63.35 51.947372055837114 2
      vertex 63.23036242809041 52.02731132567964 7
    endloop
  endfacet
  facet normal 0.44228869021898914 0.8968727415326944 -6.536443767303743e-19
    outer loop
      vertex 63.35 51.947372055837114 7
      vertex 63.4790482243984 51.883732514237586 7
      vertex 63.4790482243984 51.883732514237586 2
    endloop
  endfacet
  facet normal 0.946930129495106 0.3214394653031607 0
    outer loop
      vertex 62.883732514237586 52.4790482243984 7
      vertex 62.883732514237586 52.4790482243984 2
      vertex 62.837481591082025 52.61529905038723 7
    endloop
  endfacet
  facet normal 0.9807852804032293 0.19509032201613383 0
    outer loop
      vertex 62.837481591082025 52.61529905038723 7
      vertex 62.837481591082025 52.61529905038723 2
      vertex 62.80941065248881 52.756421188557944 7
    endloop
  endfacet
  facet normal 0.9978589232386025 0.06540312923015722 0
    outer loop
      vertex 62.80941065248881 52.756421188557944 7
      vertex 62.80941065248881 52.756421188557944 2
      vertex 62.8 52.9 7
    endloop
  endfacet
  facet normal 0.9978589232386025 -0.06540312923015722 0
    outer loop
      vertex 62.8 52.9 7
      vertex 62.8 52.9 2
      vertex 62.80941065248881 53.04357881144205 7
    endloop
  endfacet
  facet normal 0.3214394653031607 0.946930129495106 5.015047215418126e-20
    outer loop
      vertex 63.4790482243984 51.883732514237586 7
      vertex 63.61529905038723 51.837481591082025 7
      vertex 63.61529905038723 51.837481591082025 2
    endloop
  endfacet
  facet normal 0.19509032201613383 0.9807852804032293 8.550574118755752e-20
    outer loop
      vertex 63.61529905038723 51.837481591082025 7
      vertex 63.756421188557944 51.80941065248881 7
      vertex 63.756421188557944 51.80941065248881 2
    endloop
  endfacet
  facet normal 0.06540312923015722 0.9978589232386025 -1.0892241028969229e-20
    outer loop
      vertex 63.756421188557944 51.80941065248881 7
      vertex 63.9 51.8 7
      vertex 63.9 51.8 2
    endloop
  endfacet
  facet normal -0.065403129230154 0.9978589232386028 1.2188751644642232e-19
    outer loop
      vertex 63.9 51.8 7
      vertex 64.04357881144206 51.80941065248881 7
      vertex 64.04357881144206 51.80941065248881 2
    endloop
  endfacet
  facet normal -0.19509032201613383 0.9807852804032293 -8.550574118755752e-20
    outer loop
      vertex 64.04357881144206 51.80941065248881 7
      vertex 64.18470094961278 51.837481591082025 7
      vertex 64.18470094961278 51.837481591082025 2
    endloop
  endfacet
  facet normal -0.32143946530317574 0.9469301294951009 8.540600229046704e-20
    outer loop
      vertex 64.18470094961278 51.837481591082025 7
      vertex 64.3209517756016 51.883732514237586 7
      vertex 64.3209517756016 51.883732514237586 2
    endloop
  endfacet
  facet normal -0.4422886902189695 0.8968727415327039 -1.4793990421756278e-19
    outer loop
      vertex 64.3209517756016 51.883732514237586 7
      vertex 64.45 51.947372055837114 7
      vertex 64.45 51.947372055837114 2
    endloop
  endfacet
  facet normal -0.5555702330196156 0.8314696123025362 3.035090929328078e-19
    outer loop
      vertex 64.45 51.947372055837114 7
      vertex 64.5696375719096 52.02731132567964 7
      vertex 64.5696375719096 52.02731132567964 2
    endloop
  endfacet
  facet normal -0.6593458151000652 0.7518398074789807 -4.390119992276904e-20
    outer loop
      vertex 64.5696375719096 52.02731132567964 7
      vertex 64.6778174593052 52.122182540694794 7
      vertex 64.6778174593052 52.122182540694794 2
    endloop
  endfacet
  facet normal -0.7518398074789776 0.6593458151000686 -7.737438881148309e-19
    outer loop
      vertex 64.6778174593052 52.122182540694794 7
      vertex 64.77268867432036 52.23036242809041 7
      vertex 64.77268867432036 52.23036242809041 2
    endloop
  endfacet
  facet normal -0.8314696123025362 0.5555702330196156 3.035090929328078e-19
    outer loop
      vertex 64.77268867432036 52.23036242809041 7
      vertex 64.85262794416289 52.35 7
      vertex 64.85262794416289 52.35 2
    endloop
  endfacet
  facet normal -0.8968727415326944 0.44228869021898914 6.536443767303743e-19
    outer loop
      vertex 64.85262794416289 52.35 7
      vertex 64.91626748576242 52.4790482243984 7
      vertex 64.91626748576242 52.4790482243984 2
    endloop
  endfacet
  facet normal -0.946930129495121 0.32143946530311646 -2.512068539309681e-19
    outer loop
      vertex 64.91626748576242 52.4790482243984 7
      vertex 64.96251840891797 52.61529905038723 7
      vertex 64.96251840891797 52.61529905038723 2
    endloop
  endfacet
  facet normal -0.9807852804032293 0.19509032201613383 -8.550574118755752e-20
    outer loop
      vertex 64.96251840891797 52.61529905038723 7
      vertex 64.99058934751119 52.756421188557944 7
      vertex 64.99058934751119 52.756421188557944 2
    endloop
  endfacet
  facet normal -0.9978589232386025 0.06540312923015722 1.0892241028969229e-20
    outer loop
      vertex 64.99058934751119 52.756421188557944 7
      vertex 65 52.9 7
      vertex 65 52.9 2
    endloop
  endfacet
  facet normal 0.9978589232386025 -0.06540312923015722 0
    outer loop
      vertex 62.80941065248881 53.04357881144205 7
      vertex 62.8 52.9 2
      vertex 62.80941065248881 53.04357881144205 2
    endloop
  endfacet
  facet normal 0.9807852804032293 -0.19509032201613383 0
    outer loop
      vertex 62.837481591082025 53.18470094961277 7
      vertex 62.80941065248881 53.04357881144205 2
      vertex 62.837481591082025 53.18470094961277 2
    endloop
  endfacet
  facet normal 0.946930129495106 -0.3214394653031607 0
    outer loop
      vertex 62.883732514237586 53.3209517756016 7
      vertex 62.837481591082025 53.18470094961277 2
      vertex 62.883732514237586 53.3209517756016 2
    endloop
  endfacet
  facet normal 0.8968727415326944 -0.44228869021898914 0
    outer loop
      vertex 62.947372055837114 53.449999999999996 7
      vertex 62.883732514237586 53.3209517756016 2
      vertex 62.947372055837114 53.449999999999996 2
    endloop
  endfacet
  facet normal 0.8314696123025362 -0.5555702330196156 0
    outer loop
      vertex 63.02731132567964 53.56963757190959 7
      vertex 62.947372055837114 53.449999999999996 2
      vertex 63.02731132567964 53.56963757190959 2
    endloop
  endfacet
  facet normal 0.7518398074790023 -0.6593458151000408 0
    outer loop
      vertex 63.122182540694794 53.6778174593052 7
      vertex 63.02731132567964 53.56963757190959 2
      vertex 63.122182540694794 53.6778174593052 2
    endloop
  endfacet
  facet normal 0.6593458151000408 -0.7518398074790023 0
    outer loop
      vertex 63.23036242809041 53.77268867432036 7
      vertex 63.122182540694794 53.6778174593052 2
      vertex 63.23036242809041 53.77268867432036 2
    endloop
  endfacet
  facet normal 0.5555702330196156 -0.8314696123025362 0
    outer loop
      vertex 63.35 53.85262794416288 7
      vertex 63.23036242809041 53.77268867432036 2
      vertex 63.35 53.85262794416288 2
    endloop
  endfacet
  facet normal 0.44228869021898914 -0.8968727415326944 0
    outer loop
      vertex 63.4790482243984 53.91626748576241 7
      vertex 63.35 53.85262794416288 2
      vertex 63.4790482243984 53.91626748576241 2
    endloop
  endfacet
  facet normal 0.3214394653031607 -0.946930129495106 0
    outer loop
      vertex 63.61529905038723 53.96251840891797 7
      vertex 63.4790482243984 53.91626748576241 2
      vertex 63.61529905038723 53.96251840891797 2
    endloop
  endfacet
  facet normal 0.19509032201613383 -0.9807852804032293 0
    outer loop
      vertex 63.756421188557944 53.99058934751119 7
      vertex 63.61529905038723 53.96251840891797 2
      vertex 63.756421188557944 53.99058934751119 2
    endloop
  endfacet
  facet normal 0.06540312923015722 -0.9978589232386025 0
    outer loop
      vertex 63.9 54 7
      vertex 63.756421188557944 53.99058934751119 2
      vertex 63.9 54 2
    endloop
  endfacet
  facet normal -0.065403129230154 -0.9978589232386028 0
    outer loop
      vertex 64.04357881144206 53.99058934751119 7
      vertex 63.9 54 2
      vertex 64.04357881144206 53.99058934751119 2
    endloop
  endfacet
  facet normal -0.19509032201613383 -0.9807852804032293 0
    outer loop
      vertex 64.18470094961278 53.96251840891797 7
      vertex 64.04357881144206 53.99058934751119 2
      vertex 64.18470094961278 53.96251840891797 2
    endloop
  endfacet
  facet normal -0.8314696123025362 -0.5555702330196156 0
    outer loop
      vertex 64.85262794416289 53.449999999999996 7
      vertex 64.77268867432036 53.56963757190959 2
      vertex 64.85262794416289 53.449999999999996 2
    endloop
  endfacet
  facet normal -0.32143946530317574 -0.9469301294951009 0
    outer loop
      vertex 64.3209517756016 53.91626748576241 7
      vertex 64.18470094961278 53.96251840891797 2
      vertex 64.3209517756016 53.91626748576241 2
    endloop
  endfacet
  facet normal -0.4422886902189695 -0.8968727415327039 0
    outer loop
      vertex 64.45 53.85262794416288 7
      vertex 64.3209517756016 53.91626748576241 2
      vertex 64.45 53.85262794416288 2
    endloop
  endfacet
  facet normal -0.5555702330196156 -0.8314696123025362 0
    outer loop
      vertex 64.5696375719096 53.77268867432036 7
      vertex 64.45 53.85262794416288 2
      vertex 64.5696375719096 53.77268867432036 2
    endloop
  endfacet
  facet normal -0.6593458151000652 -0.7518398074789807 0
    outer loop
      vertex 64.6778174593052 53.6778174593052 7
      vertex 64.5696375719096 53.77268867432036 2
      vertex 64.6778174593052 53.6778174593052 2
    endloop
  endfacet
  facet normal -0.7518398074789776 -0.6593458151000686 0
    outer loop
      vertex 64.77268867432036 53.56963757190959 7
      vertex 64.6778174593052 53.6778174593052 2
      vertex 64.77268867432036 53.56963757190959 2
    endloop
  endfacet
  facet normal -0.9807852804032293 -0.19509032201613383 0
    outer loop
      vertex 64.99058934751119 53.04357881144205 7
      vertex 64.96251840891797 53.18470094961277 2
      vertex 64.99058934751119 53.04357881144205 2
    endloop
  endfacet
  facet normal -0.946930129495121 -0.32143946530311646 0
    outer loop
      vertex 64.96251840891797 53.18470094961277 7
      vertex 64.91626748576242 53.3209517756016 2
      vertex 64.96251840891797 53.18470094961277 2
    endloop
  endfacet
  facet normal -0.8968727415326944 -0.44228869021898914 0
    outer loop
      vertex 64.91626748576242 53.3209517756016 7
      vertex 64.85262794416289 53.449999999999996 2
      vertex 64.91626748576242 53.3209517756016 2
    endloop
  endfacet
  facet normal 0.9807852804032293 -0.19509032201613383 0
    outer loop
      vertex 62.80941065248881 53.04357881144205 7
      vertex 62.80941065248881 53.04357881144205 2
      vertex 62.837481591082025 53.18470094961277 7
    endloop
  endfacet
  facet normal 0.946930129495106 -0.3214394653031607 0
    outer loop
      vertex 62.837481591082025 53.18470094961277 7
      vertex 62.837481591082025 53.18470094961277 2
      vertex 62.883732514237586 53.3209517756016 7
    endloop
  endfacet
  facet normal 0.8968727415326944 -0.44228869021898914 0
    outer loop
      vertex 62.883732514237586 53.3209517756016 7
      vertex 62.883732514237586 53.3209517756016 2
      vertex 62.947372055837114 53.449999999999996 7
    endloop
  endfacet
  facet normal 0.8314696123025362 -0.5555702330196156 0
    outer loop
      vertex 62.947372055837114 53.449999999999996 7
      vertex 62.947372055837114 53.449999999999996 2
      vertex 63.02731132567964 53.56963757190959 7
    endloop
  endfacet
  facet normal 0.7518398074790023 -0.6593458151000408 0
    outer loop
      vertex 63.02731132567964 53.56963757190959 7
      vertex 63.02731132567964 53.56963757190959 2
      vertex 63.122182540694794 53.6778174593052 7
    endloop
  endfacet
  facet normal 0.6593458151000408 -0.7518398074790023 0
    outer loop
      vertex 63.122182540694794 53.6778174593052 7
      vertex 63.122182540694794 53.6778174593052 2
      vertex 63.23036242809041 53.77268867432036 7
    endloop
  endfacet
  facet normal 0.5555702330196156 -0.8314696123025362 0
    outer loop
      vertex 63.23036242809041 53.77268867432036 7
      vertex 63.23036242809041 53.77268867432036 2
      vertex 63.35 53.85262794416288 7
    endloop
  endfacet
  facet normal 0.44228869021898914 -0.8968727415326944 0
    outer loop
      vertex 63.35 53.85262794416288 7
      vertex 63.35 53.85262794416288 2
      vertex 63.4790482243984 53.91626748576241 7
    endloop
  endfacet
  facet normal 0.3214394653031607 -0.946930129495106 0
    outer loop
      vertex 63.4790482243984 53.91626748576241 7
      vertex 63.4790482243984 53.91626748576241 2
      vertex 63.61529905038723 53.96251840891797 7
    endloop
  endfacet
  facet normal 0.19509032201613383 -0.9807852804032293 0
    outer loop
      vertex 63.61529905038723 53.96251840891797 7
      vertex 63.61529905038723 53.96251840891797 2
      vertex 63.756421188557944 53.99058934751119 7
    endloop
  endfacet
  facet normal 0.06540312923015722 -0.9978589232386025 0
    outer loop
      vertex 63.756421188557944 53.99058934751119 7
      vertex 63.756421188557944 53.99058934751119 2
      vertex 63.9 54 7
    endloop
  endfacet
  facet normal -0.065403129230154 -0.9978589232386028 0
    outer loop
      vertex 63.9 54 7
      vertex 63.9 54 2
      vertex 64.04357881144206 53.99058934751119 7
    endloop
  endfacet
  facet normal -0.19509032201613383 -0.9807852804032293 0
    outer loop
      vertex 64.04357881144206 53.99058934751119 7
      vertex 64.04357881144206 53.99058934751119 2
      vertex 64.18470094961278 53.96251840891797 7
    endloop
  endfacet
  facet normal -0.8314696123025362 -0.5555702330196156 0
    outer loop
      vertex 64.77268867432036 53.56963757190959 7
      vertex 64.77268867432036 53.56963757190959 2
      vertex 64.85262794416289 53.449999999999996 7
    endloop
  endfacet
  facet normal -0.32143946530317574 -0.9469301294951009 0
    outer loop
      vertex 64.18470094961278 53.96251840891797 7
      vertex 64.18470094961278 53.96251840891797 2
      vertex 64.3209517756016 53.91626748576241 7
    endloop
  endfacet
  facet normal -0.4422886902189695 -0.8968727415327039 0
    outer loop
      vertex 64.3209517756016 53.91626748576241 7
      vertex 64.3209517756016 53.91626748576241 2
      vertex 64.45 53.85262794416288 7
    endloop
  endfacet
  facet normal -0.5555702330196156 -0.8314696123025362 0
    outer loop
      vertex 64.45 53.85262794416288 7
      vertex 64.45 53.85262794416288 2
      vertex 64.5696375719096 53.77268867432036 7
    endloop
  endfacet
  facet normal -0.6593458151000652 -0.7518398074789807 0
    outer loop
      vertex 64.5696375719096 53.77268867432036 7
      vertex 64.5696375719096 53.77268867432036 2
      vertex 64.6778174593052 53.6778174593052 7
    endloop
  endfacet
  facet normal -0.7518398074789776 -0.6593458151000686 7.737438881148309e-19
    outer loop
      vertex 64.77268867432036 53.56963757190959 7
      vertex 64.6778174593052 53.6778174593052 7
      vertex 64.6778174593052 53.6778174593052 2
    endloop
  endfacet
  facet normal -0.9978589232386025 -0.06540312923015722 -1.0892241028969229e-20
    outer loop
      vertex 65 52.9 7
      vertex 64.99058934751119 53.04357881144205 7
      vertex 64.99058934751119 53.04357881144205 2
    endloop
  endfacet
  facet normal -0.9807852804032293 -0.19509032201613383 8.550574118755752e-20
    outer loop
      vertex 64.99058934751119 53.04357881144205 7
      vertex 64.96251840891797 53.18470094961277 7
      vertex 64.96251840891797 53.18470094961277 2
    endloop
  endfacet
  facet normal -0.946930129495121 -0.32143946530311646 2.512068539309681e-19
    outer loop
      vertex 64.96251840891797 53.18470094961277 7
      vertex 64.91626748576242 53.3209517756016 7
      vertex 64.91626748576242 53.3209517756016 2
    endloop
  endfacet
  facet normal -0.8968727415326944 -0.44228869021898914 -6.536443767303743e-19
    outer loop
      vertex 64.91626748576242 53.3209517756016 7
      vertex 64.85262794416289 53.449999999999996 7
      vertex 64.85262794416289 53.449999999999996 2
    endloop
  endfacet
  facet normal 0 0 -1
    outer loop
      vertex 36.699999999999996 70.8 2
      vertex 51.099999999999994 70.8 2
      vertex 36.699999999999996 58.8 2
    endloop
  endfacet
  facet normal -1 0 0
    outer loop
      vertex 36.699999999999996 70.8 2
      vertex 36.699999999999996 58.8 2
      vertex 36.699999999999996 70.8 12.4
    endloop
  endfacet
  facet normal 0 1 0
    outer loop
      vertex 36.699999999999996 70.8 2
      vertex 36.699999999999996 70.8 12.4
      vertex 51.099999999999994 70.8 2
    endloop
  endfacet
  facet normal -1 0 0
    outer loop
      vertex 36.699999999999996 70.8 12.4
      vertex 36.699999999999996 58.8 2
      vertex 36.699999999999996 58.8 12
    endloop
  endfacet
  facet normal 0 -1 0
    outer loop
      vertex 36.699999999999996 58.8 12.4
      vertex 36.699999999999996 58.8 12
      vertex 39.9 58.8 12
    endloop
  endfacet
  facet normal 0 -1 0
    outer loop
      vertex 39.9 58.8 10.4
      vertex 47.9 58.8 12
      vertex 39.9 58.8 12
    endloop
  endfacet
  facet normal 0 0 1
    outer loop
      vertex 36.699999999999996 58.8 12.4
      vertex 42.76862915010152 62.66862915010152 12.4
      vertex 42.63063465553402 62.825981713586046 12.4
    endloop
  endfacet
  facet normal 0 0 1
    outer loop
      vertex 36.699999999999996 58.8 12.4
      vertex 42.63063465553402 62.825981713586046 12.4
      vertex 42.5143593539449 63 12.4
    endloop
  endfacet
  facet normal 0 0 1
    outer loop
      vertex 36.699999999999996 58.8 12.4
      vertex 42.42179274798194 63.187706508215854 12.4
      vertex 42.354518677937484 63.385889527835964 12.4
    endloop
  endfacet
  facet normal 0 0 1
    outer loop
      vertex 36.699999999999996 58.8 12.4
      vertex 42.5143593539449 63 12.4
      vertex 42.42179274798194 63.187706508215854 12.4
    endloop
  endfacet
  facet normal 0 0 1
    outer loop
      vertex 36.699999999999996 58.8 12.4
      vertex 43.287706508215855 62.32179274798194 12.4
      vertex 43.099999999999994 62.414359353944896 12.4
    endloop
  endfacet
  facet normal 0 0 1
    outer loop
      vertex 36.699999999999996 58.8 12.4
      vertex 43.099999999999994 62.414359353944896 12.4
      vertex 42.92598171358604 62.53063465553402 12.4
    endloop
  endfacet
  facet normal 0 0 1
    outer loop
      vertex 36.699999999999996 58.8 12.4
      vertex 43.485889527835965 62.25451867793749 12.4
      vertex 43.287706508215855 62.32179274798194 12.4
    endloop
  endfacet
  facet normal 0 0 1
    outer loop
      vertex 36.699999999999996 58.8 12.4
      vertex 43.691158092447914 62.2136882218019 12.4
      vertex 43.485889527835965 62.25451867793749 12.4
    endloop
  endfacet
  facet normal 0 0 1
    outer loop
      vertex 36.699999999999996 58.8 12.4
      vertex 42.92598171358604 62.53063465553402 12.4
      vertex 42.76862915010152 62.66862915010152 12.4
    endloop
  endfacet
  facet normal 0 -1 0
    outer loop
      vertex 36.699999999999996 58.8 12.4
      vertex 39.9 58.8 12
      vertex 51.099999999999994 58.8 12.4
    endloop
  endfacet
  facet normal 0 0 1
    outer loop
      vertex 36.699999999999996 58.8 12.4
      vertex 43.9 62.199999999999996 12.4
      vertex 43.691158092447914 62.2136882218019 12.4
    endloop
  endfacet
  facet normal 0 0 1
    outer loop
      vertex 36.699999999999996 58.8 12.4
      vertex 44.108841907552076 62.2136882218019 12.4
      vertex 43.9 62.199999999999996 12.4
    endloop
  endfacet
  facet normal 0 0 1
    outer loop
      vertex 36.699999999999996 58.8 12.4
      vertex 44.31411047216403 62.25451867793749 12.4
      vertex 44.108841907552076 62.2136882218019 12.4
    endloop
  endfacet
  facet normal 0 0 1
    outer loop
      vertex 36.699999999999996 58.8 12.4
      vertex 44.51229349178414 62.32179274798194 12.4
      vertex 44.31411047216403 62.25451867793749 12.4
    endloop
  endfacet
  facet normal 0 0 1
    outer loop
      vertex 36.699999999999996 58.8 12.4
      vertex 51.099999999999994 58.8 12.4
      vertex 44.51229349178414 62.32179274798194 12.4
    endloop
  endfacet
  facet normal -1 0 0
    outer loop
      vertex 36.699999999999996 58.8 12.4
      vertex 36.699999999999996 70.8 12.4
      vertex 36.699999999999996 58.8 12
    endloop
  endfacet
  facet normal 0 0 1
    outer loop
      vertex 36.699999999999996 58.8 12.4
      vertex 42.42179274798194 64.41229349178414 12.4
      vertex 36.699999999999996 70.8 12.4
    endloop
  endfacet
  facet normal 0 0 1
    outer loop
      vertex 36.699999999999996 58.8 12.4
      vertex 42.354518677937484 63.385889527835964 12.4
      vertex 42.3136882218019 63.59115809244791 12.4
    endloop
  endfacet
  facet normal 0 0 1
    outer loop
      vertex 36.699999999999996 58.8 12.4
      vertex 42.3136882218019 63.59115809244791 12.4
      vertex 42.3 63.8 12.4
    endloop
  endfacet
  facet normal 0 0 1
    outer loop
      vertex 36.699999999999996 58.8 12.4
      vertex 42.3 63.8 12.4
      vertex 42.3136882218019 64.00884190755208 12.4
    endloop
  endfacet
  facet normal 0 0 1
    outer loop
      vertex 36.699999999999996 58.8 12.4
      vertex 42.3136882218019 64.00884190755208 12.4
      vertex 42.354518677937484 64.21411047216404 12.4
    endloop
  endfacet
  facet normal 0 0 1
    outer loop
      vertex 36.699999999999996 58.8 12.4
      vertex 42.354518677937484 64.21411047216404 12.4
      vertex 42.42179274798194 64.41229349178414 12.4
    endloop
  endfacet
  facet normal 0 0 1
    outer loop
      vertex 36.699999999999996 70.8 12.4
      vertex 42.42179274798194 64.41229349178414 12.4
      vertex 42.5143593539449 64.6 12.4
    endloop
  endfacet
  facet normal 0 0 1
    outer loop
      vertex 36.699999999999996 70.8 12.4
      vertex 42.5143593539449 64.6 12.4
      vertex 42.63063465553402 64.77401828641395 12.4
    endloop
  endfacet
  facet normal 0 0 1
    outer loop
      vertex 36.699999999999996 70.8 12.4
      vertex 42.63063465553402 64.77401828641395 12.4
      vertex 42.76862915010152 64.93137084989847 12.4
    endloop
  endfacet
  facet normal 0 0 1
    outer loop
      vertex 36.699999999999996 70.8 12.4
      vertex 42.76862915010152 64.93137084989847 12.4
      vertex 42.92598171358604 65.06936534446598 12.4
    endloop
  endfacet
  facet normal 0 0 1
    outer loop
      vertex 36.699999999999996 70.8 12.4
      vertex 42.92598171358604 65.06936534446598 12.4
      vertex 43.099999999999994 65.1856406460551 12.4
    endloop
  endfacet
  facet normal 0 0 1
    outer loop
      vertex 36.699999999999996 70.8 12.4
      vertex 43.099999999999994 65.1856406460551 12.4
      vertex 43.287706508215855 65.27820725201806 12.4
    endloop
  endfacet
  facet normal 0 0 1
    outer loop
      vertex 36.699999999999996 70.8 12.4
      vertex 43.287706508215855 65.27820725201806 12.4
      vertex 43.485889527835965 65.34548132206251 12.4
    endloop
  endfacet
  facet normal 0 0 1
    outer loop
      vertex 36.699999999999996 70.8 12.4
      vertex 43.485889527835965 65.34548132206251 12.4
      vertex 51.099999999999994 70.8 12.4
    endloop
  endfacet
  facet normal 0 0 -1
    outer loop
      vertex 51.099999999999994 70.8 2
      vertex 51.099999999999994 58.8 2
      vertex 36.699999999999996 58.8 2
    endloop
  endfacet
  facet normal 1 0 0
    outer loop
      vertex 51.099999999999994 70.8 2
      vertex 51.099999999999994 58.8 12
      vertex 51.099999999999994 58.8 2
    endloop
  endfacet
  facet normal 0 1 0
    outer loop
      vertex 51.099999999999994 70.8 2
      vertex 36.699999999999996 70.8 12.4
      vertex 51.099999999999994 70.8 12.4
    endloop
  endfacet
  facet normal 1 0 0
    outer loop
      vertex 51.099999999999994 70.8 2
      vertex 51.099999999999994 58.8 12.4
      vertex 51.099999999999994 58.8 12
    endloop
  endfacet
  facet normal 1 0 0
    outer loop
      vertex 51.099999999999994 70.8 2
      vertex 51.099999999999994 70.8 12.4
      vertex 51.099999999999994 58.8 12.4
    endloop
  endfacet
  facet normal 0 -1 0
    outer loop
      vertex 39.9 58.8 10.4
      vertex 47.9 58.8 10.4
      vertex 47.9 58.8 12
    endloop
  endfacet
  facet normal 0 -1 0
    outer loop
      vertex 51.099999999999994 58.8 12.4
      vertex 39.9 58.8 12
      vertex 47.9 58.8 12
    endloop
  endfacet
  facet normal 0 0 1
    outer loop
      vertex 44.51229349178414 62.32179274798194 12.4
      vertex 51.099999999999994 58.8 12.4
      vertex 44.699999999999996 62.414359353944896 12.4
    endloop
  endfacet
  facet normal 0 0 1
    outer loop
      vertex 44.699999999999996 62.414359353944896 12.4
      vertex 51.099999999999994 58.8 12.4
      vertex 44.87401828641395 62.53063465553402 12.4
    endloop
  endfacet
  facet normal 0 0 1
    outer loop
      vertex 44.87401828641395 62.53063465553402 12.4
      vertex 51.099999999999994 58.8 12.4
      vertex 45.03137084989847 62.66862915010152 12.4
    endloop
  endfacet
  facet normal 0 0 1
    outer loop
      vertex 45.03137084989847 62.66862915010152 12.4
      vertex 51.099999999999994 58.8 12.4
      vertex 45.16936534446597 62.825981713586046 12.4
    endloop
  endfacet
  facet normal 0 0 1
    outer loop
      vertex 45.16936534446597 62.825981713586046 12.4
      vertex 51.099999999999994 58.8 12.4
      vertex 45.2856406460551 63 12.4
    endloop
  endfacet
  facet normal 0 0 1
    outer loop
      vertex 45.2856406460551 63 12.4
      vertex 51.099999999999994 58.8 12.4
      vertex 45.37820725201806 63.187706508215854 12.4
    endloop
  endfacet
  facet normal 0 0 1
    outer loop
      vertex 45.37820725201806 63.187706508215854 12.4
      vertex 51.099999999999994 58.8 12.4
      vertex 45.445481322062506 63.385889527835964 12.4
    endloop
  endfacet
  facet normal 0 -1 0
    outer loop
      vertex 51.099999999999994 58.8 12.4
      vertex 47.9 58.8 12
      vertex 51.099999999999994 58.8 12
    endloop
  endfacet
  facet normal 0 0 1
    outer loop
      vertex 45.445481322062506 63.385889527835964 12.4
      vertex 51.099999999999994 70.8 12.4
      vertex 45.48631177819809 63.59115809244791 12.4
    endloop
  endfacet
  facet normal 0 0 1
    outer loop
      vertex 45.48631177819809 63.59115809244791 12.4
      vertex 51.099999999999994 70.8 12.4
      vertex 45.5 63.8 12.4
    endloop
  endfacet
  facet normal 0 0 1
    outer loop
      vertex 45.5 63.8 12.4
      vertex 51.099999999999994 70.8 12.4
      vertex 45.48631177819809 64.00884190755208 12.4
    endloop
  endfacet
  facet normal 0 0 1
    outer loop
      vertex 45.48631177819809 64.00884190755208 12.4
      vertex 51.099999999999994 70.8 12.4
      vertex 45.445481322062506 64.21411047216404 12.4
    endloop
  endfacet
  facet normal 0 0 1
    outer loop
      vertex 45.445481322062506 63.385889527835964 12.4
      vertex 51.099999999999994 58.8 12.4
      vertex 51.099999999999994 70.8 12.4
    endloop
  endfacet
  facet normal 0 0 1
    outer loop
      vertex 43.485889527835965 65.34548132206251 12.4
      vertex 43.691158092447914 65.38631177819809 12.4
      vertex 51.099999999999994 70.8 12.4
    endloop
  endfacet
  facet normal 0 0 1
    outer loop
      vertex 44.108841907552076 65.38631177819809 12.4
      vertex 44.31411047216403 65.34548132206251 12.4
      vertex 51.099999999999994 70.8 12.4
    endloop
  endfacet
  facet normal 0 0 1
    outer loop
      vertex 43.691158092447914 65.38631177819809 12.4
      vertex 43.9 65.39999999999999 12.4
      vertex 51.099999999999994 70.8 12.4
    endloop
  endfacet
  facet normal 0 0 1
    outer loop
      vertex 43.9 65.39999999999999 12.4
      vertex 44.108841907552076 65.38631177819809 12.4
      vertex 51.099999999999994 70.8 12.4
    endloop
  endfacet
  facet normal 0 0 1
    outer loop
      vertex 44.51229349178414 65.27820725201806 12.4
      vertex 51.099999999999994 70.8 12.4
      vertex 44.31411047216403 65.34548132206251 12.4
    endloop
  endfacet
  facet normal 0 0 1
    outer loop
      vertex 44.699999999999996 65.1856406460551 12.4
      vertex 44.87401828641395 65.06936534446598 12.4
      vertex 51.099999999999994 70.8 12.4
    endloop
  endfacet
  facet normal 0 0 1
    outer loop
      vertex 44.51229349178414 65.27820725201806 12.4
      vertex 44.699999999999996 65.1856406460551 12.4
      vertex 51.099999999999994 70.8 12.4
    endloop
  endfacet
  facet normal 0 0 1
    outer loop
      vertex 45.16936534446597 64.77401828641395 12.4
      vertex 45.2856406460551 64.6 12.4
      vertex 51.099999999999994 70.8 12.4
    endloop
  endfacet
  facet normal 0 0 1
    outer loop
      vertex 45.16936534446597 64.77401828641395 12.4
      vertex 51.099999999999994 70.8 12.4
      vertex 45.03137084989847 64.93137084989847 12.4
    endloop
  endfacet
  facet normal 0 0 1
    outer loop
      vertex 45.445481322062506 64.21411047216404 12.4
      vertex 51.099999999999994 70.8 12.4
      vertex 45.37820725201806 64.41229349178414 12.4
    endloop
  endfacet
  facet normal 0 0 1
    outer loop
      vertex 45.37820725201806 64.41229349178414 12.4
      vertex 51.099999999999994 70.8 12.4
      vertex 45.2856406460551 64.6 12.4
    endloop
  endfacet
  facet normal 0 0 1
    outer loop
      vertex 44.87401828641395 65.06936534446598 12.4
      vertex 45.03137084989847 64.93137084989847 12.4
      vertex 51.099999999999994 70.8 12.4
    endloop
  endfacet
  facet normal 0 0 1
    outer loop
      vertex 38.699999999999996 68.8 4
      vertex 38.699999999999996 58.8 4
      vertex 49.099999999999994 68.8 4
    endloop
  endfacet
  facet normal 1 0 0
    outer loop
      vertex 38.699999999999996 68.8 4
      vertex 38.699999999999996 58.8 10.4
      vertex 38.699999999999996 58.8 4
    endloop
  endfacet
  facet normal 0 -1 0
    outer loop
      vertex 38.699999999999996 68.8 4
      vertex 49.099999999999994 68.8 4
      vertex 38.699999999999996 68.8 10.4
    endloop
  endfacet
  facet normal 1 0 0
    outer loop
      vertex 38.699999999999996 68.8 4
      vertex 38.699999999999996 68.8 10.4
      vertex 38.699999999999996 58.8 10.4
    endloop
  endfacet
  facet normal 0 0 -1
    outer loop
      vertex 43.287706508215855 62.32179274798194 10.4
      vertex 39.9 58.8 10.4
      vertex 38.699999999999996 58.8 10.4
    endloop
  endfacet
  facet normal 0 0 -1
    outer loop
      vertex 42.63063465553402 62.825981713586046 10.4
      vertex 42.76862915010152 62.66862915010152 10.4
      vertex 38.699999999999996 58.8 10.4
    endloop
  endfacet
  facet normal 0 0 -1
    outer loop
      vertex 42.63063465553402 62.825981713586046 10.4
      vertex 38.699999999999996 58.8 10.4
      vertex 42.5143593539449 63 10.4
    endloop
  endfacet
  facet normal 0 0 -1
    outer loop
      vertex 42.5143593539449 63 10.4
      vertex 38.699999999999996 58.8 10.4
      vertex 42.42179274798194 63.187706508215854 10.4
    endloop
  endfacet
  facet normal 0 0 -1
    outer loop
      vertex 42.354518677937484 63.385889527835964 10.4
      vertex 42.42179274798194 63.187706508215854 10.4
      vertex 38.699999999999996 58.8 10.4
    endloop
  endfacet
  facet normal 0 0 -1
    outer loop
      vertex 43.099999999999994 62.414359353944896 10.4
      vertex 43.287706508215855 62.32179274798194 10.4
      vertex 38.699999999999996 58.8 10.4
    endloop
  endfacet
  facet normal 0 0 -1
    outer loop
      vertex 42.92598171358604 62.53063465553402 10.4
      vertex 43.099999999999994 62.414359353944896 10.4
      vertex 38.699999999999996 58.8 10.4
    endloop
  endfacet
  facet normal 0 0 -1
    outer loop
      vertex 42.76862915010152 62.66862915010152 10.4
      vertex 42.92598171358604 62.53063465553402 10.4
      vertex 38.699999999999996 58.8 10.4
    endloop
  endfacet
  facet normal 0 0 -1
    outer loop
      vertex 43.287706508215855 62.32179274798194 10.4
      vertex 47.9 58.8 10.4
      vertex 39.9 58.8 10.4
    endloop
  endfacet
  facet normal 0 0 -1
    outer loop
      vertex 38.699999999999996 68.8 10.4
      vertex 42.42179274798194 64.41229349178414 10.4
      vertex 38.699999999999996 58.8 10.4
    endloop
  endfacet
  facet normal 0 0 -1
    outer loop
      vertex 42.354518677937484 63.385889527835964 10.4
      vertex 38.699999999999996 58.8 10.4
      vertex 42.3136882218019 63.59115809244791 10.4
    endloop
  endfacet
  facet normal 0 0 -1
    outer loop
      vertex 42.3136882218019 63.59115809244791 10.4
      vertex 38.699999999999996 58.8 10.4
      vertex 42.3 63.8 10.4
    endloop
  endfacet
  facet normal 0 0 -1
    outer loop
      vertex 42.3 63.8 10.4
      vertex 38.699999999999996 58.8 10.4
      vertex 42.3136882218019 64.00884190755208 10.4
    endloop
  endfacet
  facet normal 0 0 -1
    outer loop
      vertex 42.3136882218019 64.00884190755208 10.4
      vertex 38.699999999999996 58.8 10.4
      vertex 42.354518677937484 64.21411047216404 10.4
    endloop
  endfacet
  facet normal 0 0 -1
    outer loop
      vertex 42.354518677937484 64.21411047216404 10.4
      vertex 38.699999999999996 58.8 10.4
      vertex 42.42179274798194 64.41229349178414 10.4
    endloop
  endfacet
  facet normal 0 0 -1
    outer loop
      vertex 38.699999999999996 68.8 10.4
      vertex 42.5143593539449 64.6 10.4
      vertex 42.42179274798194 64.41229349178414 10.4
    endloop
  endfacet
  facet normal 0 0 -1
    outer loop
      vertex 38.699999999999996 68.8 10.4
      vertex 42.63063465553402 64.77401828641395 10.4
      vertex 42.5143593539449 64.6 10.4
    endloop
  endfacet
  facet normal 0 0 -1
    outer loop
      vertex 38.699999999999996 68.8 10.4
      vertex 42.76862915010152 64.93137084989847 10.4
      vertex 42.63063465553402 64.77401828641395 10.4
    endloop
  endfacet
  facet normal 0 0 -1
    outer loop
      vertex 38.699999999999996 68.8 10.4
      vertex 42.92598171358604 65.06936534446598 10.4
      vertex 42.76862915010152 64.93137084989847 10.4
    endloop
  endfacet
  facet normal 0 0 -1
    outer loop
      vertex 38.699999999999996 68.8 10.4
      vertex 43.099999999999994 65.1856406460551 10.4
      vertex 42.92598171358604 65.06936534446598 10.4
    endloop
  endfacet
  facet normal 0 0 -1
    outer loop
      vertex 38.699999999999996 68.8 10.4
      vertex 43.287706508215855 65.27820725201806 10.4
      vertex 43.099999999999994 65.1856406460551 10.4
    endloop
  endfacet
  facet normal 0 0 -1
    outer loop
      vertex 38.699999999999996 68.8 10.4
      vertex 43.485889527835965 65.34548132206251 10.4
      vertex 43.287706508215855 65.27820725201806 10.4
    endloop
  endfacet
  facet normal 0 0 -1
    outer loop
      vertex 38.699999999999996 68.8 10.4
      vertex 43.691158092447914 65.38631177819809 10.4
      vertex 43.485889527835965 65.34548132206251 10.4
    endloop
  endfacet
  facet normal 0 0 -1
    outer loop
      vertex 38.699999999999996 68.8 10.4
      vertex 43.9 65.39999999999999 10.4
      vertex 43.691158092447914 65.38631177819809 10.4
    endloop
  endfacet
  facet normal 0 0 -1
    outer loop
      vertex 38.699999999999996 68.8 10.4
      vertex 44.108841907552076 65.38631177819809 10.4
      vertex 43.9 65.39999999999999 10.4
    endloop
  endfacet
  facet normal 0 0 -1
    outer loop
      vertex 38.699999999999996 68.8 10.4
      vertex 44.31411047216403 65.34548132206251 10.4
      vertex 44.108841907552076 65.38631177819809 10.4
    endloop
  endfacet
  facet normal 0 0 -1
    outer loop
      vertex 38.699999999999996 68.8 10.4
      vertex 44.51229349178414 65.27820725201806 10.4
      vertex 44.31411047216403 65.34548132206251 10.4
    endloop
  endfacet
  facet normal 0 0 -1
    outer loop
      vertex 38.699999999999996 68.8 10.4
      vertex 49.099999999999994 68.8 10.4
      vertex 44.51229349178414 65.27820725201806 10.4
    endloop
  endfacet
  facet normal 0 0 1
    outer loop
      vertex 49.099999999999994 68.8 4
      vertex 38.699999999999996 58.8 4
      vertex 49.099999999999994 58.8 4
    endloop
  endfacet
  facet normal -1 0 0
    outer loop
      vertex 49.099999999999994 68.8 4
      vertex 49.099999999999994 58.8 4
      vertex 49.099999999999994 68.8 10.4
    endloop
  endfacet
  facet normal -1 0 0
    outer loop
      vertex 49.099999999999994 68.8 10.4
      vertex 49.099999999999994 58.8 4
      vertex 49.099999999999994 58.8 10.4
    endloop
  endfacet
  facet normal 0 -1 0
    outer loop
      vertex 49.099999999999994 68.8 4
      vertex 49.099999999999994 68.8 10.4
      vertex 38.699999999999996 68.8 10.4
    endloop
  endfacet
  facet normal 0 0 -1
    outer loop
      vertex 43.287706508215855 62.32179274798194 10.4
      vertex 43.485889527835965 62.25451867793749 10.4
      vertex 49.099999999999994 58.8 10.4
    endloop
  endfacet
  facet normal 0 0 -1
    outer loop
      vertex 43.485889527835965 62.25451867793749 10.4
      vertex 43.691158092447914 62.2136882218019 10.4
      vertex 49.099999999999994 58.8 10.4
    endloop
  endfacet
  facet normal 0 0 -1
    outer loop
      vertex 43.287706508215855 62.32179274798194 10.4
      vertex 49.099999999999994 58.8 10.4
      vertex 47.9 58.8 10.4
    endloop
  endfacet
  facet normal 0 0 -1
    outer loop
      vertex 43.691158092447914 62.2136882218019 10.4
      vertex 43.9 62.199999999999996 10.4
      vertex 49.099999999999994 58.8 10.4
    endloop
  endfacet
  facet normal 0 0 -1
    outer loop
      vertex 43.9 62.199999999999996 10.4
      vertex 44.108841907552076 62.2136882218019 10.4
      vertex 49.099999999999994 58.8 10.4
    endloop
  endfacet
  facet normal 0 0 -1
    outer loop
      vertex 44.108841907552076 62.2136882218019 10.4
      vertex 44.31411047216403 62.25451867793749 10.4
      vertex 49.099999999999994 58.8 10.4
    endloop
  endfacet
  facet normal 0 0 -1
    outer loop
      vertex 44.31411047216403 62.25451867793749 10.4
      vertex 44.51229349178414 62.32179274798194 10.4
      vertex 49.099999999999994 58.8 10.4
    endloop
  endfacet
  facet normal 0 0 -1
    outer loop
      vertex 44.51229349178414 62.32179274798194 10.4
      vertex 44.699999999999996 62.414359353944896 10.4
      vertex 49.099999999999994 58.8 10.4
    endloop
  endfacet
  facet normal 0 0 -1
    outer loop
      vertex 44.699999999999996 62.414359353944896 10.4
      vertex 44.87401828641395 62.53063465553402 10.4
      vertex 49.099999999999994 58.8 10.4
    endloop
  endfacet
  facet normal 0 0 -1
    outer loop
      vertex 44.87401828641395 62.53063465553402 10.4
      vertex 45.03137084989847 62.66862915010152 10.4
      vertex 49.099999999999994 58.8 10.4
    endloop
  endfacet
  facet normal 0 0 -1
    outer loop
      vertex 45.03137084989847 62.66862915010152 10.4
      vertex 45.16936534446597 62.825981713586046 10.4
      vertex 49.099999999999994 58.8 10.4
    endloop
  endfacet
  facet normal 0 0 -1
    outer loop
      vertex 45.16936534446597 62.825981713586046 10.4
      vertex 45.2856406460551 63 10.4
      vertex 49.099999999999994 58.8 10.4
    endloop
  endfacet
  facet normal 0 0 -1
    outer loop
      vertex 45.2856406460551 63 10.4
      vertex 45.37820725201806 63.187706508215854 10.4
      vertex 49.099999999999994 58.8 10.4
    endloop
  endfacet
  facet normal 0 0 -1
    outer loop
      vertex 45.37820725201806 63.187706508215854 10.4
      vertex 45.445481322062506 63.385889527835964 10.4
      vertex 49.099999999999994 68.8 10.4
    endloop
  endfacet
  facet normal 0 0 -1
    outer loop
      vertex 45.445481322062506 63.385889527835964 10.4
      vertex 45.48631177819809 63.59115809244791 10.4
      vertex 49.099999999999994 68.8 10.4
    endloop
  endfacet
  facet normal 0 0 -1
    outer loop
      vertex 45.48631177819809 63.59115809244791 10.4
      vertex 45.5 63.8 10.4
      vertex 49.099999999999994 68.8 10.4
    endloop
  endfacet
  facet normal 0 0 -1
    outer loop
      vertex 45.5 63.8 10.4
      vertex 45.48631177819809 64.00884190755208 10.4
      vertex 49.099999999999994 68.8 10.4
    endloop
  endfacet
  facet normal 0 0 -1
    outer loop
      vertex 45.48631177819809 64.00884190755208 10.4
      vertex 45.445481322062506 64.21411047216404 10.4
      vertex 49.099999999999994 68.8 10.4
    endloop
  endfacet
  facet normal 0 0 -1
    outer loop
      vertex 45.16936534446597 64.77401828641395 10.4
      vertex 49.099999999999994 68.8 10.4
      vertex 45.2856406460551 64.6 10.4
    endloop
  endfacet
  facet normal 0 0 -1
    outer loop
      vertex 44.87401828641395 65.06936534446598 10.4
      vertex 49.099999999999994 68.8 10.4
      vertex 45.03137084989847 64.93137084989847 10.4
    endloop
  endfacet
  facet normal 0 0 -1
    outer loop
      vertex 45.16936534446597 64.77401828641395 10.4
      vertex 45.03137084989847 64.93137084989847 10.4
      vertex 49.099999999999994 68.8 10.4
    endloop
  endfacet
  facet normal 0 0 -1
    outer loop
      vertex 45.445481322062506 64.21411047216404 10.4
      vertex 45.37820725201806 64.41229349178414 10.4
      vertex 49.099999999999994 68.8 10.4
    endloop
  endfacet
  facet normal 0 0 -1
    outer loop
      vertex 45.37820725201806 64.41229349178414 10.4
      vertex 45.2856406460551 64.6 10.4
      vertex 49.099999999999994 68.8 10.4
    endloop
  endfacet
  facet normal 0 0 -1
    outer loop
      vertex 45.37820725201806 63.187706508215854 10.4
      vertex 49.099999999999994 68.8 10.4
      vertex 49.099999999999994 58.8 10.4
    endloop
  endfacet
  facet normal 0 0 -1
    outer loop
      vertex 44.51229349178414 65.27820725201806 10.4
      vertex 49.099999999999994 68.8 10.4
      vertex 44.699999999999996 65.1856406460551 10.4
    endloop
  endfacet
  facet normal 0 0 -1
    outer loop
      vertex 44.699999999999996 65.1856406460551 10.4
      vertex 49.099999999999994 68.8 10.4
      vertex 44.87401828641395 65.06936534446598 10.4
    endloop
  endfacet
  facet normal 0.8314696123025596 0.5555702330195808 -2.3805705777397146e-18
    outer loop
      vertex 42.63063465553402 62.825981713586046 10.4
      vertex 42.5143593539449 63 10.4
      vertex 42.5143593539449 63 12.4
    endloop
  endfacet
  facet normal 0.7518398074789753 0.6593458151000712 0
    outer loop
      vertex 42.63063465553402 62.825981713586046 10.4
      vertex 42.63063465553402 62.825981713586046 12.4
      vertex 42.76862915010152 62.66862915010152 10.4
    endloop
  endfacet
  facet normal 0.9469301294950989 0.3214394653031812 0
    outer loop
      vertex 42.354518677937484 63.385889527835964 10.4
      vertex 42.354518677937484 63.385889527835964 12.4
      vertex 42.42179274798194 63.187706508215854 10.4
    endloop
  endfacet
  facet normal 0.9807852804032299 0.19509032201613147 2.031586627551437e-18
    outer loop
      vertex 42.354518677937484 63.385889527835964 10.4
      vertex 42.3136882218019 63.59115809244791 10.4
      vertex 42.3136882218019 63.59115809244791 12.4
    endloop
  endfacet
  facet normal 0.8968727415326844 0.4422886902190091 -2.1406014531237184e-18
    outer loop
      vertex 42.5143593539449 63 10.4
      vertex 42.42179274798194 63.187706508215854 10.4
      vertex 42.42179274798194 63.187706508215854 12.4
    endloop
  endfacet
  facet normal 0.9978589232386047 0.06540312923012488 -2.5301917353591298e-20
    outer loop
      vertex 42.3136882218019 63.59115809244791 10.4
      vertex 42.3 63.8 10.4
      vertex 42.3 63.8 12.4
    endloop
  endfacet
  facet normal 0.9978589232386047 -0.06540312923012488 2.5301917353591298e-20
    outer loop
      vertex 42.3 63.8 10.4
      vertex 42.3136882218019 64.00884190755208 10.4
      vertex 42.3136882218019 64.00884190755208 12.4
    endloop
  endfacet
  facet normal 0.44228869021899564 0.896872741532691 0
    outer loop
      vertex 43.099999999999994 62.414359353944896 10.4
      vertex 43.099999999999994 62.414359353944896 12.4
      vertex 43.287706508215855 62.32179274798194 10.4
    endloop
  endfacet
  facet normal 0.3214394653031508 0.9469301294951094 0
    outer loop
      vertex 43.287706508215855 62.32179274798194 10.4
      vertex 43.287706508215855 62.32179274798194 12.4
      vertex 43.485889527835965 62.25451867793749 10.4
    endloop
  endfacet
  facet normal 0.6593458151000712 0.7518398074789753 0
    outer loop
      vertex 42.76862915010152 62.66862915010152 10.4
      vertex 42.76862915010152 62.66862915010152 12.4
      vertex 42.92598171358604 62.53063465553402 10.4
    endloop
  endfacet
  facet normal 0.5555702330196042 0.8314696123025438 0
    outer loop
      vertex 42.92598171358604 62.53063465553402 10.4
      vertex 42.92598171358604 62.53063465553402 12.4
      vertex 43.099999999999994 62.414359353944896 10.4
    endloop
  endfacet
  facet normal 0.19509032201613147 0.9807852804032299 0
    outer loop
      vertex 43.485889527835965 62.25451867793749 10.4
      vertex 43.485889527835965 62.25451867793749 12.4
      vertex 43.691158092447914 62.2136882218019 10.4
    endloop
  endfacet
  facet normal 0.06540312923015869 0.9978589232386026 0
    outer loop
      vertex 43.691158092447914 62.2136882218019 10.4
      vertex 43.691158092447914 62.2136882218019 12.4
      vertex 43.9 62.199999999999996 10.4
    endloop
  endfacet
  facet normal -0.06540312923016091 0.9978589232386024 0
    outer loop
      vertex 43.9 62.199999999999996 10.4
      vertex 43.9 62.199999999999996 12.4
      vertex 44.108841907552076 62.2136882218019 10.4
    endloop
  endfacet
  facet normal 0.9807852804032311 -0.19509032201612497 -1.030536568054611e-18
    outer loop
      vertex 42.3136882218019 64.00884190755208 10.4
      vertex 42.354518677937484 64.21411047216404 10.4
      vertex 42.354518677937484 64.21411047216404 12.4
    endloop
  endfacet
  facet normal 0.9469301294950956 -0.32143946530319156 -1.3951604454801915e-18
    outer loop
      vertex 42.354518677937484 64.21411047216404 10.4
      vertex 42.42179274798194 64.41229349178414 10.4
      vertex 42.42179274798194 64.41229349178414 12.4
    endloop
  endfacet
  facet normal 0.8968727415326844 -0.4422886902190091 2.1406014531237184e-18
    outer loop
      vertex 42.42179274798194 64.41229349178414 10.4
      vertex 42.5143593539449 64.6 10.4
      vertex 42.5143593539449 64.6 12.4
    endloop
  endfacet
  facet normal 0.8314696123025596 -0.5555702330195808 2.3805705777397146e-18
    outer loop
      vertex 42.5143593539449 64.6 10.4
      vertex 42.63063465553402 64.77401828641395 10.4
      vertex 42.63063465553402 64.77401828641395 12.4
    endloop
  endfacet
  facet normal 0.7518398074789753 -0.6593458151000712 1.9522250973041434e-18
    outer loop
      vertex 42.63063465553402 64.77401828641395 10.4
      vertex 42.76862915010152 64.93137084989847 10.4
      vertex 42.76862915010152 64.93137084989847 12.4
    endloop
  endfacet
  facet normal 0.6593458151000905 -0.7518398074789585 4.091101261013403e-18
    outer loop
      vertex 42.76862915010152 64.93137084989847 10.4
      vertex 42.92598171358604 65.06936534446598 10.4
      vertex 42.92598171358604 65.06936534446598 12.4
    endloop
  endfacet
  facet normal 0.5555702330196042 -0.8314696123025438 -2.6800360013576667e-18
    outer loop
      vertex 42.92598171358604 65.06936534446598 10.4
      vertex 43.099999999999994 65.1856406460551 10.4
      vertex 43.099999999999994 65.1856406460551 12.4
    endloop
  endfacet
  facet normal 0.44228869021899564 -0.896872741532691 -1.3703794027754272e-18
    outer loop
      vertex 43.099999999999994 65.1856406460551 10.4
      vertex 43.287706508215855 65.27820725201806 10.4
      vertex 43.287706508215855 65.27820725201806 12.4
    endloop
  endfacet
  facet normal 0.3214394653031508 -0.9469301294951094 1.907612836709364e-18
    outer loop
      vertex 43.287706508215855 65.27820725201806 10.4
      vertex 43.485889527835965 65.34548132206251 10.4
      vertex 43.485889527835965 65.34548132206251 12.4
    endloop
  endfacet
  facet normal 0.1950903220160988 -0.9807852804032363 -1.1200079028448554e-18
    outer loop
      vertex 43.485889527835965 65.34548132206251 10.4
      vertex 43.691158092447914 65.38631177819809 10.4
      vertex 43.691158092447914 65.38631177819809 12.4
    endloop
  endfacet
  facet normal 0.06540312923012488 -0.9978589232386047 2.5301917353591298e-20
    outer loop
      vertex 43.691158092447914 65.38631177819809 10.4
      vertex 43.9 65.39999999999999 10.4
      vertex 43.9 65.39999999999999 12.4
    endloop
  endfacet
  facet normal -0.06540312923012709 -0.9978589232386045 2.521862710804085e-19
    outer loop
      vertex 43.9 65.39999999999999 10.4
      vertex 44.108841907552076 65.38631177819809 10.4
      vertex 44.108841907552076 65.38631177819809 12.4
    endloop
  endfacet
  facet normal 0.7518398074789753 0.6593458151000712 0
    outer loop
      vertex 42.76862915010152 62.66862915010152 10.4
      vertex 42.63063465553402 62.825981713586046 12.4
      vertex 42.76862915010152 62.66862915010152 12.4
    endloop
  endfacet
  facet normal 0.8314696123025596 0.5555702330195808 0
    outer loop
      vertex 42.63063465553402 62.825981713586046 10.4
      vertex 42.5143593539449 63 12.4
      vertex 42.63063465553402 62.825981713586046 12.4
    endloop
  endfacet
  facet normal 0.9469301294950989 0.3214394653031812 0
    outer loop
      vertex 42.42179274798194 63.187706508215854 10.4
      vertex 42.354518677937484 63.385889527835964 12.4
      vertex 42.42179274798194 63.187706508215854 12.4
    endloop
  endfacet
  facet normal 0.9807852804032299 0.19509032201613147 0
    outer loop
      vertex 42.354518677937484 63.385889527835964 10.4
      vertex 42.3136882218019 63.59115809244791 12.4
      vertex 42.354518677937484 63.385889527835964 12.4
    endloop
  endfacet
  facet normal 0.8968727415326844 0.4422886902190091 0
    outer loop
      vertex 42.5143593539449 63 10.4
      vertex 42.42179274798194 63.187706508215854 12.4
      vertex 42.5143593539449 63 12.4
    endloop
  endfacet
  facet normal 0.9978589232386047 0.06540312923012488 0
    outer loop
      vertex 42.3136882218019 63.59115809244791 10.4
      vertex 42.3 63.8 12.4
      vertex 42.3136882218019 63.59115809244791 12.4
    endloop
  endfacet
  facet normal 0.9978589232386047 -0.06540312923012488 0
    outer loop
      vertex 42.3 63.8 10.4
      vertex 42.3136882218019 64.00884190755208 12.4
      vertex 42.3 63.8 12.4
    endloop
  endfacet
  facet normal 0.9807852804032311 -0.19509032201612497 0
    outer loop
      vertex 42.3136882218019 64.00884190755208 10.4
      vertex 42.354518677937484 64.21411047216404 12.4
      vertex 42.3136882218019 64.00884190755208 12.4
    endloop
  endfacet
  facet normal 0.44228869021899564 0.896872741532691 0
    outer loop
      vertex 43.287706508215855 62.32179274798194 10.4
      vertex 43.099999999999994 62.414359353944896 12.4
      vertex 43.287706508215855 62.32179274798194 12.4
    endloop
  endfacet
  facet normal 0.3214394653031508 0.9469301294951094 0
    outer loop
      vertex 43.485889527835965 62.25451867793749 10.4
      vertex 43.287706508215855 62.32179274798194 12.4
      vertex 43.485889527835965 62.25451867793749 12.4
    endloop
  endfacet
  facet normal 0.6593458151000712 0.7518398074789753 -1.9522250973041434e-18
    outer loop
      vertex 42.76862915010152 62.66862915010152 12.4
      vertex 42.92598171358604 62.53063465553402 12.4
      vertex 42.92598171358604 62.53063465553402 10.4
    endloop
  endfacet
  facet normal 0.5555702330196042 0.8314696123025438 0
    outer loop
      vertex 43.099999999999994 62.414359353944896 10.4
      vertex 42.92598171358604 62.53063465553402 12.4
      vertex 43.099999999999994 62.414359353944896 12.4
    endloop
  endfacet
  facet normal 0.19509032201613147 0.9807852804032299 0
    outer loop
      vertex 43.691158092447914 62.2136882218019 10.4
      vertex 43.485889527835965 62.25451867793749 12.4
      vertex 43.691158092447914 62.2136882218019 12.4
    endloop
  endfacet
  facet normal 0.06540312923015869 0.9978589232386026 0
    outer loop
      vertex 43.9 62.199999999999996 10.4
      vertex 43.691158092447914 62.2136882218019 12.4
      vertex 43.9 62.199999999999996 12.4
    endloop
  endfacet
  facet normal -0.06540312923016091 0.9978589232386024 0
    outer loop
      vertex 44.108841907552076 62.2136882218019 10.4
      vertex 43.9 62.199999999999996 12.4
      vertex 44.108841907552076 62.2136882218019 12.4
    endloop
  endfacet
  facet normal 0.9469301294950956 -0.32143946530319156 0
    outer loop
      vertex 42.354518677937484 64.21411047216404 10.4
      vertex 42.42179274798194 64.41229349178414 12.4
      vertex 42.354518677937484 64.21411047216404 12.4
    endloop
  endfacet
  facet normal 0.8968727415326844 -0.4422886902190091 0
    outer loop
      vertex 42.42179274798194 64.41229349178414 10.4
      vertex 42.5143593539449 64.6 12.4
      vertex 42.42179274798194 64.41229349178414 12.4
    endloop
  endfacet
  facet normal 0.8314696123025596 -0.5555702330195808 0
    outer loop
      vertex 42.5143593539449 64.6 10.4
      vertex 42.63063465553402 64.77401828641395 12.4
      vertex 42.5143593539449 64.6 12.4
    endloop
  endfacet
  facet normal 0.7518398074789753 -0.6593458151000712 0
    outer loop
      vertex 42.63063465553402 64.77401828641395 10.4
      vertex 42.76862915010152 64.93137084989847 12.4
      vertex 42.63063465553402 64.77401828641395 12.4
    endloop
  endfacet
  facet normal 0.6593458151000905 -0.7518398074789585 0
    outer loop
      vertex 42.76862915010152 64.93137084989847 10.4
      vertex 42.92598171358604 65.06936534446598 12.4
      vertex 42.76862915010152 64.93137084989847 12.4
    endloop
  endfacet
  facet normal 0.5555702330196042 -0.8314696123025438 0
    outer loop
      vertex 42.92598171358604 65.06936534446598 10.4
      vertex 43.099999999999994 65.1856406460551 12.4
      vertex 42.92598171358604 65.06936534446598 12.4
    endloop
  endfacet
  facet normal 0.44228869021899564 -0.896872741532691 0
    outer loop
      vertex 43.099999999999994 65.1856406460551 10.4
      vertex 43.287706508215855 65.27820725201806 12.4
      vertex 43.099999999999994 65.1856406460551 12.4
    endloop
  endfacet
  facet normal 0.3214394653031508 -0.9469301294951094 0
    outer loop
      vertex 43.287706508215855 65.27820725201806 10.4
      vertex 43.485889527835965 65.34548132206251 12.4
      vertex 43.287706508215855 65.27820725201806 12.4
    endloop
  endfacet
  facet normal 0.1950903220160988 -0.9807852804032363 0
    outer loop
      vertex 43.485889527835965 65.34548132206251 10.4
      vertex 43.691158092447914 65.38631177819809 12.4
      vertex 43.485889527835965 65.34548132206251 12.4
    endloop
  endfacet
  facet normal 0.06540312923012488 -0.9978589232386047 0
    outer loop
      vertex 43.691158092447914 65.38631177819809 10.4
      vertex 43.9 65.39999999999999 12.4
      vertex 43.691158092447914 65.38631177819809 12.4
    endloop
  endfacet
  facet normal -0.06540312923012709 -0.9978589232386045 0
    outer loop
      vertex 43.9 65.39999999999999 10.4
      vertex 44.108841907552076 65.38631177819809 12.4
      vertex 43.9 65.39999999999999 12.4
    endloop
  endfacet
  facet normal -0.19509032201612497 0.9807852804032311 0
    outer loop
      vertex 44.108841907552076 62.2136882218019 10.4
      vertex 44.108841907552076 62.2136882218019 12.4
      vertex 44.31411047216403 62.25451867793749 10.4
    endloop
  endfacet
  facet normal -0.3214394653031508 0.9469301294951094 0
    outer loop
      vertex 44.31411047216403 62.25451867793749 10.4
      vertex 44.31411047216403 62.25451867793749 12.4
      vertex 44.51229349178414 62.32179274798194 10.4
    endloop
  endfacet
  facet normal -0.4422886902190091 0.8968727415326844 0
    outer loop
      vertex 44.51229349178414 62.32179274798194 10.4
      vertex 44.51229349178414 62.32179274798194 12.4
      vertex 44.699999999999996 62.414359353944896 10.4
    endloop
  endfacet
  facet normal -0.5555702330196042 0.8314696123025438 0
    outer loop
      vertex 44.699999999999996 62.414359353944896 10.4
      vertex 44.699999999999996 62.414359353944896 12.4
      vertex 44.87401828641395 62.53063465553402 10.4
    endloop
  endfacet
  facet normal -0.6593458151000712 0.7518398074789753 0
    outer loop
      vertex 44.87401828641395 62.53063465553402 10.4
      vertex 44.87401828641395 62.53063465553402 12.4
      vertex 45.03137084989847 62.66862915010152 10.4
    endloop
  endfacet
  facet normal -0.7518398074789753 0.6593458151000712 0
    outer loop
      vertex 45.03137084989847 62.66862915010152 10.4
      vertex 45.03137084989847 62.66862915010152 12.4
      vertex 45.16936534446597 62.825981713586046 10.4
    endloop
  endfacet
  facet normal -0.8314696123025438 0.5555702330196042 0
    outer loop
      vertex 45.16936534446597 62.825981713586046 10.4
      vertex 45.16936534446597 62.825981713586046 12.4
      vertex 45.2856406460551 63 10.4
    endloop
  endfacet
  facet normal -0.8968727415326844 0.4422886902190091 0
    outer loop
      vertex 45.2856406460551 63 10.4
      vertex 45.2856406460551 63 12.4
      vertex 45.37820725201806 63.187706508215854 10.4
    endloop
  endfacet
  facet normal -0.9469301294951094 0.3214394653031508 0
    outer loop
      vertex 45.37820725201806 63.187706508215854 10.4
      vertex 45.37820725201806 63.187706508215854 12.4
      vertex 45.445481322062506 63.385889527835964 10.4
    endloop
  endfacet
  facet normal -0.9807852804032299 0.19509032201613147 0
    outer loop
      vertex 45.445481322062506 63.385889527835964 10.4
      vertex 45.445481322062506 63.385889527835964 12.4
      vertex 45.48631177819809 63.59115809244791 10.4
    endloop
  endfacet
  facet normal -0.9978589232386026 0.06540312923015869 0
    outer loop
      vertex 45.48631177819809 63.59115809244791 10.4
      vertex 45.48631177819809 63.59115809244791 12.4
      vertex 45.5 63.8 10.4
    endloop
  endfacet
  facet normal -0.9978589232386026 -0.06540312923015869 0
    outer loop
      vertex 45.5 63.8 10.4
      vertex 45.5 63.8 12.4
      vertex 45.48631177819809 64.00884190755208 10.4
    endloop
  endfacet
  facet normal -0.9807852804032311 -0.19509032201612497 0
    outer loop
      vertex 45.48631177819809 64.00884190755208 10.4
      vertex 45.48631177819809 64.00884190755208 12.4
      vertex 45.445481322062506 64.21411047216404 10.4
    endloop
  endfacet
  facet normal -0.4422886902190091 -0.8968727415326844 -2.1406014531237184e-18
    outer loop
      vertex 44.51229349178414 65.27820725201806 10.4
      vertex 44.699999999999996 65.1856406460551 10.4
      vertex 44.699999999999996 65.1856406460551 12.4
    endloop
  endfacet
  facet normal -0.5555702330196042 -0.8314696123025438 2.6800360013576667e-18
    outer loop
      vertex 44.699999999999996 65.1856406460551 10.4
      vertex 44.87401828641395 65.06936534446598 10.4
      vertex 44.87401828641395 65.06936534446598 12.4
    endloop
  endfacet
  facet normal -0.9469301294951058 -0.3214394653031611 0
    outer loop
      vertex 45.445481322062506 64.21411047216404 10.4
      vertex 45.445481322062506 64.21411047216404 12.4
      vertex 45.37820725201806 64.41229349178414 10.4
    endloop
  endfacet
  facet normal -0.8968727415326844 -0.4422886902190091 0
    outer loop
      vertex 45.37820725201806 64.41229349178414 10.4
      vertex 45.37820725201806 64.41229349178414 12.4
      vertex 45.2856406460551 64.6 10.4
    endloop
  endfacet
  facet normal -0.8314696123025438 -0.5555702330196042 2.6800360013576667e-18
    outer loop
      vertex 45.16936534446597 64.77401828641395 10.4
      vertex 45.2856406460551 64.6 10.4
      vertex 45.2856406460551 64.6 12.4
    endloop
  endfacet
  facet normal -0.7518398074789753 -0.6593458151000712 0
    outer loop
      vertex 45.16936534446597 64.77401828641395 10.4
      vertex 45.16936534446597 64.77401828641395 12.4
      vertex 45.03137084989847 64.93137084989847 10.4
    endloop
  endfacet
  facet normal -0.6593458151000905 -0.7518398074789585 -4.091101261013403e-18
    outer loop
      vertex 44.87401828641395 65.06936534446598 10.4
      vertex 45.03137084989847 64.93137084989847 10.4
      vertex 45.03137084989847 64.93137084989847 12.4
    endloop
  endfacet
  facet normal -0.19509032201609228 -0.9807852804032375 1.1895784346866798e-19
    outer loop
      vertex 44.108841907552076 65.38631177819809 10.4
      vertex 44.31411047216403 65.34548132206251 10.4
      vertex 44.31411047216403 65.34548132206251 12.4
    endloop
  endfacet
  facet normal -0.3214394653031508 -0.9469301294951094 0
    outer loop
      vertex 44.51229349178414 65.27820725201806 10.4
      vertex 44.51229349178414 65.27820725201806 12.4
      vertex 44.31411047216403 65.34548132206251 10.4
    endloop
  endfacet
  facet normal -0.19509032201612497 0.9807852804032311 0
    outer loop
      vertex 44.31411047216403 62.25451867793749 10.4
      vertex 44.108841907552076 62.2136882218019 12.4
      vertex 44.31411047216403 62.25451867793749 12.4
    endloop
  endfacet
  facet normal -0.3214394653031508 0.9469301294951094 0
    outer loop
      vertex 44.51229349178414 62.32179274798194 10.4
      vertex 44.31411047216403 62.25451867793749 12.4
      vertex 44.51229349178414 62.32179274798194 12.4
    endloop
  endfacet
  facet normal -0.4422886902190091 0.8968727415326844 0
    outer loop
      vertex 44.699999999999996 62.414359353944896 10.4
      vertex 44.51229349178414 62.32179274798194 12.4
      vertex 44.699999999999996 62.414359353944896 12.4
    endloop
  endfacet
  facet normal -0.5555702330196042 0.8314696123025438 0
    outer loop
      vertex 44.87401828641395 62.53063465553402 10.4
      vertex 44.699999999999996 62.414359353944896 12.4
      vertex 44.87401828641395 62.53063465553402 12.4
    endloop
  endfacet
  facet normal -0.6593458151000712 0.7518398074789753 0
    outer loop
      vertex 45.03137084989847 62.66862915010152 10.4
      vertex 44.87401828641395 62.53063465553402 12.4
      vertex 45.03137084989847 62.66862915010152 12.4
    endloop
  endfacet
  facet normal -0.7518398074789753 0.6593458151000712 0
    outer loop
      vertex 45.16936534446597 62.825981713586046 10.4
      vertex 45.03137084989847 62.66862915010152 12.4
      vertex 45.16936534446597 62.825981713586046 12.4
    endloop
  endfacet
  facet normal -0.8314696123025438 0.5555702330196042 0
    outer loop
      vertex 45.2856406460551 63 10.4
      vertex 45.16936534446597 62.825981713586046 12.4
      vertex 45.2856406460551 63 12.4
    endloop
  endfacet
  facet normal -0.8968727415326844 0.4422886902190091 0
    outer loop
      vertex 45.37820725201806 63.187706508215854 10.4
      vertex 45.2856406460551 63 12.4
      vertex 45.37820725201806 63.187706508215854 12.4
    endloop
  endfacet
  facet normal -0.9469301294951094 0.3214394653031508 0
    outer loop
      vertex 45.445481322062506 63.385889527835964 10.4
      vertex 45.37820725201806 63.187706508215854 12.4
      vertex 45.445481322062506 63.385889527835964 12.4
    endloop
  endfacet
  facet normal -0.9807852804032299 0.19509032201613147 0
    outer loop
      vertex 45.48631177819809 63.59115809244791 10.4
      vertex 45.445481322062506 63.385889527835964 12.4
      vertex 45.48631177819809 63.59115809244791 12.4
    endloop
  endfacet
  facet normal -0.9978589232386026 0.06540312923015869 0
    outer loop
      vertex 45.5 63.8 10.4
      vertex 45.48631177819809 63.59115809244791 12.4
      vertex 45.5 63.8 12.4
    endloop
  endfacet
  facet normal -0.9978589232386026 -0.06540312923015869 0
    outer loop
      vertex 45.48631177819809 64.00884190755208 10.4
      vertex 45.5 63.8 12.4
      vertex 45.48631177819809 64.00884190755208 12.4
    endloop
  endfacet
  facet normal -0.5555702330196042 -0.8314696123025438 0
    outer loop
      vertex 44.699999999999996 65.1856406460551 10.4
      vertex 44.87401828641395 65.06936534446598 12.4
      vertex 44.699999999999996 65.1856406460551 12.4
    endloop
  endfacet
  facet normal -0.9807852804032311 -0.19509032201612497 0
    outer loop
      vertex 45.445481322062506 64.21411047216404 10.4
      vertex 45.48631177819809 64.00884190755208 12.4
      vertex 45.445481322062506 64.21411047216404 12.4
    endloop
  endfacet
  facet normal -0.9469301294951058 -0.3214394653031611 0
    outer loop
      vertex 45.37820725201806 64.41229349178414 10.4
      vertex 45.445481322062506 64.21411047216404 12.4
      vertex 45.37820725201806 64.41229349178414 12.4
    endloop
  endfacet
  facet normal -0.8968727415326844 -0.4422886902190091 0
    outer loop
      vertex 45.2856406460551 64.6 10.4
      vertex 45.37820725201806 64.41229349178414 12.4
      vertex 45.2856406460551 64.6 12.4
    endloop
  endfacet
  facet normal -0.7518398074789753 -0.6593458151000712 0
    outer loop
      vertex 45.03137084989847 64.93137084989847 10.4
      vertex 45.16936534446597 64.77401828641395 12.4
      vertex 45.03137084989847 64.93137084989847 12.4
    endloop
  endfacet
  facet normal -0.6593458151000905 -0.7518398074789585 0
    outer loop
      vertex 44.87401828641395 65.06936534446598 10.4
      vertex 45.03137084989847 64.93137084989847 12.4
      vertex 44.87401828641395 65.06936534446598 12.4
    endloop
  endfacet
  facet normal -0.8314696123025438 -0.5555702330196042 0
    outer loop
      vertex 45.16936534446597 64.77401828641395 10.4
      vertex 45.2856406460551 64.6 12.4
      vertex 45.16936534446597 64.77401828641395 12.4
    endloop
  endfacet
  facet normal -0.19509032201609228 -0.9807852804032375 0
    outer loop
      vertex 44.108841907552076 65.38631177819809 10.4
      vertex 44.31411047216403 65.34548132206251 12.4
      vertex 44.108841907552076 65.38631177819809 12.4
    endloop
  endfacet
  facet normal -0.3214394653031508 -0.9469301294951094 0
    outer loop
      vertex 44.31411047216403 65.34548132206251 10.4
      vertex 44.51229349178414 65.27820725201806 12.4
      vertex 44.31411047216403 65.34548132206251 12.4
    endloop
  endfacet
  facet normal -0.4422886902190091 -0.8968727415326844 0
    outer loop
      vertex 44.51229349178414 65.27820725201806 10.4
      vertex 44.699999999999996 65.1856406460551 12.4
      vertex 44.51229349178414 65.27820725201806 12.4
    endloop
  endfacet
endsolid OpenSCAD_Model
